ticket_id,date,customer_code,product_code,market,issue_category,sentiment,priority,ticket_text,resolution_time_hours
TKT000001,2019-04-01,90006156,A4620110601,Philiphines,Quality,neutral,Low,We need clarification about the product quality and warranty.,5.1
TKT000002,2019-08-01,80001019,A3421150605,China,Delivery,negative,Low,Delivery is taking longer than expected and this is affecting our purchase decision.,4.6
TKT000003,2020-03-01,70010047,A4721110704,Bangladesh,Product information,neutral,Low,Please provide more information about the product and available variants.,3.5
TKT000004,2020-07-01,90023026,A4319110302,Canada,Delivery,negative,Low,Delivery is taking longer than expected and this is affecting our purchase decision.,3.1
TKT000005,2018-12-01,70009134,A1320150403,Newzealand,Quality,neutral,Medium,We need clarification about the product quality and warranty.,14.5
TKT000006,2019-09-01,90014139,A3018150202,Netherlands,Quality,neutral,Low,We need clarification about the product quality and warranty.,3.7
TKT000007,2019-07-01,90019203,A1718150204,Sweden,Delivery,negative,High,Delivery is taking longer than expected and this is affecting our purchase decision.,20.1
TKT000008,2020-04-01,70020104,A3119150302,Austria,Positive,positive,Medium,The product is performing well and we are considering another order.,11.0
TKT000009,2020-01-01,90015148,A4821110805,Norway,Quality,neutral,Low,We need clarification about the product quality and warranty.,4.7
TKT000010,2019-06-01,90011189,A5419110207,France,Positive,positive,Low,The product is performing well and we are considering another order.,9.2
TKT000011,2019-03-01,90014135,A7219160201,Netherlands,Delivery,negative,Medium,Delivery is taking longer than expected and this is affecting our purchase decision.,7.0
TKT000012,2018-10-01,70021096,A4720110701,United Kingdom,Positive,positive,Medium,The product is performing well and we are considering another order.,2.5
TKT000013,2021-03-01,70020104,A2021150503,Austria,Product information,neutral,Medium,Please provide more information about the product and available variants.,12.3
TKT000014,2021-06-01,90010046,A3920150303,Bangladesh,Product information,neutral,Low,Please provide more information about the product and available variants.,2.1
TKT000015,2021-01-01,70019204,A2620150602,Sweden,Product information,neutral,Low,Please provide more information about the product and available variants.,3.3
TKT000016,2019-12-01,90001020,A3521150701,China,Product information,neutral,Low,Please provide more information about the product and available variants.,4.9
TKT000017,2020-03-01,70006157,A3521150702,Philiphines,Positive,positive,Medium,The product is performing well and we are considering another order.,1.1
TKT000018,2020-11-01,90017050,A3220150402,Portugal,Positive,positive,Medium,The product is performing well and we are considering another order.,10.0
TKT000019,2018-10-01,90011186,A4218110205,France,Positive,positive,Medium,The product is performing well and we are considering another order.,5.5
TKT000020,2020-04-01,90017055,A6018110105,Portugal,Positive,positive,Medium,The product is performing well and we are considering another order.,7.6
TKT000021,2020-04-01,90003179,A2319150305,Indonesia,Product information,neutral,Low,Please provide more information about the product and available variants.,7.0
TKT000022,2020-06-01,90018106,A4419110405,Spain,Delivery,negative,Medium,Delivery is taking longer than expected and this is affecting our purchase decision.,9.1
TKT000023,2018-12-01,90023025,A1219150303,Canada,Quality,neutral,Medium,We need clarification about the product quality and warranty.,4.7
TKT000024,2018-12-01,90019202,A6018110105,Sweden,Quality,neutral,Medium,We need clarification about the product quality and warranty.,8.2
TKT000025,2020-04-01,90015150,A0621150307,Norway,Quality,neutral,Medium,We need clarification about the product quality and warranty.,7.7
TKT000026,2019-01-01,80001019,A2319150305,China,Positive,positive,Low,The product is performing well and we are considering another order.,13.2
TKT000027,2021-08-01,70014142,A6620160501,Netherlands,Delivery,negative,High,Delivery is taking longer than expected and this is affecting our purchase decision.,14.4
TKT000028,2020-05-01,90018114,A3421150605,Spain,Delivery,negative,Low,Delivery is taking longer than expected and this is affecting our purchase decision.,8.5
TKT000029,2018-10-01,90008165,A0118150102,Australia,Quality,neutral,Low,We need clarification about the product quality and warranty.,1.5
TKT000030,2018-12-01,90014136,A4620110608,Netherlands,Product information,neutral,Medium,Please provide more information about the product and available variants.,4.4
TKT000031,2021-06-01,90022079,A2520150504,USA,Positive,positive,Low,The product is performing well and we are considering another order.,1.6
TKT000032,2020-02-01,70007198,A5318110101,South Korea,Quality,neutral,High,We need clarification about the product quality and warranty.,14.3
TKT000033,2018-12-01,90016176,A6620160502,Poland,Delivery,negative,Medium,Delivery is taking longer than expected and this is affecting our purchase decision.,4.0
TKT000034,2019-09-01,90020100,A5419110205,Austria,Product information,neutral,Medium,Please provide more information about the product and available variants.,3.3
TKT000035,2019-09-01,90001021,A3718150101,China,Quality,neutral,Low,We need clarification about the product quality and warranty.,1.1
TKT000036,2019-08-01,90015150,A5419110203,Norway,Positive,positive,Low,The product is performing well and we are considering another order.,12.3
TKT000037,2020-07-01,90012041,A3320150501,Germany,Product information,neutral,Low,Please provide more information about the product and available variants.,6.2
TKT000038,2020-03-01,90020101,A2419150401,Austria,Delivery,negative,Medium,Delivery is taking longer than expected and this is affecting our purchase decision.,4.2
TKT000039,2018-11-01,70017060,A1421150503,Portugal,Delivery,negative,Low,Delivery is taking longer than expected and this is affecting our purchase decision.,8.2
TKT000040,2019-11-01,70018115,A2620150605,Spain,Quality,neutral,Medium,We need clarification about the product quality and warranty.,5.5
TKT000041,2020-12-01,70023031,A4419110406,Canada,Positive,positive,Medium,The product is performing well and we are considering another order.,4.2
TKT000042,2019-03-01,90004067,A2821150804,Japan,Product information,neutral,Low,Please provide more information about the product and available variants.,4.0
TKT000043,2018-10-01,90014135,A3320150506,Netherlands,Positive,positive,Medium,The product is performing well and we are considering another order.,0.6
TKT000044,2018-10-01,80001019,A4218110206,China,Positive,positive,High,The product is performing well and we are considering another order.,4.8
TKT000045,2019-01-01,70022085,A5621110408,USA,Product information,neutral,Medium,Please provide more information about the product and available variants.,7.4
TKT000046,2021-02-01,90013119,A4721110708,Italy,Product information,neutral,Low,Please provide more information about the product and available variants.,5.3
TKT000047,2020-08-01,90002008,A5419110201,India,Product information,neutral,High,Please provide more information about the product and available variants.,4.2
TKT000048,2020-03-01,90023030,A1919150403,Canada,Quality,neutral,Medium,We need clarification about the product quality and warranty.,4.3
TKT000049,2019-05-01,90015148,A4218110205,Norway,Quality,neutral,Medium,We need clarification about the product quality and warranty.,8.0
TKT000050,2021-06-01,90010044,A6018110101,Bangladesh,Positive,positive,Medium,The product is performing well and we are considering another order.,4.7
TKT000051,2020-10-01,90009127,A6218160101,Newzealand,Quality,neutral,Low,We need clarification about the product quality and warranty.,1.8
TKT000052,2020-04-01,90022082,A4419110408,USA,Positive,positive,Medium,The product is performing well and we are considering another order.,1.5
TKT000053,2020-11-01,90008165,A4419110406,Australia,Positive,positive,Low,The product is performing well and we are considering another order.,1.2
TKT000054,2021-03-01,70012043,A1320150402,Germany,Quality,neutral,Medium,We need clarification about the product quality and warranty.,4.6
TKT000055,2020-06-01,90020102,A2520150502,Austria,Delivery,negative,Low,Delivery is taking longer than expected and this is affecting our purchase decision.,6.9
TKT000056,2020-01-01,70016177,A0219150201,Poland,Product information,neutral,Medium,Please provide more information about the product and available variants.,14.7
TKT000057,2019-03-01,80007195,A4520110508,South Korea,Quality,neutral,Low,We need clarification about the product quality and warranty.,3.0
TKT000058,2020-10-01,90020101,A4721110707,Austria,Delivery,negative,Low,Delivery is taking longer than expected and this is affecting our purchase decision.,4.8
TKT000059,2019-11-01,90021092,A4720110702,United Kingdom,Positive,positive,Low,The product is performing well and we are considering another order.,10.7
TKT000060,2019-03-01,90021094,A3320150505,United Kingdom,Positive,positive,High,The product is performing well and we are considering another order.,4.6
TKT000061,2021-07-01,70005163,A4520110508,Pakistan,Delivery,negative,Low,Delivery is taking longer than expected and this is affecting our purchase decision.,5.8
TKT000062,2018-12-01,90002014,A5520110308,India,Positive,positive,Low,The product is performing well and we are considering another order.,1.1
TKT000063,2020-06-01,90010044,A5721110502,Bangladesh,Positive,positive,Low,The product is performing well and we are considering another order.,2.4
TKT000064,2021-01-01,90010046,A2419150401,Bangladesh,Product information,neutral,Low,Please provide more information about the product and available variants.,5.4
TKT000065,2018-09-01,70003181,A0921150601,Indonesia,Product information,neutral,High,Please provide more information about the product and available variants.,4.1
TKT000066,2021-02-01,70017060,A0418150103,Portugal,Delivery,negative,Medium,Delivery is taking longer than expected and this is affecting our purchase decision.,3.4
TKT000067,2018-11-01,70006158,A6720160103,Philiphines,Quality,neutral,Medium,We need clarification about the product quality and warranty.,2.0
TKT000068,2019-05-01,90021095,A1618150101,United Kingdom,Product information,neutral,Low,Please provide more information about the product and available variants.,3.3
TKT000069,2020-05-01,70016178,A2219150205,Poland,Delivery,negative,Low,Delivery is taking longer than expected and this is affecting our purchase decision.,6.5
TKT000070,2018-10-01,90009128,A3120150304,Newzealand,Product information,neutral,Low,Please provide more information about the product and available variants.,3.6
TKT000071,2020-11-01,90012040,A5519110302,Germany,Delivery,negative,Low,Delivery is taking longer than expected and this is affecting our purchase decision.,3.7
TKT000072,2020-07-01,90004061,A2620150601,Japan,Product information,neutral,Low,Please provide more information about the product and available variants.,5.4
TKT000073,2020-12-01,70008170,A0721150401,Australia,Positive,positive,Low,The product is performing well and we are considering another order.,6.6
TKT000074,2018-11-01,90014136,A2620150601,Netherlands,Quality,neutral,Medium,We need clarification about the product quality and warranty.,6.8
TKT000075,2018-11-01,90008164,A3621150805,Australia,Product information,neutral,Low,Please provide more information about the product and available variants.,0.5
TKT000076,2019-10-01,90017057,A6719160101,Portugal,Product information,neutral,Medium,Please provide more information about the product and available variants.,6.1
TKT000077,2018-11-01,90017056,A3320150506,Portugal,Product information,neutral,Medium,Please provide more information about the product and available variants.,7.3
TKT000078,2021-08-01,90002016,A6218160102,India,Positive,positive,Medium,The product is performing well and we are considering another order.,16.6
TKT000079,2019-04-01,90009128,A5318110101,Newzealand,Positive,positive,High,The product is performing well and we are considering another order.,10.3
TKT000080,2019-08-01,90020100,A5520110307,Austria,Delivery,negative,High,Delivery is taking longer than expected and this is affecting our purchase decision.,4.2
TKT000081,2019-07-01,90004065,A1718150203,Japan,Positive,positive,Medium,The product is performing well and we are considering another order.,2.5
TKT000082,2018-09-01,90017050,A5621110407,Portugal,Positive,positive,High,The product is performing well and we are considering another order.,1.3
TKT000083,2020-07-01,90002015,A1018150103,India,Quality,neutral,Medium,We need clarification about the product quality and warranty.,11.4
TKT000084,2020-05-01,90020098,A3120150305,Austria,Delivery,negative,Low,Delivery is taking longer than expected and this is affecting our purchase decision.,6.3
TKT000085,2021-05-01,90004066,A5721110507,Japan,Product information,neutral,Low,Please provide more information about the product and available variants.,1.8
TKT000086,2019-08-01,80007195,A2419150405,South Korea,Product information,neutral,Low,Please provide more information about the product and available variants.,6.9
TKT000087,2020-05-01,90006156,A2918150101,Philiphines,Positive,positive,Low,The product is performing well and we are considering another order.,12.5
TKT000088,2020-08-01,90022080,A4021150403,USA,Positive,positive,Low,The product is performing well and we are considering another order.,4.8
TKT000089,2020-06-01,80007196,A6319160201,South Korea,Positive,positive,Low,The product is performing well and we are considering another order.,6.3
TKT000090,2018-10-01,70010047,A2721150702,Bangladesh,Delivery,negative,Medium,Delivery is taking longer than expected and this is affecting our purchase decision.,5.3
TKT000091,2020-04-01,90009127,A2118150104,Newzealand,Delivery,negative,Low,Delivery is taking longer than expected and this is affecting our purchase decision.,2.2
TKT000092,2021-02-01,70006158,A3320150501,Philiphines,Delivery,negative,Low,Delivery is taking longer than expected and this is affecting our purchase decision.,10.2
TKT000093,2020-11-01,70007199,A5318110108,South Korea,Quality,neutral,Medium,We need clarification about the product quality and warranty.,0.6
TKT000094,2020-09-01,90002001,A4419110404,India,Product information,neutral,Low,Please provide more information about the product and available variants.,1.5
TKT000095,2019-04-01,90002005,A0921150603,India,Product information,neutral,Medium,Please provide more information about the product and available variants.,10.6
TKT000096,2020-04-01,70022084,A4319110302,USA,Positive,positive,Low,The product is performing well and we are considering another order.,2.3
TKT000097,2020-04-01,90016171,A2821150804,Poland,Delivery,negative,Medium,Delivery is taking longer than expected and this is affecting our purchase decision.,7.7
TKT000098,2019-09-01,90011187,A5721110504,France,Product information,neutral,Medium,Please provide more information about the product and available variants.,5.5
TKT000099,2019-09-01,70016177,A4721110707,Poland,Quality,neutral,Low,We need clarification about the product quality and warranty.,5.7
TKT000100,2020-04-01,90005162,A2419150401,Pakistan,Quality,neutral,Medium,We need clarification about the product quality and warranty.,6.4
TKT000101,2020-11-01,70005163,A1919150401,Pakistan,Product information,neutral,Low,Please provide more information about the product and available variants.,6.5
TKT000102,2019-07-01,90017053,A0519150207,Portugal,Delivery,negative,Low,Delivery is taking longer than expected and this is affecting our purchase decision.,16.6
TKT000103,2021-03-01,90007197,A6218160102,South Korea,Positive,positive,Medium,The product is performing well and we are considering another order.,6.5
TKT000104,2019-05-01,90017053,A4218110201,Portugal,Product information,neutral,Medium,Please provide more information about the product and available variants.,2.9
TKT000105,2019-07-01,90017049,A2821150801,Portugal,Product information,neutral,Low,Please provide more information about the product and available variants.,0.6
TKT000106,2020-03-01,90020101,A2520150506,Austria,Positive,positive,Low,The product is performing well and we are considering another order.,2.7
TKT000107,2021-04-01,90019201,A3920150305,Sweden,Product information,neutral,Medium,Please provide more information about the product and available variants.,1.0
TKT000108,2021-07-01,90002014,A5318110105,India,Product information,neutral,Medium,Please provide more information about the product and available variants.,3.5
TKT000109,2018-12-01,70014143,A5621110404,Netherlands,Quality,neutral,Low,We need clarification about the product quality and warranty.,10.4
TKT000110,2020-11-01,90020100,A3220150401,Austria,Positive,positive,Low,The product is performing well and we are considering another order.,12.7
TKT000111,2018-10-01,70008170,A4620110605,Australia,Positive,positive,Medium,The product is performing well and we are considering another order.,5.8
TKT000112,2018-09-01,70015151,A4218110206,Norway,Product information,neutral,Low,Please provide more information about the product and available variants.,7.5
TKT000113,2019-01-01,90012041,A3521150706,Germany,Quality,neutral,High,We need clarification about the product quality and warranty.,3.0
TKT000114,2018-09-01,90020098,A6018110103,Austria,Product information,neutral,Low,Please provide more information about the product and available variants.,9.3
TKT000115,2020-03-01,90013120,A7019160401,Italy,Delivery,negative,Low,Delivery is taking longer than expected and this is affecting our purchase decision.,1.1
TKT000116,2018-09-01,90005160,A0219150202,Pakistan,Delivery,negative,Medium,Delivery is taking longer than expected and this is affecting our purchase decision.,9.5
TKT000117,2020-01-01,70016177,A2020150501,Poland,Quality,neutral,Low,We need clarification about the product quality and warranty.,4.2
TKT000118,2020-02-01,90010044,A2219150204,Bangladesh,Quality,neutral,Medium,We need clarification about the product quality and warranty.,5.1
TKT000119,2021-01-01,90012035,A6419160302,Germany,Quality,neutral,Low,We need clarification about the product quality and warranty.,6.3
TKT000120,2021-02-01,70012042,A6018110105,Germany,Positive,positive,Medium,The product is performing well and we are considering another order.,7.8
TKT000121,2021-05-01,90009129,A4620110608,Newzealand,Delivery,negative,Medium,Delivery is taking longer than expected and this is affecting our purchase decision.,12.1
TKT000122,2019-09-01,70005163,A0220150203,Pakistan,Quality,neutral,Medium,We need clarification about the product quality and warranty.,2.1
TKT000123,2018-09-01,90019200,A5419110204,Sweden,Positive,positive,Low,The product is performing well and we are considering another order.,11.9
TKT000124,2020-05-01,90021086,A6218160101,United Kingdom,Delivery,negative,Low,Delivery is taking longer than expected and this is affecting our purchase decision.,9.1
TKT000125,2018-09-01,90017050,A0321150303,Portugal,Quality,neutral,Low,We need clarification about the product quality and warranty.,1.9
TKT000126,2021-07-01,70015151,A4620110601,Norway,Delivery,negative,Low,Delivery is taking longer than expected and this is affecting our purchase decision.,2.8
TKT000127,2020-04-01,70014143,A5318110103,Netherlands,Positive,positive,Low,The product is performing well and we are considering another order.,7.8
TKT000128,2020-09-01,90004067,A4620110606,Japan,Positive,positive,Low,The product is performing well and we are considering another order.,2.0
TKT000129,2021-03-01,90002003,A5721110501,India,Positive,positive,Medium,The product is performing well and we are considering another order.,8.7
TKT000130,2020-06-01,90004065,A6018110105,Japan,Positive,positive,Medium,The product is performing well and we are considering another order.,7.6
TKT000131,2019-07-01,90019201,A1319150401,Sweden,Delivery,negative,Low,Delivery is taking longer than expected and this is affecting our purchase decision.,2.1
TKT000132,2021-03-01,90018114,A0118150101,Spain,Delivery,negative,Medium,Delivery is taking longer than expected and this is affecting our purchase decision.,8.3
TKT000133,2020-02-01,90017059,A5419110207,Portugal,Positive,positive,Low,The product is performing well and we are considering another order.,3.2
TKT000134,2021-02-01,90020099,A4821110806,Austria,Quality,neutral,Medium,We need clarification about the product quality and warranty.,9.4
TKT000135,2019-09-01,90023026,A5318110104,Canada,Delivery,negative,Medium,Delivery is taking longer than expected and this is affecting our purchase decision.,5.8
TKT000136,2021-01-01,90017053,A0118150104,Portugal,Product information,neutral,Medium,Please provide more information about the product and available variants.,4.6
TKT000137,2019-04-01,90004064,A6119110202,Japan,Positive,positive,Low,The product is performing well and we are considering another order.,7.7
TKT000138,2018-12-01,70006158,A1819150303,Philiphines,Quality,neutral,Medium,We need clarification about the product quality and warranty.,1.1
TKT000139,2021-04-01,90021087,A4419110402,United Kingdom,Product information,neutral,Medium,Please provide more information about the product and available variants.,4.8
TKT000140,2020-04-01,90017050,A1219150301,Portugal,Positive,positive,Low,The product is performing well and we are considering another order.,5.6
TKT000141,2021-07-01,90012035,A5520110308,Germany,Positive,positive,Low,The product is performing well and we are considering another order.,9.1
TKT000142,2020-06-01,90023027,A0821150503,Canada,Quality,neutral,High,We need clarification about the product quality and warranty.,8.6
TKT000143,2019-05-01,90011185,A0118150101,France,Delivery,negative,Low,Delivery is taking longer than expected and this is affecting our purchase decision.,6.7
TKT000144,2019-03-01,90021090,A3220150405,United Kingdom,Delivery,negative,Medium,Delivery is taking longer than expected and this is affecting our purchase decision.,11.1
TKT000145,2020-04-01,70004069,A4318110301,Japan,Positive,positive,Medium,The product is performing well and we are considering another order.,7.8
TKT000146,2020-09-01,70010048,A1718150204,Bangladesh,Positive,positive,Low,The product is performing well and we are considering another order.,7.8
TKT000147,2019-02-01,90008168,A0921150604,Australia,Positive,positive,Low,The product is performing well and we are considering another order.,7.0
TKT000148,2019-01-01,70006157,A1319150401,Philiphines,Delivery,negative,Medium,Delivery is taking longer than expected and this is affecting our purchase decision.,4.4
TKT000149,2021-01-01,80006155,A0821150504,Philiphines,Positive,positive,Medium,The product is performing well and we are considering another order.,4.8
TKT000150,2019-05-01,90004066,A3421150606,Japan,Delivery,negative,Medium,Delivery is taking longer than expected and this is affecting our purchase decision.,7.6
TKT000151,2020-03-01,90020101,A4218110202,Austria,Positive,positive,Medium,The product is performing well and we are considering another order.,2.0
TKT000152,2020-01-01,90013121,A4519110501,Italy,Delivery,negative,Low,Delivery is taking longer than expected and this is affecting our purchase decision.,7.6
TKT000153,2020-07-01,90022075,A2219150205,USA,Delivery,negative,Medium,Delivery is taking longer than expected and this is affecting our purchase decision.,0.8
TKT000154,2020-12-01,70003181,A5621110404,Indonesia,Delivery,negative,Low,Delivery is taking longer than expected and this is affecting our purchase decision.,8.3
TKT000155,2019-09-01,70022084,A6018110102,USA,Product information,neutral,Low,Please provide more information about the product and available variants.,4.8
TKT000156,2019-05-01,90023026,A0721150404,Canada,Delivery,negative,Low,Delivery is taking longer than expected and this is affecting our purchase decision.,18.7
TKT000157,2021-04-01,90017049,A4319110306,Portugal,Quality,neutral,Low,We need clarification about the product quality and warranty.,12.4
TKT000158,2021-01-01,90019201,A5721110507,Sweden,Quality,neutral,Low,We need clarification about the product quality and warranty.,1.1
TKT000159,2019-12-01,90008167,A7220160202,Australia,Delivery,negative,Medium,Delivery is taking longer than expected and this is affecting our purchase decision.,8.3
TKT000160,2020-05-01,90015148,A4721110708,Norway,Product information,neutral,Low,Please provide more information about the product and available variants.,5.7
TKT000161,2019-09-01,90008168,A3018150201,Australia,Delivery,negative,Low,Delivery is taking longer than expected and this is affecting our purchase decision.,2.3
TKT000162,2021-08-01,90012037,A2918150104,Germany,Quality,neutral,Low,We need clarification about the product quality and warranty.,13.3
TKT000163,2020-04-01,70003181,A4721110708,Indonesia,Positive,positive,High,The product is performing well and we are considering another order.,7.1
TKT000164,2020-02-01,90004063,A0621150308,Japan,Quality,neutral,High,We need clarification about the product quality and warranty.,4.9
TKT000165,2019-11-01,90020101,A4620110601,Austria,Delivery,negative,Medium,Delivery is taking longer than expected and this is affecting our purchase decision.,4.1
TKT000166,2020-10-01,90012033,A6120110205,Germany,Positive,positive,Medium,The product is performing well and we are considering another order.,3.4
TKT000167,2020-10-01,90018107,A1718150204,Spain,Product information,neutral,Low,Please provide more information about the product and available variants.,1.2
TKT000168,2020-03-01,90023025,A3819150203,Canada,Quality,neutral,Low,We need clarification about the product quality and warranty.,5.0
TKT000169,2020-12-01,70017060,A5620110401,Portugal,Product information,neutral,Low,Please provide more information about the product and available variants.,3.6
TKT000170,2018-09-01,90018113,A2118150102,Spain,Delivery,negative,Medium,Delivery is taking longer than expected and this is affecting our purchase decision.,1.2
TKT000171,2019-12-01,90002003,A2721150705,India,Quality,neutral,Medium,We need clarification about the product quality and warranty.,11.8
TKT000172,2021-06-01,70010048,A5621110403,Bangladesh,Positive,positive,High,The product is performing well and we are considering another order.,7.3
TKT000173,2020-02-01,90017053,A3819150205,Portugal,Product information,neutral,Medium,Please provide more information about the product and available variants.,8.9
TKT000174,2021-01-01,90023027,A1219150303,Canada,Delivery,negative,Low,Delivery is taking longer than expected and this is affecting our purchase decision.,4.0
TKT000175,2021-05-01,70006158,A7019160401,Philiphines,Positive,positive,Medium,The product is performing well and we are considering another order.,6.1
TKT000176,2018-10-01,90001020,A2821150804,China,Quality,neutral,Low,We need clarification about the product quality and warranty.,4.6
TKT000177,2019-02-01,90008168,A2219150206,Australia,Quality,neutral,Low,We need clarification about the product quality and warranty.,1.5
TKT000178,2021-05-01,90022071,A1819150304,USA,Delivery,negative,Low,Delivery is taking longer than expected and this is affecting our purchase decision.,6.8
TKT000179,2021-05-01,90008166,A4319110305,Australia,Delivery,negative,Low,Delivery is taking longer than expected and this is affecting our purchase decision.,8.2
TKT000180,2020-08-01,90014135,A3421150606,Netherlands,Delivery,negative,Medium,Delivery is taking longer than expected and this is affecting our purchase decision.,2.8
TKT000181,2020-09-01,90005160,A4620110606,Pakistan,Positive,positive,Low,The product is performing well and we are considering another order.,8.0
TKT000182,2019-02-01,90013124,A6018110105,Italy,Positive,positive,Low,The product is performing well and we are considering another order.,2.8
TKT000183,2019-02-01,70010048,A5621110407,Bangladesh,Positive,positive,Medium,The product is performing well and we are considering another order.,10.6
TKT000184,2019-11-01,90023026,A4218110206,Canada,Quality,neutral,Low,We need clarification about the product quality and warranty.,7.1
TKT000185,2019-04-01,70023031,A7119160103,Canada,Product information,neutral,High,Please provide more information about the product and available variants.,1.1
TKT000186,2018-12-01,70007198,A5519110301,South Korea,Quality,neutral,Medium,We need clarification about the product quality and warranty.,6.6
TKT000187,2020-04-01,70007198,A0418150102,South Korea,Quality,neutral,Medium,We need clarification about the product quality and warranty.,11.6
TKT000188,2020-12-01,70022084,A3220150404,USA,Delivery,negative,Medium,Delivery is taking longer than expected and this is affecting our purchase decision.,5.3
TKT000189,2020-11-01,90016175,A4519110502,Poland,Product information,neutral,Low,Please provide more information about the product and available variants.,3.7
TKT000190,2019-08-01,70005163,A5721110501,Pakistan,Positive,positive,Medium,The product is performing well and we are considering another order.,2.6
TKT000191,2019-03-01,70003182,A4118110105,Indonesia,Positive,positive,Medium,The product is performing well and we are considering another order.,17.8
TKT000192,2021-07-01,90004064,A2420150406,Japan,Delivery,negative,Medium,Delivery is taking longer than expected and this is affecting our purchase decision.,8.8
TKT000193,2020-07-01,90016171,A0519150207,Poland,Product information,neutral,Low,Please provide more information about the product and available variants.,1.6
TKT000194,2019-12-01,90016175,A4021150405,Poland,Quality,neutral,Low,We need clarification about the product quality and warranty.,4.2
TKT000195,2019-09-01,70022085,A3220150405,USA,Quality,neutral,Low,We need clarification about the product quality and warranty.,3.9
TKT000196,2021-04-01,90001021,A1618150104,China,Product information,neutral,Medium,Please provide more information about the product and available variants.,5.8
TKT000197,2020-03-01,90021095,A5318110107,United Kingdom,Positive,positive,Low,The product is performing well and we are considering another order.,3.7
TKT000198,2019-09-01,90018109,A4620110606,Spain,Quality,neutral,Medium,We need clarification about the product quality and warranty.,0.6
TKT000199,2020-12-01,90003180,A3220150404,Indonesia,Quality,neutral,Low,We need clarification about the product quality and warranty.,10.9
TKT000200,2019-05-01,90014141,A2319150301,Netherlands,Delivery,negative,Medium,Delivery is taking longer than expected and this is affecting our purchase decision.,3.2
TKT000201,2019-10-01,90001020,A3920150303,China,Delivery,negative,Medium,Delivery is taking longer than expected and this is affecting our purchase decision.,15.3
TKT000202,2019-02-01,90016173,A6519160401,Poland,Delivery,negative,Low,Delivery is taking longer than expected and this is affecting our purchase decision.,5.8
TKT000203,2019-03-01,70007198,A1018150103,South Korea,Quality,neutral,Low,We need clarification about the product quality and warranty.,15.0
TKT000204,2021-02-01,90014136,A1119150203,Netherlands,Delivery,negative,Low,Delivery is taking longer than expected and this is affecting our purchase decision.,6.3
TKT000205,2019-05-01,90018112,A0619150301,Spain,Delivery,negative,Medium,Delivery is taking longer than expected and this is affecting our purchase decision.,3.8
TKT000206,2019-09-01,90005162,A4720110701,Pakistan,Positive,positive,Low,The product is performing well and we are considering another order.,15.8
TKT000207,2020-05-01,70007199,A4721110707,South Korea,Quality,neutral,Low,We need clarification about the product quality and warranty.,16.5
TKT000208,2020-03-01,90011185,A4419110406,France,Product information,neutral,Medium,Please provide more information about the product and available variants.,11.3
TKT000209,2021-05-01,70010048,A2319150305,Bangladesh,Product information,neutral,Medium,Please provide more information about the product and available variants.,3.4
TKT000210,2020-12-01,90005162,A4721110707,Pakistan,Delivery,negative,Low,Delivery is taking longer than expected and this is affecting our purchase decision.,3.3
TKT000211,2021-06-01,90016175,A2918150101,Poland,Delivery,negative,Low,Delivery is taking longer than expected and this is affecting our purchase decision.,12.6
TKT000212,2018-10-01,70011194,A3320150501,France,Quality,neutral,Low,We need clarification about the product quality and warranty.,3.7
TKT000213,2019-02-01,90004061,A4821110806,Japan,Quality,neutral,High,We need clarification about the product quality and warranty.,8.1
TKT000214,2020-08-01,90010046,A1618150103,Bangladesh,Delivery,negative,Medium,Delivery is taking longer than expected and this is affecting our purchase decision.,1.9
TKT000215,2021-05-01,90018110,A6520160403,Spain,Product information,neutral,Medium,Please provide more information about the product and available variants.,3.1
TKT000216,2021-07-01,90004064,A1919150403,Japan,Positive,positive,Low,The product is performing well and we are considering another order.,1.6
TKT000217,2020-06-01,70002018,A0418150101,India,Quality,neutral,Low,We need clarification about the product quality and warranty.,10.2
TKT000218,2019-06-01,90014136,A7020160403,Netherlands,Delivery,negative,Medium,Delivery is taking longer than expected and this is affecting our purchase decision.,5.0
TKT000219,2019-09-01,90008166,A4821110806,Australia,Quality,neutral,Low,We need clarification about the product quality and warranty.,4.4
TKT000220,2020-04-01,90012040,A2918150101,Germany,Delivery,negative,Low,Delivery is taking longer than expected and this is affecting our purchase decision.,1.0
TKT000221,2019-12-01,90004066,A3920150305,Japan,Delivery,negative,Low,Delivery is taking longer than expected and this is affecting our purchase decision.,3.8
TKT000222,2019-12-01,70006158,A2721150706,Philiphines,Positive,positive,High,The product is performing well and we are considering another order.,2.5
TKT000223,2020-09-01,90014136,A2219150204,Netherlands,Product information,neutral,Medium,Please provide more information about the product and available variants.,5.9
TKT000224,2019-12-01,90016173,A0721150404,Poland,Product information,neutral,Medium,Please provide more information about the product and available variants.,12.2
TKT000225,2019-08-01,90013119,A3120150305,Italy,Delivery,negative,Low,Delivery is taking longer than expected and this is affecting our purchase decision.,6.9
TKT000226,2019-10-01,90004064,A4620110608,Japan,Product information,neutral,Medium,Please provide more information about the product and available variants.,4.7
TKT000227,2021-05-01,70018115,A5621110407,Spain,Delivery,negative,Medium,Delivery is taking longer than expected and this is affecting our purchase decision.,1.9
TKT000228,2020-01-01,90016174,A6419160301,Poland,Positive,positive,High,The product is performing well and we are considering another order.,12.3
TKT000229,2020-01-01,90018113,A4821110801,Spain,Product information,neutral,Medium,Please provide more information about the product and available variants.,10.7
TKT000230,2019-12-01,90023028,A7119160102,Canada,Positive,positive,Low,The product is performing well and we are considering another order.,7.7
TKT000231,2020-08-01,70010047,A4118110106,Bangladesh,Positive,positive,Medium,The product is performing well and we are considering another order.,4.2
TKT000232,2018-10-01,90006153,A5721110508,Philiphines,Product information,neutral,Low,Please provide more information about the product and available variants.,7.3
TKT000233,2018-10-01,80006155,A0519150208,Philiphines,Delivery,negative,Low,Delivery is taking longer than expected and this is affecting our purchase decision.,1.3
TKT000234,2020-06-01,90005160,A1119150203,Pakistan,Positive,positive,Medium,The product is performing well and we are considering another order.,11.1
TKT000235,2020-06-01,90014141,A0620150303,Netherlands,Product information,neutral,Low,Please provide more information about the product and available variants.,1.8
TKT000236,2021-08-01,70004070,A4020150401,Japan,Positive,positive,Low,The product is performing well and we are considering another order.,13.1
TKT000237,2020-03-01,90005161,A0621150308,Pakistan,Positive,positive,Low,The product is performing well and we are considering another order.,10.8
TKT000238,2019-09-01,90010045,A4821110807,Bangladesh,Quality,neutral,Medium,We need clarification about the product quality and warranty.,3.5
TKT000239,2021-04-01,90002003,A1618150103,India,Delivery,negative,Medium,Delivery is taking longer than expected and this is affecting our purchase decision.,4.3
TKT000240,2019-02-01,90022074,A6419160301,USA,Delivery,negative,Low,Delivery is taking longer than expected and this is affecting our purchase decision.,4.4
TKT000241,2020-07-01,90012037,A4021150405,Germany,Positive,positive,Medium,The product is performing well and we are considering another order.,4.9
TKT000242,2021-05-01,80006155,A0621150308,Philiphines,Quality,neutral,Medium,We need clarification about the product quality and warranty.,2.3
TKT000243,2019-02-01,90005162,A0220150203,Pakistan,Quality,neutral,Medium,We need clarification about the product quality and warranty.,6.8
TKT000244,2021-02-01,70009133,A4720110701,Newzealand,Delivery,negative,Low,Delivery is taking longer than expected and this is affecting our purchase decision.,2.4
TKT000245,2021-06-01,90021088,A2118150104,United Kingdom,Product information,neutral,High,Please provide more information about the product and available variants.,4.0
TKT000246,2019-08-01,90018114,A0321150302,Spain,Product information,neutral,High,Please provide more information about the product and available variants.,2.2
TKT000247,2019-03-01,90011185,A4319110302,France,Quality,neutral,Low,We need clarification about the product quality and warranty.,12.6
TKT000248,2018-10-01,90015147,A2620150606,Norway,Product information,neutral,High,Please provide more information about the product and available variants.,7.6
TKT000249,2018-11-01,90022082,A1919150403,USA,Delivery,negative,Medium,Delivery is taking longer than expected and this is affecting our purchase decision.,1.7
TKT000250,2020-05-01,90010044,A3320150506,Bangladesh,Delivery,negative,Low,Delivery is taking longer than expected and this is affecting our purchase decision.,2.4
TKT000251,2021-06-01,90004067,A4620110605,Japan,Quality,neutral,Low,We need clarification about the product quality and warranty.,22.8
TKT000252,2019-11-01,90017056,A4620110605,Portugal,Positive,positive,Medium,The product is performing well and we are considering another order.,4.6
TKT000253,2020-11-01,70023032,A7220160203,Canada,Positive,positive,Low,The product is performing well and we are considering another order.,3.0
TKT000254,2020-11-01,90010044,A2918150105,Bangladesh,Delivery,negative,Low,Delivery is taking longer than expected and this is affecting our purchase decision.,12.1
TKT000255,2020-02-01,90005159,A6520160402,Pakistan,Product information,neutral,Medium,Please provide more information about the product and available variants.,20.7
TKT000256,2018-12-01,90017056,A6018110101,Portugal,Delivery,negative,Low,Delivery is taking longer than expected and this is affecting our purchase decision.,7.2
TKT000257,2021-07-01,90022078,A2720150701,USA,Delivery,negative,Low,Delivery is taking longer than expected and this is affecting our purchase decision.,5.6
TKT000258,2020-01-01,90012038,A3019150204,Germany,Product information,neutral,High,Please provide more information about the product and available variants.,3.9
TKT000259,2018-10-01,90011186,A4519110501,France,Positive,positive,Medium,The product is performing well and we are considering another order.,1.5
TKT000260,2018-11-01,70003181,A4020150401,Indonesia,Positive,positive,Medium,The product is performing well and we are considering another order.,7.0
TKT000261,2021-04-01,70017060,A4620110605,Portugal,Delivery,negative,Low,Delivery is taking longer than expected and this is affecting our purchase decision.,5.8
TKT000262,2018-10-01,90017051,A5419110208,Portugal,Positive,positive,Low,The product is performing well and we are considering another order.,9.2
TKT000263,2019-04-01,90005162,A5318110101,Pakistan,Product information,neutral,Medium,Please provide more information about the product and available variants.,7.7
TKT000264,2020-10-01,90008165,A2721150702,Australia,Positive,positive,Low,The product is performing well and we are considering another order.,1.1
TKT000265,2019-09-01,90022073,A5318110103,USA,Quality,neutral,Low,We need clarification about the product quality and warranty.,1.1
TKT000266,2019-07-01,90020097,A1420150502,Austria,Delivery,negative,Medium,Delivery is taking longer than expected and this is affecting our purchase decision.,10.4
TKT000267,2020-02-01,90018105,A6620160501,Spain,Product information,neutral,Low,Please provide more information about the product and available variants.,2.7
TKT000268,2018-09-01,90020100,A7321160302,Austria,Delivery,negative,Medium,Delivery is taking longer than expected and this is affecting our purchase decision.,8.2
TKT000269,2019-08-01,90005161,A0721150401,Pakistan,Product information,neutral,High,Please provide more information about the product and available variants.,11.6
TKT000270,2021-06-01,70015152,A3621150806,Norway,Quality,neutral,Low,We need clarification about the product quality and warranty.,5.5
TKT000271,2019-09-01,80007195,A5520110305,South Korea,Quality,neutral,Medium,We need clarification about the product quality and warranty.,3.4
TKT000272,2019-06-01,90014140,A6719160101,Netherlands,Delivery,negative,Medium,Delivery is taking longer than expected and this is affecting our purchase decision.,4.4
TKT000273,2019-12-01,90018110,A1718150204,Spain,Delivery,negative,Medium,Delivery is taking longer than expected and this is affecting our purchase decision.,13.4
TKT000274,2019-01-01,70014143,A5318110104,Netherlands,Delivery,negative,Medium,Delivery is taking longer than expected and this is affecting our purchase decision.,4.7
TKT000275,2019-07-01,70022084,A2118150102,USA,Positive,positive,Low,The product is performing well and we are considering another order.,3.5
TKT000276,2020-10-01,90001020,A1618150101,China,Delivery,negative,Medium,Delivery is taking longer than expected and this is affecting our purchase decision.,10.8
TKT000277,2018-12-01,90015144,A0219150201,Norway,Delivery,negative,Medium,Delivery is taking longer than expected and this is affecting our purchase decision.,3.9
TKT000278,2020-12-01,70008169,A5318110104,Australia,Positive,positive,High,The product is performing well and we are considering another order.,9.5
TKT000279,2020-02-01,70010048,A3220150402,Bangladesh,Quality,neutral,Medium,We need clarification about the product quality and warranty.,12.2
TKT000280,2019-11-01,70011193,A5621110404,France,Delivery,negative,Medium,Delivery is taking longer than expected and this is affecting our purchase decision.,8.2
TKT000281,2021-08-01,90015144,A6919160302,Norway,Quality,neutral,Medium,We need clarification about the product quality and warranty.,5.1
TKT000282,2021-03-01,90001020,A0821150503,China,Positive,positive,Low,The product is performing well and we are considering another order.,11.8
TKT000283,2021-07-01,90023023,A0118150103,Canada,Quality,neutral,Low,We need clarification about the product quality and warranty.,6.6
TKT000284,2020-07-01,90014135,A6018110101,Netherlands,Delivery,negative,Low,Delivery is taking longer than expected and this is affecting our purchase decision.,5.5
TKT000285,2020-10-01,90021094,A4620110602,United Kingdom,Quality,neutral,Low,We need clarification about the product quality and warranty.,4.2
TKT000286,2020-03-01,90002012,A3421150605,India,Delivery,negative,Low,Delivery is taking longer than expected and this is affecting our purchase decision.,6.8
TKT000287,2020-10-01,90020101,A6620160502,Austria,Positive,positive,Low,The product is performing well and we are considering another order.,12.5
TKT000288,2019-03-01,90004063,A0220150203,Japan,Product information,neutral,Low,Please provide more information about the product and available variants.,3.5
TKT000289,2021-07-01,80007196,A1420150502,South Korea,Positive,positive,Low,The product is performing well and we are considering another order.,13.9
TKT000290,2021-02-01,90018114,A5621110408,Spain,Quality,neutral,Low,We need clarification about the product quality and warranty.,3.8
TKT000291,2021-01-01,70009134,A1219150302,Newzealand,Product information,neutral,Medium,Please provide more information about the product and available variants.,2.1
TKT000292,2018-10-01,90020098,A2918150102,Austria,Positive,positive,Low,The product is performing well and we are considering another order.,5.7
TKT000293,2019-07-01,80007196,A2118150106,South Korea,Positive,positive,Medium,The product is performing well and we are considering another order.,6.6
TKT000294,2020-03-01,90023029,A5621110403,Canada,Quality,neutral,High,We need clarification about the product quality and warranty.,17.9
TKT000295,2020-09-01,70019204,A5318110101,Sweden,Quality,neutral,Medium,We need clarification about the product quality and warranty.,2.0
TKT000296,2020-10-01,90009132,A0921150601,Newzealand,Positive,positive,Medium,The product is performing well and we are considering another order.,3.0
TKT000297,2020-03-01,70003181,A0219150201,Indonesia,Product information,neutral,Low,Please provide more information about the product and available variants.,7.8
TKT000298,2020-09-01,90009129,A2419150405,Newzealand,Delivery,negative,Medium,Delivery is taking longer than expected and this is affecting our purchase decision.,9.2
TKT000299,2019-03-01,90009129,A1521150601,Newzealand,Product information,neutral,Low,Please provide more information about the product and available variants.,9.3
TKT000300,2021-06-01,70003182,A5419110203,Indonesia,Product information,neutral,Medium,Please provide more information about the product and available variants.,5.0
TKT000301,2021-08-01,70014142,A1819150303,Netherlands,Product information,neutral,Low,Please provide more information about the product and available variants.,2.0
TKT000302,2019-10-01,70009134,A3018150202,Newzealand,Delivery,negative,Low,Delivery is taking longer than expected and this is affecting our purchase decision.,6.5
TKT000303,2019-05-01,90008164,A3421150606,Australia,Delivery,negative,Medium,Delivery is taking longer than expected and this is affecting our purchase decision.,4.4
TKT000304,2021-03-01,90014141,A6219160103,Netherlands,Delivery,negative,Medium,Delivery is taking longer than expected and this is affecting our purchase decision.,3.3
TKT000305,2020-01-01,90019203,A0118150103,Sweden,Quality,neutral,Medium,We need clarification about the product quality and warranty.,11.4
TKT000306,2020-02-01,90018114,A4620110605,Spain,Delivery,negative,Low,Delivery is taking longer than expected and this is affecting our purchase decision.,9.6
TKT000307,2019-02-01,90012040,A2218150201,Germany,Positive,positive,Medium,The product is performing well and we are considering another order.,5.1
TKT000308,2018-11-01,90013120,A2020150501,Italy,Quality,neutral,Medium,We need clarification about the product quality and warranty.,4.5
TKT000309,2020-04-01,90008167,A6319160202,Australia,Positive,positive,Medium,The product is performing well and we are considering another order.,1.2
TKT000310,2019-08-01,90003179,A7018160402,Indonesia,Delivery,negative,Medium,Delivery is taking longer than expected and this is affecting our purchase decision.,10.4
TKT000311,2019-02-01,90019201,A3320150504,Sweden,Positive,positive,Low,The product is performing well and we are considering another order.,1.9
TKT000312,2020-03-01,90016174,A4620110605,Poland,Positive,positive,Medium,The product is performing well and we are considering another order.,3.6
TKT000313,2019-10-01,90001021,A4118110105,China,Product information,neutral,High,Please provide more information about the product and available variants.,4.8
TKT000314,2019-10-01,70013125,A4620110608,Italy,Delivery,negative,Medium,Delivery is taking longer than expected and this is affecting our purchase decision.,0.6
TKT000315,2020-05-01,70015152,A4821110805,Norway,Delivery,negative,Low,Delivery is taking longer than expected and this is affecting our purchase decision.,4.6
TKT000316,2021-07-01,90014136,A0519150201,Netherlands,Delivery,negative,Low,Delivery is taking longer than expected and this is affecting our purchase decision.,11.5
TKT000317,2020-10-01,90013122,A6018110105,Italy,Positive,positive,Medium,The product is performing well and we are considering another order.,14.8
TKT000318,2019-03-01,90021088,A3320150501,United Kingdom,Quality,neutral,Low,We need clarification about the product quality and warranty.,10.2
TKT000319,2019-10-01,90013124,A2319150306,Italy,Positive,positive,Medium,The product is performing well and we are considering another order.,6.8
TKT000320,2018-11-01,90012041,A3320150506,Germany,Positive,positive,Low,The product is performing well and we are considering another order.,4.0
TKT000321,2019-01-01,90010046,A2821150801,Bangladesh,Delivery,negative,Medium,Delivery is taking longer than expected and this is affecting our purchase decision.,1.4
TKT000322,2020-10-01,90021092,A3119150302,United Kingdom,Quality,neutral,Low,We need clarification about the product quality and warranty.,7.3
TKT000323,2018-10-01,90021092,A0320150301,United Kingdom,Product information,neutral,Low,Please provide more information about the product and available variants.,4.8
TKT000324,2020-03-01,90015150,A5621110404,Norway,Product information,neutral,High,Please provide more information about the product and available variants.,6.5
TKT000325,2020-10-01,90018114,A6720160103,Spain,Delivery,negative,Medium,Delivery is taking longer than expected and this is affecting our purchase decision.,5.0
TKT000326,2019-10-01,90003180,A4020150401,Indonesia,Quality,neutral,Medium,We need clarification about the product quality and warranty.,4.8
TKT000327,2020-08-01,90008165,A6419160302,Australia,Delivery,negative,High,Delivery is taking longer than expected and this is affecting our purchase decision.,6.0
TKT000328,2021-05-01,90013124,A0721150404,Italy,Delivery,negative,Low,Delivery is taking longer than expected and this is affecting our purchase decision.,13.8
TKT000329,2020-02-01,90002001,A1920150404,India,Delivery,negative,Medium,Delivery is taking longer than expected and this is affecting our purchase decision.,0.7
TKT000330,2019-01-01,70018115,A4620110608,Spain,Delivery,negative,Medium,Delivery is taking longer than expected and this is affecting our purchase decision.,5.4
TKT000331,2018-09-01,90020099,A2419150405,Austria,Quality,neutral,Low,We need clarification about the product quality and warranty.,2.6
TKT000332,2021-03-01,90005162,A2520150501,Pakistan,Quality,neutral,Low,We need clarification about the product quality and warranty.,10.6
TKT000333,2019-12-01,90021089,A4118110101,United Kingdom,Quality,neutral,Medium,We need clarification about the product quality and warranty.,8.6
TKT000334,2021-04-01,90017049,A2419150402,Portugal,Product information,neutral,Low,Please provide more information about the product and available variants.,6.1
TKT000335,2021-04-01,70018115,A1919150403,Spain,Positive,positive,High,The product is performing well and we are considering another order.,9.0
TKT000336,2020-04-01,90019202,A6019110108,Sweden,Delivery,negative,High,Delivery is taking longer than expected and this is affecting our purchase decision.,4.9
TKT000337,2020-10-01,70003182,A3220150404,Indonesia,Product information,neutral,Low,Please provide more information about the product and available variants.,3.7
TKT000338,2021-02-01,90005160,A4118110102,Pakistan,Quality,neutral,Medium,We need clarification about the product quality and warranty.,5.2
TKT000339,2020-12-01,70015151,A3621150802,Norway,Positive,positive,Medium,The product is performing well and we are considering another order.,7.6
TKT000340,2020-11-01,90005162,A2520150504,Pakistan,Product information,neutral,Medium,Please provide more information about the product and available variants.,4.2
TKT000341,2020-05-01,70015151,A5721110504,Norway,Quality,neutral,Medium,We need clarification about the product quality and warranty.,5.6
TKT000342,2021-02-01,90013118,A4419110402,Italy,Delivery,negative,Medium,Delivery is taking longer than expected and this is affecting our purchase decision.,2.9
TKT000343,2018-11-01,90020097,A1219150302,Austria,Positive,positive,Low,The product is performing well and we are considering another order.,2.8
TKT000344,2019-11-01,90017057,A7018160402,Portugal,Quality,neutral,Medium,We need clarification about the product quality and warranty.,5.2
TKT000345,2019-11-01,90004065,A2020150501,Japan,Delivery,negative,Low,Delivery is taking longer than expected and this is affecting our purchase decision.,0.9
TKT000346,2019-06-01,90020099,A0519150203,Austria,Quality,neutral,Medium,We need clarification about the product quality and warranty.,4.7
TKT000347,2021-07-01,70008170,A3119150302,Australia,Quality,neutral,High,We need clarification about the product quality and warranty.,4.1
TKT000348,2019-08-01,90014135,A3019150205,Netherlands,Delivery,negative,Low,Delivery is taking longer than expected and this is affecting our purchase decision.,7.4
TKT000349,2020-06-01,70016178,A1118150202,Poland,Product information,neutral,Low,Please provide more information about the product and available variants.,9.6
TKT000350,2019-04-01,70023032,A5419110208,Canada,Product information,neutral,Low,Please provide more information about the product and available variants.,1.5
TKT000351,2019-11-01,90013120,A1219150303,Italy,Delivery,negative,Low,Delivery is taking longer than expected and this is affecting our purchase decision.,4.8
TKT000352,2021-05-01,90015144,A0321150302,Norway,Delivery,negative,Low,Delivery is taking longer than expected and this is affecting our purchase decision.,10.5
TKT000353,2019-01-01,70004070,A1618150103,Japan,Product information,neutral,Low,Please provide more information about the product and available variants.,3.3
TKT000354,2020-08-01,70011194,A6620160501,France,Positive,positive,High,The product is performing well and we are considering another order.,15.5
TKT000355,2019-01-01,90004066,A4419110405,Japan,Positive,positive,Low,The product is performing well and we are considering another order.,4.1
TKT000356,2019-10-01,70011194,A4520110505,France,Product information,neutral,Low,Please provide more information about the product and available variants.,7.8
TKT000357,2018-12-01,70016178,A2319150306,Poland,Delivery,negative,High,Delivery is taking longer than expected and this is affecting our purchase decision.,2.7
TKT000358,2019-10-01,90013120,A2319150302,Italy,Quality,neutral,Medium,We need clarification about the product quality and warranty.,7.4
TKT000359,2020-01-01,90002010,A2420150406,India,Positive,positive,High,The product is performing well and we are considering another order.,9.7
TKT000360,2020-11-01,70013126,A3920150301,Italy,Quality,neutral,Low,We need clarification about the product quality and warranty.,4.3
TKT000361,2021-01-01,90013121,A0821150504,Italy,Delivery,negative,High,Delivery is taking longer than expected and this is affecting our purchase decision.,3.2
TKT000362,2020-12-01,90010045,A0620150305,Bangladesh,Quality,neutral,Low,We need clarification about the product quality and warranty.,1.7
TKT000363,2020-02-01,90021090,A6719160101,United Kingdom,Quality,neutral,Medium,We need clarification about the product quality and warranty.,9.1
TKT000364,2020-06-01,80006155,A4821110804,Philiphines,Delivery,negative,Low,Delivery is taking longer than expected and this is affecting our purchase decision.,3.1
TKT000365,2020-02-01,70006157,A0519150207,Philiphines,Delivery,negative,Low,Delivery is taking longer than expected and this is affecting our purchase decision.,4.7
TKT000366,2019-12-01,90012037,A6018110101,Germany,Delivery,negative,Low,Delivery is taking longer than expected and this is affecting our purchase decision.,22.2
TKT000367,2019-03-01,90023029,A3018150201,Canada,Delivery,negative,Low,Delivery is taking longer than expected and this is affecting our purchase decision.,4.6
TKT000368,2019-09-01,80007196,A1819150301,South Korea,Delivery,negative,Medium,Delivery is taking longer than expected and this is affecting our purchase decision.,7.4
TKT000369,2019-12-01,90011191,A2419150405,France,Product information,neutral,Low,Please provide more information about the product and available variants.,5.1
TKT000370,2020-04-01,90003180,A1919150403,Indonesia,Product information,neutral,Low,Please provide more information about the product and available variants.,3.5
TKT000371,2021-07-01,90012037,A0118150101,Germany,Delivery,negative,Medium,Delivery is taking longer than expected and this is affecting our purchase decision.,5.1
TKT000372,2019-05-01,90012033,A0118150103,Germany,Delivery,negative,Medium,Delivery is taking longer than expected and this is affecting our purchase decision.,8.5
TKT000373,2019-05-01,90002002,A1219150301,India,Quality,neutral,Medium,We need clarification about the product quality and warranty.,5.6
TKT000374,2020-09-01,90019201,A1018150103,Sweden,Positive,positive,Medium,The product is performing well and we are considering another order.,5.1
TKT000375,2020-09-01,90006156,A1521150601,Philiphines,Positive,positive,Low,The product is performing well and we are considering another order.,3.6
TKT000376,2019-04-01,90009132,A6119110203,Newzealand,Quality,neutral,Medium,We need clarification about the product quality and warranty.,3.5
TKT000377,2019-10-01,90002015,A1618150101,India,Positive,positive,Medium,The product is performing well and we are considering another order.,4.7
TKT000378,2021-07-01,90008165,A4318110301,Australia,Quality,neutral,Low,We need clarification about the product quality and warranty.,6.8
TKT000379,2020-08-01,90013119,A0418150102,Italy,Positive,positive,Low,The product is performing well and we are considering another order.,4.8
TKT000380,2020-02-01,90022077,A3920150305,USA,Positive,positive,Medium,The product is performing well and we are considering another order.,3.8
TKT000381,2021-02-01,70003182,A5419110208,Indonesia,Product information,neutral,Low,Please provide more information about the product and available variants.,0.1
TKT000382,2019-04-01,90012033,A3421150606,Germany,Positive,positive,Medium,The product is performing well and we are considering another order.,1.7
TKT000383,2021-01-01,90005159,A3119150302,Pakistan,Positive,positive,Medium,The product is performing well and we are considering another order.,8.9
TKT000384,2019-05-01,90018113,A2219150205,Spain,Product information,neutral,Low,Please provide more information about the product and available variants.,7.0
TKT000385,2021-03-01,90014139,A4821110801,Netherlands,Quality,neutral,High,We need clarification about the product quality and warranty.,9.6
TKT000386,2019-01-01,90015144,A0721150404,Norway,Delivery,negative,High,Delivery is taking longer than expected and this is affecting our purchase decision.,11.9
TKT000387,2020-01-01,90013122,A4419110401,Italy,Product information,neutral,Low,Please provide more information about the product and available variants.,2.4
TKT000388,2020-08-01,70013126,A4419110408,Italy,Positive,positive,Low,The product is performing well and we are considering another order.,9.1
TKT000389,2021-08-01,90021089,A4419110405,United Kingdom,Delivery,negative,High,Delivery is taking longer than expected and this is affecting our purchase decision.,2.8
TKT000390,2020-08-01,70007198,A0219150202,South Korea,Quality,neutral,Low,We need clarification about the product quality and warranty.,1.2
TKT000391,2020-01-01,80001019,A3320150506,China,Product information,neutral,Medium,Please provide more information about the product and available variants.,3.0
TKT000392,2019-09-01,90007197,A4419110406,South Korea,Product information,neutral,Medium,Please provide more information about the product and available variants.,14.7
TKT000393,2019-02-01,90021091,A5419110208,United Kingdom,Quality,neutral,Low,We need clarification about the product quality and warranty.,5.4
TKT000394,2019-09-01,90011187,A4118110105,France,Positive,positive,Medium,The product is performing well and we are considering another order.,0.4
TKT000395,2019-03-01,90014139,A4218110205,Netherlands,Positive,positive,Low,The product is performing well and we are considering another order.,11.7
TKT000396,2019-03-01,80001019,A2721150705,China,Delivery,negative,Low,Delivery is taking longer than expected and this is affecting our purchase decision.,5.1
TKT000397,2021-03-01,90023022,A6019110107,Canada,Product information,neutral,High,Please provide more information about the product and available variants.,7.2
TKT000398,2021-05-01,90008166,A1521150602,Australia,Delivery,negative,Low,Delivery is taking longer than expected and this is affecting our purchase decision.,7.0
TKT000399,2021-07-01,90009128,A5318110103,Newzealand,Product information,neutral,Medium,Please provide more information about the product and available variants.,2.5
TKT000400,2021-02-01,90013119,A4118110105,Italy,Positive,positive,Medium,The product is performing well and we are considering another order.,2.1
TKT000401,2021-06-01,70007199,A5419110205,South Korea,Positive,positive,Low,The product is performing well and we are considering another order.,2.4
TKT000402,2019-06-01,90016176,A0320150301,Poland,Product information,neutral,Low,Please provide more information about the product and available variants.,4.3
TKT000403,2018-10-01,90013120,A4319110306,Italy,Delivery,negative,Low,Delivery is taking longer than expected and this is affecting our purchase decision.,5.3
TKT000404,2021-01-01,90011185,A0721150401,France,Positive,positive,Medium,The product is performing well and we are considering another order.,3.2
TKT000405,2021-06-01,70016177,A4218110205,Poland,Delivery,negative,Low,Delivery is taking longer than expected and this is affecting our purchase decision.,3.9
TKT000406,2018-09-01,70021096,A5419110204,United Kingdom,Quality,neutral,Low,We need clarification about the product quality and warranty.,8.6
TKT000407,2019-05-01,90002011,A7019160401,India,Positive,positive,Low,The product is performing well and we are considering another order.,6.0
TKT000408,2020-07-01,90020097,A0620150305,Austria,Delivery,negative,Medium,Delivery is taking longer than expected and this is affecting our purchase decision.,6.1
TKT000409,2019-12-01,90011188,A0519150201,France,Quality,neutral,Low,We need clarification about the product quality and warranty.,8.7
TKT000410,2021-07-01,70014142,A1018150101,Netherlands,Delivery,negative,Medium,Delivery is taking longer than expected and this is affecting our purchase decision.,1.7
TKT000411,2019-11-01,90013119,A6120110207,Italy,Positive,positive,Medium,The product is performing well and we are considering another order.,4.5
TKT000412,2019-08-01,90005161,A3521150706,Pakistan,Product information,neutral,High,Please provide more information about the product and available variants.,8.4
TKT000413,2019-11-01,90007197,A5721110505,South Korea,Positive,positive,Medium,The product is performing well and we are considering another order.,1.4
TKT000414,2020-06-01,90013120,A4021150405,Italy,Positive,positive,Medium,The product is performing well and we are considering another order.,3.3
TKT000415,2019-02-01,90019203,A0619150301,Sweden,Delivery,negative,Medium,Delivery is taking longer than expected and this is affecting our purchase decision.,6.3
TKT000416,2020-03-01,90013120,A3220150406,Italy,Delivery,negative,Low,Delivery is taking longer than expected and this is affecting our purchase decision.,2.5
TKT000417,2019-02-01,80001019,A5721110503,China,Quality,neutral,High,We need clarification about the product quality and warranty.,2.4
TKT000418,2020-03-01,90011189,A4821110804,France,Quality,neutral,Low,We need clarification about the product quality and warranty.,5.8
TKT000419,2021-04-01,90018113,A4218110208,Spain,Product information,neutral,Medium,Please provide more information about the product and available variants.,6.0
TKT000420,2019-05-01,90011186,A1618150103,France,Quality,neutral,Low,We need clarification about the product quality and warranty.,2.3
TKT000421,2020-12-01,90009130,A0418150107,Newzealand,Positive,positive,Low,The product is performing well and we are considering another order.,8.0
TKT000422,2020-09-01,90009129,A1118150202,Newzealand,Positive,positive,Medium,The product is performing well and we are considering another order.,4.3
TKT000423,2020-10-01,90017056,A4020150401,Portugal,Delivery,negative,Medium,Delivery is taking longer than expected and this is affecting our purchase decision.,3.9
TKT000424,2018-12-01,70018115,A1521150602,Spain,Delivery,negative,Medium,Delivery is taking longer than expected and this is affecting our purchase decision.,9.2
TKT000425,2020-10-01,90002011,A1919150401,India,Positive,positive,High,The product is performing well and we are considering another order.,5.5
TKT000426,2020-03-01,90018109,A3621150806,Spain,Positive,positive,Medium,The product is performing well and we are considering another order.,15.2
TKT000427,2020-07-01,90018112,A4318110301,Spain,Positive,positive,Low,The product is performing well and we are considering another order.,6.4
TKT000428,2020-03-01,90020102,A5519110301,Austria,Positive,positive,Low,The product is performing well and we are considering another order.,11.1
TKT000429,2021-08-01,90012033,A2720150701,Germany,Delivery,negative,Medium,Delivery is taking longer than expected and this is affecting our purchase decision.,1.8
TKT000430,2018-11-01,90017057,A6419160301,Portugal,Product information,neutral,Medium,Please provide more information about the product and available variants.,13.9
TKT000431,2020-08-01,90014136,A2821150802,Netherlands,Delivery,negative,Medium,Delivery is taking longer than expected and this is affecting our purchase decision.,7.1
TKT000432,2018-11-01,90015149,A4721110707,Norway,Quality,neutral,Low,We need clarification about the product quality and warranty.,6.1
TKT000433,2021-05-01,90008165,A0921150603,Australia,Positive,positive,Low,The product is performing well and we are considering another order.,19.0
TKT000434,2018-12-01,90011192,A6018110101,France,Delivery,negative,High,Delivery is taking longer than expected and this is affecting our purchase decision.,1.9
TKT000435,2020-08-01,80006155,A0921150604,Philiphines,Delivery,negative,Medium,Delivery is taking longer than expected and this is affecting our purchase decision.,10.7
TKT000436,2020-03-01,90015145,A4720110701,Norway,Positive,positive,Medium,The product is performing well and we are considering another order.,5.1
TKT000437,2021-07-01,90021094,A3220150401,United Kingdom,Positive,positive,Low,The product is performing well and we are considering another order.,5.2
TKT000438,2021-07-01,90009127,A2419150402,Newzealand,Product information,neutral,High,Please provide more information about the product and available variants.,18.1
TKT000439,2020-09-01,70023032,A2620150606,Canada,Product information,neutral,Medium,Please provide more information about the product and available variants.,3.3
TKT000440,2020-02-01,90002003,A0418150101,India,Delivery,negative,High,Delivery is taking longer than expected and this is affecting our purchase decision.,3.4
TKT000441,2019-06-01,90017059,A0118150103,Portugal,Quality,neutral,Low,We need clarification about the product quality and warranty.,5.0
TKT000442,2019-09-01,90022073,A4218110208,USA,Product information,neutral,High,Please provide more information about the product and available variants.,5.3
TKT000443,2019-10-01,90009132,A6018110102,Newzealand,Delivery,negative,Low,Delivery is taking longer than expected and this is affecting our purchase decision.,3.3
TKT000444,2020-04-01,90020103,A2520150506,Austria,Positive,positive,High,The product is performing well and we are considering another order.,7.4
TKT000445,2020-10-01,70008170,A0621150308,Australia,Product information,neutral,Medium,Please provide more information about the product and available variants.,10.9
TKT000446,2019-05-01,90014139,A3621150804,Netherlands,Delivery,negative,Medium,Delivery is taking longer than expected and this is affecting our purchase decision.,11.1
TKT000447,2019-03-01,90022077,A5621110408,USA,Quality,neutral,High,We need clarification about the product quality and warranty.,12.9
TKT000448,2019-01-01,90018108,A6919160302,Spain,Positive,positive,Low,The product is performing well and we are considering another order.,6.8
TKT000449,2019-04-01,90011191,A1618150101,France,Delivery,negative,High,Delivery is taking longer than expected and this is affecting our purchase decision.,2.6
TKT000450,2021-04-01,90016176,A0821150503,Poland,Product information,neutral,Low,Please provide more information about the product and available variants.,8.2
TKT000451,2018-10-01,70013125,A4821110804,Italy,Positive,positive,Medium,The product is performing well and we are considering another order.,2.3
TKT000452,2021-05-01,90022079,A2821150801,USA,Quality,neutral,Low,We need clarification about the product quality and warranty.,6.8
TKT000453,2020-10-01,90015150,A2419150402,Norway,Delivery,negative,Low,Delivery is taking longer than expected and this is affecting our purchase decision.,5.9
TKT000454,2019-10-01,70022085,A5621110404,USA,Quality,neutral,Medium,We need clarification about the product quality and warranty.,10.0
TKT000455,2020-01-01,90014139,A3120150306,Netherlands,Product information,neutral,Medium,Please provide more information about the product and available variants.,18.6
TKT000456,2019-07-01,90022071,A4218110206,USA,Quality,neutral,Low,We need clarification about the product quality and warranty.,1.0
TKT000457,2019-09-01,90020098,A2319150301,Austria,Positive,positive,High,The product is performing well and we are considering another order.,5.9
TKT000458,2021-02-01,70016178,A0821150503,Poland,Delivery,negative,Medium,Delivery is taking longer than expected and this is affecting our purchase decision.,16.4
TKT000459,2020-07-01,70006158,A4419110408,Philiphines,Product information,neutral,Medium,Please provide more information about the product and available variants.,13.0
TKT000460,2020-11-01,90021088,A4721110708,United Kingdom,Positive,positive,High,The product is performing well and we are considering another order.,3.5
TKT000461,2020-01-01,90004062,A6319160203,Japan,Quality,neutral,Medium,We need clarification about the product quality and warranty.,10.0
TKT000462,2020-11-01,90023025,A5318110105,Canada,Positive,positive,Medium,The product is performing well and we are considering another order.,11.3
TKT000463,2019-01-01,70015152,A4520110508,Norway,Quality,neutral,Low,We need clarification about the product quality and warranty.,2.7
TKT000464,2020-02-01,90011189,A0519150205,France,Quality,neutral,Medium,We need clarification about the product quality and warranty.,3.2
TKT000465,2019-05-01,90018109,A1718150204,Spain,Delivery,negative,Medium,Delivery is taking longer than expected and this is affecting our purchase decision.,3.9
TKT000466,2019-09-01,90003180,A4520110507,Indonesia,Product information,neutral,Medium,Please provide more information about the product and available variants.,11.2
TKT000467,2021-03-01,90015145,A1118150201,Norway,Positive,positive,High,The product is performing well and we are considering another order.,26.4
TKT000468,2020-03-01,70010047,A1219150302,Bangladesh,Positive,positive,Medium,The product is performing well and we are considering another order.,3.7
TKT000469,2019-10-01,90008168,A3220150402,Australia,Product information,neutral,High,Please provide more information about the product and available variants.,2.1
TKT000470,2020-07-01,90008167,A6720160103,Australia,Product information,neutral,Medium,Please provide more information about the product and available variants.,4.0
TKT000471,2019-07-01,90013120,A2419150401,Italy,Positive,positive,Medium,The product is performing well and we are considering another order.,6.9
TKT000472,2019-08-01,70003182,A6319160201,Indonesia,Delivery,negative,Low,Delivery is taking longer than expected and this is affecting our purchase decision.,4.6
TKT000473,2020-01-01,90016176,A2821150802,Poland,Quality,neutral,Low,We need clarification about the product quality and warranty.,8.8
TKT000474,2020-10-01,90014140,A0118150102,Netherlands,Product information,neutral,Low,Please provide more information about the product and available variants.,12.7
TKT000475,2020-01-01,90018106,A1118150201,Spain,Product information,neutral,Low,Please provide more information about the product and available variants.,11.6
TKT000476,2019-07-01,90012033,A6019110107,Germany,Delivery,negative,Low,Delivery is taking longer than expected and this is affecting our purchase decision.,4.3
TKT000477,2020-10-01,90022079,A6419160303,USA,Positive,positive,Low,The product is performing well and we are considering another order.,3.3
TKT000478,2020-08-01,90002011,A1320150402,India,Positive,positive,Medium,The product is performing well and we are considering another order.,19.2
TKT000479,2020-03-01,90021093,A3019150204,United Kingdom,Quality,neutral,High,We need clarification about the product quality and warranty.,11.2
TKT000480,2020-02-01,90012038,A2620150602,Germany,Quality,neutral,Medium,We need clarification about the product quality and warranty.,2.3
TKT000481,2019-06-01,90008167,A7119160103,Australia,Product information,neutral,Medium,Please provide more information about the product and available variants.,16.4
TKT000482,2021-04-01,90021088,A4821110804,United Kingdom,Delivery,negative,Low,Delivery is taking longer than expected and this is affecting our purchase decision.,8.9
TKT000483,2019-01-01,90016176,A2419150401,Poland,Product information,neutral,Low,Please provide more information about the product and available variants.,8.3
TKT000484,2019-12-01,90014136,A4620110601,Netherlands,Quality,neutral,Low,We need clarification about the product quality and warranty.,2.8
TKT000485,2020-07-01,80001019,A0621150308,China,Positive,positive,Low,The product is performing well and we are considering another order.,1.3
TKT000486,2018-12-01,90020098,A2918150102,Austria,Positive,positive,Low,The product is performing well and we are considering another order.,12.6
TKT000487,2021-06-01,90013120,A6419160303,Italy,Quality,neutral,Low,We need clarification about the product quality and warranty.,10.0
TKT000488,2019-07-01,80006155,A0621150307,Philiphines,Delivery,negative,Medium,Delivery is taking longer than expected and this is affecting our purchase decision.,13.5
TKT000489,2021-05-01,90016173,A0320150301,Poland,Product information,neutral,Low,Please provide more information about the product and available variants.,8.6
TKT000490,2021-05-01,90008165,A7119160103,Australia,Positive,positive,Medium,The product is performing well and we are considering another order.,6.2
TKT000491,2021-02-01,70007199,A2219150205,South Korea,Quality,neutral,Medium,We need clarification about the product quality and warranty.,17.6
TKT000492,2018-11-01,90002002,A6218160101,India,Quality,neutral,Low,We need clarification about the product quality and warranty.,2.5
TKT000493,2021-03-01,90005159,A1819150303,Pakistan,Product information,neutral,Medium,Please provide more information about the product and available variants.,5.2
TKT000494,2019-11-01,90008165,A2918150104,Australia,Product information,neutral,Medium,Please provide more information about the product and available variants.,3.1
TKT000495,2020-04-01,90020098,A4118110104,Austria,Product information,neutral,Low,Please provide more information about the product and available variants.,7.1
TKT000496,2020-02-01,90012041,A7220160202,Germany,Delivery,negative,High,Delivery is taking longer than expected and this is affecting our purchase decision.,1.9
TKT000497,2020-06-01,70008169,A2118150105,Australia,Delivery,negative,Low,Delivery is taking longer than expected and this is affecting our purchase decision.,0.7
TKT000498,2021-06-01,90016176,A5318110104,Poland,Product information,neutral,Medium,Please provide more information about the product and available variants.,10.7
TKT000499,2021-07-01,90011188,A6018110102,France,Delivery,negative,High,Delivery is taking longer than expected and this is affecting our purchase decision.,4.2
TKT000500,2021-08-01,70009134,A6119110201,Newzealand,Delivery,negative,Medium,Delivery is taking longer than expected and this is affecting our purchase decision.,5.5
TKT000501,2020-11-01,90013123,A5419110202,Italy,Positive,positive,Medium,The product is performing well and we are considering another order.,27.8
TKT000502,2019-05-01,90023022,A4419110401,Canada,Quality,neutral,Low,We need clarification about the product quality and warranty.,3.6
TKT000503,2018-09-01,70014143,A2118150104,Netherlands,Product information,neutral,Low,Please provide more information about the product and available variants.,1.9
TKT000504,2018-10-01,90017057,A5721110505,Portugal,Quality,neutral,High,We need clarification about the product quality and warranty.,5.9
TKT000505,2020-09-01,90004061,A2720150701,Japan,Quality,neutral,Low,We need clarification about the product quality and warranty.,3.9
TKT000506,2021-01-01,90017059,A4218110201,Portugal,Quality,neutral,Low,We need clarification about the product quality and warranty.,11.3
TKT000507,2019-07-01,90002013,A6419160301,India,Delivery,negative,Low,Delivery is taking longer than expected and this is affecting our purchase decision.,4.7
TKT000508,2020-11-01,90011185,A1919150401,France,Positive,positive,High,The product is performing well and we are considering another order.,5.6
TKT000509,2020-03-01,90004068,A4620110604,Japan,Delivery,negative,Low,Delivery is taking longer than expected and this is affecting our purchase decision.,16.1
TKT000510,2020-05-01,90010046,A5520110305,Bangladesh,Product information,neutral,Low,Please provide more information about the product and available variants.,3.4
TKT000511,2020-03-01,80007195,A0418150102,South Korea,Quality,neutral,High,We need clarification about the product quality and warranty.,1.4
TKT000512,2018-09-01,90008165,A4620110602,Australia,Positive,positive,Low,The product is performing well and we are considering another order.,2.3
TKT000513,2020-05-01,90008164,A2118150105,Australia,Product information,neutral,Medium,Please provide more information about the product and available variants.,8.1
TKT000514,2019-09-01,80006154,A1119150203,Philiphines,Product information,neutral,Medium,Please provide more information about the product and available variants.,18.7
TKT000515,2020-06-01,90003179,A5519110301,Indonesia,Product information,neutral,Low,Please provide more information about the product and available variants.,4.0
TKT000516,2019-09-01,90021095,A5621110404,United Kingdom,Product information,neutral,Low,Please provide more information about the product and available variants.,5.1
TKT000517,2021-04-01,90009128,A1320150403,Newzealand,Quality,neutral,Medium,We need clarification about the product quality and warranty.,1.4
TKT000518,2018-11-01,90023027,A3421150605,Canada,Positive,positive,Medium,The product is performing well and we are considering another order.,2.1
TKT000519,2021-06-01,70022085,A4319110305,USA,Product information,neutral,Low,Please provide more information about the product and available variants.,5.3
TKT000520,2020-01-01,70011193,A2918150105,France,Quality,neutral,Medium,We need clarification about the product quality and warranty.,12.1
TKT000521,2021-03-01,90022073,A4620110607,USA,Quality,neutral,Low,We need clarification about the product quality and warranty.,5.6
TKT000522,2020-06-01,90005159,A2620150601,Pakistan,Quality,neutral,High,We need clarification about the product quality and warranty.,20.2
TKT000523,2021-03-01,70010047,A2319150306,Bangladesh,Delivery,negative,Low,Delivery is taking longer than expected and this is affecting our purchase decision.,12.9
TKT000524,2020-10-01,80001019,A6419160303,China,Positive,positive,Medium,The product is performing well and we are considering another order.,15.7
TKT000525,2020-06-01,90011189,A2520150505,France,Quality,neutral,Low,We need clarification about the product quality and warranty.,2.8
TKT000526,2020-03-01,90017056,A4620110607,Portugal,Delivery,negative,Low,Delivery is taking longer than expected and this is affecting our purchase decision.,5.3
TKT000527,2020-11-01,90017050,A4821110804,Portugal,Product information,neutral,Low,Please provide more information about the product and available variants.,2.3
TKT000528,2019-01-01,70011194,A5620110402,France,Delivery,negative,Low,Delivery is taking longer than expected and this is affecting our purchase decision.,17.1
TKT000529,2020-10-01,70010048,A3018150202,Bangladesh,Quality,neutral,Low,We need clarification about the product quality and warranty.,3.3
TKT000530,2019-05-01,70007199,A3718150101,South Korea,Product information,neutral,Medium,Please provide more information about the product and available variants.,3.8
TKT000531,2018-12-01,90022073,A4419110407,USA,Product information,neutral,Low,Please provide more information about the product and available variants.,4.4
TKT000532,2018-11-01,90008167,A3019150205,Australia,Product information,neutral,Low,Please provide more information about the product and available variants.,5.4
TKT000533,2020-06-01,70019204,A2319150304,Sweden,Delivery,negative,Low,Delivery is taking longer than expected and this is affecting our purchase decision.,10.0
TKT000534,2020-12-01,90020103,A2419150402,Austria,Delivery,negative,Low,Delivery is taking longer than expected and this is affecting our purchase decision.,10.6
TKT000535,2020-12-01,90019201,A2419150402,Sweden,Delivery,negative,Medium,Delivery is taking longer than expected and this is affecting our purchase decision.,9.3
TKT000536,2020-06-01,90017053,A7219160201,Portugal,Delivery,negative,Low,Delivery is taking longer than expected and this is affecting our purchase decision.,8.4
TKT000537,2021-06-01,90023030,A6319160202,Canada,Quality,neutral,Medium,We need clarification about the product quality and warranty.,0.1
TKT000538,2020-05-01,90008168,A3920150301,Australia,Positive,positive,Low,The product is performing well and we are considering another order.,6.8
TKT000539,2019-08-01,70016178,A5419110205,Poland,Positive,positive,Medium,The product is performing well and we are considering another order.,3.1
TKT000540,2021-06-01,90001020,A5419110204,China,Quality,neutral,Medium,We need clarification about the product quality and warranty.,4.1
TKT000541,2019-12-01,90011192,A3120150305,France,Delivery,negative,Low,Delivery is taking longer than expected and this is affecting our purchase decision.,6.0
TKT000542,2020-07-01,90004065,A2821150802,Japan,Product information,neutral,Low,Please provide more information about the product and available variants.,1.9
TKT000543,2021-06-01,90008164,A4720110702,Australia,Positive,positive,Low,The product is performing well and we are considering another order.,6.9
TKT000544,2020-10-01,90012037,A4319110305,Germany,Product information,neutral,Low,Please provide more information about the product and available variants.,1.2
TKT000545,2021-08-01,70023031,A2420150406,Canada,Product information,neutral,High,Please provide more information about the product and available variants.,10.6
TKT000546,2018-12-01,80006155,A3521150701,Philiphines,Delivery,negative,Low,Delivery is taking longer than expected and this is affecting our purchase decision.,10.4
TKT000547,2019-09-01,90018110,A2021150504,Spain,Quality,neutral,Low,We need clarification about the product quality and warranty.,10.2
TKT000548,2021-07-01,90018110,A4620110606,Spain,Positive,positive,Medium,The product is performing well and we are considering another order.,16.2
TKT000549,2019-10-01,90023030,A3920150303,Canada,Delivery,negative,Low,Delivery is taking longer than expected and this is affecting our purchase decision.,3.7
TKT000550,2021-08-01,90012034,A4620110607,Germany,Positive,positive,Low,The product is performing well and we are considering another order.,5.4
TKT000551,2018-10-01,90014139,A3019150205,Netherlands,Delivery,negative,Low,Delivery is taking longer than expected and this is affecting our purchase decision.,1.7
TKT000552,2019-02-01,90021089,A3119150301,United Kingdom,Product information,neutral,Low,Please provide more information about the product and available variants.,7.4
TKT000553,2020-05-01,90010045,A4218110206,Bangladesh,Product information,neutral,Medium,Please provide more information about the product and available variants.,7.9
TKT000554,2019-08-01,90022074,A4721110707,USA,Quality,neutral,Medium,We need clarification about the product quality and warranty.,5.3
TKT000555,2021-06-01,90014136,A5621110408,Netherlands,Delivery,negative,Medium,Delivery is taking longer than expected and this is affecting our purchase decision.,2.9
TKT000556,2018-12-01,80001019,A1018150101,China,Positive,positive,Medium,The product is performing well and we are considering another order.,2.4
TKT000557,2019-09-01,90004064,A2319150301,Japan,Delivery,negative,Low,Delivery is taking longer than expected and this is affecting our purchase decision.,1.1
TKT000558,2020-07-01,90017059,A4721110707,Portugal,Product information,neutral,Medium,Please provide more information about the product and available variants.,5.6
TKT000559,2020-02-01,90009128,A3018150202,Newzealand,Positive,positive,Low,The product is performing well and we are considering another order.,3.4
TKT000560,2021-01-01,90009128,A5621110403,Newzealand,Delivery,negative,High,Delivery is taking longer than expected and this is affecting our purchase decision.,10.9
TKT000561,2020-02-01,70008169,A5721110504,Australia,Quality,neutral,High,We need clarification about the product quality and warranty.,12.5
TKT000562,2020-10-01,90020103,A2520150506,Austria,Delivery,negative,High,Delivery is taking longer than expected and this is affecting our purchase decision.,5.9
TKT000563,2020-06-01,90007197,A4620110604,South Korea,Quality,neutral,Medium,We need clarification about the product quality and warranty.,1.5
TKT000564,2019-02-01,70012043,A7220160202,Germany,Quality,neutral,Medium,We need clarification about the product quality and warranty.,9.7
TKT000565,2020-07-01,90023028,A7019160401,Canada,Positive,positive,Low,The product is performing well and we are considering another order.,8.1
TKT000566,2018-10-01,90006153,A6719160101,Philiphines,Positive,positive,Low,The product is performing well and we are considering another order.,9.3
TKT000567,2019-12-01,90016176,A0921150604,Poland,Quality,neutral,Medium,We need clarification about the product quality and warranty.,10.0
TKT000568,2020-08-01,90016171,A2821150804,Poland,Quality,neutral,Low,We need clarification about the product quality and warranty.,9.0
TKT000569,2020-06-01,90012033,A0721150404,Germany,Product information,neutral,Medium,Please provide more information about the product and available variants.,2.8
TKT000570,2019-10-01,90023026,A3220150406,Canada,Quality,neutral,High,We need clarification about the product quality and warranty.,2.0
TKT000571,2019-06-01,90002001,A1420150502,India,Quality,neutral,Medium,We need clarification about the product quality and warranty.,10.8
TKT000572,2020-02-01,90015148,A7321160303,Norway,Product information,neutral,High,Please provide more information about the product and available variants.,3.2
TKT000573,2019-01-01,90016176,A2219150205,Poland,Product information,neutral,Low,Please provide more information about the product and available variants.,2.4
TKT000574,2020-08-01,90015150,A6319160203,Norway,Delivery,negative,High,Delivery is taking longer than expected and this is affecting our purchase decision.,11.2
TKT000575,2020-11-01,90016175,A5318110105,Poland,Positive,positive,Medium,The product is performing well and we are considering another order.,3.3
TKT000576,2020-10-01,90013117,A3018150202,Italy,Quality,neutral,Low,We need clarification about the product quality and warranty.,3.4
TKT000577,2020-05-01,90012041,A4720110702,Germany,Quality,neutral,High,We need clarification about the product quality and warranty.,1.2
TKT000578,2019-03-01,90009128,A2218150201,Newzealand,Positive,positive,Medium,The product is performing well and we are considering another order.,5.7
TKT000579,2019-06-01,90010046,A6019110107,Bangladesh,Delivery,negative,High,Delivery is taking longer than expected and this is affecting our purchase decision.,3.9
TKT000580,2021-02-01,90008168,A7321160302,Australia,Positive,positive,Low,The product is performing well and we are considering another order.,2.9
TKT000581,2020-05-01,90008165,A5621110403,Australia,Product information,neutral,Low,Please provide more information about the product and available variants.,14.5
TKT000582,2019-07-01,70015151,A4218110201,Norway,Quality,neutral,Low,We need clarification about the product quality and warranty.,2.9
TKT000583,2020-11-01,70014143,A4519110502,Netherlands,Quality,neutral,Low,We need clarification about the product quality and warranty.,14.2
TKT000584,2020-03-01,90023022,A3220150401,Canada,Positive,positive,Medium,The product is performing well and we are considering another order.,11.2
TKT000585,2020-04-01,90015148,A4118110107,Norway,Delivery,negative,Medium,Delivery is taking longer than expected and this is affecting our purchase decision.,6.5
TKT000586,2020-10-01,70014142,A3920150301,Netherlands,Delivery,negative,High,Delivery is taking longer than expected and this is affecting our purchase decision.,16.0
TKT000587,2021-03-01,90015147,A4620110605,Norway,Product information,neutral,Medium,Please provide more information about the product and available variants.,9.0
TKT000588,2020-02-01,90012038,A4020150401,Germany,Delivery,negative,Low,Delivery is taking longer than expected and this is affecting our purchase decision.,10.9
TKT000589,2020-12-01,70021096,A2721150706,United Kingdom,Delivery,negative,Medium,Delivery is taking longer than expected and this is affecting our purchase decision.,4.3
TKT000590,2021-02-01,90009128,A2918150102,Newzealand,Delivery,negative,High,Delivery is taking longer than expected and this is affecting our purchase decision.,8.3
TKT000591,2018-12-01,90021088,A6120110205,United Kingdom,Product information,neutral,Low,Please provide more information about the product and available variants.,5.0
TKT000592,2020-05-01,90021088,A2918150106,United Kingdom,Positive,positive,High,The product is performing well and we are considering another order.,6.9
TKT000593,2021-06-01,90022083,A1219150301,USA,Quality,neutral,Medium,We need clarification about the product quality and warranty.,4.2
TKT000594,2019-07-01,80006154,A3521150706,Philiphines,Delivery,negative,Low,Delivery is taking longer than expected and this is affecting our purchase decision.,2.6
TKT000595,2021-07-01,90010046,A3421150605,Bangladesh,Delivery,negative,Medium,Delivery is taking longer than expected and this is affecting our purchase decision.,3.5
TKT000596,2019-05-01,90015144,A3521150704,Norway,Delivery,negative,Low,Delivery is taking longer than expected and this is affecting our purchase decision.,1.9
TKT000597,2021-08-01,90010045,A3019150205,Bangladesh,Quality,neutral,Medium,We need clarification about the product quality and warranty.,6.4
TKT000598,2020-05-01,90005160,A2419150404,Pakistan,Delivery,negative,Medium,Delivery is taking longer than expected and this is affecting our purchase decision.,7.3
TKT000599,2019-03-01,90023023,A4319110305,Canada,Quality,neutral,Low,We need clarification about the product quality and warranty.,6.6
TKT000600,2019-05-01,90002012,A6720160103,India,Quality,neutral,Low,We need clarification about the product quality and warranty.,3.7
TKT000601,2019-06-01,90006153,A0821150501,Philiphines,Product information,neutral,Low,Please provide more information about the product and available variants.,1.7
TKT000602,2019-04-01,90009129,A3521150704,Newzealand,Positive,positive,Low,The product is performing well and we are considering another order.,3.8
TKT000603,2019-07-01,90004068,A1819150304,Japan,Product information,neutral,Medium,Please provide more information about the product and available variants.,2.9
TKT000604,2021-04-01,90023022,A1819150303,Canada,Delivery,negative,Medium,Delivery is taking longer than expected and this is affecting our purchase decision.,1.7
TKT000605,2018-11-01,90014135,A2419150401,Netherlands,Positive,positive,Medium,The product is performing well and we are considering another order.,9.1
TKT000606,2020-07-01,90018113,A3621150806,Spain,Positive,positive,Medium,The product is performing well and we are considering another order.,1.8
TKT000607,2020-06-01,90002007,A4620110606,India,Positive,positive,Low,The product is performing well and we are considering another order.,6.6
TKT000608,2019-02-01,90013124,A6719160101,Italy,Positive,positive,Low,The product is performing well and we are considering another order.,0.9
TKT000609,2020-12-01,90022075,A1018150103,USA,Delivery,negative,High,Delivery is taking longer than expected and this is affecting our purchase decision.,6.9
TKT000610,2021-03-01,90012041,A0118150103,Germany,Product information,neutral,Low,Please provide more information about the product and available variants.,14.7
TKT000611,2018-10-01,70018115,A3718150103,Spain,Positive,positive,Low,The product is performing well and we are considering another order.,6.0
TKT000612,2021-05-01,90023023,A0418150108,Canada,Product information,neutral,Low,Please provide more information about the product and available variants.,3.1
TKT000613,2018-11-01,70010047,A0118150104,Bangladesh,Positive,positive,Low,The product is performing well and we are considering another order.,9.2
TKT000614,2020-10-01,90018112,A3320150506,Spain,Quality,neutral,Low,We need clarification about the product quality and warranty.,14.0
TKT000615,2018-12-01,90017056,A1018150102,Portugal,Delivery,negative,Medium,Delivery is taking longer than expected and this is affecting our purchase decision.,3.7
TKT000616,2019-03-01,70003182,A2918150101,Indonesia,Positive,positive,Low,The product is performing well and we are considering another order.,1.4
TKT000617,2019-02-01,90013122,A3920150303,Italy,Quality,neutral,Low,We need clarification about the product quality and warranty.,7.7
TKT000618,2021-04-01,90015150,A6018110101,Norway,Product information,neutral,Low,Please provide more information about the product and available variants.,6.7
TKT000619,2019-02-01,90009132,A6319160203,Newzealand,Positive,positive,High,The product is performing well and we are considering another order.,8.9
TKT000620,2020-09-01,70010048,A6620160502,Bangladesh,Quality,neutral,High,We need clarification about the product quality and warranty.,7.3
TKT000621,2018-09-01,90014136,A4218110202,Netherlands,Quality,neutral,Low,We need clarification about the product quality and warranty.,2.9
TKT000622,2019-10-01,70008169,A6119110202,Australia,Positive,positive,Medium,The product is performing well and we are considering another order.,5.4
TKT000623,2020-06-01,90013119,A2620150606,Italy,Quality,neutral,Medium,We need clarification about the product quality and warranty.,8.4
TKT000624,2018-11-01,90020101,A7321160302,Austria,Quality,neutral,Medium,We need clarification about the product quality and warranty.,10.9
TKT000625,2020-10-01,70012043,A4721110706,Germany,Positive,positive,Medium,The product is performing well and we are considering another order.,12.4
TKT000626,2019-11-01,70002017,A0519150201,India,Delivery,negative,Low,Delivery is taking longer than expected and this is affecting our purchase decision.,3.5
TKT000627,2021-07-01,90019203,A2118150105,Sweden,Product information,neutral,Low,Please provide more information about the product and available variants.,13.4
TKT000628,2019-10-01,70022085,A4118110104,USA,Product information,neutral,Low,Please provide more information about the product and available variants.,1.7
TKT000629,2021-04-01,90008164,A7219160201,Australia,Delivery,negative,High,Delivery is taking longer than expected and this is affecting our purchase decision.,5.5
TKT000630,2021-05-01,90017049,A4620110601,Portugal,Product information,neutral,Medium,Please provide more information about the product and available variants.,1.3
TKT000631,2019-08-01,90014140,A3220150404,Netherlands,Positive,positive,Medium,The product is performing well and we are considering another order.,5.8
TKT000632,2019-10-01,90022079,A4118110102,USA,Quality,neutral,Low,We need clarification about the product quality and warranty.,4.1
TKT000633,2018-12-01,70022085,A3521150706,USA,Product information,neutral,Medium,Please provide more information about the product and available variants.,14.3
TKT000634,2020-05-01,90005161,A4419110406,Pakistan,Quality,neutral,Low,We need clarification about the product quality and warranty.,4.2
TKT000635,2020-09-01,90005162,A0418150107,Pakistan,Positive,positive,Low,The product is performing well and we are considering another order.,11.9
TKT000636,2020-08-01,90015144,A0418150107,Norway,Positive,positive,Low,The product is performing well and we are considering another order.,1.5
TKT000637,2020-12-01,90010044,A4721110707,Bangladesh,Delivery,negative,Medium,Delivery is taking longer than expected and this is affecting our purchase decision.,6.3
TKT000638,2019-04-01,90017051,A0620150305,Portugal,Delivery,negative,High,Delivery is taking longer than expected and this is affecting our purchase decision.,3.0
TKT000639,2019-11-01,80006155,A0519150201,Philiphines,Positive,positive,Medium,The product is performing well and we are considering another order.,5.6
TKT000640,2020-11-01,90019202,A2218150202,Sweden,Quality,neutral,Medium,We need clarification about the product quality and warranty.,4.2
TKT000641,2020-04-01,70011193,A4721110704,France,Positive,positive,Medium,The product is performing well and we are considering another order.,9.9
TKT000642,2018-12-01,90016174,A4620110602,Poland,Quality,neutral,Medium,We need clarification about the product quality and warranty.,15.0
TKT000643,2019-06-01,90013121,A0620150303,Italy,Delivery,negative,Low,Delivery is taking longer than expected and this is affecting our purchase decision.,3.9
TKT000644,2020-05-01,90017049,A2218150202,Portugal,Positive,positive,Low,The product is performing well and we are considering another order.,2.2
TKT000645,2018-11-01,90004063,A2021150504,Japan,Delivery,negative,Low,Delivery is taking longer than expected and this is affecting our purchase decision.,6.6
TKT000646,2021-08-01,90009129,A4318110301,Newzealand,Product information,neutral,High,Please provide more information about the product and available variants.,4.0
TKT000647,2019-04-01,90002005,A3320150501,India,Positive,positive,Low,The product is performing well and we are considering another order.,1.9
TKT000648,2019-01-01,70010048,A3819150205,Bangladesh,Positive,positive,Medium,The product is performing well and we are considering another order.,1.7
TKT000649,2018-10-01,90008168,A6620160501,Australia,Product information,neutral,Medium,Please provide more information about the product and available variants.,6.7
TKT000650,2020-03-01,90012037,A5318110102,Germany,Product information,neutral,Low,Please provide more information about the product and available variants.,21.2
TKT000651,2021-01-01,90008168,A2721150702,Australia,Quality,neutral,Low,We need clarification about the product quality and warranty.,8.1
TKT000652,2021-06-01,90013122,A6121110208,Italy,Delivery,negative,High,Delivery is taking longer than expected and this is affecting our purchase decision.,9.7
TKT000653,2019-08-01,70019204,A4620110607,Sweden,Positive,positive,Low,The product is performing well and we are considering another order.,13.7
TKT000654,2019-08-01,90012038,A2021150504,Germany,Product information,neutral,Low,Please provide more information about the product and available variants.,3.1
TKT000655,2018-09-01,80006155,A0321150302,Philiphines,Quality,neutral,Medium,We need clarification about the product quality and warranty.,7.1
TKT000656,2018-09-01,70012043,A2118150102,Germany,Positive,positive,High,The product is performing well and we are considering another order.,8.3
TKT000657,2020-11-01,90008168,A4821110806,Australia,Delivery,negative,Low,Delivery is taking longer than expected and this is affecting our purchase decision.,4.9
TKT000658,2019-03-01,90010046,A3320150502,Bangladesh,Delivery,negative,Low,Delivery is taking longer than expected and this is affecting our purchase decision.,7.1
TKT000659,2020-05-01,70014143,A3420150602,Netherlands,Quality,neutral,Medium,We need clarification about the product quality and warranty.,11.5
TKT000660,2019-05-01,90010044,A4419110402,Bangladesh,Quality,neutral,Medium,We need clarification about the product quality and warranty.,9.3
TKT000661,2019-06-01,90020102,A0418150102,Austria,Positive,positive,Low,The product is performing well and we are considering another order.,0.4
TKT000662,2019-02-01,90013118,A3521150704,Italy,Delivery,negative,Medium,Delivery is taking longer than expected and this is affecting our purchase decision.,6.9
TKT000663,2019-09-01,90009127,A7119160102,Newzealand,Delivery,negative,Medium,Delivery is taking longer than expected and this is affecting our purchase decision.,8.1
TKT000664,2020-09-01,90019202,A2520150505,Sweden,Quality,neutral,Low,We need clarification about the product quality and warranty.,6.5
TKT000665,2021-01-01,90010044,A4620110604,Bangladesh,Positive,positive,Medium,The product is performing well and we are considering another order.,4.5
TKT000666,2021-07-01,90018110,A6119110203,Spain,Quality,neutral,Medium,We need clarification about the product quality and warranty.,9.2
TKT000667,2018-10-01,70007198,A1018150103,South Korea,Delivery,negative,Medium,Delivery is taking longer than expected and this is affecting our purchase decision.,13.2
TKT000668,2020-09-01,90011191,A0721150404,France,Product information,neutral,Low,Please provide more information about the product and available variants.,14.7
TKT000669,2018-12-01,90005160,A3621150805,Pakistan,Product information,neutral,Low,Please provide more information about the product and available variants.,8.3
TKT000670,2021-07-01,90012035,A1320150402,Germany,Quality,neutral,Medium,We need clarification about the product quality and warranty.,9.0
TKT000671,2019-02-01,90004065,A6520160402,Japan,Positive,positive,Medium,The product is performing well and we are considering another order.,13.7
TKT000672,2020-07-01,90017054,A2721150702,Portugal,Quality,neutral,Medium,We need clarification about the product quality and warranty.,5.9
TKT000673,2020-01-01,90020102,A2420150406,Austria,Delivery,negative,Medium,Delivery is taking longer than expected and this is affecting our purchase decision.,6.0
TKT000674,2020-01-01,70009133,A2118150106,Newzealand,Quality,neutral,Medium,We need clarification about the product quality and warranty.,3.2
TKT000675,2018-11-01,80006154,A7219160201,Philiphines,Delivery,negative,Low,Delivery is taking longer than expected and this is affecting our purchase decision.,2.4
TKT000676,2021-03-01,70003182,A3920150301,Indonesia,Quality,neutral,High,We need clarification about the product quality and warranty.,12.7
TKT000677,2020-05-01,90005159,A0821150501,Pakistan,Product information,neutral,High,Please provide more information about the product and available variants.,2.8
TKT000678,2020-02-01,90018109,A7118160101,Spain,Quality,neutral,Medium,We need clarification about the product quality and warranty.,9.8
TKT000679,2020-04-01,90016176,A5721110507,Poland,Positive,positive,Low,The product is performing well and we are considering another order.,0.8
TKT000680,2021-08-01,80001019,A0118150104,China,Positive,positive,Low,The product is performing well and we are considering another order.,1.1
TKT000681,2019-12-01,90005160,A0118150102,Pakistan,Quality,neutral,Medium,We need clarification about the product quality and warranty.,10.1
TKT000682,2018-12-01,90022071,A2821150802,USA,Quality,neutral,Medium,We need clarification about the product quality and warranty.,12.7
TKT000683,2020-03-01,90010044,A3320150502,Bangladesh,Product information,neutral,High,Please provide more information about the product and available variants.,9.4
TKT000684,2021-07-01,90017059,A2520150501,Portugal,Product information,neutral,Low,Please provide more information about the product and available variants.,6.1
TKT000685,2020-09-01,90020100,A5318110102,Austria,Delivery,negative,Medium,Delivery is taking longer than expected and this is affecting our purchase decision.,2.1
TKT000686,2020-02-01,90011186,A2520150506,France,Positive,positive,High,The product is performing well and we are considering another order.,3.4
TKT000687,2020-06-01,90008165,A2620150606,Australia,Quality,neutral,Low,We need clarification about the product quality and warranty.,10.1
TKT000688,2020-09-01,90016175,A5721110505,Poland,Quality,neutral,Low,We need clarification about the product quality and warranty.,3.0
TKT000689,2019-06-01,90022080,A4118110102,USA,Positive,positive,Low,The product is performing well and we are considering another order.,0.7
TKT000690,2019-08-01,70015151,A2419150401,Norway,Product information,neutral,Low,Please provide more information about the product and available variants.,3.7
TKT000691,2019-11-01,70018115,A4620110607,Spain,Quality,neutral,Low,We need clarification about the product quality and warranty.,14.2
TKT000692,2020-02-01,90011185,A6119110201,France,Quality,neutral,Low,We need clarification about the product quality and warranty.,8.0
TKT000693,2018-11-01,90002010,A4821110801,India,Delivery,negative,Low,Delivery is taking longer than expected and this is affecting our purchase decision.,9.6
TKT000694,2019-09-01,90013123,A0821150501,Italy,Product information,neutral,Medium,Please provide more information about the product and available variants.,3.5
TKT000695,2019-04-01,90019201,A7220160202,Sweden,Positive,positive,Medium,The product is performing well and we are considering another order.,0.8
TKT000696,2020-11-01,90014135,A3420150601,Netherlands,Delivery,negative,High,Delivery is taking longer than expected and this is affecting our purchase decision.,2.3
TKT000697,2019-01-01,90002012,A4419110406,India,Positive,positive,High,The product is performing well and we are considering another order.,3.4
TKT000698,2020-07-01,90019201,A3421150606,Sweden,Quality,neutral,Low,We need clarification about the product quality and warranty.,1.2
TKT000699,2019-09-01,90013120,A1320150403,Italy,Product information,neutral,Medium,Please provide more information about the product and available variants.,2.5
TKT000700,2020-02-01,70007198,A5721110504,South Korea,Quality,neutral,Medium,We need clarification about the product quality and warranty.,0.4
TKT000701,2020-05-01,90017055,A0219150201,Portugal,Quality,neutral,Medium,We need clarification about the product quality and warranty.,4.3
TKT000702,2020-07-01,90017053,A3320150506,Portugal,Quality,neutral,Low,We need clarification about the product quality and warranty.,4.4
TKT000703,2020-02-01,90011187,A0321150303,France,Product information,neutral,Low,Please provide more information about the product and available variants.,2.8
TKT000704,2019-09-01,70007199,A0220150203,South Korea,Positive,positive,Low,The product is performing well and we are considering another order.,6.4
TKT000705,2020-08-01,90013120,A3521150702,Italy,Delivery,negative,High,Delivery is taking longer than expected and this is affecting our purchase decision.,1.3
TKT000706,2021-08-01,90010044,A3421150605,Bangladesh,Delivery,negative,Medium,Delivery is taking longer than expected and this is affecting our purchase decision.,9.9
TKT000707,2020-05-01,70007199,A4620110602,South Korea,Delivery,negative,Medium,Delivery is taking longer than expected and this is affecting our purchase decision.,8.3
TKT000708,2019-12-01,90022081,A2020150501,USA,Delivery,negative,Low,Delivery is taking longer than expected and this is affecting our purchase decision.,3.7
TKT000709,2020-08-01,90011187,A5520110307,France,Quality,neutral,High,We need clarification about the product quality and warranty.,13.8
TKT000710,2021-02-01,80006154,A4118110107,Philiphines,Delivery,negative,Low,Delivery is taking longer than expected and this is affecting our purchase decision.,9.0
TKT000711,2018-10-01,90013123,A0620150305,Italy,Quality,neutral,High,We need clarification about the product quality and warranty.,10.3
TKT000712,2019-11-01,90015147,A5721110505,Norway,Quality,neutral,Medium,We need clarification about the product quality and warranty.,3.5
TKT000713,2019-08-01,90005159,A5721110504,Pakistan,Positive,positive,Medium,The product is performing well and we are considering another order.,11.2
TKT000714,2019-03-01,90004068,A6520160402,Japan,Quality,neutral,Low,We need clarification about the product quality and warranty.,7.0
TKT000715,2021-04-01,70007199,A2219150205,South Korea,Positive,positive,Medium,The product is performing well and we are considering another order.,13.3
TKT000716,2021-01-01,90001020,A7220160202,China,Positive,positive,High,The product is performing well and we are considering another order.,12.9
TKT000717,2021-05-01,70017060,A4519110501,Portugal,Quality,neutral,Medium,We need clarification about the product quality and warranty.,2.0
TKT000718,2020-04-01,90022078,A0118150102,USA,Delivery,negative,High,Delivery is taking longer than expected and this is affecting our purchase decision.,8.1
TKT000719,2020-11-01,90011188,A4721110706,France,Product information,neutral,High,Please provide more information about the product and available variants.,3.0
TKT000720,2019-12-01,90008165,A3818150201,Australia,Positive,positive,Low,The product is performing well and we are considering another order.,1.6
TKT000721,2018-12-01,70009134,A0220150203,Newzealand,Positive,positive,Low,The product is performing well and we are considering another order.,1.5
TKT000722,2021-02-01,90002006,A1819150303,India,Positive,positive,Low,The product is performing well and we are considering another order.,1.5
TKT000723,2021-06-01,90005160,A4721110705,Pakistan,Delivery,negative,Low,Delivery is taking longer than expected and this is affecting our purchase decision.,6.2
TKT000724,2020-04-01,90020097,A0619150301,Austria,Positive,positive,Low,The product is performing well and we are considering another order.,26.5
TKT000725,2019-06-01,90009130,A3018150201,Newzealand,Delivery,negative,Low,Delivery is taking longer than expected and this is affecting our purchase decision.,6.6
TKT000726,2021-06-01,90013121,A5520110307,Italy,Positive,positive,Low,The product is performing well and we are considering another order.,6.0
TKT000727,2020-10-01,70006157,A4520110505,Philiphines,Delivery,negative,Medium,Delivery is taking longer than expected and this is affecting our purchase decision.,2.2
TKT000728,2020-11-01,90001021,A1420150502,China,Delivery,negative,Low,Delivery is taking longer than expected and this is affecting our purchase decision.,4.6
TKT000729,2019-01-01,70008169,A4519110501,Australia,Product information,neutral,Medium,Please provide more information about the product and available variants.,4.7
TKT000730,2021-07-01,90014140,A6018110103,Netherlands,Delivery,negative,Medium,Delivery is taking longer than expected and this is affecting our purchase decision.,2.6
TKT000731,2020-08-01,90015145,A1521150603,Norway,Positive,positive,Low,The product is performing well and we are considering another order.,5.3
TKT000732,2021-06-01,70022084,A0620150305,USA,Product information,neutral,Medium,Please provide more information about the product and available variants.,6.2
TKT000733,2021-04-01,70012043,A4419110407,Germany,Product information,neutral,Low,Please provide more information about the product and available variants.,6.0
TKT000734,2020-04-01,70009133,A2918150106,Newzealand,Quality,neutral,Low,We need clarification about the product quality and warranty.,6.6
TKT000735,2019-09-01,90020098,A2520150502,Austria,Product information,neutral,Low,Please provide more information about the product and available variants.,3.3
TKT000736,2021-02-01,90001020,A5519110303,China,Positive,positive,Medium,The product is performing well and we are considering another order.,10.4
TKT000737,2019-04-01,90009129,A3119150302,Newzealand,Positive,positive,Low,The product is performing well and we are considering another order.,0.9
TKT000738,2019-11-01,90017050,A2821150806,Portugal,Positive,positive,Low,The product is performing well and we are considering another order.,6.1
TKT000739,2018-11-01,90004064,A4021150403,Japan,Delivery,negative,Medium,Delivery is taking longer than expected and this is affecting our purchase decision.,5.5
TKT000740,2021-03-01,90022083,A2219150204,USA,Quality,neutral,Medium,We need clarification about the product quality and warranty.,9.4
TKT000741,2020-12-01,70004069,A4520110504,Japan,Delivery,negative,Medium,Delivery is taking longer than expected and this is affecting our purchase decision.,13.0
TKT000742,2021-07-01,90007197,A4520110507,South Korea,Positive,positive,Medium,The product is performing well and we are considering another order.,3.1
TKT000743,2020-11-01,90010045,A4218110202,Bangladesh,Positive,positive,Medium,The product is performing well and we are considering another order.,1.0
TKT000744,2018-09-01,90023027,A3119150302,Canada,Positive,positive,Medium,The product is performing well and we are considering another order.,11.6
TKT000745,2020-04-01,90018110,A3320150506,Spain,Quality,neutral,Low,We need clarification about the product quality and warranty.,5.0
TKT000746,2020-12-01,90001021,A0721150401,China,Quality,neutral,Low,We need clarification about the product quality and warranty.,6.6
TKT000747,2021-07-01,90018113,A3421150605,Spain,Quality,neutral,Medium,We need clarification about the product quality and warranty.,1.6
TKT000748,2019-08-01,90015145,A1718150204,Norway,Product information,neutral,Low,Please provide more information about the product and available variants.,1.2
TKT000749,2020-03-01,70005163,A4520110505,Pakistan,Delivery,negative,Low,Delivery is taking longer than expected and this is affecting our purchase decision.,15.0
TKT000750,2020-01-01,70007199,A4118110105,South Korea,Product information,neutral,Low,Please provide more information about the product and available variants.,6.1
TKT000751,2018-09-01,90011188,A6520160403,France,Delivery,negative,Low,Delivery is taking longer than expected and this is affecting our purchase decision.,10.8
TKT000752,2020-08-01,70003182,A2620150604,Indonesia,Product information,neutral,Medium,Please provide more information about the product and available variants.,8.1
TKT000753,2018-10-01,70012043,A2419150404,Germany,Quality,neutral,Low,We need clarification about the product quality and warranty.,3.3
TKT000754,2018-12-01,90021089,A3120150305,United Kingdom,Positive,positive,Low,The product is performing well and we are considering another order.,14.5
TKT000755,2019-10-01,90017059,A3819150205,Portugal,Delivery,negative,Medium,Delivery is taking longer than expected and this is affecting our purchase decision.,6.2
TKT000756,2020-08-01,70014143,A1118150202,Netherlands,Delivery,negative,Medium,Delivery is taking longer than expected and this is affecting our purchase decision.,0.7
TKT000757,2021-06-01,90001020,A7220160203,China,Product information,neutral,Medium,Please provide more information about the product and available variants.,5.4
TKT000758,2019-04-01,90014139,A6719160101,Netherlands,Quality,neutral,Low,We need clarification about the product quality and warranty.,8.4
TKT000759,2020-10-01,90017056,A0519150208,Portugal,Quality,neutral,Low,We need clarification about the product quality and warranty.,19.9
TKT000760,2019-03-01,90022081,A4520110508,USA,Delivery,negative,Low,Delivery is taking longer than expected and this is affecting our purchase decision.,17.2
TKT000761,2021-01-01,90023027,A3718150105,Canada,Delivery,negative,High,Delivery is taking longer than expected and this is affecting our purchase decision.,1.9
TKT000762,2021-05-01,90018106,A0118150101,Spain,Quality,neutral,Medium,We need clarification about the product quality and warranty.,9.2
TKT000763,2021-06-01,90005159,A4118110102,Pakistan,Positive,positive,Low,The product is performing well and we are considering another order.,11.3
TKT000764,2020-04-01,90013117,A4118110101,Italy,Quality,neutral,Low,We need clarification about the product quality and warranty.,11.6
TKT000765,2020-04-01,90015148,A4620110607,Norway,Delivery,negative,High,Delivery is taking longer than expected and this is affecting our purchase decision.,8.8
TKT000766,2020-11-01,70009133,A3119150301,Newzealand,Product information,neutral,Medium,Please provide more information about the product and available variants.,6.5
TKT000767,2021-04-01,90007197,A3220150401,South Korea,Delivery,negative,Low,Delivery is taking longer than expected and this is affecting our purchase decision.,20.6
TKT000768,2019-12-01,90011189,A7018160402,France,Quality,neutral,Medium,We need clarification about the product quality and warranty.,2.4
TKT000769,2019-06-01,70007198,A4720110702,South Korea,Delivery,negative,Medium,Delivery is taking longer than expected and this is affecting our purchase decision.,3.8
TKT000770,2020-07-01,70005163,A6918160303,Pakistan,Quality,neutral,Medium,We need clarification about the product quality and warranty.,10.3
TKT000771,2020-05-01,90021091,A2821150805,United Kingdom,Delivery,negative,Low,Delivery is taking longer than expected and this is affecting our purchase decision.,4.2
TKT000772,2021-04-01,90004066,A5721110505,Japan,Quality,neutral,Low,We need clarification about the product quality and warranty.,6.4
TKT000773,2018-12-01,90022071,A7321160303,USA,Quality,neutral,Low,We need clarification about the product quality and warranty.,4.4
TKT000774,2020-07-01,90005161,A6818160201,Pakistan,Delivery,negative,Low,Delivery is taking longer than expected and this is affecting our purchase decision.,6.4
TKT000775,2019-10-01,70022085,A5519110301,USA,Delivery,negative,Low,Delivery is taking longer than expected and this is affecting our purchase decision.,3.7
TKT000776,2021-05-01,70014143,A3920150303,Netherlands,Quality,neutral,Medium,We need clarification about the product quality and warranty.,2.1
TKT000777,2018-09-01,90001021,A4419110402,China,Product information,neutral,Low,Please provide more information about the product and available variants.,1.5
TKT000778,2020-09-01,90004061,A3420150601,Japan,Delivery,negative,Medium,Delivery is taking longer than expected and this is affecting our purchase decision.,9.8
TKT000779,2021-06-01,80006154,A3621150801,Philiphines,Quality,neutral,Low,We need clarification about the product quality and warranty.,3.6
TKT000780,2020-08-01,90010044,A4720110701,Bangladesh,Positive,positive,Low,The product is performing well and we are considering another order.,6.0
TKT000781,2018-11-01,90006156,A2721150702,Philiphines,Quality,neutral,Medium,We need clarification about the product quality and warranty.,7.6
TKT000782,2020-06-01,80001019,A4620110607,China,Delivery,negative,Low,Delivery is taking longer than expected and this is affecting our purchase decision.,2.3
TKT000783,2018-11-01,70009133,A1420150502,Newzealand,Delivery,negative,Low,Delivery is taking longer than expected and this is affecting our purchase decision.,3.2
TKT000784,2020-04-01,90019201,A1421150503,Sweden,Delivery,negative,Low,Delivery is taking longer than expected and this is affecting our purchase decision.,6.8
TKT000785,2019-05-01,70016177,A2319150301,Poland,Product information,neutral,Medium,Please provide more information about the product and available variants.,2.8
TKT000786,2020-08-01,70012042,A4118110106,Germany,Product information,neutral,Medium,Please provide more information about the product and available variants.,7.7
TKT000787,2020-10-01,70006157,A5621110407,Philiphines,Positive,positive,Low,The product is performing well and we are considering another order.,5.7
TKT000788,2020-04-01,90013118,A4620110601,Italy,Product information,neutral,Low,Please provide more information about the product and available variants.,3.2
TKT000789,2020-01-01,90015144,A5620110402,Norway,Positive,positive,Low,The product is performing well and we are considering another order.,4.2
TKT000790,2019-08-01,90020102,A7219160201,Austria,Quality,neutral,Medium,We need clarification about the product quality and warranty.,1.2
TKT000791,2020-10-01,70003182,A4218110204,Indonesia,Positive,positive,Medium,The product is performing well and we are considering another order.,4.1
TKT000792,2019-04-01,90012041,A6419160301,Germany,Product information,neutral,Medium,Please provide more information about the product and available variants.,7.3
TKT000793,2019-08-01,90022082,A0721150401,USA,Product information,neutral,Low,Please provide more information about the product and available variants.,4.9
TKT000794,2018-09-01,90011188,A2918150104,France,Positive,positive,Low,The product is performing well and we are considering another order.,1.0
TKT000795,2019-08-01,90016176,A5620110401,Poland,Positive,positive,Medium,The product is performing well and we are considering another order.,0.3
TKT000796,2021-06-01,90003180,A2419150405,Indonesia,Product information,neutral,Low,Please provide more information about the product and available variants.,5.4
TKT000797,2020-05-01,90010045,A4218110207,Bangladesh,Positive,positive,Low,The product is performing well and we are considering another order.,4.5
TKT000798,2020-03-01,90023025,A7020160403,Canada,Positive,positive,Medium,The product is performing well and we are considering another order.,4.1
TKT000799,2021-02-01,90019200,A1521150602,Sweden,Delivery,negative,Medium,Delivery is taking longer than expected and this is affecting our purchase decision.,10.2
TKT000800,2019-09-01,80006155,A4218110202,Philiphines,Delivery,negative,Medium,Delivery is taking longer than expected and this is affecting our purchase decision.,5.2
TKT000801,2020-12-01,70005163,A3421150604,Pakistan,Product information,neutral,Low,Please provide more information about the product and available variants.,0.8
TKT000802,2019-05-01,90001020,A0418150101,China,Product information,neutral,Low,Please provide more information about the product and available variants.,5.8
TKT000803,2018-10-01,70003181,A2419150401,Indonesia,Positive,positive,Medium,The product is performing well and we are considering another order.,7.1
TKT000804,2018-12-01,90004064,A5621110403,Japan,Product information,neutral,Low,Please provide more information about the product and available variants.,2.5
TKT000805,2018-11-01,90016173,A3120150304,Poland,Product information,neutral,Low,Please provide more information about the product and available variants.,9.7
TKT000806,2019-06-01,90022079,A4821110802,USA,Product information,neutral,Medium,Please provide more information about the product and available variants.,10.5
TKT000807,2019-09-01,90005162,A2620150604,Pakistan,Quality,neutral,Low,We need clarification about the product quality and warranty.,8.0
TKT000808,2021-07-01,70014142,A5419110204,Netherlands,Quality,neutral,Low,We need clarification about the product quality and warranty.,11.4
TKT000809,2021-02-01,70010048,A1219150301,Bangladesh,Positive,positive,Medium,The product is performing well and we are considering another order.,3.2
TKT000810,2021-05-01,90010045,A3320150506,Bangladesh,Delivery,negative,Medium,Delivery is taking longer than expected and this is affecting our purchase decision.,3.2
TKT000811,2018-11-01,70003181,A4319110306,Indonesia,Positive,positive,Medium,The product is performing well and we are considering another order.,3.8
TKT000812,2019-02-01,90008167,A5721110504,Australia,Delivery,negative,High,Delivery is taking longer than expected and this is affecting our purchase decision.,1.8
TKT000813,2018-11-01,90022081,A3819150203,USA,Delivery,negative,Medium,Delivery is taking longer than expected and this is affecting our purchase decision.,6.3
TKT000814,2021-02-01,90019203,A0921150604,Sweden,Positive,positive,High,The product is performing well and we are considering another order.,7.6
TKT000815,2019-09-01,70015151,A4118110106,Norway,Product information,neutral,Low,Please provide more information about the product and available variants.,6.5
TKT000816,2018-10-01,90015144,A1819150303,Norway,Quality,neutral,Low,We need clarification about the product quality and warranty.,8.4
TKT000817,2019-05-01,70019204,A3621150804,Sweden,Delivery,negative,Medium,Delivery is taking longer than expected and this is affecting our purchase decision.,14.7
TKT000818,2019-09-01,90002003,A1219150302,India,Product information,neutral,Medium,Please provide more information about the product and available variants.,14.8
TKT000819,2020-06-01,90004066,A4319110306,Japan,Delivery,negative,Medium,Delivery is taking longer than expected and this is affecting our purchase decision.,18.0
TKT000820,2019-10-01,70012042,A6720160103,Germany,Product information,neutral,High,Please provide more information about the product and available variants.,13.4
TKT000821,2019-01-01,90011189,A6519160401,France,Delivery,negative,Medium,Delivery is taking longer than expected and this is affecting our purchase decision.,9.5
TKT000822,2019-11-01,90021092,A6119110201,United Kingdom,Quality,neutral,Low,We need clarification about the product quality and warranty.,5.1
TKT000823,2018-09-01,90019203,A1118150202,Sweden,Positive,positive,Low,The product is performing well and we are considering another order.,7.4
TKT000824,2020-02-01,90013123,A3019150204,Italy,Quality,neutral,Low,We need clarification about the product quality and warranty.,2.4
TKT000825,2020-05-01,90022071,A3220150404,USA,Product information,neutral,Low,Please provide more information about the product and available variants.,4.5
TKT000826,2020-12-01,90007197,A2118150101,South Korea,Quality,neutral,Medium,We need clarification about the product quality and warranty.,4.2
TKT000827,2021-02-01,90013120,A6120110205,Italy,Delivery,negative,Low,Delivery is taking longer than expected and this is affecting our purchase decision.,7.2
TKT000828,2020-01-01,70005163,A5621110407,Pakistan,Positive,positive,Low,The product is performing well and we are considering another order.,10.7
TKT000829,2020-08-01,90019203,A1018150101,Sweden,Product information,neutral,Medium,Please provide more information about the product and available variants.,4.1
TKT000830,2020-05-01,70023032,A1118150201,Canada,Positive,positive,Medium,The product is performing well and we are considering another order.,10.3
TKT000831,2020-02-01,90022077,A3220150406,USA,Positive,positive,Medium,The product is performing well and we are considering another order.,21.3
TKT000832,2020-08-01,90002015,A6818160201,India,Positive,positive,Medium,The product is performing well and we are considering another order.,5.8
TKT000833,2019-02-01,70010048,A1018150101,Bangladesh,Quality,neutral,High,We need clarification about the product quality and warranty.,2.8
TKT000834,2019-02-01,90009130,A5721110504,Newzealand,Product information,neutral,Low,Please provide more information about the product and available variants.,10.1
TKT000835,2019-04-01,90016171,A5721110505,Poland,Product information,neutral,Low,Please provide more information about the product and available variants.,23.2
TKT000836,2020-06-01,90022083,A5419110204,USA,Quality,neutral,Medium,We need clarification about the product quality and warranty.,4.2
TKT000837,2020-01-01,90020102,A2720150701,Austria,Quality,neutral,Medium,We need clarification about the product quality and warranty.,7.0
TKT000838,2020-08-01,70019204,A0418150102,Sweden,Delivery,negative,Medium,Delivery is taking longer than expected and this is affecting our purchase decision.,4.6
TKT000839,2020-02-01,80001019,A3421150605,China,Quality,neutral,Low,We need clarification about the product quality and warranty.,2.8
TKT000840,2018-09-01,90012037,A6720160103,Germany,Product information,neutral,Low,Please provide more information about the product and available variants.,5.8
TKT000841,2018-10-01,80007196,A4620110608,South Korea,Product information,neutral,Low,Please provide more information about the product and available variants.,3.0
TKT000842,2020-09-01,90010045,A4021150405,Bangladesh,Positive,positive,Medium,The product is performing well and we are considering another order.,3.7
TKT000843,2018-10-01,70007198,A6919160302,South Korea,Product information,neutral,Medium,Please provide more information about the product and available variants.,8.5
TKT000844,2021-07-01,90022075,A2918150102,USA,Positive,positive,Low,The product is performing well and we are considering another order.,3.2
TKT000845,2018-12-01,90014136,A1920150404,Netherlands,Positive,positive,Low,The product is performing well and we are considering another order.,6.4
TKT000846,2020-01-01,90017051,A0418150101,Portugal,Delivery,negative,Medium,Delivery is taking longer than expected and this is affecting our purchase decision.,4.9
TKT000847,2019-03-01,90002007,A2721150704,India,Product information,neutral,Medium,Please provide more information about the product and available variants.,10.2
TKT000848,2021-02-01,90014135,A5621110405,Netherlands,Quality,neutral,Low,We need clarification about the product quality and warranty.,7.5
TKT000849,2020-02-01,90012038,A3421150606,Germany,Positive,positive,Low,The product is performing well and we are considering another order.,9.1
TKT000850,2021-01-01,90006156,A2821150802,Philiphines,Positive,positive,Medium,The product is performing well and we are considering another order.,6.3
TKT000851,2019-06-01,90020100,A4821110805,Austria,Product information,neutral,Medium,Please provide more information about the product and available variants.,13.5
TKT000852,2021-08-01,90001020,A3120150306,China,Positive,positive,Medium,The product is performing well and we are considering another order.,18.1
TKT000853,2018-10-01,90005161,A4419110407,Pakistan,Positive,positive,Low,The product is performing well and we are considering another order.,8.8
TKT000854,2019-07-01,70015152,A0418150102,Norway,Positive,positive,Medium,The product is performing well and we are considering another order.,2.5
TKT000855,2021-04-01,90015148,A6319160203,Norway,Positive,positive,Medium,The product is performing well and we are considering another order.,10.8
TKT000856,2020-11-01,70023032,A3220150404,Canada,Product information,neutral,Low,Please provide more information about the product and available variants.,17.4
TKT000857,2020-09-01,70003182,A4319110306,Indonesia,Delivery,negative,Medium,Delivery is taking longer than expected and this is affecting our purchase decision.,10.1
TKT000858,2020-05-01,90017051,A0219150202,Portugal,Quality,neutral,Medium,We need clarification about the product quality and warranty.,8.0
TKT000859,2020-02-01,70012042,A5621110403,Germany,Positive,positive,Medium,The product is performing well and we are considering another order.,15.5
TKT000860,2020-02-01,90015145,A4721110707,Norway,Positive,positive,Low,The product is performing well and we are considering another order.,9.8
TKT000861,2020-01-01,90008167,A4520110508,Australia,Positive,positive,Low,The product is performing well and we are considering another order.,5.0
TKT000862,2021-08-01,90011187,A0921150603,France,Product information,neutral,Low,Please provide more information about the product and available variants.,7.7
TKT000863,2020-02-01,70019204,A3220150402,Sweden,Positive,positive,High,The product is performing well and we are considering another order.,3.0
TKT000864,2019-06-01,90004062,A5721110501,Japan,Product information,neutral,Low,Please provide more information about the product and available variants.,2.5
TKT000865,2020-03-01,70020104,A5620110402,Austria,Quality,neutral,Low,We need clarification about the product quality and warranty.,8.7
TKT000866,2021-03-01,90014141,A1618150103,Netherlands,Product information,neutral,Low,Please provide more information about the product and available variants.,4.2
TKT000867,2021-05-01,90016176,A5721110502,Poland,Delivery,negative,Low,Delivery is taking longer than expected and this is affecting our purchase decision.,9.2
TKT000868,2018-09-01,90023025,A0118150104,Canada,Positive,positive,High,The product is performing well and we are considering another order.,8.6
TKT000869,2018-09-01,90014141,A6319160201,Netherlands,Delivery,negative,Low,Delivery is taking longer than expected and this is affecting our purchase decision.,7.5
TKT000870,2019-02-01,90011185,A5318110101,France,Product information,neutral,Medium,Please provide more information about the product and available variants.,9.0
TKT000871,2019-07-01,90001020,A3018150201,China,Quality,neutral,Medium,We need clarification about the product quality and warranty.,19.6
TKT000872,2020-10-01,90011185,A6018110105,France,Positive,positive,Medium,The product is performing well and we are considering another order.,1.7
TKT000873,2020-10-01,90020102,A1320150402,Austria,Delivery,negative,Low,Delivery is taking longer than expected and this is affecting our purchase decision.,7.0
TKT000874,2019-06-01,90019203,A0418150108,Sweden,Product information,neutral,Low,Please provide more information about the product and available variants.,5.6
TKT000875,2019-05-01,90021093,A3119150302,United Kingdom,Product information,neutral,Medium,Please provide more information about the product and available variants.,7.7
TKT000876,2020-09-01,90006153,A5721110504,Philiphines,Positive,positive,Low,The product is performing well and we are considering another order.,3.1
TKT000877,2019-09-01,90010044,A3119150301,Bangladesh,Product information,neutral,Low,Please provide more information about the product and available variants.,7.9
TKT000878,2020-08-01,90020100,A1421150503,Austria,Quality,neutral,Medium,We need clarification about the product quality and warranty.,2.3
TKT000879,2018-10-01,80007195,A0821150503,South Korea,Product information,neutral,High,Please provide more information about the product and available variants.,2.6
TKT000880,2021-08-01,90005159,A4519110501,Pakistan,Quality,neutral,Medium,We need clarification about the product quality and warranty.,2.2
TKT000881,2021-03-01,90005161,A2721150705,Pakistan,Positive,positive,Medium,The product is performing well and we are considering another order.,9.2
TKT000882,2021-08-01,70009133,A4821110806,Newzealand,Quality,neutral,Medium,We need clarification about the product quality and warranty.,0.4
TKT000883,2018-12-01,80007195,A6720160103,South Korea,Delivery,negative,Low,Delivery is taking longer than expected and this is affecting our purchase decision.,3.8
TKT000884,2020-02-01,90023023,A2821150805,Canada,Product information,neutral,Low,Please provide more information about the product and available variants.,9.1
TKT000885,2019-06-01,90019202,A3420150602,Sweden,Product information,neutral,Medium,Please provide more information about the product and available variants.,15.0
TKT000886,2020-02-01,90010045,A4821110801,Bangladesh,Quality,neutral,High,We need clarification about the product quality and warranty.,2.0
TKT000887,2019-07-01,70003181,A3120150306,Indonesia,Positive,positive,Low,The product is performing well and we are considering another order.,3.9
TKT000888,2021-02-01,90019200,A1018150103,Sweden,Positive,positive,Low,The product is performing well and we are considering another order.,2.4
TKT000889,2020-01-01,90005161,A4218110207,Pakistan,Product information,neutral,High,Please provide more information about the product and available variants.,4.5
TKT000890,2019-09-01,90009129,A1521150603,Newzealand,Quality,neutral,Low,We need clarification about the product quality and warranty.,3.5
TKT000891,2018-09-01,90018108,A3220150405,Spain,Positive,positive,Medium,The product is performing well and we are considering another order.,2.7
TKT000892,2020-11-01,90014135,A7118160101,Netherlands,Product information,neutral,Low,Please provide more information about the product and available variants.,6.9
TKT000893,2021-07-01,90017053,A5721110501,Portugal,Product information,neutral,Medium,Please provide more information about the product and available variants.,7.5
TKT000894,2021-01-01,90001020,A0220150203,China,Positive,positive,Low,The product is performing well and we are considering another order.,3.4
TKT000895,2019-02-01,90002003,A5419110203,India,Product information,neutral,High,Please provide more information about the product and available variants.,1.5
TKT000896,2021-08-01,90012037,A2118150101,Germany,Positive,positive,Low,The product is performing well and we are considering another order.,7.2
TKT000897,2020-06-01,70016177,A7321160301,Poland,Delivery,negative,Low,Delivery is taking longer than expected and this is affecting our purchase decision.,12.2
TKT000898,2018-12-01,90016175,A2918150101,Poland,Delivery,negative,Low,Delivery is taking longer than expected and this is affecting our purchase decision.,5.0
TKT000899,2020-12-01,90013123,A4520110507,Italy,Quality,neutral,Medium,We need clarification about the product quality and warranty.,6.2
TKT000900,2021-02-01,90002006,A6120110207,India,Product information,neutral,Low,Please provide more information about the product and available variants.,15.5
TKT000901,2019-02-01,90020097,A5520110308,Austria,Quality,neutral,Low,We need clarification about the product quality and warranty.,13.8
TKT000902,2021-08-01,90009128,A3220150405,Newzealand,Quality,neutral,High,We need clarification about the product quality and warranty.,4.7
TKT000903,2021-01-01,90011185,A5519110303,France,Positive,positive,Low,The product is performing well and we are considering another order.,4.2
TKT000904,2019-08-01,80001019,A3320150504,China,Delivery,negative,Low,Delivery is taking longer than expected and this is affecting our purchase decision.,3.4
TKT000905,2019-10-01,80006154,A3421150605,Philiphines,Product information,neutral,Low,Please provide more information about the product and available variants.,1.6
TKT000906,2019-07-01,70008169,A4620110607,Australia,Positive,positive,Low,The product is performing well and we are considering another order.,18.8
TKT000907,2020-03-01,90006156,A5419110205,Philiphines,Quality,neutral,Low,We need clarification about the product quality and warranty.,19.0
TKT000908,2021-03-01,90019203,A6019110108,Sweden,Delivery,negative,Medium,Delivery is taking longer than expected and this is affecting our purchase decision.,9.3
TKT000909,2019-09-01,70003181,A6018110102,Indonesia,Delivery,negative,Low,Delivery is taking longer than expected and this is affecting our purchase decision.,12.3
TKT000910,2020-02-01,90013117,A4419110407,Italy,Quality,neutral,Medium,We need clarification about the product quality and warranty.,0.4
TKT000911,2019-09-01,90002007,A1819150304,India,Positive,positive,Low,The product is performing well and we are considering another order.,4.3
TKT000912,2020-09-01,90023026,A5721110507,Canada,Positive,positive,Low,The product is performing well and we are considering another order.,5.2
TKT000913,2019-06-01,90013122,A1718150201,Italy,Quality,neutral,Low,We need clarification about the product quality and warranty.,9.2
TKT000914,2019-09-01,90023029,A1118150201,Canada,Product information,neutral,Medium,Please provide more information about the product and available variants.,12.7
TKT000915,2021-06-01,90014135,A3718150105,Netherlands,Positive,positive,High,The product is performing well and we are considering another order.,4.6
TKT000916,2021-07-01,90009132,A2721150702,Newzealand,Delivery,negative,Low,Delivery is taking longer than expected and this is affecting our purchase decision.,0.2
TKT000917,2019-12-01,90003180,A0320150301,Indonesia,Delivery,negative,Medium,Delivery is taking longer than expected and this is affecting our purchase decision.,10.5
TKT000918,2019-08-01,90017053,A3920150305,Portugal,Delivery,negative,Low,Delivery is taking longer than expected and this is affecting our purchase decision.,5.1
TKT000919,2020-04-01,70009133,A3120150306,Newzealand,Delivery,negative,Medium,Delivery is taking longer than expected and this is affecting our purchase decision.,2.2
TKT000920,2021-07-01,90017050,A3120150305,Portugal,Quality,neutral,Low,We need clarification about the product quality and warranty.,1.4
TKT000921,2019-03-01,70019204,A3621150802,Sweden,Product information,neutral,Low,Please provide more information about the product and available variants.,10.4
TKT000922,2021-02-01,70014142,A0321150303,Netherlands,Product information,neutral,Low,Please provide more information about the product and available variants.,2.5
TKT000923,2019-10-01,90017057,A5318110104,Portugal,Product information,neutral,High,Please provide more information about the product and available variants.,8.7
TKT000924,2020-07-01,90017049,A3019150204,Portugal,Positive,positive,Low,The product is performing well and we are considering another order.,0.9
TKT000925,2021-07-01,90016176,A0619150301,Poland,Product information,neutral,Medium,Please provide more information about the product and available variants.,1.1
TKT000926,2021-01-01,90011188,A6519160401,France,Quality,neutral,Low,We need clarification about the product quality and warranty.,2.0
TKT000927,2020-07-01,90001020,A0418150102,China,Quality,neutral,Low,We need clarification about the product quality and warranty.,2.5
TKT000928,2019-11-01,90018105,A1420150502,Spain,Quality,neutral,Medium,We need clarification about the product quality and warranty.,9.0
TKT000929,2020-11-01,90012034,A0519150203,Germany,Positive,positive,Medium,The product is performing well and we are considering another order.,5.8
TKT000930,2021-07-01,90015145,A3718150103,Norway,Quality,neutral,Medium,We need clarification about the product quality and warranty.,4.4
TKT000931,2018-11-01,70008170,A4319110302,Australia,Product information,neutral,Medium,Please provide more information about the product and available variants.,11.7
TKT000932,2021-07-01,90005159,A5318110107,Pakistan,Product information,neutral,High,Please provide more information about the product and available variants.,5.2
TKT000933,2020-07-01,90006156,A2020150501,Philiphines,Positive,positive,Medium,The product is performing well and we are considering another order.,4.4
TKT000934,2019-03-01,90015150,A4319110306,Norway,Quality,neutral,Medium,We need clarification about the product quality and warranty.,2.1
TKT000935,2021-02-01,90016175,A1219150303,Poland,Delivery,negative,Low,Delivery is taking longer than expected and this is affecting our purchase decision.,11.4
TKT000936,2019-06-01,90009129,A1618150103,Newzealand,Delivery,negative,Medium,Delivery is taking longer than expected and this is affecting our purchase decision.,12.1
TKT000937,2020-05-01,90023030,A1420150501,Canada,Product information,neutral,Medium,Please provide more information about the product and available variants.,4.1
TKT000938,2019-10-01,70006157,A4218110207,Philiphines,Delivery,negative,Medium,Delivery is taking longer than expected and this is affecting our purchase decision.,5.5
TKT000939,2020-02-01,90004063,A6019110108,Japan,Positive,positive,Low,The product is performing well and we are considering another order.,9.6
TKT000940,2018-09-01,90001021,A1421150503,China,Delivery,negative,Medium,Delivery is taking longer than expected and this is affecting our purchase decision.,4.5
TKT000941,2021-04-01,90012033,A6818160201,Germany,Product information,neutral,Low,Please provide more information about the product and available variants.,3.2
TKT000942,2021-01-01,90016173,A5620110402,Poland,Quality,neutral,Low,We need clarification about the product quality and warranty.,0.5
TKT000943,2018-11-01,70010047,A6621160503,Bangladesh,Positive,positive,Low,The product is performing well and we are considering another order.,4.6
TKT000944,2020-05-01,90010045,A4620110607,Bangladesh,Quality,neutral,Medium,We need clarification about the product quality and warranty.,3.4
TKT000945,2019-11-01,90010045,A1320150403,Bangladesh,Product information,neutral,Low,Please provide more information about the product and available variants.,2.9
TKT000946,2019-12-01,90009127,A0418150101,Newzealand,Delivery,negative,Medium,Delivery is taking longer than expected and this is affecting our purchase decision.,0.1
TKT000947,2018-09-01,90018110,A3621150804,Spain,Positive,positive,High,The product is performing well and we are considering another order.,4.9
TKT000948,2021-04-01,70014142,A3019150205,Netherlands,Product information,neutral,Low,Please provide more information about the product and available variants.,1.3
TKT000949,2020-11-01,70006158,A3818150201,Philiphines,Delivery,negative,Medium,Delivery is taking longer than expected and this is affecting our purchase decision.,2.0
TKT000950,2021-02-01,70020104,A5318110105,Austria,Product information,neutral,Medium,Please provide more information about the product and available variants.,2.8
TKT000951,2019-05-01,90023025,A2620150605,Canada,Quality,neutral,Low,We need clarification about the product quality and warranty.,11.9
TKT000952,2018-10-01,70011193,A2918150102,France,Quality,neutral,Low,We need clarification about the product quality and warranty.,1.8
TKT000953,2018-10-01,90003180,A6120110207,Indonesia,Delivery,negative,Medium,Delivery is taking longer than expected and this is affecting our purchase decision.,8.6
TKT000954,2020-08-01,90020102,A0621150308,Austria,Quality,neutral,Low,We need clarification about the product quality and warranty.,3.9
TKT000955,2020-07-01,90015148,A2419150401,Norway,Delivery,negative,Low,Delivery is taking longer than expected and this is affecting our purchase decision.,6.2
TKT000956,2021-08-01,90015145,A6019110107,Norway,Delivery,negative,Low,Delivery is taking longer than expected and this is affecting our purchase decision.,2.1
TKT000957,2020-04-01,90012038,A6918160303,Germany,Positive,positive,Low,The product is performing well and we are considering another order.,5.6
TKT000958,2021-02-01,90020103,A5520110308,Austria,Positive,positive,Low,The product is performing well and we are considering another order.,2.0
TKT000959,2019-11-01,90023028,A6319160201,Canada,Positive,positive,High,The product is performing well and we are considering another order.,3.3
TKT000960,2021-02-01,90004065,A0418150107,Japan,Delivery,negative,Low,Delivery is taking longer than expected and this is affecting our purchase decision.,13.8
TKT000961,2020-10-01,70016178,A6520160403,Poland,Product information,neutral,Medium,Please provide more information about the product and available variants.,5.9
TKT000962,2019-01-01,70013125,A6419160301,Italy,Delivery,negative,Low,Delivery is taking longer than expected and this is affecting our purchase decision.,3.6
TKT000963,2019-04-01,90021086,A6218160101,United Kingdom,Product information,neutral,Low,Please provide more information about the product and available variants.,5.7
TKT000964,2021-01-01,80007195,A5620110402,South Korea,Positive,positive,High,The product is performing well and we are considering another order.,6.7
TKT000965,2019-12-01,70023031,A4620110601,Canada,Product information,neutral,Low,Please provide more information about the product and available variants.,4.1
TKT000966,2020-09-01,70003181,A0821150504,Indonesia,Product information,neutral,Medium,Please provide more information about the product and available variants.,8.8
TKT000967,2019-12-01,90023022,A6620160502,Canada,Quality,neutral,Low,We need clarification about the product quality and warranty.,3.3
TKT000968,2020-05-01,90016171,A6018110101,Poland,Quality,neutral,Low,We need clarification about the product quality and warranty.,7.5
TKT000969,2019-02-01,90005159,A5318110105,Pakistan,Positive,positive,Medium,The product is performing well and we are considering another order.,9.7
TKT000970,2020-08-01,90019201,A1319150401,Sweden,Positive,positive,Low,The product is performing well and we are considering another order.,4.3
TKT000971,2019-09-01,70016177,A2721150706,Poland,Delivery,negative,Low,Delivery is taking longer than expected and this is affecting our purchase decision.,4.2
TKT000972,2019-08-01,90019203,A6718160102,Sweden,Product information,neutral,Low,Please provide more information about the product and available variants.,2.9
TKT000973,2019-04-01,90001020,A0418150107,China,Positive,positive,Low,The product is performing well and we are considering another order.,2.9
TKT000974,2018-11-01,90010046,A6921160301,Bangladesh,Positive,positive,Medium,The product is performing well and we are considering another order.,8.6
TKT000975,2020-02-01,90009129,A1420150502,Newzealand,Positive,positive,Low,The product is performing well and we are considering another order.,2.6
TKT000976,2018-12-01,90012033,A1320150402,Germany,Delivery,negative,Low,Delivery is taking longer than expected and this is affecting our purchase decision.,2.8
TKT000977,2018-09-01,90020101,A2620150606,Austria,Quality,neutral,Medium,We need clarification about the product quality and warranty.,14.5
TKT000978,2018-10-01,90006156,A1018150101,Philiphines,Product information,neutral,Medium,Please provide more information about the product and available variants.,10.9
TKT000979,2018-09-01,90012038,A6819160203,Germany,Product information,neutral,Medium,Please provide more information about the product and available variants.,4.4
TKT000980,2019-09-01,90017049,A0721150404,Portugal,Quality,neutral,High,We need clarification about the product quality and warranty.,29.7
TKT000981,2021-04-01,90019202,A6018110105,Sweden,Product information,neutral,Medium,Please provide more information about the product and available variants.,6.6
TKT000982,2021-07-01,90013117,A3220150401,Italy,Delivery,negative,Medium,Delivery is taking longer than expected and this is affecting our purchase decision.,6.9
TKT000983,2019-10-01,70011194,A1718150203,France,Quality,neutral,Low,We need clarification about the product quality and warranty.,8.4
TKT000984,2018-11-01,90013120,A1618150103,Italy,Product information,neutral,Medium,Please provide more information about the product and available variants.,14.5
TKT000985,2019-02-01,90015149,A2821150801,Norway,Delivery,negative,High,Delivery is taking longer than expected and this is affecting our purchase decision.,6.3
TKT000986,2020-04-01,90020099,A4021150405,Austria,Positive,positive,Medium,The product is performing well and we are considering another order.,7.0
TKT000987,2021-06-01,70007199,A0621150307,South Korea,Positive,positive,High,The product is performing well and we are considering another order.,17.8
TKT000988,2019-07-01,90010044,A4821110802,Bangladesh,Delivery,negative,High,Delivery is taking longer than expected and this is affecting our purchase decision.,5.9
TKT000989,2020-10-01,90002010,A6620160502,India,Positive,positive,Medium,The product is performing well and we are considering another order.,7.4
TKT000990,2021-05-01,90012033,A5621110403,Germany,Delivery,negative,Low,Delivery is taking longer than expected and this is affecting our purchase decision.,4.6
TKT000991,2021-08-01,90022074,A6120110207,USA,Delivery,negative,Low,Delivery is taking longer than expected and this is affecting our purchase decision.,1.9
TKT000992,2021-04-01,70003182,A4520110507,Indonesia,Positive,positive,Medium,The product is performing well and we are considering another order.,16.3
TKT000993,2020-01-01,90021094,A5520110307,United Kingdom,Delivery,negative,Medium,Delivery is taking longer than expected and this is affecting our purchase decision.,5.6
TKT000994,2019-02-01,90010044,A3920150301,Bangladesh,Positive,positive,Medium,The product is performing well and we are considering another order.,2.6
TKT000995,2020-08-01,90017055,A1219150302,Portugal,Quality,neutral,Low,We need clarification about the product quality and warranty.,3.0
TKT000996,2021-04-01,90002006,A5721110508,India,Positive,positive,Low,The product is performing well and we are considering another order.,3.9
TKT000997,2020-11-01,70019204,A5318110104,Sweden,Product information,neutral,Medium,Please provide more information about the product and available variants.,3.2
TKT000998,2021-08-01,90012040,A0921150603,Germany,Quality,neutral,Medium,We need clarification about the product quality and warranty.,3.6
TKT000999,2020-09-01,90003179,A2520150504,Indonesia,Quality,neutral,Low,We need clarification about the product quality and warranty.,5.2
TKT001000,2019-10-01,90018114,A3521150706,Spain,Delivery,negative,Medium,Delivery is taking longer than expected and this is affecting our purchase decision.,1.9
TKT001001,2021-04-01,90008165,A7118160101,Australia,Positive,positive,Medium,The product is performing well and we are considering another order.,9.6
TKT001002,2019-11-01,90019203,A6620160501,Sweden,Delivery,negative,Medium,Delivery is taking longer than expected and this is affecting our purchase decision.,3.6
TKT001003,2019-12-01,90005160,A5318110108,Pakistan,Product information,neutral,High,Please provide more information about the product and available variants.,5.6
TKT001004,2020-05-01,70013125,A4520110504,Italy,Quality,neutral,Low,We need clarification about the product quality and warranty.,4.0
TKT001005,2020-08-01,90015149,A2721150705,Norway,Product information,neutral,Medium,Please provide more information about the product and available variants.,0.6
TKT001006,2020-03-01,70007199,A4720110702,South Korea,Positive,positive,High,The product is performing well and we are considering another order.,4.6
TKT001007,2018-12-01,90020100,A6918160303,Austria,Product information,neutral,Medium,Please provide more information about the product and available variants.,2.9
TKT001008,2021-06-01,90013122,A7219160201,Italy,Delivery,negative,Medium,Delivery is taking longer than expected and this is affecting our purchase decision.,9.9
TKT001009,2019-10-01,90001021,A0220150203,China,Delivery,negative,Low,Delivery is taking longer than expected and this is affecting our purchase decision.,2.9
TKT001010,2018-11-01,70021096,A6419160303,United Kingdom,Quality,neutral,High,We need clarification about the product quality and warranty.,6.9
TKT001011,2019-05-01,90022074,A5520110307,USA,Product information,neutral,High,Please provide more information about the product and available variants.,9.7
TKT001012,2021-02-01,90012039,A2118150101,Germany,Delivery,negative,Medium,Delivery is taking longer than expected and this is affecting our purchase decision.,1.2
TKT001013,2019-12-01,90023027,A5621110405,Canada,Quality,neutral,Low,We need clarification about the product quality and warranty.,4.4
TKT001014,2021-06-01,90005159,A2520150501,Pakistan,Delivery,negative,Medium,Delivery is taking longer than expected and this is affecting our purchase decision.,11.5
TKT001015,2020-11-01,90004068,A2821150802,Japan,Product information,neutral,Medium,Please provide more information about the product and available variants.,3.7
TKT001016,2019-04-01,90002015,A1319150401,India,Quality,neutral,Low,We need clarification about the product quality and warranty.,4.5
TKT001017,2019-04-01,90017057,A2821150806,Portugal,Positive,positive,Low,The product is performing well and we are considering another order.,4.1
TKT001018,2020-02-01,90014135,A4821110804,Netherlands,Delivery,negative,High,Delivery is taking longer than expected and this is affecting our purchase decision.,5.5
TKT001019,2020-02-01,70005163,A4218110208,Pakistan,Quality,neutral,Low,We need clarification about the product quality and warranty.,5.1
TKT001020,2020-01-01,90012035,A2021150504,Germany,Quality,neutral,Medium,We need clarification about the product quality and warranty.,14.0
TKT001021,2020-07-01,90013118,A0219150202,Italy,Product information,neutral,Medium,Please provide more information about the product and available variants.,2.7
TKT001022,2020-02-01,90013119,A6119110201,Italy,Positive,positive,Medium,The product is performing well and we are considering another order.,8.2
TKT001023,2018-10-01,90005159,A5318110104,Pakistan,Positive,positive,High,The product is performing well and we are considering another order.,7.8
TKT001024,2018-10-01,90008165,A3920150305,Australia,Product information,neutral,Low,Please provide more information about the product and available variants.,2.5
TKT001025,2020-02-01,90017059,A2021150503,Portugal,Quality,neutral,Medium,We need clarification about the product quality and warranty.,14.1
TKT001026,2018-11-01,70014142,A2420150406,Netherlands,Product information,neutral,Low,Please provide more information about the product and available variants.,15.0
TKT001027,2019-04-01,90016175,A5721110503,Poland,Delivery,negative,Medium,Delivery is taking longer than expected and this is affecting our purchase decision.,7.8
TKT001028,2020-09-01,90014141,A1420150501,Netherlands,Positive,positive,Low,The product is performing well and we are considering another order.,2.3
TKT001029,2020-01-01,90001021,A3920150301,China,Delivery,negative,Medium,Delivery is taking longer than expected and this is affecting our purchase decision.,10.6
TKT001030,2019-10-01,90002011,A1618150101,India,Quality,neutral,Low,We need clarification about the product quality and warranty.,3.2
TKT001031,2020-05-01,90016175,A2118150106,Poland,Product information,neutral,Low,Please provide more information about the product and available variants.,9.6
TKT001032,2020-09-01,90004061,A1219150302,Japan,Quality,neutral,Low,We need clarification about the product quality and warranty.,1.5
TKT001033,2020-07-01,70009134,A2918150101,Newzealand,Quality,neutral,Medium,We need clarification about the product quality and warranty.,9.1
TKT001034,2021-06-01,90012033,A6120110207,Germany,Product information,neutral,Low,Please provide more information about the product and available variants.,2.1
TKT001035,2019-01-01,70019204,A4821110807,Sweden,Quality,neutral,Medium,We need clarification about the product quality and warranty.,4.1
TKT001036,2021-03-01,90009128,A2420150406,Newzealand,Quality,neutral,Low,We need clarification about the product quality and warranty.,4.9
TKT001037,2020-11-01,70006158,A5721110501,Philiphines,Product information,neutral,High,Please provide more information about the product and available variants.,2.4
TKT001038,2020-08-01,70010047,A6121110208,Bangladesh,Positive,positive,Low,The product is performing well and we are considering another order.,2.5
TKT001039,2019-11-01,90012038,A5621110407,Germany,Delivery,negative,Medium,Delivery is taking longer than expected and this is affecting our purchase decision.,5.3
TKT001040,2020-03-01,90022071,A4721110704,USA,Delivery,negative,Medium,Delivery is taking longer than expected and this is affecting our purchase decision.,2.9
TKT001041,2021-06-01,90003179,A5419110201,Indonesia,Delivery,negative,Medium,Delivery is taking longer than expected and this is affecting our purchase decision.,4.2
TKT001042,2019-08-01,90001020,A2420150406,China,Positive,positive,Medium,The product is performing well and we are considering another order.,2.1
TKT001043,2019-10-01,90023022,A3019150205,Canada,Product information,neutral,Medium,Please provide more information about the product and available variants.,6.5
TKT001044,2021-01-01,90020097,A3718150103,Austria,Quality,neutral,Low,We need clarification about the product quality and warranty.,9.2
TKT001045,2020-11-01,90010044,A2319150304,Bangladesh,Product information,neutral,High,Please provide more information about the product and available variants.,6.5
TKT001046,2021-08-01,80007196,A3018150201,South Korea,Positive,positive,Medium,The product is performing well and we are considering another order.,4.8
TKT001047,2018-11-01,70023032,A3421150606,Canada,Product information,neutral,Low,Please provide more information about the product and available variants.,3.6
TKT001048,2019-09-01,90006156,A5318110102,Philiphines,Positive,positive,Low,The product is performing well and we are considering another order.,6.5
TKT001049,2019-05-01,90017055,A0118150102,Portugal,Product information,neutral,Low,Please provide more information about the product and available variants.,1.5
TKT001050,2021-07-01,90016175,A5318110105,Poland,Product information,neutral,Low,Please provide more information about the product and available variants.,10.7
TKT001051,2019-08-01,70019204,A1718150201,Sweden,Product information,neutral,Low,Please provide more information about the product and available variants.,6.7
TKT001052,2018-10-01,90014140,A2118150106,Netherlands,Delivery,negative,Medium,Delivery is taking longer than expected and this is affecting our purchase decision.,0.5
TKT001053,2019-01-01,90020097,A2020150501,Austria,Positive,positive,Low,The product is performing well and we are considering another order.,6.0
TKT001054,2020-10-01,90020103,A4720110702,Austria,Product information,neutral,Medium,Please provide more information about the product and available variants.,4.6
TKT001055,2021-05-01,90011192,A0418150108,France,Product information,neutral,Low,Please provide more information about the product and available variants.,10.8
TKT001056,2021-04-01,90010045,A3019150206,Bangladesh,Quality,neutral,Medium,We need clarification about the product quality and warranty.,9.8
TKT001057,2021-06-01,90021094,A3220150406,United Kingdom,Delivery,negative,Medium,Delivery is taking longer than expected and this is affecting our purchase decision.,5.0
TKT001058,2021-06-01,90016174,A5721110507,Poland,Positive,positive,Low,The product is performing well and we are considering another order.,2.2
TKT001059,2019-06-01,90015149,A3521150701,Norway,Product information,neutral,Low,Please provide more information about the product and available variants.,12.6
TKT001060,2019-08-01,90015145,A0418150102,Norway,Positive,positive,Medium,The product is performing well and we are considering another order.,5.5
TKT001061,2020-04-01,90021089,A6719160101,United Kingdom,Positive,positive,High,The product is performing well and we are considering another order.,9.5
TKT001062,2019-04-01,90021089,A5318110103,United Kingdom,Quality,neutral,Low,We need clarification about the product quality and warranty.,1.0
TKT001063,2021-02-01,90002005,A3120150305,India,Quality,neutral,High,We need clarification about the product quality and warranty.,4.3
TKT001064,2020-09-01,90010046,A0321150302,Bangladesh,Product information,neutral,Low,Please provide more information about the product and available variants.,7.7
TKT001065,2020-06-01,90022083,A2821150801,USA,Delivery,negative,Medium,Delivery is taking longer than expected and this is affecting our purchase decision.,1.2
TKT001066,2021-03-01,80006155,A1618150104,Philiphines,Positive,positive,Low,The product is performing well and we are considering another order.,2.5
TKT001067,2020-03-01,70003181,A4821110806,Indonesia,Positive,positive,Low,The product is performing well and we are considering another order.,15.8
TKT001068,2019-08-01,90017049,A4419110402,Portugal,Positive,positive,Medium,The product is performing well and we are considering another order.,4.7
TKT001069,2018-09-01,90012033,A3521150705,Germany,Positive,positive,High,The product is performing well and we are considering another order.,4.2
TKT001070,2018-12-01,90004061,A6019110107,Japan,Product information,neutral,Medium,Please provide more information about the product and available variants.,7.9
TKT001071,2019-04-01,70010047,A2821150801,Bangladesh,Quality,neutral,Low,We need clarification about the product quality and warranty.,3.9
TKT001072,2019-04-01,90012034,A4721110707,Germany,Delivery,negative,High,Delivery is taking longer than expected and this is affecting our purchase decision.,20.5
TKT001073,2020-05-01,90017055,A3320150502,Portugal,Product information,neutral,Medium,Please provide more information about the product and available variants.,11.8
TKT001074,2020-10-01,90017053,A4419110408,Portugal,Quality,neutral,Medium,We need clarification about the product quality and warranty.,6.5
TKT001075,2020-08-01,90018106,A5721110502,Spain,Quality,neutral,Low,We need clarification about the product quality and warranty.,8.8
TKT001076,2019-09-01,90009128,A4720110702,Newzealand,Delivery,negative,Medium,Delivery is taking longer than expected and this is affecting our purchase decision.,18.9
TKT001077,2020-06-01,70018115,A6018110105,Spain,Positive,positive,Low,The product is performing well and we are considering another order.,1.2
TKT001078,2021-08-01,80007196,A3819150203,South Korea,Positive,positive,Low,The product is performing well and we are considering another order.,9.9
TKT001079,2020-03-01,90011191,A2219150205,France,Positive,positive,Low,The product is performing well and we are considering another order.,5.0
TKT001080,2019-07-01,90009129,A0821150503,Newzealand,Positive,positive,Low,The product is performing well and we are considering another order.,5.1
TKT001081,2019-03-01,70022084,A4821110806,USA,Product information,neutral,Low,Please provide more information about the product and available variants.,4.0
TKT001082,2020-10-01,90017050,A4319110304,Portugal,Product information,neutral,Low,Please provide more information about the product and available variants.,11.6
TKT001083,2019-01-01,90011191,A6620160502,France,Delivery,negative,Low,Delivery is taking longer than expected and this is affecting our purchase decision.,9.3
TKT001084,2019-04-01,70013125,A7019160401,Italy,Delivery,negative,Medium,Delivery is taking longer than expected and this is affecting our purchase decision.,3.8
TKT001085,2019-01-01,90015147,A6018110103,Norway,Product information,neutral,Medium,Please provide more information about the product and available variants.,1.6
TKT001086,2021-03-01,90019203,A6419160303,Sweden,Positive,positive,Medium,The product is performing well and we are considering another order.,3.2
TKT001087,2020-04-01,90021092,A2620150606,United Kingdom,Product information,neutral,Low,Please provide more information about the product and available variants.,7.5
TKT001088,2020-09-01,90022080,A1320150402,USA,Positive,positive,Medium,The product is performing well and we are considering another order.,8.3
TKT001089,2020-02-01,80001019,A0620150305,China,Quality,neutral,Low,We need clarification about the product quality and warranty.,6.2
TKT001090,2020-06-01,90020103,A4721110706,Austria,Quality,neutral,Medium,We need clarification about the product quality and warranty.,3.7
TKT001091,2020-02-01,70015152,A4218110207,Norway,Positive,positive,Low,The product is performing well and we are considering another order.,5.1
TKT001092,2020-02-01,90018109,A0621150308,Spain,Product information,neutral,Medium,Please provide more information about the product and available variants.,4.3
TKT001093,2020-07-01,90001020,A1521150602,China,Positive,positive,Low,The product is performing well and we are considering another order.,2.7
TKT001094,2019-11-01,90023030,A0621150308,Canada,Delivery,negative,Medium,Delivery is taking longer than expected and this is affecting our purchase decision.,6.9
TKT001095,2020-09-01,90022075,A5419110202,USA,Delivery,negative,Low,Delivery is taking longer than expected and this is affecting our purchase decision.,5.7
TKT001096,2020-12-01,90002013,A2419150401,India,Positive,positive,Medium,The product is performing well and we are considering another order.,7.3
TKT001097,2021-06-01,90013117,A2721150705,Italy,Product information,neutral,Low,Please provide more information about the product and available variants.,2.5
TKT001098,2021-01-01,70008170,A0921150601,Australia,Delivery,negative,Low,Delivery is taking longer than expected and this is affecting our purchase decision.,5.5
TKT001099,2020-02-01,90014141,A0821150503,Netherlands,Delivery,negative,Low,Delivery is taking longer than expected and this is affecting our purchase decision.,2.5
TKT001100,2018-10-01,70003182,A2419150404,Indonesia,Product information,neutral,Low,Please provide more information about the product and available variants.,2.6
TKT001101,2019-04-01,70003182,A2821150804,Indonesia,Delivery,negative,Low,Delivery is taking longer than expected and this is affecting our purchase decision.,11.3
TKT001102,2020-09-01,70010048,A3320150502,Bangladesh,Product information,neutral,Low,Please provide more information about the product and available variants.,6.1
TKT001103,2021-07-01,70023031,A1018150103,Canada,Quality,neutral,Medium,We need clarification about the product quality and warranty.,7.0
TKT001104,2019-01-01,90016175,A6819160203,Poland,Positive,positive,Low,The product is performing well and we are considering another order.,11.3
TKT001105,2020-07-01,90006156,A4821110808,Philiphines,Delivery,negative,Low,Delivery is taking longer than expected and this is affecting our purchase decision.,3.8
TKT001106,2020-09-01,90011188,A1421150503,France,Product information,neutral,Low,Please provide more information about the product and available variants.,24.0
TKT001107,2020-05-01,90023030,A3521150704,Canada,Positive,positive,Low,The product is performing well and we are considering another order.,7.9
TKT001108,2021-07-01,90009127,A4318110301,Newzealand,Positive,positive,Medium,The product is performing well and we are considering another order.,20.3
TKT001109,2020-03-01,70013125,A4520110504,Italy,Quality,neutral,Low,We need clarification about the product quality and warranty.,6.6
TKT001110,2020-12-01,70022084,A0821150503,USA,Product information,neutral,Low,Please provide more information about the product and available variants.,8.7
TKT001111,2020-04-01,90002011,A6119110203,India,Product information,neutral,Medium,Please provide more information about the product and available variants.,1.1
TKT001112,2018-09-01,90012035,A1618150103,Germany,Quality,neutral,Medium,We need clarification about the product quality and warranty.,8.5
TKT001113,2020-10-01,70006158,A7118160101,Philiphines,Product information,neutral,Low,Please provide more information about the product and available variants.,4.2
TKT001114,2018-11-01,90009128,A2319150306,Newzealand,Positive,positive,Medium,The product is performing well and we are considering another order.,3.2
TKT001115,2019-02-01,90003180,A2821150806,Indonesia,Product information,neutral,Low,Please provide more information about the product and available variants.,9.5
TKT001116,2020-11-01,70011193,A0418150107,France,Delivery,negative,Medium,Delivery is taking longer than expected and this is affecting our purchase decision.,16.3
TKT001117,2021-03-01,70007199,A2520150504,South Korea,Positive,positive,Medium,The product is performing well and we are considering another order.,5.4
TKT001118,2019-09-01,90005162,A4821110804,Pakistan,Quality,neutral,Low,We need clarification about the product quality and warranty.,1.8
TKT001119,2018-09-01,70008169,A2620150606,Australia,Product information,neutral,Medium,Please provide more information about the product and available variants.,11.3
TKT001120,2021-07-01,70023031,A4218110202,Canada,Quality,neutral,Low,We need clarification about the product quality and warranty.,7.7
TKT001121,2021-06-01,90010046,A4520110507,Bangladesh,Product information,neutral,Low,Please provide more information about the product and available variants.,0.4
TKT001122,2019-02-01,90006153,A4520110507,Philiphines,Product information,neutral,Low,Please provide more information about the product and available variants.,13.5
TKT001123,2020-12-01,90018112,A3220150404,Spain,Quality,neutral,Medium,We need clarification about the product quality and warranty.,3.5
TKT001124,2020-10-01,90008165,A4721110706,Australia,Quality,neutral,Low,We need clarification about the product quality and warranty.,2.0
TKT001125,2021-06-01,90019202,A5519110301,Sweden,Quality,neutral,Medium,We need clarification about the product quality and warranty.,6.4
TKT001126,2018-10-01,90002001,A3621150806,India,Positive,positive,Medium,The product is performing well and we are considering another order.,0.4
TKT001127,2020-04-01,90015147,A5318110104,Norway,Positive,positive,Low,The product is performing well and we are considering another order.,7.5
TKT001128,2019-06-01,90008166,A2020150501,Australia,Positive,positive,Medium,The product is performing well and we are considering another order.,1.6
TKT001129,2021-07-01,70021096,A1219150302,United Kingdom,Product information,neutral,High,Please provide more information about the product and available variants.,8.4
TKT001130,2019-01-01,90017055,A2918150104,Portugal,Delivery,negative,Low,Delivery is taking longer than expected and this is affecting our purchase decision.,0.6
TKT001131,2019-04-01,90008166,A3220150405,Australia,Product information,neutral,Low,Please provide more information about the product and available variants.,6.8
TKT001132,2019-02-01,90004063,A7118160101,Japan,Product information,neutral,Low,Please provide more information about the product and available variants.,5.4
TKT001133,2020-06-01,90005159,A0621150308,Pakistan,Positive,positive,Medium,The product is performing well and we are considering another order.,2.4
TKT001134,2019-12-01,90016175,A6620160502,Poland,Delivery,negative,Low,Delivery is taking longer than expected and this is affecting our purchase decision.,10.7
TKT001135,2019-01-01,70003181,A6419160303,Indonesia,Product information,neutral,Low,Please provide more information about the product and available variants.,3.4
TKT001136,2019-06-01,70003181,A0721150401,Indonesia,Positive,positive,Low,The product is performing well and we are considering another order.,6.6
TKT001137,2020-01-01,90005162,A3718150101,Pakistan,Quality,neutral,Medium,We need clarification about the product quality and warranty.,5.2
TKT001138,2020-10-01,90018106,A2420150406,Spain,Product information,neutral,Medium,Please provide more information about the product and available variants.,11.6
TKT001139,2021-06-01,90018112,A1618150101,Spain,Quality,neutral,Low,We need clarification about the product quality and warranty.,4.1
TKT001140,2021-05-01,90022077,A3320150505,USA,Quality,neutral,Medium,We need clarification about the product quality and warranty.,3.7
TKT001141,2019-10-01,90017051,A3819150203,Portugal,Positive,positive,Low,The product is performing well and we are considering another order.,4.7
TKT001142,2019-09-01,90005159,A0821150504,Pakistan,Quality,neutral,High,We need clarification about the product quality and warranty.,3.6
TKT001143,2020-09-01,70008169,A1919150403,Australia,Delivery,negative,Medium,Delivery is taking longer than expected and this is affecting our purchase decision.,12.6
TKT001144,2020-10-01,90021095,A2918150105,United Kingdom,Positive,positive,Low,The product is performing well and we are considering another order.,11.4
TKT001145,2021-02-01,90005160,A4118110104,Pakistan,Positive,positive,Medium,The product is performing well and we are considering another order.,3.1
TKT001146,2019-07-01,90017055,A7220160203,Portugal,Positive,positive,Low,The product is performing well and we are considering another order.,2.2
TKT001147,2021-01-01,90014139,A3019150204,Netherlands,Quality,neutral,Low,We need clarification about the product quality and warranty.,5.4
TKT001148,2021-08-01,90003179,A5520110308,Indonesia,Product information,neutral,Low,Please provide more information about the product and available variants.,7.2
TKT001149,2021-05-01,90017049,A6119110203,Portugal,Product information,neutral,Medium,Please provide more information about the product and available variants.,0.6
TKT001150,2020-02-01,90002013,A5620110402,India,Delivery,negative,Low,Delivery is taking longer than expected and this is affecting our purchase decision.,4.2
TKT001151,2020-09-01,90014141,A2918150104,Netherlands,Positive,positive,Low,The product is performing well and we are considering another order.,8.1
TKT001152,2020-04-01,70003182,A0519150207,Indonesia,Positive,positive,Low,The product is performing well and we are considering another order.,3.0
TKT001153,2019-03-01,90005161,A3220150401,Pakistan,Product information,neutral,Medium,Please provide more information about the product and available variants.,6.9
TKT001154,2018-10-01,90005161,A3018150202,Pakistan,Delivery,negative,Low,Delivery is taking longer than expected and this is affecting our purchase decision.,5.0
TKT001155,2019-01-01,90017053,A4520110504,Portugal,Quality,neutral,High,We need clarification about the product quality and warranty.,6.9
TKT001156,2020-01-01,90001021,A6319160202,China,Delivery,negative,Low,Delivery is taking longer than expected and this is affecting our purchase decision.,1.7
TKT001157,2020-07-01,90012041,A1219150303,Germany,Quality,neutral,Low,We need clarification about the product quality and warranty.,5.4
TKT001158,2020-03-01,90009129,A2918150101,Newzealand,Quality,neutral,Low,We need clarification about the product quality and warranty.,3.7
TKT001159,2019-01-01,90004064,A1919150401,Japan,Quality,neutral,Low,We need clarification about the product quality and warranty.,3.3
TKT001160,2018-12-01,90002001,A3320150506,India,Quality,neutral,Medium,We need clarification about the product quality and warranty.,9.2
TKT001161,2018-09-01,90014141,A1320150402,Netherlands,Quality,neutral,Low,We need clarification about the product quality and warranty.,1.5
TKT001162,2020-08-01,90010046,A4720110701,Bangladesh,Product information,neutral,Low,Please provide more information about the product and available variants.,6.7
TKT001163,2019-10-01,90017051,A0821150504,Portugal,Quality,neutral,Low,We need clarification about the product quality and warranty.,5.3
TKT001164,2020-04-01,90017059,A4118110101,Portugal,Quality,neutral,High,We need clarification about the product quality and warranty.,2.7
TKT001165,2020-03-01,90015149,A1920150404,Norway,Positive,positive,Low,The product is performing well and we are considering another order.,0.9
TKT001166,2018-11-01,90017057,A7219160201,Portugal,Positive,positive,Medium,The product is performing well and we are considering another order.,2.6
TKT001167,2020-12-01,90004063,A4721110705,Japan,Positive,positive,High,The product is performing well and we are considering another order.,7.8
TKT001168,2019-08-01,90015150,A1018150103,Norway,Quality,neutral,Low,We need clarification about the product quality and warranty.,2.2
TKT001169,2021-02-01,70008169,A4721110706,Australia,Quality,neutral,Medium,We need clarification about the product quality and warranty.,2.3
TKT001170,2018-11-01,70003181,A2918150106,Indonesia,Product information,neutral,Low,Please provide more information about the product and available variants.,2.3
TKT001171,2021-02-01,90022071,A4721110708,USA,Quality,neutral,Low,We need clarification about the product quality and warranty.,2.7
TKT001172,2019-12-01,70005163,A4620110606,Pakistan,Delivery,negative,Low,Delivery is taking longer than expected and this is affecting our purchase decision.,15.9
TKT001173,2021-08-01,80007196,A3220150406,South Korea,Positive,positive,Medium,The product is performing well and we are considering another order.,5.1
TKT001174,2019-07-01,90008168,A3421150604,Australia,Quality,neutral,Medium,We need clarification about the product quality and warranty.,8.1
TKT001175,2021-07-01,90020101,A0921150604,Austria,Product information,neutral,Low,Please provide more information about the product and available variants.,7.0
TKT001176,2021-03-01,70003181,A5419110202,Indonesia,Positive,positive,Low,The product is performing well and we are considering another order.,3.4
TKT001177,2018-10-01,90012034,A4720110701,Germany,Positive,positive,High,The product is performing well and we are considering another order.,17.2
TKT001178,2021-06-01,90020100,A6018110105,Austria,Quality,neutral,Medium,We need clarification about the product quality and warranty.,4.5
TKT001179,2020-04-01,90011189,A5721110508,France,Quality,neutral,Low,We need clarification about the product quality and warranty.,4.1
TKT001180,2021-02-01,90013121,A6019110108,Italy,Quality,neutral,Medium,We need clarification about the product quality and warranty.,4.0
TKT001181,2019-01-01,90011185,A1718150201,France,Product information,neutral,Medium,Please provide more information about the product and available variants.,6.2
TKT001182,2020-06-01,90021093,A5621110403,United Kingdom,Delivery,negative,Medium,Delivery is taking longer than expected and this is affecting our purchase decision.,9.3
TKT001183,2021-02-01,70012043,A2420150406,Germany,Quality,neutral,High,We need clarification about the product quality and warranty.,2.8
TKT001184,2018-10-01,90021094,A6120110205,United Kingdom,Delivery,negative,Medium,Delivery is taking longer than expected and this is affecting our purchase decision.,8.0
TKT001185,2019-01-01,90023025,A4520110505,Canada,Positive,positive,Low,The product is performing well and we are considering another order.,4.9
TKT001186,2018-11-01,80001019,A4620110608,China,Product information,neutral,Medium,Please provide more information about the product and available variants.,6.0
TKT001187,2019-04-01,70017060,A7321160303,Portugal,Product information,neutral,Medium,Please provide more information about the product and available variants.,11.3
TKT001188,2018-09-01,90004063,A4118110104,Japan,Product information,neutral,Low,Please provide more information about the product and available variants.,2.5
TKT001189,2018-10-01,70002018,A5621110408,India,Positive,positive,Low,The product is performing well and we are considering another order.,2.0
TKT001190,2019-01-01,90001020,A0418150101,China,Delivery,negative,Low,Delivery is taking longer than expected and this is affecting our purchase decision.,2.4
TKT001191,2019-09-01,70007198,A3220150401,South Korea,Product information,neutral,Medium,Please provide more information about the product and available variants.,4.2
TKT001192,2020-06-01,70011194,A6018110102,France,Quality,neutral,Medium,We need clarification about the product quality and warranty.,8.7
TKT001193,2020-12-01,90002011,A5520110307,India,Positive,positive,High,The product is performing well and we are considering another order.,13.5
TKT001194,2021-08-01,90009129,A6620160501,Newzealand,Product information,neutral,Low,Please provide more information about the product and available variants.,7.3
TKT001195,2021-03-01,70003181,A0621150307,Indonesia,Product information,neutral,Medium,Please provide more information about the product and available variants.,4.6
TKT001196,2019-07-01,90022081,A1618150101,USA,Positive,positive,Medium,The product is performing well and we are considering another order.,22.8
TKT001197,2018-12-01,70002018,A0418150108,India,Positive,positive,Medium,The product is performing well and we are considering another order.,6.3
TKT001198,2021-05-01,90008164,A1718150204,Australia,Quality,neutral,Low,We need clarification about the product quality and warranty.,3.2
TKT001199,2020-09-01,70005163,A5419110204,Pakistan,Product information,neutral,High,Please provide more information about the product and available variants.,9.3
TKT001200,2019-10-01,70003182,A6520160402,Indonesia,Quality,neutral,Medium,We need clarification about the product quality and warranty.,9.8
TKT001201,2021-03-01,90020099,A1919150401,Austria,Quality,neutral,Medium,We need clarification about the product quality and warranty.,1.6
TKT001202,2021-05-01,90014141,A6319160202,Netherlands,Positive,positive,Low,The product is performing well and we are considering another order.,11.7
TKT001203,2019-05-01,90012034,A6818160201,Germany,Positive,positive,Low,The product is performing well and we are considering another order.,12.5
TKT001204,2021-03-01,90017059,A3220150401,Portugal,Product information,neutral,Low,Please provide more information about the product and available variants.,12.8
TKT001205,2021-04-01,70010048,A2520150502,Bangladesh,Quality,neutral,Low,We need clarification about the product quality and warranty.,1.8
TKT001206,2019-07-01,90011188,A4821110805,France,Quality,neutral,Medium,We need clarification about the product quality and warranty.,14.5
TKT001207,2018-11-01,70023032,A5318110108,Canada,Quality,neutral,Low,We need clarification about the product quality and warranty.,5.5
TKT001208,2020-03-01,90015148,A0621150308,Norway,Delivery,negative,Medium,Delivery is taking longer than expected and this is affecting our purchase decision.,5.5
TKT001209,2018-11-01,90017054,A1718150203,Portugal,Quality,neutral,High,We need clarification about the product quality and warranty.,12.7
TKT001210,2020-02-01,70003181,A0519150207,Indonesia,Quality,neutral,High,We need clarification about the product quality and warranty.,23.7
TKT001211,2020-04-01,70010047,A5318110105,Bangladesh,Quality,neutral,High,We need clarification about the product quality and warranty.,4.4
TKT001212,2021-05-01,90006153,A7321160301,Philiphines,Positive,positive,Low,The product is performing well and we are considering another order.,10.2
TKT001213,2019-10-01,70010048,A2419150404,Bangladesh,Positive,positive,Low,The product is performing well and we are considering another order.,5.9
TKT001214,2020-02-01,70003182,A1718150203,Indonesia,Quality,neutral,Medium,We need clarification about the product quality and warranty.,6.5
TKT001215,2020-06-01,90020098,A5621110403,Austria,Quality,neutral,High,We need clarification about the product quality and warranty.,6.5
TKT001216,2021-07-01,70022084,A2319150301,USA,Positive,positive,Low,The product is performing well and we are considering another order.,10.2
TKT001217,2020-10-01,90015145,A7018160402,Norway,Product information,neutral,Low,Please provide more information about the product and available variants.,13.2
TKT001218,2021-04-01,90016171,A3521150702,Poland,Product information,neutral,Medium,Please provide more information about the product and available variants.,6.3
TKT001219,2021-01-01,90018105,A6718160102,Spain,Delivery,negative,High,Delivery is taking longer than expected and this is affecting our purchase decision.,11.8
TKT001220,2018-11-01,80006154,A2520150501,Philiphines,Positive,positive,Medium,The product is performing well and we are considering another order.,5.0
TKT001221,2021-06-01,90023026,A0219150201,Canada,Positive,positive,Low,The product is performing well and we are considering another order.,7.1
TKT001222,2021-05-01,70010047,A5318110102,Bangladesh,Delivery,negative,Low,Delivery is taking longer than expected and this is affecting our purchase decision.,4.5
TKT001223,2021-04-01,90012037,A1919150403,Germany,Positive,positive,Low,The product is performing well and we are considering another order.,6.7
TKT001224,2020-02-01,90013118,A1521150602,Italy,Quality,neutral,Low,We need clarification about the product quality and warranty.,3.0
TKT001225,2020-04-01,90008165,A3521150706,Australia,Quality,neutral,Medium,We need clarification about the product quality and warranty.,4.1
TKT001226,2019-03-01,70004069,A2118150104,Japan,Product information,neutral,Low,Please provide more information about the product and available variants.,6.7
TKT001227,2021-04-01,70011194,A3718150105,France,Quality,neutral,Medium,We need clarification about the product quality and warranty.,4.8
TKT001228,2021-04-01,90013124,A0721150404,Italy,Quality,neutral,High,We need clarification about the product quality and warranty.,13.7
TKT001229,2021-08-01,90001020,A1219150303,China,Positive,positive,Medium,The product is performing well and we are considering another order.,1.1
TKT001230,2018-10-01,90020099,A0418150105,Austria,Product information,neutral,Medium,Please provide more information about the product and available variants.,8.9
TKT001231,2019-08-01,70008170,A6818160201,Australia,Delivery,negative,Low,Delivery is taking longer than expected and this is affecting our purchase decision.,7.0
TKT001232,2019-06-01,70013126,A6818160201,Italy,Positive,positive,Low,The product is performing well and we are considering another order.,7.0
TKT001233,2020-01-01,90002008,A2620150601,India,Quality,neutral,High,We need clarification about the product quality and warranty.,7.3
TKT001234,2021-07-01,70014143,A6119110201,Netherlands,Positive,positive,Medium,The product is performing well and we are considering another order.,16.3
TKT001235,2018-12-01,70012043,A4821110807,Germany,Product information,neutral,Medium,Please provide more information about the product and available variants.,6.9
TKT001236,2021-04-01,90020101,A1718150204,Austria,Delivery,negative,Medium,Delivery is taking longer than expected and this is affecting our purchase decision.,9.7
TKT001237,2019-02-01,90023029,A4118110106,Canada,Quality,neutral,High,We need clarification about the product quality and warranty.,8.9
TKT001238,2020-12-01,90022079,A4319110305,USA,Delivery,negative,Medium,Delivery is taking longer than expected and this is affecting our purchase decision.,4.0
TKT001239,2019-11-01,90008167,A4118110107,Australia,Quality,neutral,Medium,We need clarification about the product quality and warranty.,8.8
TKT001240,2020-07-01,90008167,A6120110205,Australia,Delivery,negative,Medium,Delivery is taking longer than expected and this is affecting our purchase decision.,1.9
TKT001241,2021-02-01,90015147,A4519110501,Norway,Positive,positive,Medium,The product is performing well and we are considering another order.,5.5
TKT001242,2020-09-01,90014135,A2218150202,Netherlands,Positive,positive,Low,The product is performing well and we are considering another order.,6.4
TKT001243,2019-07-01,70010047,A2520150502,Bangladesh,Quality,neutral,Low,We need clarification about the product quality and warranty.,2.9
TKT001244,2020-07-01,70014142,A5721110501,Netherlands,Quality,neutral,Medium,We need clarification about the product quality and warranty.,15.1
TKT001245,2020-10-01,70003181,A6119110202,Indonesia,Quality,neutral,Low,We need clarification about the product quality and warranty.,5.1
TKT001246,2021-01-01,90009127,A2520150506,Newzealand,Product information,neutral,High,Please provide more information about the product and available variants.,13.9
TKT001247,2020-01-01,90005160,A0118150101,Pakistan,Delivery,negative,High,Delivery is taking longer than expected and this is affecting our purchase decision.,6.3
TKT001248,2020-02-01,90015149,A1319150401,Norway,Product information,neutral,Low,Please provide more information about the product and available variants.,4.3
TKT001249,2019-06-01,90021087,A4821110802,United Kingdom,Delivery,negative,Medium,Delivery is taking longer than expected and this is affecting our purchase decision.,5.5
TKT001250,2020-07-01,90021088,A1819150303,United Kingdom,Delivery,negative,Low,Delivery is taking longer than expected and this is affecting our purchase decision.,6.6
TKT001251,2020-05-01,70021096,A5721110504,United Kingdom,Product information,neutral,Medium,Please provide more information about the product and available variants.,2.4
TKT001252,2020-08-01,90019201,A4118110102,Sweden,Product information,neutral,Medium,Please provide more information about the product and available variants.,4.4
TKT001253,2020-11-01,70006158,A4620110605,Philiphines,Positive,positive,Low,The product is performing well and we are considering another order.,5.0
TKT001254,2020-09-01,70012043,A7321160302,Germany,Quality,neutral,Low,We need clarification about the product quality and warranty.,7.8
TKT001255,2021-08-01,90006156,A0118150103,Philiphines,Positive,positive,Medium,The product is performing well and we are considering another order.,13.0
TKT001256,2020-07-01,90005160,A7321160302,Pakistan,Positive,positive,Medium,The product is performing well and we are considering another order.,1.5
TKT001257,2020-04-01,70011193,A2821150806,France,Product information,neutral,Medium,Please provide more information about the product and available variants.,4.7
TKT001258,2019-04-01,90017049,A2821150801,Portugal,Delivery,negative,Low,Delivery is taking longer than expected and this is affecting our purchase decision.,18.3
TKT001259,2018-09-01,70004069,A3718150105,Japan,Delivery,negative,Medium,Delivery is taking longer than expected and this is affecting our purchase decision.,9.8
TKT001260,2019-04-01,70009134,A0418150108,Newzealand,Product information,neutral,High,Please provide more information about the product and available variants.,5.6
TKT001261,2019-06-01,90004061,A4319110305,Japan,Positive,positive,Medium,The product is performing well and we are considering another order.,10.6
TKT001262,2019-07-01,90001020,A2918150105,China,Product information,neutral,Low,Please provide more information about the product and available variants.,4.2
TKT001263,2020-06-01,70008169,A4620110606,Australia,Quality,neutral,High,We need clarification about the product quality and warranty.,2.5
TKT001264,2020-12-01,90016174,A5318110102,Poland,Product information,neutral,Low,Please provide more information about the product and available variants.,0.9
TKT001265,2018-11-01,90018106,A2918150104,Spain,Product information,neutral,Medium,Please provide more information about the product and available variants.,2.6
TKT001266,2019-12-01,70019204,A4620110607,Sweden,Positive,positive,Low,The product is performing well and we are considering another order.,11.7
TKT001267,2021-02-01,90007197,A0519150201,South Korea,Positive,positive,Low,The product is performing well and we are considering another order.,7.5
TKT001268,2020-10-01,70009134,A5318110101,Newzealand,Delivery,negative,Low,Delivery is taking longer than expected and this is affecting our purchase decision.,14.6
TKT001269,2021-03-01,70014143,A3019150205,Netherlands,Quality,neutral,Low,We need clarification about the product quality and warranty.,4.8
TKT001270,2019-04-01,90022073,A1919150401,USA,Product information,neutral,Low,Please provide more information about the product and available variants.,2.6
TKT001271,2021-05-01,90023029,A1018150101,Canada,Positive,positive,Medium,The product is performing well and we are considering another order.,1.3
TKT001272,2018-10-01,90021092,A4419110404,United Kingdom,Product information,neutral,Low,Please provide more information about the product and available variants.,5.6
TKT001273,2021-01-01,90004064,A0519150208,Japan,Quality,neutral,High,We need clarification about the product quality and warranty.,5.0
TKT001274,2018-11-01,90009132,A6019110107,Newzealand,Product information,neutral,Low,Please provide more information about the product and available variants.,2.1
TKT001275,2020-06-01,70014142,A3521150706,Netherlands,Product information,neutral,High,Please provide more information about the product and available variants.,10.8
TKT001276,2020-02-01,90003180,A3320150505,Indonesia,Delivery,negative,Low,Delivery is taking longer than expected and this is affecting our purchase decision.,8.0
TKT001277,2019-05-01,90018114,A5519110304,Spain,Positive,positive,High,The product is performing well and we are considering another order.,1.7
TKT001278,2019-02-01,90021086,A0721150401,United Kingdom,Quality,neutral,Low,We need clarification about the product quality and warranty.,1.4
TKT001279,2018-10-01,90020100,A6119110202,Austria,Product information,neutral,Low,Please provide more information about the product and available variants.,2.8
TKT001280,2020-06-01,90021091,A5419110202,United Kingdom,Product information,neutral,Low,Please provide more information about the product and available variants.,7.1
TKT001281,2020-02-01,90015147,A6419160302,Norway,Delivery,negative,Low,Delivery is taking longer than expected and this is affecting our purchase decision.,3.7
TKT001282,2021-06-01,90011187,A5419110207,France,Product information,neutral,Low,Please provide more information about the product and available variants.,3.9
TKT001283,2019-03-01,70006158,A4419110405,Philiphines,Positive,positive,Low,The product is performing well and we are considering another order.,13.1
TKT001284,2019-07-01,90017050,A3421150606,Portugal,Quality,neutral,Low,We need clarification about the product quality and warranty.,9.1
TKT001285,2020-03-01,90011187,A4520110504,France,Product information,neutral,Medium,Please provide more information about the product and available variants.,2.1
TKT001286,2020-01-01,90007197,A1819150301,South Korea,Quality,neutral,Medium,We need clarification about the product quality and warranty.,3.8
TKT001287,2020-07-01,80007196,A1320150402,South Korea,Delivery,negative,Low,Delivery is taking longer than expected and this is affecting our purchase decision.,6.5
TKT001288,2021-06-01,90011185,A6621160503,France,Quality,neutral,Medium,We need clarification about the product quality and warranty.,3.1
TKT001289,2020-02-01,70014143,A4821110807,Netherlands,Delivery,negative,Medium,Delivery is taking longer than expected and this is affecting our purchase decision.,4.6
TKT001290,2021-01-01,70010048,A3018150202,Bangladesh,Quality,neutral,Low,We need clarification about the product quality and warranty.,8.8
TKT001291,2020-11-01,90010044,A6620160502,Bangladesh,Positive,positive,Low,The product is performing well and we are considering another order.,3.3
TKT001292,2021-07-01,90009132,A3621150804,Newzealand,Product information,neutral,Low,Please provide more information about the product and available variants.,6.3
TKT001293,2019-03-01,90002013,A5419110204,India,Positive,positive,Medium,The product is performing well and we are considering another order.,0.9
TKT001294,2020-02-01,70008169,A3521150705,Australia,Positive,positive,Low,The product is performing well and we are considering another order.,13.4
TKT001295,2019-05-01,90002011,A4620110608,India,Quality,neutral,Low,We need clarification about the product quality and warranty.,4.9
TKT001296,2019-07-01,90005160,A0821150503,Pakistan,Quality,neutral,Low,We need clarification about the product quality and warranty.,2.6
TKT001297,2019-08-01,90018113,A5621110408,Spain,Quality,neutral,Low,We need clarification about the product quality and warranty.,5.3
TKT001298,2021-07-01,70009133,A0821150501,Newzealand,Delivery,negative,Medium,Delivery is taking longer than expected and this is affecting our purchase decision.,6.9
TKT001299,2021-08-01,90018113,A0621150308,Spain,Delivery,negative,High,Delivery is taking longer than expected and this is affecting our purchase decision.,4.8
TKT001300,2020-01-01,90021093,A5519110302,United Kingdom,Delivery,negative,Medium,Delivery is taking longer than expected and this is affecting our purchase decision.,0.9
TKT001301,2019-04-01,90001020,A3220150404,China,Quality,neutral,Medium,We need clarification about the product quality and warranty.,0.7
TKT001302,2021-04-01,90020101,A0320150301,Austria,Quality,neutral,Low,We need clarification about the product quality and warranty.,5.5
TKT001303,2020-11-01,90012034,A6419160301,Germany,Quality,neutral,High,We need clarification about the product quality and warranty.,5.2
TKT001304,2020-10-01,90014135,A3920150303,Netherlands,Delivery,negative,Medium,Delivery is taking longer than expected and this is affecting our purchase decision.,12.8
TKT001305,2021-08-01,70010048,A2419150401,Bangladesh,Delivery,negative,Low,Delivery is taking longer than expected and this is affecting our purchase decision.,11.0
TKT001306,2020-11-01,80006154,A2821150806,Philiphines,Delivery,negative,Low,Delivery is taking longer than expected and this is affecting our purchase decision.,8.2
TKT001307,2019-08-01,90018108,A2520150502,Spain,Positive,positive,Low,The product is performing well and we are considering another order.,10.3
TKT001308,2018-11-01,90012039,A0519150205,Germany,Product information,neutral,Low,Please provide more information about the product and available variants.,5.4
TKT001309,2020-07-01,90004066,A6018110105,Japan,Delivery,negative,Medium,Delivery is taking longer than expected and this is affecting our purchase decision.,4.7
TKT001310,2019-06-01,70008170,A3621150805,Australia,Delivery,negative,Medium,Delivery is taking longer than expected and this is affecting our purchase decision.,2.1
TKT001311,2021-02-01,70014143,A1618150101,Netherlands,Positive,positive,Medium,The product is performing well and we are considering another order.,10.3
TKT001312,2020-04-01,70022084,A5620110402,USA,Positive,positive,Medium,The product is performing well and we are considering another order.,9.5
TKT001313,2019-12-01,90016171,A4218110207,Poland,Positive,positive,Low,The product is performing well and we are considering another order.,2.0
TKT001314,2019-10-01,90019201,A5519110301,Sweden,Positive,positive,Low,The product is performing well and we are considering another order.,10.7
TKT001315,2021-05-01,90005161,A4520110504,Pakistan,Quality,neutral,Low,We need clarification about the product quality and warranty.,12.5
TKT001316,2019-05-01,90004065,A2419150405,Japan,Delivery,negative,Medium,Delivery is taking longer than expected and this is affecting our purchase decision.,0.5
TKT001317,2019-02-01,90005161,A0519150207,Pakistan,Delivery,negative,Low,Delivery is taking longer than expected and this is affecting our purchase decision.,6.2
TKT001318,2018-12-01,90014136,A2021150503,Netherlands,Positive,positive,Low,The product is performing well and we are considering another order.,6.0
TKT001319,2020-11-01,80007195,A1819150303,South Korea,Delivery,negative,Low,Delivery is taking longer than expected and this is affecting our purchase decision.,1.5
TKT001320,2020-09-01,90004062,A5620110402,Japan,Quality,neutral,High,We need clarification about the product quality and warranty.,5.3
TKT001321,2020-03-01,70022085,A2918150102,USA,Quality,neutral,Medium,We need clarification about the product quality and warranty.,4.8
TKT001322,2020-01-01,90008165,A4520110508,Australia,Quality,neutral,Low,We need clarification about the product quality and warranty.,6.8
TKT001323,2019-01-01,90020097,A2219150204,Austria,Positive,positive,Medium,The product is performing well and we are considering another order.,6.5
TKT001324,2020-02-01,70007199,A6018110101,South Korea,Positive,positive,High,The product is performing well and we are considering another order.,11.4
TKT001325,2018-12-01,90020099,A7020160403,Austria,Product information,neutral,Medium,Please provide more information about the product and available variants.,8.3
TKT001326,2020-10-01,70007198,A3120150306,South Korea,Delivery,negative,Low,Delivery is taking longer than expected and this is affecting our purchase decision.,8.6
TKT001327,2019-07-01,90012035,A3621150805,Germany,Product information,neutral,Low,Please provide more information about the product and available variants.,1.2
TKT001328,2020-08-01,90019203,A4319110302,Sweden,Product information,neutral,High,Please provide more information about the product and available variants.,1.7
TKT001329,2021-06-01,90002006,A1219150301,India,Positive,positive,Medium,The product is performing well and we are considering another order.,2.7
TKT001330,2018-10-01,90016176,A4218110202,Poland,Delivery,negative,Low,Delivery is taking longer than expected and this is affecting our purchase decision.,1.4
TKT001331,2019-04-01,90012033,A2118150106,Germany,Positive,positive,Medium,The product is performing well and we are considering another order.,4.8
TKT001332,2018-11-01,90014140,A3718150105,Netherlands,Positive,positive,Medium,The product is performing well and we are considering another order.,3.7
TKT001333,2021-07-01,70015151,A7220160203,Norway,Product information,neutral,Low,Please provide more information about the product and available variants.,0.9
TKT001334,2021-01-01,70006158,A3621150801,Philiphines,Delivery,negative,Low,Delivery is taking longer than expected and this is affecting our purchase decision.,6.3
TKT001335,2021-05-01,90023022,A4721110707,Canada,Product information,neutral,High,Please provide more information about the product and available variants.,5.8
TKT001336,2021-01-01,90010046,A5621110408,Bangladesh,Delivery,negative,Medium,Delivery is taking longer than expected and this is affecting our purchase decision.,0.4
TKT001337,2021-05-01,70006158,A0321150303,Philiphines,Product information,neutral,Medium,Please provide more information about the product and available variants.,4.8
TKT001338,2020-11-01,90021095,A4118110104,United Kingdom,Quality,neutral,Low,We need clarification about the product quality and warranty.,0.5
TKT001339,2020-10-01,70010048,A2319150301,Bangladesh,Delivery,negative,Medium,Delivery is taking longer than expected and this is affecting our purchase decision.,21.0
TKT001340,2019-03-01,70011193,A2620150605,France,Quality,neutral,Low,We need clarification about the product quality and warranty.,3.5
TKT001341,2019-10-01,90008167,A4620110607,Australia,Positive,positive,Medium,The product is performing well and we are considering another order.,14.4
TKT001342,2019-04-01,90019200,A0519150203,Sweden,Positive,positive,Low,The product is performing well and we are considering another order.,4.8
TKT001343,2020-04-01,90021092,A0418150101,United Kingdom,Quality,neutral,Medium,We need clarification about the product quality and warranty.,0.4
TKT001344,2020-03-01,90001020,A2020150501,China,Positive,positive,Medium,The product is performing well and we are considering another order.,5.2
TKT001345,2021-08-01,90017049,A3920150303,Portugal,Delivery,negative,Low,Delivery is taking longer than expected and this is affecting our purchase decision.,1.2
TKT001346,2019-12-01,70019204,A0519150201,Sweden,Delivery,negative,Medium,Delivery is taking longer than expected and this is affecting our purchase decision.,6.7
TKT001347,2019-03-01,90015148,A0519150202,Norway,Positive,positive,Medium,The product is performing well and we are considering another order.,9.9
TKT001348,2021-05-01,90017055,A3220150401,Portugal,Positive,positive,Low,The product is performing well and we are considering another order.,12.3
TKT001349,2020-09-01,90002006,A0519150207,India,Quality,neutral,Low,We need clarification about the product quality and warranty.,1.3
TKT001350,2020-12-01,90015148,A3920150305,Norway,Quality,neutral,Low,We need clarification about the product quality and warranty.,8.7
TKT001351,2019-08-01,90015145,A3018150202,Norway,Product information,neutral,High,Please provide more information about the product and available variants.,4.3
TKT001352,2021-06-01,90021094,A4020150401,United Kingdom,Positive,positive,Medium,The product is performing well and we are considering another order.,3.3
TKT001353,2019-10-01,90012034,A6519160401,Germany,Product information,neutral,Medium,Please provide more information about the product and available variants.,9.6
TKT001354,2019-02-01,90021092,A7020160403,United Kingdom,Positive,positive,Low,The product is performing well and we are considering another order.,5.7
TKT001355,2021-03-01,90012040,A5621110405,Germany,Delivery,negative,Medium,Delivery is taking longer than expected and this is affecting our purchase decision.,6.5
TKT001356,2018-09-01,90020097,A2620150605,Austria,Positive,positive,Low,The product is performing well and we are considering another order.,4.6
TKT001357,2021-02-01,70018115,A3320150501,Spain,Positive,positive,Low,The product is performing well and we are considering another order.,6.0
TKT001358,2020-11-01,90002008,A7019160401,India,Positive,positive,Low,The product is performing well and we are considering another order.,8.9
TKT001359,2021-01-01,70010048,A5721110508,Bangladesh,Product information,neutral,Low,Please provide more information about the product and available variants.,2.1
TKT001360,2019-05-01,90013124,A5721110507,Italy,Product information,neutral,High,Please provide more information about the product and available variants.,8.3
TKT001361,2021-07-01,90011188,A1718150203,France,Positive,positive,Medium,The product is performing well and we are considering another order.,8.0
TKT001362,2021-05-01,90019201,A7019160401,Sweden,Positive,positive,Medium,The product is performing well and we are considering another order.,7.1
TKT001363,2019-02-01,90003179,A3818150201,Indonesia,Delivery,negative,High,Delivery is taking longer than expected and this is affecting our purchase decision.,4.3
TKT001364,2021-01-01,90017056,A0519150201,Portugal,Delivery,negative,Medium,Delivery is taking longer than expected and this is affecting our purchase decision.,5.2
TKT001365,2019-11-01,90010046,A2021150503,Bangladesh,Product information,neutral,Medium,Please provide more information about the product and available variants.,28.6
TKT001366,2020-09-01,90019203,A2419150404,Sweden,Positive,positive,Low,The product is performing well and we are considering another order.,3.8
TKT001367,2018-11-01,90004067,A0721150404,Japan,Positive,positive,Low,The product is performing well and we are considering another order.,10.0
TKT001368,2021-01-01,90016176,A2821150801,Poland,Delivery,negative,Low,Delivery is taking longer than expected and this is affecting our purchase decision.,7.8
TKT001369,2021-03-01,90004064,A5520110305,Japan,Positive,positive,Medium,The product is performing well and we are considering another order.,5.6
TKT001370,2021-03-01,90014141,A2319150306,Netherlands,Delivery,negative,Medium,Delivery is taking longer than expected and this is affecting our purchase decision.,4.6
TKT001371,2019-05-01,90010045,A4118110106,Bangladesh,Positive,positive,High,The product is performing well and we are considering another order.,10.9
TKT001372,2019-04-01,90014141,A3220150405,Netherlands,Product information,neutral,High,Please provide more information about the product and available variants.,5.3
TKT001373,2019-02-01,90004062,A0519150201,Japan,Positive,positive,Medium,The product is performing well and we are considering another order.,19.8
TKT001374,2020-08-01,90001020,A1618150101,China,Positive,positive,High,The product is performing well and we are considering another order.,5.3
TKT001375,2019-01-01,90008164,A3521150706,Australia,Product information,neutral,Low,Please provide more information about the product and available variants.,4.5
TKT001376,2019-08-01,90013124,A6718160102,Italy,Product information,neutral,Medium,Please provide more information about the product and available variants.,2.8
TKT001377,2021-01-01,90023027,A2218150202,Canada,Delivery,negative,Medium,Delivery is taking longer than expected and this is affecting our purchase decision.,10.0
TKT001378,2020-09-01,90020103,A5318110105,Austria,Quality,neutral,Low,We need clarification about the product quality and warranty.,5.2
TKT001379,2021-02-01,90002014,A1320150402,India,Positive,positive,Low,The product is performing well and we are considering another order.,5.8
TKT001380,2020-04-01,90005159,A4821110808,Pakistan,Positive,positive,Medium,The product is performing well and we are considering another order.,4.6
TKT001381,2019-07-01,90013117,A4419110407,Italy,Product information,neutral,Medium,Please provide more information about the product and available variants.,6.3
TKT001382,2019-03-01,90009129,A1521150602,Newzealand,Positive,positive,High,The product is performing well and we are considering another order.,10.9
TKT001383,2018-10-01,90018110,A2520150504,Spain,Delivery,negative,Low,Delivery is taking longer than expected and this is affecting our purchase decision.,3.7
TKT001384,2018-12-01,70011193,A7321160302,France,Positive,positive,Medium,The product is performing well and we are considering another order.,15.8
TKT001385,2020-07-01,70018115,A4720110701,Spain,Product information,neutral,Medium,Please provide more information about the product and available variants.,9.7
TKT001386,2020-11-01,90010044,A0418150103,Bangladesh,Product information,neutral,Low,Please provide more information about the product and available variants.,5.7
TKT001387,2021-07-01,70009134,A1219150302,Newzealand,Delivery,negative,Low,Delivery is taking longer than expected and this is affecting our purchase decision.,12.8
TKT001388,2018-12-01,70010047,A4620110607,Bangladesh,Product information,neutral,Low,Please provide more information about the product and available variants.,0.9
TKT001389,2020-01-01,90013119,A6019110107,Italy,Quality,neutral,Low,We need clarification about the product quality and warranty.,22.9
TKT001390,2020-03-01,90003179,A4620110607,Indonesia,Delivery,negative,Low,Delivery is taking longer than expected and this is affecting our purchase decision.,5.8
TKT001391,2020-07-01,90012035,A5419110202,Germany,Product information,neutral,Medium,Please provide more information about the product and available variants.,2.7
TKT001392,2021-08-01,90017055,A4821110808,Portugal,Product information,neutral,Low,Please provide more information about the product and available variants.,7.5
TKT001393,2020-03-01,90019203,A3621150806,Sweden,Quality,neutral,Low,We need clarification about the product quality and warranty.,11.1
TKT001394,2018-12-01,70016177,A4721110707,Poland,Delivery,negative,Medium,Delivery is taking longer than expected and this is affecting our purchase decision.,12.5
TKT001395,2020-02-01,90020103,A1118150201,Austria,Positive,positive,Low,The product is performing well and we are considering another order.,1.9
TKT001396,2020-06-01,80001019,A0418150101,China,Positive,positive,Low,The product is performing well and we are considering another order.,5.0
TKT001397,2019-12-01,70011194,A2520150505,France,Delivery,negative,High,Delivery is taking longer than expected and this is affecting our purchase decision.,1.0
TKT001398,2020-03-01,90020101,A1718150204,Austria,Product information,neutral,Medium,Please provide more information about the product and available variants.,3.9
TKT001399,2020-07-01,90018112,A5620110402,Spain,Delivery,negative,Medium,Delivery is taking longer than expected and this is affecting our purchase decision.,1.8
TKT001400,2020-12-01,90023025,A3920150301,Canada,Product information,neutral,High,Please provide more information about the product and available variants.,3.4
TKT001401,2020-07-01,70008170,A5419110205,Australia,Quality,neutral,Low,We need clarification about the product quality and warranty.,17.0
TKT001402,2019-02-01,90016175,A6620160502,Poland,Product information,neutral,Medium,Please provide more information about the product and available variants.,7.9
TKT001403,2020-03-01,90007197,A0320150301,South Korea,Positive,positive,Low,The product is performing well and we are considering another order.,10.8
TKT001404,2019-03-01,70023032,A6019110107,Canada,Positive,positive,Low,The product is performing well and we are considering another order.,6.1
TKT001405,2020-04-01,70007199,A3019150206,South Korea,Product information,neutral,Low,Please provide more information about the product and available variants.,8.9
TKT001406,2021-03-01,90020098,A4721110706,Austria,Delivery,negative,Low,Delivery is taking longer than expected and this is affecting our purchase decision.,3.8
TKT001407,2020-06-01,90021086,A4319110306,United Kingdom,Delivery,negative,Medium,Delivery is taking longer than expected and this is affecting our purchase decision.,6.0
TKT001408,2018-11-01,90009130,A5621110405,Newzealand,Delivery,negative,Low,Delivery is taking longer than expected and this is affecting our purchase decision.,6.8
TKT001409,2020-02-01,90017057,A3819150203,Portugal,Product information,neutral,Medium,Please provide more information about the product and available variants.,0.7
TKT001410,2019-06-01,80007196,A4118110107,South Korea,Quality,neutral,Medium,We need clarification about the product quality and warranty.,0.8
TKT001411,2019-03-01,90015148,A4520110505,Norway,Delivery,negative,Low,Delivery is taking longer than expected and this is affecting our purchase decision.,6.5
TKT001412,2020-01-01,80006154,A6620160501,Philiphines,Positive,positive,High,The product is performing well and we are considering another order.,6.6
TKT001413,2019-01-01,90004062,A0118150102,Japan,Quality,neutral,Medium,We need clarification about the product quality and warranty.,2.6
TKT001414,2019-09-01,90020098,A3521150701,Austria,Quality,neutral,Medium,We need clarification about the product quality and warranty.,4.2
TKT001415,2019-12-01,70015151,A1819150301,Norway,Quality,neutral,Low,We need clarification about the product quality and warranty.,11.0
TKT001416,2021-08-01,70015151,A6120110205,Norway,Product information,neutral,High,Please provide more information about the product and available variants.,22.1
TKT001417,2019-02-01,70019204,A3120150306,Sweden,Product information,neutral,Low,Please provide more information about the product and available variants.,6.1
TKT001418,2019-03-01,90012035,A2620150602,Germany,Delivery,negative,Medium,Delivery is taking longer than expected and this is affecting our purchase decision.,8.6
TKT001419,2019-02-01,90015144,A0621150308,Norway,Product information,neutral,Medium,Please provide more information about the product and available variants.,12.5
TKT001420,2019-02-01,90002015,A1420150501,India,Quality,neutral,Low,We need clarification about the product quality and warranty.,19.6
TKT001421,2020-05-01,90002016,A4021150403,India,Product information,neutral,Medium,Please provide more information about the product and available variants.,3.2
TKT001422,2020-05-01,90004064,A6119110202,Japan,Delivery,negative,Low,Delivery is taking longer than expected and this is affecting our purchase decision.,6.7
TKT001423,2018-12-01,90015149,A2419150402,Norway,Quality,neutral,Medium,We need clarification about the product quality and warranty.,4.3
TKT001424,2021-03-01,70005163,A6018110102,Pakistan,Quality,neutral,Medium,We need clarification about the product quality and warranty.,4.0
TKT001425,2018-11-01,90023023,A5721110503,Canada,Delivery,negative,Medium,Delivery is taking longer than expected and this is affecting our purchase decision.,8.7
TKT001426,2019-04-01,90008165,A6121110208,Australia,Positive,positive,High,The product is performing well and we are considering another order.,5.5
TKT001427,2021-03-01,90005161,A3621150805,Pakistan,Delivery,negative,Low,Delivery is taking longer than expected and this is affecting our purchase decision.,5.5
TKT001428,2018-10-01,70015151,A6218160101,Norway,Quality,neutral,Low,We need clarification about the product quality and warranty.,1.3
TKT001429,2020-10-01,90011191,A2020150501,France,Positive,positive,Low,The product is performing well and we are considering another order.,8.2
TKT001430,2021-04-01,80007196,A4419110407,South Korea,Product information,neutral,High,Please provide more information about the product and available variants.,7.5
TKT001431,2019-12-01,90023025,A1920150404,Canada,Positive,positive,Medium,The product is performing well and we are considering another order.,7.4
TKT001432,2020-03-01,90015149,A0620150305,Norway,Positive,positive,Low,The product is performing well and we are considering another order.,9.4
TKT001433,2021-07-01,90013120,A4720110702,Italy,Product information,neutral,Low,Please provide more information about the product and available variants.,3.2
TKT001434,2018-11-01,90012041,A3018150202,Germany,Delivery,negative,Low,Delivery is taking longer than expected and this is affecting our purchase decision.,18.7
TKT001435,2019-04-01,90022074,A3019150204,USA,Quality,neutral,Low,We need clarification about the product quality and warranty.,12.8
TKT001436,2019-08-01,90004065,A4319110306,Japan,Quality,neutral,High,We need clarification about the product quality and warranty.,7.6
TKT001437,2020-10-01,70015152,A1718150201,Norway,Product information,neutral,Low,Please provide more information about the product and available variants.,4.8
TKT001438,2020-08-01,90004062,A3819150205,Japan,Delivery,negative,Medium,Delivery is taking longer than expected and this is affecting our purchase decision.,8.8
TKT001439,2021-01-01,90013118,A3819150203,Italy,Delivery,negative,Low,Delivery is taking longer than expected and this is affecting our purchase decision.,8.6
TKT001440,2021-01-01,70023031,A4720110701,Canada,Delivery,negative,Medium,Delivery is taking longer than expected and this is affecting our purchase decision.,11.4
TKT001441,2020-01-01,70003181,A2319150302,Indonesia,Product information,neutral,Medium,Please provide more information about the product and available variants.,6.4
TKT001442,2020-08-01,90016173,A0519150202,Poland,Product information,neutral,Low,Please provide more information about the product and available variants.,2.8
TKT001443,2018-12-01,90014136,A2918150102,Netherlands,Quality,neutral,Low,We need clarification about the product quality and warranty.,1.6
TKT001444,2018-10-01,70015151,A0418150107,Norway,Delivery,negative,Low,Delivery is taking longer than expected and this is affecting our purchase decision.,4.3
TKT001445,2021-07-01,90017059,A5621110403,Portugal,Delivery,negative,Low,Delivery is taking longer than expected and this is affecting our purchase decision.,9.0
TKT001446,2020-03-01,90014140,A0418150102,Netherlands,Positive,positive,High,The product is performing well and we are considering another order.,6.3
TKT001447,2020-03-01,80007195,A4620110607,South Korea,Delivery,negative,Low,Delivery is taking longer than expected and this is affecting our purchase decision.,2.0
TKT001448,2018-12-01,90013123,A4520110508,Italy,Product information,neutral,Medium,Please provide more information about the product and available variants.,14.3
TKT001449,2020-07-01,90021094,A2821150805,United Kingdom,Positive,positive,Medium,The product is performing well and we are considering another order.,6.6
TKT001450,2020-01-01,70003182,A2918150102,Indonesia,Quality,neutral,Low,We need clarification about the product quality and warranty.,3.5
TKT001451,2020-05-01,90017053,A6419160301,Portugal,Positive,positive,High,The product is performing well and we are considering another order.,1.0
TKT001452,2021-03-01,90001021,A1521150603,China,Quality,neutral,Low,We need clarification about the product quality and warranty.,8.7
TKT001453,2019-02-01,90013117,A5721110505,Italy,Quality,neutral,Medium,We need clarification about the product quality and warranty.,7.1
TKT001454,2020-02-01,90014135,A2419150402,Netherlands,Positive,positive,Low,The product is performing well and we are considering another order.,10.1
TKT001455,2021-01-01,70012042,A0619150301,Germany,Positive,positive,Medium,The product is performing well and we are considering another order.,8.0
TKT001456,2021-07-01,90004063,A3421150606,Japan,Delivery,negative,Low,Delivery is taking longer than expected and this is affecting our purchase decision.,3.9
TKT001457,2021-05-01,90023024,A3819150203,Canada,Delivery,negative,High,Delivery is taking longer than expected and this is affecting our purchase decision.,8.9
TKT001458,2019-07-01,70016177,A4821110808,Poland,Quality,neutral,High,We need clarification about the product quality and warranty.,6.2
TKT001459,2018-12-01,90007197,A4419110406,South Korea,Quality,neutral,High,We need clarification about the product quality and warranty.,2.0
TKT001460,2020-12-01,90017056,A3818150201,Portugal,Product information,neutral,Medium,Please provide more information about the product and available variants.,2.1
TKT001461,2019-05-01,90015144,A1319150401,Norway,Delivery,negative,Medium,Delivery is taking longer than expected and this is affecting our purchase decision.,8.4
TKT001462,2019-06-01,90012040,A2821150805,Germany,Delivery,negative,Low,Delivery is taking longer than expected and this is affecting our purchase decision.,6.5
TKT001463,2020-02-01,90014135,A4720110702,Netherlands,Product information,neutral,Medium,Please provide more information about the product and available variants.,14.2
TKT001464,2018-09-01,90023027,A5621110403,Canada,Positive,positive,High,The product is performing well and we are considering another order.,3.0
TKT001465,2020-05-01,80001019,A5620110401,China,Positive,positive,Medium,The product is performing well and we are considering another order.,2.9
TKT001466,2019-03-01,90018110,A7220160202,Spain,Positive,positive,Low,The product is performing well and we are considering another order.,4.0
TKT001467,2021-04-01,70015151,A4721110707,Norway,Delivery,negative,Medium,Delivery is taking longer than expected and this is affecting our purchase decision.,12.2
TKT001468,2020-04-01,90014141,A3019150206,Netherlands,Positive,positive,Medium,The product is performing well and we are considering another order.,9.2
TKT001469,2019-10-01,90020103,A4118110107,Austria,Positive,positive,Low,The product is performing well and we are considering another order.,6.6
TKT001470,2019-02-01,70016177,A2118150105,Poland,Quality,neutral,Medium,We need clarification about the product quality and warranty.,8.1
TKT001471,2019-04-01,90005160,A4721110708,Pakistan,Product information,neutral,High,Please provide more information about the product and available variants.,4.1
TKT001472,2021-07-01,90009130,A2821150804,Newzealand,Positive,positive,Low,The product is performing well and we are considering another order.,2.7
TKT001473,2020-08-01,90002009,A3220150405,India,Positive,positive,High,The product is performing well and we are considering another order.,5.5
TKT001474,2021-06-01,90022080,A0921150604,USA,Quality,neutral,High,We need clarification about the product quality and warranty.,13.8
TKT001475,2019-11-01,90014135,A3019150206,Netherlands,Delivery,negative,High,Delivery is taking longer than expected and this is affecting our purchase decision.,5.1
TKT001476,2019-02-01,70016178,A5721110504,Poland,Delivery,negative,High,Delivery is taking longer than expected and this is affecting our purchase decision.,4.8
TKT001477,2021-05-01,90001020,A6120110205,China,Delivery,negative,High,Delivery is taking longer than expected and this is affecting our purchase decision.,3.1
TKT001478,2019-12-01,70016178,A2918150106,Poland,Positive,positive,Medium,The product is performing well and we are considering another order.,8.3
TKT001479,2019-02-01,90003180,A2419150404,Indonesia,Quality,neutral,Low,We need clarification about the product quality and warranty.,17.0
TKT001480,2019-04-01,90015145,A1018150103,Norway,Positive,positive,Low,The product is performing well and we are considering another order.,1.1
TKT001481,2019-11-01,90005160,A2918150101,Pakistan,Positive,positive,Low,The product is performing well and we are considering another order.,1.3
TKT001482,2019-08-01,90002007,A1219150301,India,Product information,neutral,Low,Please provide more information about the product and available variants.,4.7
TKT001483,2020-12-01,90022075,A4520110508,USA,Quality,neutral,Low,We need clarification about the product quality and warranty.,3.7
TKT001484,2019-03-01,70003181,A3320150504,Indonesia,Positive,positive,Medium,The product is performing well and we are considering another order.,9.6
TKT001485,2020-01-01,90023029,A1320150403,Canada,Quality,neutral,Medium,We need clarification about the product quality and warranty.,4.5
TKT001486,2018-09-01,90022074,A4520110506,USA,Quality,neutral,Medium,We need clarification about the product quality and warranty.,8.0
TKT001487,2021-03-01,70006158,A3621150802,Philiphines,Product information,neutral,Low,Please provide more information about the product and available variants.,3.7
TKT001488,2021-02-01,90005159,A4620110608,Pakistan,Quality,neutral,Low,We need clarification about the product quality and warranty.,4.3
TKT001489,2019-08-01,70006158,A7019160401,Philiphines,Positive,positive,Low,The product is performing well and we are considering another order.,17.0
TKT001490,2021-05-01,70005163,A6019110107,Pakistan,Quality,neutral,Low,We need clarification about the product quality and warranty.,13.8
TKT001491,2021-03-01,70007199,A4620110604,South Korea,Quality,neutral,Low,We need clarification about the product quality and warranty.,11.7
TKT001492,2020-05-01,90004068,A0519150201,Japan,Delivery,negative,Medium,Delivery is taking longer than expected and this is affecting our purchase decision.,5.7
TKT001493,2019-10-01,70007199,A6119110203,South Korea,Positive,positive,High,The product is performing well and we are considering another order.,10.1
TKT001494,2020-12-01,90001020,A0320150301,China,Delivery,negative,Low,Delivery is taking longer than expected and this is affecting our purchase decision.,1.8
TKT001495,2018-09-01,90022075,A2118150101,USA,Quality,neutral,Low,We need clarification about the product quality and warranty.,11.4
TKT001496,2020-03-01,90014140,A2721150704,Netherlands,Delivery,negative,Low,Delivery is taking longer than expected and this is affecting our purchase decision.,7.5
TKT001497,2020-08-01,90016176,A6119110203,Poland,Delivery,negative,Low,Delivery is taking longer than expected and this is affecting our purchase decision.,8.8
TKT001498,2021-05-01,90022079,A0620150303,USA,Delivery,negative,Low,Delivery is taking longer than expected and this is affecting our purchase decision.,3.8
TKT001499,2020-09-01,80007196,A2821150805,South Korea,Delivery,negative,Low,Delivery is taking longer than expected and this is affecting our purchase decision.,7.3
TKT001500,2021-02-01,90017055,A3920150305,Portugal,Positive,positive,High,The product is performing well and we are considering another order.,18.1
TKT001501,2020-07-01,90021091,A4118110106,United Kingdom,Quality,neutral,Medium,We need clarification about the product quality and warranty.,7.9
TKT001502,2020-07-01,70002017,A0118150101,India,Positive,positive,Low,The product is performing well and we are considering another order.,3.0
TKT001503,2020-07-01,90021090,A4721110707,United Kingdom,Product information,neutral,Low,Please provide more information about the product and available variants.,6.1
TKT001504,2018-12-01,70003181,A1320150403,Indonesia,Delivery,negative,Low,Delivery is taking longer than expected and this is affecting our purchase decision.,9.4
TKT001505,2019-01-01,90001020,A4021150405,China,Quality,neutral,Low,We need clarification about the product quality and warranty.,4.6
TKT001506,2019-01-01,90014140,A2118150102,Netherlands,Quality,neutral,Low,We need clarification about the product quality and warranty.,3.8
TKT001507,2019-09-01,90020100,A3120150304,Austria,Quality,neutral,Medium,We need clarification about the product quality and warranty.,3.2
TKT001508,2019-12-01,90013117,A3220150406,Italy,Product information,neutral,Medium,Please provide more information about the product and available variants.,8.8
TKT001509,2018-12-01,70004069,A4821110802,Japan,Positive,positive,Low,The product is performing well and we are considering another order.,8.8
TKT001510,2019-07-01,90016171,A6819160203,Poland,Delivery,negative,Medium,Delivery is taking longer than expected and this is affecting our purchase decision.,2.8
TKT001511,2020-12-01,70009134,A5721110504,Newzealand,Product information,neutral,Low,Please provide more information about the product and available variants.,12.1
TKT001512,2018-11-01,70014142,A4720110701,Netherlands,Delivery,negative,Low,Delivery is taking longer than expected and this is affecting our purchase decision.,11.5
TKT001513,2019-11-01,90012034,A6818160202,Germany,Product information,neutral,Low,Please provide more information about the product and available variants.,6.0
TKT001514,2020-01-01,70003181,A0321150302,Indonesia,Delivery,negative,Medium,Delivery is taking longer than expected and this is affecting our purchase decision.,0.3
TKT001515,2019-02-01,90009129,A0519150205,Newzealand,Quality,neutral,Medium,We need clarification about the product quality and warranty.,7.2
TKT001516,2019-07-01,90014140,A4419110401,Netherlands,Positive,positive,Medium,The product is performing well and we are considering another order.,10.4
TKT001517,2019-12-01,80007195,A1420150501,South Korea,Quality,neutral,Low,We need clarification about the product quality and warranty.,2.0
TKT001518,2019-04-01,90008166,A1320150402,Australia,Quality,neutral,Medium,We need clarification about the product quality and warranty.,1.6
TKT001519,2019-08-01,90006156,A2918150101,Philiphines,Product information,neutral,Low,Please provide more information about the product and available variants.,15.3
TKT001520,2020-01-01,80006155,A2620150606,Philiphines,Product information,neutral,Low,Please provide more information about the product and available variants.,3.6
TKT001521,2020-07-01,90012033,A4620110602,Germany,Positive,positive,Medium,The product is performing well and we are considering another order.,10.9
TKT001522,2019-04-01,90015147,A3220150401,Norway,Delivery,negative,High,Delivery is taking longer than expected and this is affecting our purchase decision.,15.0
TKT001523,2018-12-01,70011194,A1718150201,France,Delivery,negative,High,Delivery is taking longer than expected and this is affecting our purchase decision.,7.7
TKT001524,2019-01-01,70007198,A4520110505,South Korea,Quality,neutral,Low,We need clarification about the product quality and warranty.,4.0
TKT001525,2021-06-01,70003182,A2520150502,Indonesia,Quality,neutral,High,We need clarification about the product quality and warranty.,2.7
TKT001526,2020-05-01,70014143,A0519150208,Netherlands,Quality,neutral,High,We need clarification about the product quality and warranty.,6.8
TKT001527,2020-08-01,90017059,A6419160302,Portugal,Product information,neutral,Low,Please provide more information about the product and available variants.,4.5
TKT001528,2019-06-01,70019204,A2918150106,Sweden,Delivery,negative,Low,Delivery is taking longer than expected and this is affecting our purchase decision.,13.9
TKT001529,2019-12-01,90013121,A6018110103,Italy,Delivery,negative,Medium,Delivery is taking longer than expected and this is affecting our purchase decision.,6.3
TKT001530,2020-03-01,70007198,A1618150104,South Korea,Delivery,negative,Low,Delivery is taking longer than expected and this is affecting our purchase decision.,4.0
TKT001531,2021-07-01,70002018,A6919160302,India,Quality,neutral,Low,We need clarification about the product quality and warranty.,9.7
TKT001532,2021-06-01,90011191,A1319150401,France,Positive,positive,Medium,The product is performing well and we are considering another order.,12.5
TKT001533,2019-02-01,90001020,A0620150303,China,Quality,neutral,Medium,We need clarification about the product quality and warranty.,2.5
TKT001534,2020-01-01,70009133,A5620110402,Newzealand,Product information,neutral,Low,Please provide more information about the product and available variants.,8.3
TKT001535,2021-01-01,90003180,A2419150401,Indonesia,Quality,neutral,Medium,We need clarification about the product quality and warranty.,6.0
TKT001536,2018-11-01,80007196,A3421150605,South Korea,Delivery,negative,High,Delivery is taking longer than expected and this is affecting our purchase decision.,4.7
TKT001537,2020-07-01,90017050,A4319110306,Portugal,Delivery,negative,Medium,Delivery is taking longer than expected and this is affecting our purchase decision.,0.6
TKT001538,2020-09-01,90005162,A3920150301,Pakistan,Product information,neutral,Low,Please provide more information about the product and available variants.,1.1
TKT001539,2018-12-01,80006154,A1521150602,Philiphines,Positive,positive,High,The product is performing well and we are considering another order.,6.8
TKT001540,2021-03-01,70003181,A3320150502,Indonesia,Quality,neutral,Medium,We need clarification about the product quality and warranty.,6.1
TKT001541,2021-03-01,90008167,A2118150106,Australia,Positive,positive,Low,The product is performing well and we are considering another order.,8.1
TKT001542,2021-08-01,90004063,A4720110702,Japan,Delivery,negative,Medium,Delivery is taking longer than expected and this is affecting our purchase decision.,2.8
TKT001543,2018-10-01,70003181,A6818160202,Indonesia,Product information,neutral,High,Please provide more information about the product and available variants.,0.6
TKT001544,2019-08-01,90012038,A2918150104,Germany,Product information,neutral,Medium,Please provide more information about the product and available variants.,9.4
TKT001545,2021-01-01,90021088,A4520110504,United Kingdom,Product information,neutral,High,Please provide more information about the product and available variants.,8.1
TKT001546,2019-02-01,90010046,A2118150104,Bangladesh,Product information,neutral,High,Please provide more information about the product and available variants.,1.2
TKT001547,2020-02-01,90003179,A5520110305,Indonesia,Product information,neutral,Low,Please provide more information about the product and available variants.,6.6
TKT001548,2020-06-01,70012043,A0721150403,Germany,Product information,neutral,Medium,Please provide more information about the product and available variants.,1.0
TKT001549,2020-09-01,90015148,A0619150301,Norway,Positive,positive,Low,The product is performing well and we are considering another order.,12.6
TKT001550,2018-10-01,90018107,A1119150203,Spain,Delivery,negative,Low,Delivery is taking longer than expected and this is affecting our purchase decision.,17.6
TKT001551,2021-07-01,90006156,A3718150103,Philiphines,Product information,neutral,Medium,Please provide more information about the product and available variants.,10.2
TKT001552,2019-03-01,90006153,A3320150506,Philiphines,Delivery,negative,Medium,Delivery is taking longer than expected and this is affecting our purchase decision.,0.5
TKT001553,2021-04-01,90019200,A0519150201,Sweden,Positive,positive,Medium,The product is performing well and we are considering another order.,8.0
TKT001554,2018-09-01,90017054,A6520160403,Portugal,Positive,positive,Low,The product is performing well and we are considering another order.,1.9
TKT001555,2021-03-01,90022073,A2118150101,USA,Positive,positive,Low,The product is performing well and we are considering another order.,6.9
TKT001556,2020-08-01,90020099,A1718150204,Austria,Quality,neutral,Low,We need clarification about the product quality and warranty.,11.6
TKT001557,2020-06-01,90004062,A6818160201,Japan,Product information,neutral,Medium,Please provide more information about the product and available variants.,12.4
TKT001558,2019-10-01,90008167,A6119110202,Australia,Quality,neutral,Medium,We need clarification about the product quality and warranty.,11.6
TKT001559,2021-03-01,90016174,A3621150805,Poland,Positive,positive,Medium,The product is performing well and we are considering another order.,10.3
TKT001560,2020-08-01,90013120,A4520110506,Italy,Product information,neutral,Low,Please provide more information about the product and available variants.,4.6
TKT001561,2021-05-01,90007197,A5318110102,South Korea,Product information,neutral,Low,Please provide more information about the product and available variants.,8.5
TKT001562,2018-10-01,90002014,A0721150404,India,Quality,neutral,Medium,We need clarification about the product quality and warranty.,4.6
TKT001563,2019-11-01,90002001,A2319150302,India,Quality,neutral,Medium,We need clarification about the product quality and warranty.,2.2
TKT001564,2020-06-01,70012042,A5519110303,Germany,Positive,positive,Medium,The product is performing well and we are considering another order.,4.6
TKT001565,2018-10-01,90009128,A0118150102,Newzealand,Delivery,negative,Low,Delivery is taking longer than expected and this is affecting our purchase decision.,8.3
TKT001566,2021-04-01,90007197,A1320150403,South Korea,Product information,neutral,Medium,Please provide more information about the product and available variants.,5.5
TKT001567,2021-01-01,90023025,A7220160203,Canada,Product information,neutral,Low,Please provide more information about the product and available variants.,3.7
TKT001568,2020-07-01,90020102,A2319150304,Austria,Quality,neutral,Low,We need clarification about the product quality and warranty.,9.0
TKT001569,2020-04-01,90023022,A4419110408,Canada,Product information,neutral,Medium,Please provide more information about the product and available variants.,10.3
TKT001570,2020-12-01,90012040,A7118160101,Germany,Positive,positive,Low,The product is performing well and we are considering another order.,6.4
TKT001571,2020-11-01,90022073,A7321160301,USA,Product information,neutral,High,Please provide more information about the product and available variants.,4.8
TKT001572,2019-07-01,90009129,A7219160201,Newzealand,Product information,neutral,Low,Please provide more information about the product and available variants.,3.9
TKT001573,2019-04-01,90018109,A5721110504,Spain,Product information,neutral,High,Please provide more information about the product and available variants.,14.5
TKT001574,2020-04-01,90017054,A7321160301,Portugal,Product information,neutral,Low,Please provide more information about the product and available variants.,11.4
TKT001575,2019-03-01,90022079,A0821150503,USA,Positive,positive,Medium,The product is performing well and we are considering another order.,4.7
TKT001576,2021-01-01,90013124,A3421150604,Italy,Delivery,negative,Low,Delivery is taking longer than expected and this is affecting our purchase decision.,3.0
TKT001577,2021-07-01,90002009,A4419110408,India,Positive,positive,Medium,The product is performing well and we are considering another order.,4.2
TKT001578,2020-01-01,90014141,A1521150601,Netherlands,Delivery,negative,Low,Delivery is taking longer than expected and this is affecting our purchase decision.,1.4
TKT001579,2020-07-01,90002011,A5620110402,India,Delivery,negative,Medium,Delivery is taking longer than expected and this is affecting our purchase decision.,8.4
TKT001580,2021-08-01,90014139,A5519110303,Netherlands,Quality,neutral,Medium,We need clarification about the product quality and warranty.,4.2
TKT001581,2019-01-01,90004068,A2620150601,Japan,Quality,neutral,Medium,We need clarification about the product quality and warranty.,3.7
TKT001582,2019-02-01,90016173,A3621150804,Poland,Product information,neutral,Medium,Please provide more information about the product and available variants.,2.6
TKT001583,2020-09-01,90008164,A3818150201,Australia,Delivery,negative,High,Delivery is taking longer than expected and this is affecting our purchase decision.,9.0
TKT001584,2020-02-01,90008167,A0321150302,Australia,Quality,neutral,Low,We need clarification about the product quality and warranty.,2.2
TKT001585,2019-08-01,90018114,A2419150405,Spain,Quality,neutral,Low,We need clarification about the product quality and warranty.,1.6
TKT001586,2021-03-01,70012042,A5721110505,Germany,Quality,neutral,Low,We need clarification about the product quality and warranty.,6.9
TKT001587,2019-06-01,90010044,A4721110708,Bangladesh,Quality,neutral,Low,We need clarification about the product quality and warranty.,8.5
TKT001588,2020-02-01,70003182,A0519150203,Indonesia,Positive,positive,High,The product is performing well and we are considering another order.,5.0
TKT001589,2020-06-01,90016175,A7220160202,Poland,Product information,neutral,Low,Please provide more information about the product and available variants.,8.1
TKT001590,2018-12-01,90006153,A5318110103,Philiphines,Product information,neutral,Medium,Please provide more information about the product and available variants.,0.2
TKT001591,2021-02-01,90004066,A5318110103,Japan,Quality,neutral,Low,We need clarification about the product quality and warranty.,6.9
TKT001592,2020-04-01,80001019,A4118110107,China,Delivery,negative,Low,Delivery is taking longer than expected and this is affecting our purchase decision.,5.9
TKT001593,2021-08-01,90018108,A3120150304,Spain,Quality,neutral,High,We need clarification about the product quality and warranty.,7.9
TKT001594,2018-09-01,70007198,A3621150801,South Korea,Positive,positive,Low,The product is performing well and we are considering another order.,2.2
TKT001595,2021-05-01,90021092,A5621110408,United Kingdom,Quality,neutral,Medium,We need clarification about the product quality and warranty.,6.3
TKT001596,2020-08-01,70010048,A4319110304,Bangladesh,Quality,neutral,Medium,We need clarification about the product quality and warranty.,8.3
TKT001597,2018-09-01,90018108,A6818160202,Spain,Product information,neutral,Medium,Please provide more information about the product and available variants.,9.0
TKT001598,2021-04-01,90017055,A0418150107,Portugal,Delivery,negative,Medium,Delivery is taking longer than expected and this is affecting our purchase decision.,4.5
TKT001599,2019-10-01,90014135,A4118110107,Netherlands,Product information,neutral,Low,Please provide more information about the product and available variants.,5.8
TKT001600,2019-10-01,90020103,A2219150206,Austria,Quality,neutral,Medium,We need clarification about the product quality and warranty.,4.2
TKT001601,2019-09-01,90020102,A3920150305,Austria,Delivery,negative,Low,Delivery is taking longer than expected and this is affecting our purchase decision.,3.1
TKT001602,2019-10-01,70018115,A2319150305,Spain,Product information,neutral,Low,Please provide more information about the product and available variants.,10.2
TKT001603,2019-11-01,90014140,A0821150504,Netherlands,Delivery,negative,Low,Delivery is taking longer than expected and this is affecting our purchase decision.,9.7
TKT001604,2018-09-01,90003179,A4520110504,Indonesia,Quality,neutral,Low,We need clarification about the product quality and warranty.,12.0
TKT001605,2020-08-01,90009132,A0519150207,Newzealand,Product information,neutral,Medium,Please provide more information about the product and available variants.,4.1
TKT001606,2020-08-01,90015145,A6319160201,Norway,Positive,positive,Medium,The product is performing well and we are considering another order.,8.8
TKT001607,2021-07-01,90020103,A1618150101,Austria,Delivery,negative,Low,Delivery is taking longer than expected and this is affecting our purchase decision.,3.6
TKT001608,2018-10-01,70011193,A0619150301,France,Product information,neutral,Low,Please provide more information about the product and available variants.,3.2
TKT001609,2019-01-01,90017059,A3220150405,Portugal,Quality,neutral,Medium,We need clarification about the product quality and warranty.,4.2
TKT001610,2021-03-01,70006157,A5318110108,Philiphines,Positive,positive,High,The product is performing well and we are considering another order.,2.1
TKT001611,2019-06-01,90018112,A0821150501,Spain,Product information,neutral,Medium,Please provide more information about the product and available variants.,4.7
TKT001612,2020-03-01,90012035,A5419110204,Germany,Positive,positive,Medium,The product is performing well and we are considering another order.,6.3
TKT001613,2019-01-01,70022085,A0220150203,USA,Delivery,negative,Low,Delivery is taking longer than expected and this is affecting our purchase decision.,5.2
TKT001614,2019-12-01,90012041,A2118150104,Germany,Positive,positive,Low,The product is performing well and we are considering another order.,1.9
TKT001615,2019-11-01,80006155,A1920150404,Philiphines,Quality,neutral,Low,We need clarification about the product quality and warranty.,4.8
TKT001616,2020-07-01,90005159,A6119110203,Pakistan,Product information,neutral,High,Please provide more information about the product and available variants.,2.1
TKT001617,2020-02-01,90002010,A2218150201,India,Quality,neutral,Low,We need clarification about the product quality and warranty.,14.5
TKT001618,2021-08-01,90013122,A0619150302,Italy,Quality,neutral,Medium,We need clarification about the product quality and warranty.,3.3
TKT001619,2019-06-01,70010047,A0220150203,Bangladesh,Product information,neutral,Low,Please provide more information about the product and available variants.,0.2
TKT001620,2019-11-01,90005161,A0219150202,Pakistan,Product information,neutral,Medium,Please provide more information about the product and available variants.,2.4
TKT001621,2019-07-01,90022080,A4419110407,USA,Quality,neutral,Medium,We need clarification about the product quality and warranty.,3.2
TKT001622,2020-09-01,80007195,A6520160402,South Korea,Positive,positive,Medium,The product is performing well and we are considering another order.,15.6
TKT001623,2021-01-01,90023028,A1119150203,Canada,Quality,neutral,Low,We need clarification about the product quality and warranty.,2.2
TKT001624,2021-06-01,90005160,A0821150501,Pakistan,Delivery,negative,Low,Delivery is taking longer than expected and this is affecting our purchase decision.,2.4
TKT001625,2020-03-01,90001021,A1718150201,China,Quality,neutral,Medium,We need clarification about the product quality and warranty.,3.9
TKT001626,2019-12-01,90009127,A4720110702,Newzealand,Quality,neutral,Low,We need clarification about the product quality and warranty.,6.7
TKT001627,2020-01-01,90020103,A5318110103,Austria,Positive,positive,Low,The product is performing well and we are considering another order.,7.6
TKT001628,2021-04-01,90019200,A2721150704,Sweden,Quality,neutral,Medium,We need clarification about the product quality and warranty.,5.7
TKT001629,2019-01-01,90009130,A1119150203,Newzealand,Product information,neutral,Low,Please provide more information about the product and available variants.,18.0
TKT001630,2020-06-01,90020100,A4620110608,Austria,Delivery,negative,Low,Delivery is taking longer than expected and this is affecting our purchase decision.,1.7
TKT001631,2021-07-01,90002003,A2520150505,India,Positive,positive,Low,The product is performing well and we are considering another order.,12.0
TKT001632,2021-03-01,90022077,A2319150302,USA,Product information,neutral,Low,Please provide more information about the product and available variants.,1.1
TKT001633,2018-10-01,90013118,A2918150105,Italy,Product information,neutral,Low,Please provide more information about the product and available variants.,8.0
TKT001634,2019-06-01,90021087,A5519110303,United Kingdom,Positive,positive,Low,The product is performing well and we are considering another order.,7.7
TKT001635,2020-11-01,90001021,A6120110205,China,Delivery,negative,Low,Delivery is taking longer than expected and this is affecting our purchase decision.,3.8
TKT001636,2020-03-01,90022083,A4218110204,USA,Product information,neutral,Low,Please provide more information about the product and available variants.,15.0
TKT001637,2021-03-01,90012037,A3019150205,Germany,Product information,neutral,High,Please provide more information about the product and available variants.,5.4
TKT001638,2019-11-01,90017049,A5318110103,Portugal,Quality,neutral,Medium,We need clarification about the product quality and warranty.,18.7
TKT001639,2019-04-01,70004070,A5419110203,Japan,Product information,neutral,Low,Please provide more information about the product and available variants.,9.0
TKT001640,2020-07-01,90001021,A3621150805,China,Positive,positive,Low,The product is performing well and we are considering another order.,6.4
TKT001641,2019-03-01,90008164,A0821150501,Australia,Product information,neutral,Low,Please provide more information about the product and available variants.,8.5
TKT001642,2020-09-01,90020103,A4218110201,Austria,Positive,positive,Medium,The product is performing well and we are considering another order.,2.8
TKT001643,2020-03-01,90010044,A6419160303,Bangladesh,Positive,positive,Medium,The product is performing well and we are considering another order.,7.3
TKT001644,2018-11-01,90020097,A6218160102,Austria,Delivery,negative,Medium,Delivery is taking longer than expected and this is affecting our purchase decision.,7.5
TKT001645,2021-05-01,70022085,A4021150403,USA,Delivery,negative,Medium,Delivery is taking longer than expected and this is affecting our purchase decision.,3.5
TKT001646,2018-11-01,70006157,A3120150306,Philiphines,Product information,neutral,Low,Please provide more information about the product and available variants.,5.6
TKT001647,2018-09-01,90012041,A5721110508,Germany,Product information,neutral,Low,Please provide more information about the product and available variants.,22.9
TKT001648,2020-01-01,90014135,A2420150406,Netherlands,Quality,neutral,Low,We need clarification about the product quality and warranty.,5.5
TKT001649,2021-02-01,90014136,A4720110701,Netherlands,Delivery,negative,Medium,Delivery is taking longer than expected and this is affecting our purchase decision.,6.2
TKT001650,2021-03-01,90009127,A3521150705,Newzealand,Product information,neutral,Medium,Please provide more information about the product and available variants.,4.5
TKT001651,2019-09-01,90012035,A1718150201,Germany,Product information,neutral,Medium,Please provide more information about the product and available variants.,1.7
TKT001652,2019-02-01,90014136,A2420150406,Netherlands,Delivery,negative,Medium,Delivery is taking longer than expected and this is affecting our purchase decision.,10.1
TKT001653,2021-05-01,90023028,A4720110701,Canada,Positive,positive,Low,The product is performing well and we are considering another order.,5.7
TKT001654,2020-06-01,80006155,A4720110701,Philiphines,Delivery,negative,Low,Delivery is taking longer than expected and this is affecting our purchase decision.,4.6
TKT001655,2021-06-01,90016176,A2821150806,Poland,Product information,neutral,Low,Please provide more information about the product and available variants.,0.8
TKT001656,2018-09-01,90016171,A5318110107,Poland,Product information,neutral,High,Please provide more information about the product and available variants.,3.2
TKT001657,2020-09-01,90015150,A4519110502,Norway,Product information,neutral,High,Please provide more information about the product and available variants.,6.0
TKT001658,2019-07-01,90011185,A6319160201,France,Quality,neutral,High,We need clarification about the product quality and warranty.,6.9
TKT001659,2020-08-01,90003180,A7018160402,Indonesia,Quality,neutral,Low,We need clarification about the product quality and warranty.,3.3
TKT001660,2018-12-01,70013125,A5721110502,Italy,Product information,neutral,Medium,Please provide more information about the product and available variants.,7.2
TKT001661,2019-03-01,70016177,A4319110306,Poland,Quality,neutral,Medium,We need clarification about the product quality and warranty.,2.6
TKT001662,2018-10-01,70018115,A0118150102,Spain,Quality,neutral,High,We need clarification about the product quality and warranty.,5.7
TKT001663,2021-07-01,70021096,A5721110507,United Kingdom,Delivery,negative,Medium,Delivery is taking longer than expected and this is affecting our purchase decision.,4.4
TKT001664,2019-11-01,80001019,A3018150202,China,Quality,neutral,Medium,We need clarification about the product quality and warranty.,8.6
TKT001665,2020-07-01,90023028,A3220150406,Canada,Quality,neutral,Low,We need clarification about the product quality and warranty.,2.0
TKT001666,2020-07-01,70007199,A1718150203,South Korea,Delivery,negative,High,Delivery is taking longer than expected and this is affecting our purchase decision.,8.0
TKT001667,2020-02-01,80007196,A5721110501,South Korea,Positive,positive,High,The product is performing well and we are considering another order.,5.0
TKT001668,2018-11-01,90015147,A5318110103,Norway,Positive,positive,Low,The product is performing well and we are considering another order.,12.2
TKT001669,2021-04-01,80001019,A4821110802,China,Quality,neutral,Low,We need clarification about the product quality and warranty.,2.2
TKT001670,2020-11-01,90016173,A5621110404,Poland,Quality,neutral,Low,We need clarification about the product quality and warranty.,9.0
TKT001671,2020-09-01,90014136,A1319150401,Netherlands,Positive,positive,Medium,The product is performing well and we are considering another order.,2.3
TKT001672,2019-01-01,90022078,A5419110208,USA,Positive,positive,Low,The product is performing well and we are considering another order.,1.7
TKT001673,2020-10-01,90009130,A4519110502,Newzealand,Quality,neutral,Medium,We need clarification about the product quality and warranty.,5.7
TKT001674,2018-09-01,90002008,A6620160502,India,Quality,neutral,Medium,We need clarification about the product quality and warranty.,7.6
TKT001675,2019-11-01,90021090,A5318110103,United Kingdom,Positive,positive,Medium,The product is performing well and we are considering another order.,11.6
TKT001676,2020-09-01,90016171,A6219160103,Poland,Delivery,negative,Low,Delivery is taking longer than expected and this is affecting our purchase decision.,12.6
TKT001677,2019-03-01,90008167,A2520150502,Australia,Product information,neutral,Medium,Please provide more information about the product and available variants.,11.8
TKT001678,2020-01-01,90016174,A6019110107,Poland,Quality,neutral,High,We need clarification about the product quality and warranty.,5.5
TKT001679,2020-12-01,90003180,A4118110104,Indonesia,Positive,positive,Medium,The product is performing well and we are considering another order.,2.5
TKT001680,2018-10-01,90017053,A2821150804,Portugal,Quality,neutral,Low,We need clarification about the product quality and warranty.,8.6
TKT001681,2021-08-01,90016171,A6018110101,Poland,Positive,positive,Low,The product is performing well and we are considering another order.,4.0
TKT001682,2020-11-01,90008167,A0320150301,Australia,Quality,neutral,High,We need clarification about the product quality and warranty.,8.2
TKT001683,2020-11-01,90008167,A3718150101,Australia,Positive,positive,Low,The product is performing well and we are considering another order.,6.0
TKT001684,2020-02-01,70019204,A1819150303,Sweden,Product information,neutral,Low,Please provide more information about the product and available variants.,3.4
TKT001685,2021-04-01,90005162,A2918150101,Pakistan,Quality,neutral,Medium,We need clarification about the product quality and warranty.,18.2
TKT001686,2018-12-01,90023025,A6018110103,Canada,Quality,neutral,Medium,We need clarification about the product quality and warranty.,12.0
TKT001687,2020-01-01,80007195,A6918160303,South Korea,Product information,neutral,High,Please provide more information about the product and available variants.,24.9
TKT001688,2020-12-01,90019203,A6818160201,Sweden,Quality,neutral,High,We need clarification about the product quality and warranty.,6.9
TKT001689,2021-05-01,90021093,A5520110305,United Kingdom,Positive,positive,Low,The product is performing well and we are considering another order.,5.7
TKT001690,2020-10-01,90022079,A0519150208,USA,Positive,positive,Low,The product is performing well and we are considering another order.,14.1
TKT001691,2018-12-01,90017053,A3420150602,Portugal,Delivery,negative,Low,Delivery is taking longer than expected and this is affecting our purchase decision.,4.9
TKT001692,2018-09-01,90023026,A4419110401,Canada,Delivery,negative,High,Delivery is taking longer than expected and this is affecting our purchase decision.,6.5
TKT001693,2019-05-01,90002009,A6121110208,India,Delivery,negative,Medium,Delivery is taking longer than expected and this is affecting our purchase decision.,10.7
TKT001694,2019-05-01,80007195,A4620110608,South Korea,Quality,neutral,High,We need clarification about the product quality and warranty.,7.2
TKT001695,2018-09-01,70003181,A3019150206,Indonesia,Quality,neutral,Medium,We need clarification about the product quality and warranty.,3.9
TKT001696,2018-12-01,90023028,A2218150202,Canada,Product information,neutral,Low,Please provide more information about the product and available variants.,11.3
TKT001697,2019-12-01,90002005,A6018110102,India,Positive,positive,High,The product is performing well and we are considering another order.,11.2
TKT001698,2018-11-01,90004062,A2420150406,Japan,Delivery,negative,Medium,Delivery is taking longer than expected and this is affecting our purchase decision.,3.4
TKT001699,2020-03-01,90022083,A0921150601,USA,Delivery,negative,High,Delivery is taking longer than expected and this is affecting our purchase decision.,7.3
TKT001700,2019-07-01,90014136,A0321150302,Netherlands,Quality,neutral,Low,We need clarification about the product quality and warranty.,10.5
TKT001701,2020-05-01,70003181,A2918150101,Indonesia,Product information,neutral,Medium,Please provide more information about the product and available variants.,3.9
TKT001702,2018-09-01,90002015,A0620150303,India,Positive,positive,High,The product is performing well and we are considering another order.,2.7
TKT001703,2020-10-01,90020103,A6119110203,Austria,Positive,positive,Low,The product is performing well and we are considering another order.,11.2
TKT001704,2021-03-01,90009130,A3019150204,Newzealand,Positive,positive,Medium,The product is performing well and we are considering another order.,7.4
TKT001705,2021-03-01,90016171,A0619150301,Poland,Positive,positive,Low,The product is performing well and we are considering another order.,13.9
TKT001706,2019-09-01,90004064,A0620150303,Japan,Positive,positive,Low,The product is performing well and we are considering another order.,2.3
TKT001707,2018-12-01,70005163,A1920150404,Pakistan,Delivery,negative,Low,Delivery is taking longer than expected and this is affecting our purchase decision.,11.7
TKT001708,2019-11-01,90011186,A5419110202,France,Product information,neutral,High,Please provide more information about the product and available variants.,9.3
TKT001709,2020-08-01,90002009,A4720110702,India,Positive,positive,Medium,The product is performing well and we are considering another order.,3.4
TKT001710,2021-02-01,70008169,A6018110105,Australia,Positive,positive,Medium,The product is performing well and we are considering another order.,2.6
TKT001711,2021-03-01,70005163,A4821110808,Pakistan,Quality,neutral,Low,We need clarification about the product quality and warranty.,7.5
TKT001712,2018-09-01,70020104,A4620110605,Austria,Product information,neutral,Medium,Please provide more information about the product and available variants.,9.4
TKT001713,2020-05-01,90015144,A2021150504,Norway,Delivery,negative,Low,Delivery is taking longer than expected and this is affecting our purchase decision.,15.7
TKT001714,2020-08-01,90020101,A0321150303,Austria,Quality,neutral,Low,We need clarification about the product quality and warranty.,6.1
TKT001715,2021-06-01,90008167,A1819150301,Australia,Quality,neutral,Low,We need clarification about the product quality and warranty.,4.4
TKT001716,2021-02-01,90001020,A0220150203,China,Positive,positive,High,The product is performing well and we are considering another order.,4.6
TKT001717,2019-01-01,90007197,A4021150403,South Korea,Delivery,negative,High,Delivery is taking longer than expected and this is affecting our purchase decision.,13.9
TKT001718,2019-10-01,90021086,A0418150101,United Kingdom,Product information,neutral,Medium,Please provide more information about the product and available variants.,11.4
TKT001719,2021-05-01,90011188,A2021150503,France,Quality,neutral,Low,We need clarification about the product quality and warranty.,9.6
TKT001720,2021-02-01,70015152,A5721110504,Norway,Delivery,negative,Medium,Delivery is taking longer than expected and this is affecting our purchase decision.,8.2
TKT001721,2021-07-01,90003180,A3920150303,Indonesia,Quality,neutral,Low,We need clarification about the product quality and warranty.,11.3
TKT001722,2019-03-01,90005159,A2721150706,Pakistan,Positive,positive,Low,The product is performing well and we are considering another order.,7.9
TKT001723,2020-01-01,90012035,A2721150704,Germany,Delivery,negative,Low,Delivery is taking longer than expected and this is affecting our purchase decision.,7.5
TKT001724,2018-10-01,70006158,A3120150306,Philiphines,Quality,neutral,Medium,We need clarification about the product quality and warranty.,5.6
TKT001725,2021-06-01,90019202,A5721110505,Sweden,Product information,neutral,Medium,Please provide more information about the product and available variants.,6.1
TKT001726,2020-03-01,90010045,A4821110808,Bangladesh,Delivery,negative,Low,Delivery is taking longer than expected and this is affecting our purchase decision.,5.5
TKT001727,2019-01-01,90018113,A5318110107,Spain,Delivery,negative,Low,Delivery is taking longer than expected and this is affecting our purchase decision.,14.4
TKT001728,2020-10-01,90015144,A5318110105,Norway,Quality,neutral,Medium,We need clarification about the product quality and warranty.,8.0
TKT001729,2020-09-01,90020097,A0519150203,Austria,Quality,neutral,Low,We need clarification about the product quality and warranty.,5.7
TKT001730,2021-05-01,90020098,A5520110305,Austria,Quality,neutral,Low,We need clarification about the product quality and warranty.,24.2
TKT001731,2019-06-01,80007196,A6119110203,South Korea,Positive,positive,Low,The product is performing well and we are considering another order.,14.0
TKT001732,2018-09-01,90023022,A3521150701,Canada,Quality,neutral,High,We need clarification about the product quality and warranty.,2.8
TKT001733,2018-09-01,70022085,A3018150202,USA,Delivery,negative,Low,Delivery is taking longer than expected and this is affecting our purchase decision.,3.3
TKT001734,2019-03-01,90022082,A7118160101,USA,Positive,positive,Medium,The product is performing well and we are considering another order.,4.8
TKT001735,2020-08-01,90002002,A1618150103,India,Product information,neutral,Low,Please provide more information about the product and available variants.,11.9
TKT001736,2020-10-01,90015150,A4419110402,Norway,Positive,positive,Medium,The product is performing well and we are considering another order.,2.3
TKT001737,2019-12-01,90021093,A3018150202,United Kingdom,Product information,neutral,Low,Please provide more information about the product and available variants.,7.1
TKT001738,2020-09-01,90018113,A0821150501,Spain,Product information,neutral,Low,Please provide more information about the product and available variants.,3.9
TKT001739,2021-03-01,70006158,A7321160302,Philiphines,Delivery,negative,Low,Delivery is taking longer than expected and this is affecting our purchase decision.,2.4
TKT001740,2019-07-01,90016174,A1521150602,Poland,Quality,neutral,High,We need clarification about the product quality and warranty.,15.0
TKT001741,2019-11-01,90022075,A0619150301,USA,Product information,neutral,Medium,Please provide more information about the product and available variants.,2.6
TKT001742,2020-02-01,90018105,A4319110305,Spain,Positive,positive,Low,The product is performing well and we are considering another order.,4.6
TKT001743,2019-01-01,90016174,A0320150301,Poland,Delivery,negative,Low,Delivery is taking longer than expected and this is affecting our purchase decision.,1.1
TKT001744,2020-04-01,90022082,A1320150403,USA,Product information,neutral,Low,Please provide more information about the product and available variants.,2.8
TKT001745,2020-05-01,80006155,A5318110103,Philiphines,Delivery,negative,Medium,Delivery is taking longer than expected and this is affecting our purchase decision.,6.6
TKT001746,2020-08-01,70009134,A2520150506,Newzealand,Positive,positive,Medium,The product is performing well and we are considering another order.,13.5
TKT001747,2021-01-01,70011193,A4520110507,France,Quality,neutral,Medium,We need clarification about the product quality and warranty.,6.1
TKT001748,2019-03-01,70011193,A2918150106,France,Quality,neutral,Low,We need clarification about the product quality and warranty.,5.3
TKT001749,2020-03-01,70004069,A3120150304,Japan,Product information,neutral,Medium,Please provide more information about the product and available variants.,4.1
TKT001750,2020-10-01,70007198,A2420150406,South Korea,Delivery,negative,Medium,Delivery is taking longer than expected and this is affecting our purchase decision.,1.7
TKT001751,2020-04-01,90006156,A4620110605,Philiphines,Quality,neutral,Low,We need clarification about the product quality and warranty.,0.8
TKT001752,2018-09-01,90010045,A3421150605,Bangladesh,Delivery,negative,Medium,Delivery is taking longer than expected and this is affecting our purchase decision.,4.9
TKT001753,2020-04-01,70018115,A7321160302,Spain,Delivery,negative,Medium,Delivery is taking longer than expected and this is affecting our purchase decision.,3.1
TKT001754,2019-02-01,80007195,A6319160202,South Korea,Quality,neutral,Low,We need clarification about the product quality and warranty.,1.4
TKT001755,2019-02-01,90021089,A1320150403,United Kingdom,Delivery,negative,High,Delivery is taking longer than expected and this is affecting our purchase decision.,4.4
TKT001756,2020-01-01,90023025,A6018110102,Canada,Delivery,negative,High,Delivery is taking longer than expected and this is affecting our purchase decision.,4.6
TKT001757,2019-11-01,90014141,A0519150203,Netherlands,Positive,positive,Medium,The product is performing well and we are considering another order.,10.3
TKT001758,2020-12-01,70007199,A0620150303,South Korea,Product information,neutral,High,Please provide more information about the product and available variants.,10.3
TKT001759,2019-06-01,90018113,A3019150204,Spain,Delivery,negative,High,Delivery is taking longer than expected and this is affecting our purchase decision.,7.0
TKT001760,2019-04-01,90001020,A0519150202,China,Positive,positive,Medium,The product is performing well and we are considering another order.,9.0
TKT001761,2019-07-01,90013119,A2420150406,Italy,Product information,neutral,Low,Please provide more information about the product and available variants.,3.0
TKT001762,2020-05-01,90008166,A7020160403,Australia,Product information,neutral,Low,Please provide more information about the product and available variants.,3.1
TKT001763,2021-03-01,70021096,A1319150401,United Kingdom,Quality,neutral,Medium,We need clarification about the product quality and warranty.,18.8
TKT001764,2020-06-01,90002003,A0721150401,India,Product information,neutral,Medium,Please provide more information about the product and available variants.,2.3
TKT001765,2020-03-01,90011186,A3320150505,France,Positive,positive,Low,The product is performing well and we are considering another order.,5.3
TKT001766,2020-06-01,80001019,A3320150504,China,Quality,neutral,Low,We need clarification about the product quality and warranty.,1.8
TKT001767,2020-09-01,90020100,A7220160202,Austria,Quality,neutral,Low,We need clarification about the product quality and warranty.,5.1
TKT001768,2020-07-01,90003179,A5721110507,Indonesia,Positive,positive,Medium,The product is performing well and we are considering another order.,7.2
TKT001769,2020-11-01,70006158,A5621110404,Philiphines,Positive,positive,High,The product is performing well and we are considering another order.,4.3
TKT001770,2020-10-01,70011193,A2118150104,France,Positive,positive,High,The product is performing well and we are considering another order.,6.5
TKT001771,2019-07-01,70004069,A5419110208,Japan,Delivery,negative,High,Delivery is taking longer than expected and this is affecting our purchase decision.,1.8
TKT001772,2019-04-01,90014140,A2419150404,Netherlands,Positive,positive,Medium,The product is performing well and we are considering another order.,1.1
TKT001773,2020-12-01,90020101,A0519150203,Austria,Product information,neutral,Low,Please provide more information about the product and available variants.,17.6
TKT001774,2018-10-01,90002002,A4319110306,India,Positive,positive,High,The product is performing well and we are considering another order.,8.1
TKT001775,2021-08-01,90020101,A2720150701,Austria,Delivery,negative,Low,Delivery is taking longer than expected and this is affecting our purchase decision.,2.5
TKT001776,2019-10-01,90021088,A0418150105,United Kingdom,Delivery,negative,Low,Delivery is taking longer than expected and this is affecting our purchase decision.,20.2
TKT001777,2021-01-01,80007195,A6818160201,South Korea,Delivery,negative,High,Delivery is taking longer than expected and this is affecting our purchase decision.,16.3
TKT001778,2021-08-01,80001019,A3119150302,China,Delivery,negative,Low,Delivery is taking longer than expected and this is affecting our purchase decision.,5.4
TKT001779,2021-05-01,90018112,A2918150106,Spain,Product information,neutral,Medium,Please provide more information about the product and available variants.,10.5
TKT001780,2019-04-01,90002005,A1421150503,India,Delivery,negative,Medium,Delivery is taking longer than expected and this is affecting our purchase decision.,3.9
TKT001781,2018-09-01,90023028,A3718150105,Canada,Delivery,negative,Medium,Delivery is taking longer than expected and this is affecting our purchase decision.,1.2
TKT001782,2021-08-01,90011188,A3718150105,France,Quality,neutral,Medium,We need clarification about the product quality and warranty.,7.8
TKT001783,2020-04-01,90015149,A2821150801,Norway,Quality,neutral,Low,We need clarification about the product quality and warranty.,6.8
TKT001784,2020-11-01,70002018,A4821110807,India,Quality,neutral,Medium,We need clarification about the product quality and warranty.,3.4
TKT001785,2021-03-01,90015145,A0519150205,Norway,Delivery,negative,High,Delivery is taking longer than expected and this is affecting our purchase decision.,1.3
TKT001786,2018-10-01,90006156,A0519150201,Philiphines,Quality,neutral,High,We need clarification about the product quality and warranty.,15.1
TKT001787,2019-01-01,90022071,A3521150702,USA,Quality,neutral,Low,We need clarification about the product quality and warranty.,11.4
TKT001788,2020-09-01,70007198,A3621150802,South Korea,Positive,positive,Low,The product is performing well and we are considering another order.,2.3
TKT001789,2021-04-01,70013126,A4419110405,Italy,Product information,neutral,Medium,Please provide more information about the product and available variants.,6.7
TKT001790,2019-03-01,90012034,A4118110107,Germany,Positive,positive,Low,The product is performing well and we are considering another order.,17.7
TKT001791,2020-01-01,90013122,A5318110105,Italy,Product information,neutral,Low,Please provide more information about the product and available variants.,1.4
TKT001792,2020-02-01,90014135,A2219150206,Netherlands,Quality,neutral,Low,We need clarification about the product quality and warranty.,0.8
TKT001793,2019-03-01,70007198,A4118110106,South Korea,Product information,neutral,Medium,Please provide more information about the product and available variants.,7.8
TKT001794,2019-05-01,70008169,A6819160203,Australia,Quality,neutral,Medium,We need clarification about the product quality and warranty.,6.1
TKT001795,2020-03-01,70004070,A3320150502,Japan,Positive,positive,Low,The product is performing well and we are considering another order.,22.2
TKT001796,2020-07-01,70023032,A0321150303,Canada,Positive,positive,Low,The product is performing well and we are considering another order.,3.4
TKT001797,2020-03-01,90002007,A0519150208,India,Positive,positive,Medium,The product is performing well and we are considering another order.,14.3
TKT001798,2020-05-01,70003181,A2118150105,Indonesia,Positive,positive,Medium,The product is performing well and we are considering another order.,8.5
TKT001799,2019-07-01,80006155,A1018150101,Philiphines,Product information,neutral,Low,Please provide more information about the product and available variants.,5.7
TKT001800,2019-01-01,80006154,A2821150801,Philiphines,Positive,positive,Low,The product is performing well and we are considering another order.,6.2
TKT001801,2019-06-01,90023025,A0519150201,Canada,Positive,positive,Medium,The product is performing well and we are considering another order.,3.7
TKT001802,2018-11-01,90011192,A6719160101,France,Product information,neutral,Low,Please provide more information about the product and available variants.,7.1
TKT001803,2020-01-01,90021094,A1618150101,United Kingdom,Positive,positive,Medium,The product is performing well and we are considering another order.,1.1
TKT001804,2018-09-01,90021087,A1819150303,United Kingdom,Positive,positive,Medium,The product is performing well and we are considering another order.,5.5
TKT001805,2021-04-01,90004065,A4419110406,Japan,Positive,positive,Low,The product is performing well and we are considering another order.,6.1
TKT001806,2020-04-01,90017051,A0821150503,Portugal,Product information,neutral,Medium,Please provide more information about the product and available variants.,5.5
TKT001807,2019-05-01,90023030,A0620150305,Canada,Product information,neutral,Low,Please provide more information about the product and available variants.,15.1
TKT001808,2018-11-01,90015149,A2918150104,Norway,Product information,neutral,Medium,Please provide more information about the product and available variants.,4.5
TKT001809,2020-12-01,80006155,A2419150404,Philiphines,Product information,neutral,High,Please provide more information about the product and available variants.,2.9
TKT001810,2021-08-01,90017049,A5318110103,Portugal,Delivery,negative,Medium,Delivery is taking longer than expected and this is affecting our purchase decision.,2.3
TKT001811,2019-02-01,70007199,A5318110101,South Korea,Delivery,negative,Low,Delivery is taking longer than expected and this is affecting our purchase decision.,4.3
TKT001812,2020-12-01,70007198,A4620110605,South Korea,Product information,neutral,Medium,Please provide more information about the product and available variants.,5.9
TKT001813,2019-04-01,90016176,A6919160302,Poland,Positive,positive,Low,The product is performing well and we are considering another order.,6.5
TKT001814,2019-04-01,90011186,A5621110407,France,Quality,neutral,Medium,We need clarification about the product quality and warranty.,6.1
TKT001815,2019-09-01,90022080,A5621110408,USA,Positive,positive,Low,The product is performing well and we are considering another order.,2.5
TKT001816,2018-10-01,90015144,A3019150205,Norway,Delivery,negative,Medium,Delivery is taking longer than expected and this is affecting our purchase decision.,7.0
TKT001817,2020-10-01,90013118,A5419110208,Italy,Delivery,negative,Medium,Delivery is taking longer than expected and this is affecting our purchase decision.,5.1
TKT001818,2019-09-01,90018107,A4218110208,Spain,Quality,neutral,Medium,We need clarification about the product quality and warranty.,6.9
TKT001819,2021-06-01,90018107,A3521150701,Spain,Positive,positive,Low,The product is performing well and we are considering another order.,6.0
TKT001820,2019-12-01,80001019,A6018110105,China,Quality,neutral,Medium,We need clarification about the product quality and warranty.,3.1
TKT001821,2018-12-01,70016178,A7321160302,Poland,Product information,neutral,Low,Please provide more information about the product and available variants.,9.3
TKT001822,2019-01-01,90018108,A0321150303,Spain,Positive,positive,High,The product is performing well and we are considering another order.,13.5
TKT001823,2019-06-01,90006153,A3320150502,Philiphines,Positive,positive,Low,The product is performing well and we are considering another order.,10.0
TKT001824,2019-04-01,90011189,A0418150102,France,Positive,positive,Medium,The product is performing well and we are considering another order.,2.9
TKT001825,2021-06-01,90017054,A1219150303,Portugal,Positive,positive,Medium,The product is performing well and we are considering another order.,12.2
TKT001826,2021-04-01,90020098,A5519110303,Austria,Quality,neutral,Medium,We need clarification about the product quality and warranty.,12.7
TKT001827,2018-10-01,90022071,A1018150103,USA,Product information,neutral,Medium,Please provide more information about the product and available variants.,6.4
TKT001828,2020-02-01,90011189,A5318110107,France,Positive,positive,Low,The product is performing well and we are considering another order.,4.4
TKT001829,2020-11-01,70005163,A3320150504,Pakistan,Quality,neutral,High,We need clarification about the product quality and warranty.,11.3
TKT001830,2021-02-01,90015150,A2419150404,Norway,Delivery,negative,Low,Delivery is taking longer than expected and this is affecting our purchase decision.,5.7
TKT001831,2021-07-01,90019202,A5520110308,Sweden,Quality,neutral,High,We need clarification about the product quality and warranty.,9.3
TKT001832,2019-08-01,70003182,A5419110208,Indonesia,Product information,neutral,Low,Please provide more information about the product and available variants.,1.8
TKT001833,2020-11-01,80007196,A5519110303,South Korea,Delivery,negative,Low,Delivery is taking longer than expected and this is affecting our purchase decision.,1.3
TKT001834,2019-10-01,90012041,A3119150302,Germany,Delivery,negative,Low,Delivery is taking longer than expected and this is affecting our purchase decision.,5.2
TKT001835,2019-04-01,90012033,A2620150606,Germany,Quality,neutral,Low,We need clarification about the product quality and warranty.,10.6
TKT001836,2020-04-01,90010044,A2218150202,Bangladesh,Positive,positive,High,The product is performing well and we are considering another order.,8.9
TKT001837,2020-09-01,90020099,A5620110402,Austria,Positive,positive,Medium,The product is performing well and we are considering another order.,10.8
TKT001838,2020-02-01,90020103,A1118150202,Austria,Positive,positive,Medium,The product is performing well and we are considering another order.,7.8
TKT001839,2021-05-01,70003182,A6818160201,Indonesia,Quality,neutral,Medium,We need clarification about the product quality and warranty.,2.0
TKT001840,2019-07-01,70003182,A6319160203,Indonesia,Product information,neutral,Medium,Please provide more information about the product and available variants.,17.1
TKT001841,2021-07-01,70013126,A0418150102,Italy,Quality,neutral,Low,We need clarification about the product quality and warranty.,10.2
TKT001842,2021-04-01,90017054,A0219150202,Portugal,Positive,positive,Medium,The product is performing well and we are considering another order.,4.1
TKT001843,2020-02-01,70008169,A5318110104,Australia,Quality,neutral,Low,We need clarification about the product quality and warranty.,6.9
TKT001844,2021-07-01,90021095,A6720160103,United Kingdom,Product information,neutral,Medium,Please provide more information about the product and available variants.,3.0
TKT001845,2019-08-01,90002014,A7220160203,India,Delivery,negative,Low,Delivery is taking longer than expected and this is affecting our purchase decision.,7.8
TKT001846,2019-10-01,90016175,A2021150503,Poland,Quality,neutral,Low,We need clarification about the product quality and warranty.,6.4
TKT001847,2020-09-01,90022081,A4118110102,USA,Quality,neutral,Low,We need clarification about the product quality and warranty.,5.7
TKT001848,2021-01-01,90001020,A5620110401,China,Product information,neutral,High,Please provide more information about the product and available variants.,4.1
TKT001849,2021-01-01,70016178,A5721110504,Poland,Positive,positive,Medium,The product is performing well and we are considering another order.,4.4
TKT001850,2020-04-01,90008166,A6719160101,Australia,Quality,neutral,Low,We need clarification about the product quality and warranty.,10.4
TKT001851,2019-04-01,90010045,A2419150401,Bangladesh,Quality,neutral,Medium,We need clarification about the product quality and warranty.,0.7
TKT001852,2021-04-01,90010045,A4821110808,Bangladesh,Quality,neutral,Low,We need clarification about the product quality and warranty.,6.0
TKT001853,2018-12-01,70020104,A6218160101,Austria,Positive,positive,Medium,The product is performing well and we are considering another order.,10.1
TKT001854,2020-06-01,90002009,A4118110104,India,Product information,neutral,Low,Please provide more information about the product and available variants.,2.1
TKT001855,2018-10-01,90003179,A4419110408,Indonesia,Product information,neutral,Low,Please provide more information about the product and available variants.,1.6
TKT001856,2020-03-01,90016173,A4319110304,Poland,Product information,neutral,Medium,Please provide more information about the product and available variants.,1.2
TKT001857,2018-12-01,90016171,A5419110207,Poland,Quality,neutral,Low,We need clarification about the product quality and warranty.,2.8
TKT001858,2019-12-01,90019200,A0721150404,Sweden,Delivery,negative,High,Delivery is taking longer than expected and this is affecting our purchase decision.,4.4
TKT001859,2020-04-01,90020098,A3421150605,Austria,Product information,neutral,Low,Please provide more information about the product and available variants.,7.7
TKT001860,2019-06-01,70010048,A2721150706,Bangladesh,Product information,neutral,Low,Please provide more information about the product and available variants.,2.6
TKT001861,2019-06-01,90009132,A4720110702,Newzealand,Quality,neutral,Low,We need clarification about the product quality and warranty.,7.7
TKT001862,2020-01-01,90015149,A6919160302,Norway,Product information,neutral,Medium,Please provide more information about the product and available variants.,0.5
TKT001863,2020-03-01,90010046,A4318110301,Bangladesh,Positive,positive,Low,The product is performing well and we are considering another order.,4.3
TKT001864,2019-12-01,70016177,A4218110202,Poland,Quality,neutral,Low,We need clarification about the product quality and warranty.,9.8
TKT001865,2019-09-01,90014139,A4620110605,Netherlands,Product information,neutral,Medium,Please provide more information about the product and available variants.,10.2
TKT001866,2019-04-01,90011186,A4519110501,France,Product information,neutral,Low,Please provide more information about the product and available variants.,3.6
TKT001867,2021-05-01,70006157,A3718150105,Philiphines,Quality,neutral,Low,We need clarification about the product quality and warranty.,18.1
TKT001868,2020-02-01,90016171,A1618150104,Poland,Delivery,negative,Low,Delivery is taking longer than expected and this is affecting our purchase decision.,16.2
TKT001869,2019-06-01,70014143,A6120110205,Netherlands,Positive,positive,Low,The product is performing well and we are considering another order.,7.9
TKT001870,2019-03-01,70012043,A4519110501,Germany,Product information,neutral,Medium,Please provide more information about the product and available variants.,8.5
TKT001871,2019-10-01,90023029,A7321160303,Canada,Positive,positive,Low,The product is performing well and we are considering another order.,19.4
TKT001872,2019-07-01,70003182,A1919150401,Indonesia,Quality,neutral,Medium,We need clarification about the product quality and warranty.,5.4
TKT001873,2019-12-01,90008165,A6218160102,Australia,Delivery,negative,Medium,Delivery is taking longer than expected and this is affecting our purchase decision.,18.3
TKT001874,2019-09-01,90022071,A4620110605,USA,Quality,neutral,Low,We need clarification about the product quality and warranty.,0.5
TKT001875,2019-11-01,80007196,A3220150406,South Korea,Quality,neutral,Low,We need clarification about the product quality and warranty.,9.8
TKT001876,2020-01-01,90007197,A1319150401,South Korea,Positive,positive,Medium,The product is performing well and we are considering another order.,2.7
TKT001877,2020-12-01,70002018,A3718150101,India,Quality,neutral,Low,We need clarification about the product quality and warranty.,5.1
TKT001878,2019-06-01,90004066,A6218160101,Japan,Delivery,negative,Medium,Delivery is taking longer than expected and this is affecting our purchase decision.,17.8
TKT001879,2021-04-01,90013119,A6019110107,Italy,Delivery,negative,Medium,Delivery is taking longer than expected and this is affecting our purchase decision.,5.7
TKT001880,2021-02-01,90007197,A1118150202,South Korea,Positive,positive,Medium,The product is performing well and we are considering another order.,8.7
TKT001881,2019-01-01,90002009,A3621150806,India,Delivery,negative,Low,Delivery is taking longer than expected and this is affecting our purchase decision.,4.4
TKT001882,2018-11-01,90003179,A4419110408,Indonesia,Quality,neutral,Low,We need clarification about the product quality and warranty.,6.5
TKT001883,2021-01-01,80007196,A4419110402,South Korea,Product information,neutral,Medium,Please provide more information about the product and available variants.,8.8
TKT001884,2020-05-01,70009133,A4620110601,Newzealand,Quality,neutral,Medium,We need clarification about the product quality and warranty.,2.9
TKT001885,2020-03-01,70009133,A6818160202,Newzealand,Quality,neutral,Medium,We need clarification about the product quality and warranty.,5.2
TKT001886,2020-05-01,90023023,A2620150606,Canada,Positive,positive,Medium,The product is performing well and we are considering another order.,1.8
TKT001887,2020-08-01,90005160,A1919150403,Pakistan,Product information,neutral,Low,Please provide more information about the product and available variants.,4.9
TKT001888,2019-06-01,90017051,A1718150204,Portugal,Quality,neutral,Medium,We need clarification about the product quality and warranty.,5.4
TKT001889,2020-12-01,90013121,A1118150201,Italy,Positive,positive,Low,The product is performing well and we are considering another order.,2.0
TKT001890,2019-09-01,70006158,A3120150304,Philiphines,Positive,positive,High,The product is performing well and we are considering another order.,6.1
TKT001891,2019-06-01,70021096,A2821150806,United Kingdom,Positive,positive,Medium,The product is performing well and we are considering another order.,7.3
TKT001892,2020-03-01,70005163,A0519150208,Pakistan,Product information,neutral,Low,Please provide more information about the product and available variants.,7.1
TKT001893,2019-01-01,90019203,A6919160302,Sweden,Positive,positive,Low,The product is performing well and we are considering another order.,12.2
TKT001894,2019-08-01,70021096,A1919150401,United Kingdom,Positive,positive,Low,The product is performing well and we are considering another order.,0.5
TKT001895,2019-04-01,70017060,A5519110302,Portugal,Positive,positive,Medium,The product is performing well and we are considering another order.,3.3
TKT001896,2020-12-01,90022079,A5318110102,USA,Delivery,negative,Medium,Delivery is taking longer than expected and this is affecting our purchase decision.,17.0
TKT001897,2020-05-01,90018105,A5621110404,Spain,Quality,neutral,Medium,We need clarification about the product quality and warranty.,7.0
TKT001898,2021-04-01,90020100,A4218110202,Austria,Quality,neutral,Medium,We need clarification about the product quality and warranty.,10.0
TKT001899,2018-09-01,90005161,A0219150202,Pakistan,Product information,neutral,Low,Please provide more information about the product and available variants.,9.0
TKT001900,2021-01-01,90023025,A3119150302,Canada,Positive,positive,Medium,The product is performing well and we are considering another order.,8.1
TKT001901,2018-12-01,90011192,A5721110503,France,Quality,neutral,Low,We need clarification about the product quality and warranty.,2.3
TKT001902,2019-07-01,90011186,A0921150604,France,Delivery,negative,Medium,Delivery is taking longer than expected and this is affecting our purchase decision.,19.8
TKT001903,2020-03-01,70003182,A4020150401,Indonesia,Positive,positive,Medium,The product is performing well and we are considering another order.,7.6
TKT001904,2021-07-01,70006157,A0418150105,Philiphines,Positive,positive,Medium,The product is performing well and we are considering another order.,13.2
TKT001905,2019-06-01,90016176,A2721150706,Poland,Product information,neutral,Medium,Please provide more information about the product and available variants.,2.9
TKT001906,2020-02-01,90010046,A4520110508,Bangladesh,Delivery,negative,Low,Delivery is taking longer than expected and this is affecting our purchase decision.,1.0
TKT001907,2018-11-01,90002013,A2219150206,India,Delivery,negative,Low,Delivery is taking longer than expected and this is affecting our purchase decision.,7.3
TKT001908,2020-04-01,70009133,A6119110202,Newzealand,Product information,neutral,Low,Please provide more information about the product and available variants.,5.7
TKT001909,2019-07-01,90016174,A2118150105,Poland,Positive,positive,Low,The product is performing well and we are considering another order.,7.9
TKT001910,2019-11-01,90007197,A4821110806,South Korea,Delivery,negative,Low,Delivery is taking longer than expected and this is affecting our purchase decision.,2.0
TKT001911,2019-05-01,90016175,A1219150302,Poland,Quality,neutral,Medium,We need clarification about the product quality and warranty.,8.1
TKT001912,2020-10-01,90015144,A2419150402,Norway,Delivery,negative,Medium,Delivery is taking longer than expected and this is affecting our purchase decision.,5.6
TKT001913,2021-04-01,90003179,A5621110407,Indonesia,Positive,positive,High,The product is performing well and we are considering another order.,2.3
TKT001914,2021-06-01,90016174,A5721110503,Poland,Positive,positive,Low,The product is performing well and we are considering another order.,9.0
TKT001915,2020-12-01,90022074,A1920150404,USA,Delivery,negative,Low,Delivery is taking longer than expected and this is affecting our purchase decision.,8.8
TKT001916,2021-08-01,90009130,A2218150202,Newzealand,Quality,neutral,Low,We need clarification about the product quality and warranty.,6.9
TKT001917,2020-04-01,90003179,A0418150107,Indonesia,Product information,neutral,Low,Please provide more information about the product and available variants.,13.1
TKT001918,2020-07-01,90020100,A2118150105,Austria,Delivery,negative,Medium,Delivery is taking longer than expected and this is affecting our purchase decision.,12.3
TKT001919,2019-09-01,90013124,A0118150101,Italy,Product information,neutral,Low,Please provide more information about the product and available variants.,2.1
TKT001920,2021-08-01,90010044,A0118150103,Bangladesh,Delivery,negative,Low,Delivery is taking longer than expected and this is affecting our purchase decision.,1.1
TKT001921,2020-08-01,90003179,A4021150403,Indonesia,Positive,positive,Low,The product is performing well and we are considering another order.,7.0
TKT001922,2020-02-01,90002011,A2821150805,India,Delivery,negative,Low,Delivery is taking longer than expected and this is affecting our purchase decision.,10.4
TKT001923,2019-03-01,90020097,A0821150503,Austria,Delivery,negative,Low,Delivery is taking longer than expected and this is affecting our purchase decision.,3.2
TKT001924,2019-01-01,90008164,A5721110503,Australia,Product information,neutral,Low,Please provide more information about the product and available variants.,3.2
TKT001925,2019-02-01,90012040,A6419160302,Germany,Positive,positive,Medium,The product is performing well and we are considering another order.,0.8
TKT001926,2020-06-01,90014135,A3119150302,Netherlands,Delivery,negative,Medium,Delivery is taking longer than expected and this is affecting our purchase decision.,11.1
TKT001927,2019-10-01,90019203,A0621150308,Sweden,Delivery,negative,Low,Delivery is taking longer than expected and this is affecting our purchase decision.,8.4
TKT001928,2019-01-01,90004065,A5721110503,Japan,Delivery,negative,Medium,Delivery is taking longer than expected and this is affecting our purchase decision.,14.8
TKT001929,2020-06-01,70015152,A1618150101,Norway,Product information,neutral,Low,Please provide more information about the product and available variants.,5.0
TKT001930,2021-08-01,90019200,A1718150204,Sweden,Product information,neutral,Low,Please provide more information about the product and available variants.,9.1
TKT001931,2020-12-01,90015144,A4419110404,Norway,Quality,neutral,Low,We need clarification about the product quality and warranty.,5.3
TKT001932,2020-09-01,90014135,A3521150706,Netherlands,Quality,neutral,Low,We need clarification about the product quality and warranty.,5.6
TKT001933,2021-07-01,70008170,A2219150205,Australia,Quality,neutral,Medium,We need clarification about the product quality and warranty.,2.8
TKT001934,2019-02-01,80001019,A6018110102,China,Positive,positive,Low,The product is performing well and we are considering another order.,3.9
TKT001935,2020-05-01,90008165,A0821150503,Australia,Positive,positive,High,The product is performing well and we are considering another order.,4.5
TKT001936,2019-12-01,70005163,A2821150801,Pakistan,Delivery,negative,Low,Delivery is taking longer than expected and this is affecting our purchase decision.,5.8
TKT001937,2020-07-01,90020100,A3521150704,Austria,Positive,positive,Low,The product is performing well and we are considering another order.,5.4
TKT001938,2018-10-01,70021096,A2620150606,United Kingdom,Quality,neutral,Low,We need clarification about the product quality and warranty.,7.5
TKT001939,2021-01-01,90020101,A3220150401,Austria,Quality,neutral,Low,We need clarification about the product quality and warranty.,8.2
TKT001940,2019-04-01,80007196,A0621150308,South Korea,Quality,neutral,Medium,We need clarification about the product quality and warranty.,14.7
TKT001941,2018-09-01,90016176,A2821150806,Poland,Product information,neutral,Medium,Please provide more information about the product and available variants.,2.7
TKT001942,2020-02-01,90020100,A2219150206,Austria,Product information,neutral,Low,Please provide more information about the product and available variants.,13.7
TKT001943,2018-09-01,90002016,A3421150605,India,Positive,positive,Low,The product is performing well and we are considering another order.,17.7
TKT001944,2020-08-01,90002012,A4419110405,India,Positive,positive,Medium,The product is performing well and we are considering another order.,12.0
TKT001945,2020-03-01,70007199,A7220160202,South Korea,Positive,positive,Medium,The product is performing well and we are considering another order.,15.2
TKT001946,2020-09-01,80001019,A4319110305,China,Product information,neutral,Low,Please provide more information about the product and available variants.,7.6
TKT001947,2021-03-01,90023023,A3019150205,Canada,Quality,neutral,High,We need clarification about the product quality and warranty.,8.6
TKT001948,2019-09-01,70019204,A3120150306,Sweden,Delivery,negative,Low,Delivery is taking longer than expected and this is affecting our purchase decision.,0.7
TKT001949,2020-09-01,70015152,A5318110104,Norway,Quality,neutral,Low,We need clarification about the product quality and warranty.,6.7
TKT001950,2020-07-01,90002009,A0519150203,India,Positive,positive,Low,The product is performing well and we are considering another order.,14.7
TKT001951,2020-11-01,90012038,A5721110503,Germany,Quality,neutral,Medium,We need clarification about the product quality and warranty.,2.5
TKT001952,2021-08-01,90008164,A4520110506,Australia,Delivery,negative,Medium,Delivery is taking longer than expected and this is affecting our purchase decision.,11.4
TKT001953,2020-12-01,70009133,A2520150502,Newzealand,Delivery,negative,Medium,Delivery is taking longer than expected and this is affecting our purchase decision.,8.8
TKT001954,2020-03-01,90009130,A4620110608,Newzealand,Positive,positive,Medium,The product is performing well and we are considering another order.,6.6
TKT001955,2021-03-01,70006158,A3521150705,Philiphines,Delivery,negative,Medium,Delivery is taking longer than expected and this is affecting our purchase decision.,4.1
TKT001956,2020-04-01,90018107,A3420150601,Spain,Quality,neutral,Medium,We need clarification about the product quality and warranty.,9.7
TKT001957,2020-09-01,90019202,A2821150806,Sweden,Product information,neutral,Low,Please provide more information about the product and available variants.,7.4
TKT001958,2019-10-01,90017059,A3819150203,Portugal,Product information,neutral,Low,Please provide more information about the product and available variants.,0.7
TKT001959,2020-02-01,90013123,A0721150403,Italy,Product information,neutral,Low,Please provide more information about the product and available variants.,4.9
TKT001960,2020-08-01,70012043,A1420150501,Germany,Product information,neutral,Low,Please provide more information about the product and available variants.,3.0
TKT001961,2019-10-01,90017057,A6720160103,Portugal,Delivery,negative,Low,Delivery is taking longer than expected and this is affecting our purchase decision.,6.8
TKT001962,2021-07-01,90007197,A2319150301,South Korea,Quality,neutral,Medium,We need clarification about the product quality and warranty.,3.6
TKT001963,2021-02-01,90023029,A5419110208,Canada,Quality,neutral,Low,We need clarification about the product quality and warranty.,4.1
TKT001964,2020-05-01,90022075,A1219150303,USA,Product information,neutral,Low,Please provide more information about the product and available variants.,4.4
TKT001965,2021-01-01,70003182,A4021150405,Indonesia,Positive,positive,Medium,The product is performing well and we are considering another order.,3.7
TKT001966,2019-12-01,70021096,A2520150505,United Kingdom,Positive,positive,Medium,The product is performing well and we are considering another order.,2.5
TKT001967,2019-03-01,70020104,A7219160201,Austria,Delivery,negative,Medium,Delivery is taking longer than expected and this is affecting our purchase decision.,8.0
TKT001968,2020-02-01,90015147,A5621110403,Norway,Product information,neutral,Low,Please provide more information about the product and available variants.,3.2
TKT001969,2021-03-01,90010045,A1919150403,Bangladesh,Quality,neutral,Low,We need clarification about the product quality and warranty.,4.5
TKT001970,2019-06-01,70010048,A5621110408,Bangladesh,Product information,neutral,Medium,Please provide more information about the product and available variants.,0.3
TKT001971,2018-11-01,90019201,A5620110402,Sweden,Product information,neutral,Medium,Please provide more information about the product and available variants.,3.6
TKT001972,2021-06-01,90005161,A4118110107,Pakistan,Positive,positive,Low,The product is performing well and we are considering another order.,6.3
TKT001973,2021-02-01,70006158,A6219160103,Philiphines,Delivery,negative,Low,Delivery is taking longer than expected and this is affecting our purchase decision.,7.7
TKT001974,2020-05-01,90012034,A0921150601,Germany,Positive,positive,Low,The product is performing well and we are considering another order.,26.1
TKT001975,2021-04-01,80007195,A1919150403,South Korea,Positive,positive,Medium,The product is performing well and we are considering another order.,6.2
TKT001976,2019-03-01,90023030,A1718150201,Canada,Product information,neutral,Low,Please provide more information about the product and available variants.,12.4
TKT001977,2019-08-01,90016175,A1919150401,Poland,Delivery,negative,Low,Delivery is taking longer than expected and this is affecting our purchase decision.,4.9
TKT001978,2021-01-01,90011185,A0519150201,France,Quality,neutral,Medium,We need clarification about the product quality and warranty.,3.0
TKT001979,2019-10-01,90012035,A3621150805,Germany,Product information,neutral,Medium,Please provide more information about the product and available variants.,2.8
TKT001980,2019-05-01,90022074,A2419150401,USA,Product information,neutral,Low,Please provide more information about the product and available variants.,5.4
TKT001981,2021-04-01,90007197,A4419110407,South Korea,Positive,positive,Low,The product is performing well and we are considering another order.,0.4
TKT001982,2020-05-01,90004061,A4319110305,Japan,Delivery,negative,Low,Delivery is taking longer than expected and this is affecting our purchase decision.,4.6
TKT001983,2018-10-01,70023031,A3521150706,Canada,Positive,positive,Low,The product is performing well and we are considering another order.,7.5
TKT001984,2019-06-01,70003182,A3621150805,Indonesia,Positive,positive,Medium,The product is performing well and we are considering another order.,11.9
TKT001985,2018-10-01,70014143,A3018150202,Netherlands,Quality,neutral,Low,We need clarification about the product quality and warranty.,2.9
TKT001986,2019-12-01,90020102,A2821150805,Austria,Product information,neutral,Medium,Please provide more information about the product and available variants.,6.4
TKT001987,2020-12-01,70004069,A6520160403,Japan,Delivery,negative,Medium,Delivery is taking longer than expected and this is affecting our purchase decision.,4.7
TKT001988,2020-06-01,90015145,A3220150404,Norway,Quality,neutral,Medium,We need clarification about the product quality and warranty.,20.4
TKT001989,2020-08-01,70006158,A3320150505,Philiphines,Quality,neutral,Low,We need clarification about the product quality and warranty.,8.0
TKT001990,2019-07-01,90019202,A4821110806,Sweden,Delivery,negative,Low,Delivery is taking longer than expected and this is affecting our purchase decision.,2.2
TKT001991,2018-09-01,70023032,A2721150706,Canada,Product information,neutral,Medium,Please provide more information about the product and available variants.,6.2
TKT001992,2020-05-01,80006155,A0619150302,Philiphines,Delivery,negative,Low,Delivery is taking longer than expected and this is affecting our purchase decision.,7.7
TKT001993,2018-10-01,70010047,A5721110501,Bangladesh,Delivery,negative,Low,Delivery is taking longer than expected and this is affecting our purchase decision.,0.7
TKT001994,2018-11-01,80006154,A1219150303,Philiphines,Positive,positive,Medium,The product is performing well and we are considering another order.,4.0
TKT001995,2020-03-01,70012043,A3018150202,Germany,Product information,neutral,High,Please provide more information about the product and available variants.,4.3
TKT001996,2020-07-01,90012040,A5721110505,Germany,Product information,neutral,Low,Please provide more information about the product and available variants.,3.3
TKT001997,2020-01-01,90010046,A7321160303,Bangladesh,Product information,neutral,Low,Please provide more information about the product and available variants.,1.2
TKT001998,2019-06-01,90020101,A3019150205,Austria,Product information,neutral,High,Please provide more information about the product and available variants.,6.6
TKT001999,2018-10-01,90015144,A4419110404,Norway,Delivery,negative,Medium,Delivery is taking longer than expected and this is affecting our purchase decision.,2.6
TKT002000,2021-01-01,90005160,A4520110505,Pakistan,Positive,positive,Medium,The product is performing well and we are considering another order.,4.4
TKT002001,2021-04-01,90023023,A3220150404,Canada,Positive,positive,Medium,The product is performing well and we are considering another order.,8.7
TKT002002,2019-12-01,70016177,A7321160302,Poland,Positive,positive,High,The product is performing well and we are considering another order.,3.9
TKT002003,2018-11-01,90004067,A4118110104,Japan,Product information,neutral,High,Please provide more information about the product and available variants.,17.1
TKT002004,2020-05-01,70008170,A2520150502,Australia,Delivery,negative,Medium,Delivery is taking longer than expected and this is affecting our purchase decision.,3.5
TKT002005,2021-03-01,90011189,A4118110105,France,Product information,neutral,Medium,Please provide more information about the product and available variants.,1.5
TKT002006,2020-09-01,90004067,A2821150804,Japan,Positive,positive,Medium,The product is performing well and we are considering another order.,19.1
TKT002007,2019-07-01,70009133,A4620110606,Newzealand,Quality,neutral,Low,We need clarification about the product quality and warranty.,8.5
TKT002008,2019-01-01,90015144,A5419110205,Norway,Quality,neutral,Low,We need clarification about the product quality and warranty.,3.2
TKT002009,2020-04-01,90018105,A7321160303,Spain,Delivery,negative,Low,Delivery is taking longer than expected and this is affecting our purchase decision.,4.5
TKT002010,2019-07-01,90005159,A0619150301,Pakistan,Quality,neutral,Medium,We need clarification about the product quality and warranty.,5.4
TKT002011,2021-08-01,90022073,A4419110402,USA,Positive,positive,Low,The product is performing well and we are considering another order.,11.3
TKT002012,2021-07-01,90012037,A6918160303,Germany,Delivery,negative,Medium,Delivery is taking longer than expected and this is affecting our purchase decision.,13.1
TKT002013,2020-02-01,90021088,A4520110507,United Kingdom,Product information,neutral,Medium,Please provide more information about the product and available variants.,2.0
TKT002014,2021-04-01,90001021,A3220150405,China,Quality,neutral,Medium,We need clarification about the product quality and warranty.,3.1
TKT002015,2018-09-01,90006153,A5519110302,Philiphines,Positive,positive,Medium,The product is performing well and we are considering another order.,2.4
TKT002016,2018-10-01,90017053,A4419110407,Portugal,Product information,neutral,Low,Please provide more information about the product and available variants.,3.8
TKT002017,2018-11-01,80007196,A0619150302,South Korea,Positive,positive,Low,The product is performing well and we are considering another order.,5.0
TKT002018,2021-03-01,90009128,A4520110505,Newzealand,Positive,positive,Low,The product is performing well and we are considering another order.,1.7
TKT002019,2021-03-01,90003179,A4821110801,Indonesia,Quality,neutral,Low,We need clarification about the product quality and warranty.,1.5
TKT002020,2020-01-01,90009127,A4118110101,Newzealand,Delivery,negative,Low,Delivery is taking longer than expected and this is affecting our purchase decision.,4.7
TKT002021,2018-09-01,90012037,A4419110405,Germany,Quality,neutral,High,We need clarification about the product quality and warranty.,13.4
TKT002022,2019-03-01,90002016,A5519110302,India,Product information,neutral,Low,Please provide more information about the product and available variants.,5.8
TKT002023,2020-03-01,90012038,A0921150601,Germany,Delivery,negative,Low,Delivery is taking longer than expected and this is affecting our purchase decision.,4.3
TKT002024,2021-01-01,80006155,A6019110107,Philiphines,Product information,neutral,Medium,Please provide more information about the product and available variants.,4.1
TKT002025,2020-03-01,90004065,A0619150302,Japan,Product information,neutral,Low,Please provide more information about the product and available variants.,3.5
TKT002026,2020-03-01,90005162,A7119160102,Pakistan,Delivery,negative,Low,Delivery is taking longer than expected and this is affecting our purchase decision.,4.9
TKT002027,2019-06-01,90011187,A3420150601,France,Delivery,negative,Medium,Delivery is taking longer than expected and this is affecting our purchase decision.,11.3
TKT002028,2021-03-01,90021089,A0921150601,United Kingdom,Quality,neutral,Low,We need clarification about the product quality and warranty.,4.1
TKT002029,2020-03-01,90005160,A6419160301,Pakistan,Quality,neutral,Low,We need clarification about the product quality and warranty.,5.6
TKT002030,2019-10-01,70012043,A6621160503,Germany,Quality,neutral,Low,We need clarification about the product quality and warranty.,13.7
TKT002031,2020-08-01,90004062,A2319150301,Japan,Quality,neutral,High,We need clarification about the product quality and warranty.,4.7
TKT002032,2021-04-01,90015150,A4218110207,Norway,Delivery,negative,Medium,Delivery is taking longer than expected and this is affecting our purchase decision.,5.5
TKT002033,2019-04-01,90008165,A4821110804,Australia,Quality,neutral,Medium,We need clarification about the product quality and warranty.,5.4
TKT002034,2021-06-01,90014136,A1320150403,Netherlands,Positive,positive,Medium,The product is performing well and we are considering another order.,7.7
TKT002035,2021-07-01,90005160,A4520110506,Pakistan,Quality,neutral,Medium,We need clarification about the product quality and warranty.,8.6
TKT002036,2019-10-01,90019203,A2520150506,Sweden,Positive,positive,Medium,The product is performing well and we are considering another order.,7.7
TKT002037,2020-10-01,90014140,A2620150605,Netherlands,Product information,neutral,Low,Please provide more information about the product and available variants.,5.5
TKT002038,2021-03-01,90006156,A0321150302,Philiphines,Positive,positive,Medium,The product is performing well and we are considering another order.,4.2
TKT002039,2020-12-01,90008164,A0321150302,Australia,Product information,neutral,Low,Please provide more information about the product and available variants.,5.7
TKT002040,2019-01-01,90017056,A4620110605,Portugal,Quality,neutral,Medium,We need clarification about the product quality and warranty.,10.3
TKT002041,2021-08-01,70009133,A7018160402,Newzealand,Quality,neutral,Low,We need clarification about the product quality and warranty.,7.2
TKT002042,2018-12-01,90001020,A1420150502,China,Product information,neutral,Medium,Please provide more information about the product and available variants.,2.9
TKT002043,2021-08-01,70003181,A6119110203,Indonesia,Product information,neutral,Medium,Please provide more information about the product and available variants.,4.9
TKT002044,2020-11-01,90003180,A2319150304,Indonesia,Quality,neutral,Medium,We need clarification about the product quality and warranty.,11.5
TKT002045,2021-03-01,70003181,A4118110107,Indonesia,Quality,neutral,Medium,We need clarification about the product quality and warranty.,1.4
TKT002046,2019-08-01,90018109,A3621150805,Spain,Quality,neutral,Low,We need clarification about the product quality and warranty.,3.6
TKT002047,2020-03-01,90017056,A3120150306,Portugal,Delivery,negative,Low,Delivery is taking longer than expected and this is affecting our purchase decision.,2.6
TKT002048,2019-10-01,70020104,A4218110201,Austria,Quality,neutral,Low,We need clarification about the product quality and warranty.,4.5
TKT002049,2019-08-01,80006155,A1819150304,Philiphines,Positive,positive,High,The product is performing well and we are considering another order.,8.0
TKT002050,2019-07-01,90001021,A4218110207,China,Positive,positive,Low,The product is performing well and we are considering another order.,1.4
TKT002051,2021-02-01,90012040,A1118150201,Germany,Quality,neutral,Medium,We need clarification about the product quality and warranty.,1.4
TKT002052,2019-02-01,70002018,A5318110108,India,Delivery,negative,Low,Delivery is taking longer than expected and this is affecting our purchase decision.,4.1
TKT002053,2018-12-01,90017050,A2721150705,Portugal,Product information,neutral,Low,Please provide more information about the product and available variants.,1.8
TKT002054,2019-05-01,70021096,A3718150101,United Kingdom,Product information,neutral,High,Please provide more information about the product and available variants.,3.3
TKT002055,2019-11-01,90021092,A5419110208,United Kingdom,Delivery,negative,High,Delivery is taking longer than expected and this is affecting our purchase decision.,7.4
TKT002056,2019-03-01,90019200,A3320150506,Sweden,Quality,neutral,Low,We need clarification about the product quality and warranty.,3.3
TKT002057,2019-06-01,80001019,A4319110306,China,Positive,positive,Low,The product is performing well and we are considering another order.,8.1
TKT002058,2019-02-01,70015151,A4520110508,Norway,Delivery,negative,Medium,Delivery is taking longer than expected and this is affecting our purchase decision.,2.6
TKT002059,2020-10-01,90021093,A2721150702,United Kingdom,Quality,neutral,High,We need clarification about the product quality and warranty.,1.5
TKT002060,2019-11-01,90010046,A2419150405,Bangladesh,Positive,positive,Medium,The product is performing well and we are considering another order.,3.7
TKT002061,2019-09-01,90013120,A0620150305,Italy,Product information,neutral,Low,Please provide more information about the product and available variants.,6.8
TKT002062,2019-12-01,70004069,A7321160302,Japan,Quality,neutral,Medium,We need clarification about the product quality and warranty.,4.8
TKT002063,2020-03-01,90023022,A0418150101,Canada,Product information,neutral,Medium,Please provide more information about the product and available variants.,10.1
TKT002064,2019-02-01,70004070,A0721150401,Japan,Product information,neutral,Medium,Please provide more information about the product and available variants.,2.1
TKT002065,2018-12-01,80006154,A0619150301,Philiphines,Product information,neutral,Low,Please provide more information about the product and available variants.,3.3
TKT002066,2019-11-01,70017060,A3718150101,Portugal,Quality,neutral,Medium,We need clarification about the product quality and warranty.,7.3
TKT002067,2020-11-01,90016174,A4720110702,Poland,Quality,neutral,Medium,We need clarification about the product quality and warranty.,7.1
TKT002068,2020-08-01,90002016,A5419110202,India,Delivery,negative,Medium,Delivery is taking longer than expected and this is affecting our purchase decision.,1.4
TKT002069,2019-07-01,90003180,A6218160101,Indonesia,Quality,neutral,Low,We need clarification about the product quality and warranty.,4.0
TKT002070,2020-03-01,70004069,A0418150105,Japan,Product information,neutral,Low,Please provide more information about the product and available variants.,7.1
TKT002071,2021-05-01,90023022,A6018110102,Canada,Quality,neutral,Low,We need clarification about the product quality and warranty.,16.5
TKT002072,2019-06-01,90023026,A1618150101,Canada,Positive,positive,High,The product is performing well and we are considering another order.,2.8
TKT002073,2021-08-01,90022074,A0621150307,USA,Delivery,negative,Low,Delivery is taking longer than expected and this is affecting our purchase decision.,9.8
TKT002074,2020-12-01,90023024,A0418150102,Canada,Quality,neutral,Low,We need clarification about the product quality and warranty.,4.1
TKT002075,2021-04-01,90016173,A4720110702,Poland,Delivery,negative,Low,Delivery is taking longer than expected and this is affecting our purchase decision.,6.6
TKT002076,2021-08-01,90014135,A3220150402,Netherlands,Quality,neutral,Low,We need clarification about the product quality and warranty.,8.7
TKT002077,2021-03-01,70003182,A0418150105,Indonesia,Product information,neutral,Low,Please provide more information about the product and available variants.,9.1
TKT002078,2020-03-01,90017054,A0321150302,Portugal,Positive,positive,Medium,The product is performing well and we are considering another order.,4.2
TKT002079,2020-11-01,90001021,A2821150802,China,Delivery,negative,Medium,Delivery is taking longer than expected and this is affecting our purchase decision.,12.5
TKT002080,2021-01-01,90017053,A2118150101,Portugal,Positive,positive,Low,The product is performing well and we are considering another order.,3.3
TKT002081,2018-09-01,90003179,A0519150201,Indonesia,Quality,neutral,Medium,We need clarification about the product quality and warranty.,17.2
TKT002082,2021-04-01,90009127,A4218110205,Newzealand,Product information,neutral,Low,Please provide more information about the product and available variants.,4.9
TKT002083,2020-09-01,70006157,A2620150606,Philiphines,Positive,positive,Low,The product is performing well and we are considering another order.,3.7
TKT002084,2019-10-01,90008165,A1018150102,Australia,Delivery,negative,Medium,Delivery is taking longer than expected and this is affecting our purchase decision.,1.8
TKT002085,2019-05-01,90011186,A0519150202,France,Product information,neutral,Medium,Please provide more information about the product and available variants.,6.8
TKT002086,2019-08-01,90002001,A5519110304,India,Quality,neutral,Medium,We need clarification about the product quality and warranty.,5.3
TKT002087,2021-03-01,80006154,A6918160303,Philiphines,Delivery,negative,Low,Delivery is taking longer than expected and this is affecting our purchase decision.,1.8
TKT002088,2018-09-01,90012034,A5318110103,Germany,Positive,positive,Low,The product is performing well and we are considering another order.,7.1
TKT002089,2021-01-01,90012035,A5721110505,Germany,Quality,neutral,Low,We need clarification about the product quality and warranty.,3.4
TKT002090,2019-07-01,90021089,A6720160103,United Kingdom,Delivery,negative,Medium,Delivery is taking longer than expected and this is affecting our purchase decision.,6.7
TKT002091,2020-07-01,70023032,A2319150306,Canada,Delivery,negative,High,Delivery is taking longer than expected and this is affecting our purchase decision.,10.3
TKT002092,2020-01-01,90007197,A4118110101,South Korea,Positive,positive,Medium,The product is performing well and we are considering another order.,5.7
TKT002093,2020-07-01,90002012,A5519110302,India,Positive,positive,Low,The product is performing well and we are considering another order.,2.5
TKT002094,2020-06-01,70003182,A3920150305,Indonesia,Positive,positive,Low,The product is performing well and we are considering another order.,7.2
TKT002095,2019-03-01,70010047,A3320150501,Bangladesh,Delivery,negative,Low,Delivery is taking longer than expected and this is affecting our purchase decision.,1.4
TKT002096,2021-05-01,70014142,A2520150501,Netherlands,Positive,positive,Medium,The product is performing well and we are considering another order.,2.6
TKT002097,2021-02-01,70015151,A5721110507,Norway,Quality,neutral,Medium,We need clarification about the product quality and warranty.,4.3
TKT002098,2018-10-01,90003180,A6120110207,Indonesia,Delivery,negative,Medium,Delivery is taking longer than expected and this is affecting our purchase decision.,2.6
TKT002099,2019-03-01,90003180,A2620150602,Indonesia,Positive,positive,Low,The product is performing well and we are considering another order.,4.9
TKT002100,2020-02-01,90013120,A2821150802,Italy,Positive,positive,Medium,The product is performing well and we are considering another order.,4.6
TKT002101,2019-11-01,90001020,A1819150301,China,Positive,positive,Low,The product is performing well and we are considering another order.,5.7
TKT002102,2019-02-01,70003182,A1618150101,Indonesia,Delivery,negative,Medium,Delivery is taking longer than expected and this is affecting our purchase decision.,7.6
TKT002103,2021-03-01,90008166,A4118110101,Australia,Delivery,negative,Low,Delivery is taking longer than expected and this is affecting our purchase decision.,7.7
TKT002104,2020-05-01,90017056,A3420150601,Portugal,Delivery,negative,Low,Delivery is taking longer than expected and this is affecting our purchase decision.,13.6
TKT002105,2019-10-01,90021095,A1718150201,United Kingdom,Product information,neutral,Low,Please provide more information about the product and available variants.,5.1
TKT002106,2018-09-01,90011186,A3119150302,France,Delivery,negative,High,Delivery is taking longer than expected and this is affecting our purchase decision.,6.3
TKT002107,2020-07-01,90019203,A0418150105,Sweden,Positive,positive,High,The product is performing well and we are considering another order.,7.9
TKT002108,2020-02-01,90023022,A0721150404,Canada,Product information,neutral,Medium,Please provide more information about the product and available variants.,3.3
TKT002109,2019-05-01,90020101,A6119110203,Austria,Positive,positive,Medium,The product is performing well and we are considering another order.,3.4
TKT002110,2021-01-01,90016173,A0418150105,Poland,Delivery,negative,High,Delivery is taking longer than expected and this is affecting our purchase decision.,3.6
TKT002111,2019-04-01,90022080,A7321160301,USA,Delivery,negative,High,Delivery is taking longer than expected and this is affecting our purchase decision.,6.6
TKT002112,2020-04-01,90011188,A1618150104,France,Delivery,negative,Low,Delivery is taking longer than expected and this is affecting our purchase decision.,4.6
TKT002113,2019-01-01,90004066,A4319110305,Japan,Quality,neutral,Low,We need clarification about the product quality and warranty.,5.0
TKT002114,2021-05-01,90021093,A2721150702,United Kingdom,Positive,positive,Medium,The product is performing well and we are considering another order.,8.3
TKT002115,2021-02-01,90002014,A4218110205,India,Product information,neutral,Medium,Please provide more information about the product and available variants.,4.3
TKT002116,2021-03-01,90002008,A4520110504,India,Positive,positive,Medium,The product is performing well and we are considering another order.,7.0
TKT002117,2019-02-01,70005163,A5621110404,Pakistan,Positive,positive,Medium,The product is performing well and we are considering another order.,8.9
TKT002118,2019-04-01,90021093,A5621110404,United Kingdom,Quality,neutral,Low,We need clarification about the product quality and warranty.,6.1
TKT002119,2019-01-01,90019202,A4721110708,Sweden,Quality,neutral,Medium,We need clarification about the product quality and warranty.,4.4
TKT002120,2020-10-01,90021090,A6119110203,United Kingdom,Quality,neutral,Low,We need clarification about the product quality and warranty.,17.3
TKT002121,2021-04-01,90014135,A0519150207,Netherlands,Positive,positive,Medium,The product is performing well and we are considering another order.,3.2
TKT002122,2019-09-01,90005159,A4721110707,Pakistan,Positive,positive,Medium,The product is performing well and we are considering another order.,9.2
TKT002123,2020-07-01,90001021,A3521150702,China,Positive,positive,Medium,The product is performing well and we are considering another order.,8.1
TKT002124,2019-10-01,90016171,A0118150102,Poland,Product information,neutral,Medium,Please provide more information about the product and available variants.,3.2
TKT002125,2021-08-01,90005160,A0620150305,Pakistan,Positive,positive,Medium,The product is performing well and we are considering another order.,6.1
TKT002126,2020-11-01,90020101,A1521150601,Austria,Product information,neutral,Medium,Please provide more information about the product and available variants.,0.9
TKT002127,2020-05-01,90003180,A3621150806,Indonesia,Delivery,negative,Medium,Delivery is taking longer than expected and this is affecting our purchase decision.,8.4
TKT002128,2020-06-01,90002009,A6119110201,India,Delivery,negative,Low,Delivery is taking longer than expected and this is affecting our purchase decision.,3.8
TKT002129,2021-08-01,90018113,A4419110408,Spain,Delivery,negative,Low,Delivery is taking longer than expected and this is affecting our purchase decision.,2.6
TKT002130,2021-01-01,90020097,A5721110503,Austria,Positive,positive,Low,The product is performing well and we are considering another order.,9.0
TKT002131,2021-04-01,90018105,A1718150203,Spain,Quality,neutral,Medium,We need clarification about the product quality and warranty.,5.6
TKT002132,2020-05-01,90014140,A2620150601,Netherlands,Delivery,negative,Low,Delivery is taking longer than expected and this is affecting our purchase decision.,7.6
TKT002133,2021-02-01,90016176,A4721110707,Poland,Product information,neutral,Low,Please provide more information about the product and available variants.,3.6
TKT002134,2020-11-01,90023028,A0321150303,Canada,Quality,neutral,High,We need clarification about the product quality and warranty.,1.6
TKT002135,2018-09-01,80006154,A6519160401,Philiphines,Positive,positive,Low,The product is performing well and we are considering another order.,5.6
TKT002136,2020-12-01,70003181,A0118150102,Indonesia,Positive,positive,Low,The product is performing well and we are considering another order.,11.6
TKT002137,2019-10-01,70011194,A1420150502,France,Product information,neutral,Low,Please provide more information about the product and available variants.,8.9
TKT002138,2020-06-01,90014140,A2620150601,Netherlands,Positive,positive,Low,The product is performing well and we are considering another order.,16.0
TKT002139,2021-06-01,90023024,A7118160101,Canada,Positive,positive,High,The product is performing well and we are considering another order.,0.6
TKT002140,2019-10-01,90004064,A5621110404,Japan,Positive,positive,Low,The product is performing well and we are considering another order.,4.5
TKT002141,2019-06-01,90017053,A5520110305,Portugal,Delivery,negative,Low,Delivery is taking longer than expected and this is affecting our purchase decision.,7.1
TKT002142,2019-09-01,90003179,A0721150401,Indonesia,Quality,neutral,Low,We need clarification about the product quality and warranty.,0.8
TKT002143,2021-06-01,90001021,A4620110606,China,Positive,positive,High,The product is performing well and we are considering another order.,5.3
TKT002144,2020-02-01,90008166,A4118110101,Australia,Product information,neutral,Low,Please provide more information about the product and available variants.,6.0
TKT002145,2020-04-01,80006154,A5318110108,Philiphines,Product information,neutral,Low,Please provide more information about the product and available variants.,14.3
TKT002146,2021-07-01,90022073,A4821110804,USA,Quality,neutral,High,We need clarification about the product quality and warranty.,11.3
TKT002147,2019-03-01,90003179,A4419110402,Indonesia,Product information,neutral,Medium,Please provide more information about the product and available variants.,4.5
TKT002148,2018-09-01,90015145,A3521150704,Norway,Positive,positive,Medium,The product is performing well and we are considering another order.,5.4
TKT002149,2020-09-01,70014142,A4021150403,Netherlands,Quality,neutral,Low,We need clarification about the product quality and warranty.,8.7
TKT002150,2020-12-01,90004066,A2721150704,Japan,Quality,neutral,Low,We need clarification about the product quality and warranty.,3.3
TKT002151,2019-12-01,90012035,A5419110208,Germany,Quality,neutral,Low,We need clarification about the product quality and warranty.,9.8
TKT002152,2020-12-01,90016176,A2218150201,Poland,Product information,neutral,Medium,Please provide more information about the product and available variants.,11.5
TKT002153,2019-01-01,90003179,A2918150102,Indonesia,Product information,neutral,Medium,Please provide more information about the product and available variants.,3.3
TKT002154,2018-12-01,90011186,A4520110507,France,Quality,neutral,Medium,We need clarification about the product quality and warranty.,16.6
TKT002155,2019-04-01,90011185,A7118160101,France,Positive,positive,Low,The product is performing well and we are considering another order.,12.0
TKT002156,2019-05-01,90006156,A5520110308,Philiphines,Quality,neutral,Low,We need clarification about the product quality and warranty.,2.6
TKT002157,2021-07-01,90016173,A5721110507,Poland,Positive,positive,Low,The product is performing well and we are considering another order.,2.4
TKT002158,2020-04-01,90008166,A7119160103,Australia,Delivery,negative,Low,Delivery is taking longer than expected and this is affecting our purchase decision.,5.4
TKT002159,2019-11-01,90015144,A3220150405,Norway,Product information,neutral,Low,Please provide more information about the product and available variants.,6.6
TKT002160,2019-01-01,70023031,A7020160403,Canada,Quality,neutral,Low,We need clarification about the product quality and warranty.,9.2
TKT002161,2020-06-01,90004063,A2118150101,Japan,Quality,neutral,Low,We need clarification about the product quality and warranty.,9.5
TKT002162,2020-11-01,90015147,A0721150403,Norway,Delivery,negative,Low,Delivery is taking longer than expected and this is affecting our purchase decision.,11.2
TKT002163,2019-12-01,70014143,A6419160303,Netherlands,Product information,neutral,High,Please provide more information about the product and available variants.,11.6
TKT002164,2021-04-01,90022074,A4620110608,USA,Quality,neutral,Low,We need clarification about the product quality and warranty.,5.3
TKT002165,2021-02-01,90004068,A3819150203,Japan,Quality,neutral,Medium,We need clarification about the product quality and warranty.,4.6
TKT002166,2020-09-01,90018113,A3718150105,Spain,Quality,neutral,Low,We need clarification about the product quality and warranty.,7.9
TKT002167,2021-05-01,90001020,A2721150705,China,Product information,neutral,Low,Please provide more information about the product and available variants.,7.3
TKT002168,2019-11-01,90014135,A6620160501,Netherlands,Positive,positive,Medium,The product is performing well and we are considering another order.,1.6
TKT002169,2019-11-01,90016171,A6819160203,Poland,Product information,neutral,High,Please provide more information about the product and available variants.,11.8
TKT002170,2018-09-01,90008164,A6419160301,Australia,Positive,positive,Low,The product is performing well and we are considering another order.,6.3
TKT002171,2021-02-01,80001019,A3819150205,China,Quality,neutral,Medium,We need clarification about the product quality and warranty.,3.8
TKT002172,2018-11-01,90021087,A2219150206,United Kingdom,Positive,positive,Low,The product is performing well and we are considering another order.,3.0
TKT002173,2021-06-01,70012043,A4520110504,Germany,Quality,neutral,Low,We need clarification about the product quality and warranty.,4.2
TKT002174,2021-06-01,90020102,A0321150302,Austria,Quality,neutral,Medium,We need clarification about the product quality and warranty.,4.0
TKT002175,2020-01-01,70010048,A7119160103,Bangladesh,Product information,neutral,Low,Please provide more information about the product and available variants.,7.7
TKT002176,2020-07-01,90009127,A4020150401,Newzealand,Delivery,negative,Medium,Delivery is taking longer than expected and this is affecting our purchase decision.,2.0
TKT002177,2021-07-01,90002002,A5318110105,India,Delivery,negative,Medium,Delivery is taking longer than expected and this is affecting our purchase decision.,4.9
TKT002178,2021-01-01,90008166,A6018110105,Australia,Positive,positive,Low,The product is performing well and we are considering another order.,3.9
TKT002179,2020-03-01,90005162,A6119110203,Pakistan,Product information,neutral,High,Please provide more information about the product and available variants.,4.6
TKT002180,2019-11-01,70017060,A5721110501,Portugal,Quality,neutral,Low,We need clarification about the product quality and warranty.,11.4
TKT002181,2020-01-01,70016177,A3119150301,Poland,Delivery,negative,High,Delivery is taking longer than expected and this is affecting our purchase decision.,3.4
TKT002182,2019-05-01,90020101,A1718150201,Austria,Product information,neutral,High,Please provide more information about the product and available variants.,11.6
TKT002183,2019-12-01,90012038,A2520150504,Germany,Positive,positive,Low,The product is performing well and we are considering another order.,4.6
TKT002184,2021-06-01,70007199,A4218110204,South Korea,Delivery,negative,High,Delivery is taking longer than expected and this is affecting our purchase decision.,4.5
TKT002185,2019-08-01,70013126,A2918150102,Italy,Delivery,negative,High,Delivery is taking longer than expected and this is affecting our purchase decision.,4.9
TKT002186,2020-11-01,90010046,A5419110204,Bangladesh,Quality,neutral,Medium,We need clarification about the product quality and warranty.,3.6
TKT002187,2019-03-01,90023025,A0321150302,Canada,Product information,neutral,Low,Please provide more information about the product and available variants.,4.6
TKT002188,2018-11-01,90019200,A2218150201,Sweden,Product information,neutral,Low,Please provide more information about the product and available variants.,2.0
TKT002189,2021-06-01,90017049,A2918150102,Portugal,Quality,neutral,Low,We need clarification about the product quality and warranty.,1.4
TKT002190,2019-05-01,90016175,A0418150107,Poland,Positive,positive,Low,The product is performing well and we are considering another order.,10.8
TKT002191,2021-07-01,90004064,A0219150202,Japan,Delivery,negative,Medium,Delivery is taking longer than expected and this is affecting our purchase decision.,6.4
TKT002192,2021-07-01,90023024,A3120150306,Canada,Product information,neutral,Medium,Please provide more information about the product and available variants.,15.1
TKT002193,2021-06-01,90017056,A3320150505,Portugal,Product information,neutral,Low,Please provide more information about the product and available variants.,2.7
TKT002194,2021-06-01,90020099,A5419110205,Austria,Positive,positive,Medium,The product is performing well and we are considering another order.,3.9
TKT002195,2020-08-01,90012035,A4319110302,Germany,Positive,positive,Medium,The product is performing well and we are considering another order.,15.3
TKT002196,2020-11-01,90008166,A3120150304,Australia,Product information,neutral,High,Please provide more information about the product and available variants.,2.1
TKT002197,2021-06-01,70003182,A5519110303,Indonesia,Delivery,negative,Medium,Delivery is taking longer than expected and this is affecting our purchase decision.,6.3
TKT002198,2019-07-01,90004068,A6319160203,Japan,Product information,neutral,Low,Please provide more information about the product and available variants.,1.0
TKT002199,2021-04-01,90005160,A5419110205,Pakistan,Product information,neutral,Low,Please provide more information about the product and available variants.,1.4
TKT002200,2020-12-01,90015144,A3220150405,Norway,Positive,positive,Medium,The product is performing well and we are considering another order.,4.9
TKT002201,2021-07-01,90017055,A1618150104,Portugal,Delivery,negative,Low,Delivery is taking longer than expected and this is affecting our purchase decision.,2.4
TKT002202,2018-09-01,90022071,A3521150702,USA,Delivery,negative,Low,Delivery is taking longer than expected and this is affecting our purchase decision.,2.2
TKT002203,2018-09-01,90018106,A2821150806,Spain,Positive,positive,Low,The product is performing well and we are considering another order.,8.6
TKT002204,2019-02-01,90021091,A5419110208,United Kingdom,Positive,positive,Low,The product is performing well and we are considering another order.,4.1
TKT002205,2021-04-01,90014135,A1521150603,Netherlands,Quality,neutral,Medium,We need clarification about the product quality and warranty.,15.8
TKT002206,2020-06-01,80007196,A1521150602,South Korea,Delivery,negative,Low,Delivery is taking longer than expected and this is affecting our purchase decision.,6.9
TKT002207,2021-07-01,90001021,A2821150801,China,Quality,neutral,Medium,We need clarification about the product quality and warranty.,4.0
TKT002208,2018-09-01,90020099,A1919150401,Austria,Positive,positive,High,The product is performing well and we are considering another order.,7.2
TKT002209,2019-05-01,80007196,A0118150103,South Korea,Positive,positive,Medium,The product is performing well and we are considering another order.,4.3
TKT002210,2018-12-01,90002011,A3320150504,India,Quality,neutral,Low,We need clarification about the product quality and warranty.,4.6
TKT002211,2018-09-01,90020100,A5419110207,Austria,Delivery,negative,Medium,Delivery is taking longer than expected and this is affecting our purchase decision.,13.1
TKT002212,2021-07-01,90021092,A3018150201,United Kingdom,Product information,neutral,Low,Please provide more information about the product and available variants.,17.2
TKT002213,2018-09-01,90003179,A0721150404,Indonesia,Product information,neutral,Low,Please provide more information about the product and available variants.,7.8
TKT002214,2019-01-01,70019204,A7220160203,Sweden,Positive,positive,Low,The product is performing well and we are considering another order.,7.7
TKT002215,2019-08-01,70012043,A1119150203,Germany,Positive,positive,Medium,The product is performing well and we are considering another order.,4.2
TKT002216,2019-10-01,90001020,A5318110108,China,Quality,neutral,Medium,We need clarification about the product quality and warranty.,3.4
TKT002217,2019-12-01,90013121,A2620150605,Italy,Delivery,negative,Low,Delivery is taking longer than expected and this is affecting our purchase decision.,6.2
TKT002218,2018-09-01,90001020,A3718150103,China,Positive,positive,Medium,The product is performing well and we are considering another order.,7.4
TKT002219,2019-04-01,90008165,A1919150401,Australia,Positive,positive,High,The product is performing well and we are considering another order.,8.0
TKT002220,2021-08-01,70003181,A4218110207,Indonesia,Positive,positive,Medium,The product is performing well and we are considering another order.,1.6
TKT002221,2019-03-01,90015149,A4520110504,Norway,Delivery,negative,Medium,Delivery is taking longer than expected and this is affecting our purchase decision.,10.5
TKT002222,2020-04-01,90017053,A2118150102,Portugal,Quality,neutral,Low,We need clarification about the product quality and warranty.,2.2
TKT002223,2020-11-01,70015152,A4118110106,Norway,Delivery,negative,Low,Delivery is taking longer than expected and this is affecting our purchase decision.,3.2
TKT002224,2020-05-01,90023028,A1421150503,Canada,Positive,positive,Medium,The product is performing well and we are considering another order.,6.2
TKT002225,2018-09-01,90020097,A0118150102,Austria,Positive,positive,Medium,The product is performing well and we are considering another order.,6.9
TKT002226,2020-01-01,90003179,A3220150406,Indonesia,Quality,neutral,High,We need clarification about the product quality and warranty.,2.4
TKT002227,2020-10-01,70002017,A4218110202,India,Product information,neutral,Medium,Please provide more information about the product and available variants.,17.0
TKT002228,2019-10-01,90011188,A5419110202,France,Quality,neutral,Medium,We need clarification about the product quality and warranty.,5.4
TKT002229,2020-10-01,90011188,A6419160301,France,Delivery,negative,Medium,Delivery is taking longer than expected and this is affecting our purchase decision.,14.2
TKT002230,2021-05-01,90015145,A1618150103,Norway,Quality,neutral,Low,We need clarification about the product quality and warranty.,8.5
TKT002231,2020-04-01,70014142,A4520110507,Netherlands,Delivery,negative,Low,Delivery is taking longer than expected and this is affecting our purchase decision.,3.4
TKT002232,2020-01-01,90014139,A2520150506,Netherlands,Delivery,negative,Low,Delivery is taking longer than expected and this is affecting our purchase decision.,3.0
TKT002233,2019-11-01,90019200,A4821110804,Sweden,Positive,positive,Low,The product is performing well and we are considering another order.,10.2
TKT002234,2020-11-01,70014142,A5520110307,Netherlands,Quality,neutral,Medium,We need clarification about the product quality and warranty.,11.7
TKT002235,2019-03-01,70013125,A4319110304,Italy,Positive,positive,Low,The product is performing well and we are considering another order.,2.7
TKT002236,2021-04-01,70003181,A0519150205,Indonesia,Positive,positive,Medium,The product is performing well and we are considering another order.,8.9
TKT002237,2019-04-01,70007199,A2419150402,South Korea,Quality,neutral,Low,We need clarification about the product quality and warranty.,6.0
TKT002238,2020-01-01,90005159,A5318110103,Pakistan,Delivery,negative,Low,Delivery is taking longer than expected and this is affecting our purchase decision.,6.2
TKT002239,2020-09-01,90010046,A3421150605,Bangladesh,Positive,positive,Low,The product is performing well and we are considering another order.,9.5
TKT002240,2018-12-01,70007198,A1521150602,South Korea,Quality,neutral,Medium,We need clarification about the product quality and warranty.,11.1
TKT002241,2020-07-01,90019201,A6218160102,Sweden,Quality,neutral,Low,We need clarification about the product quality and warranty.,3.2
TKT002242,2019-05-01,90019202,A3120150304,Sweden,Product information,neutral,Medium,Please provide more information about the product and available variants.,12.1
TKT002243,2018-09-01,90012039,A6019110108,Germany,Product information,neutral,Low,Please provide more information about the product and available variants.,3.9
TKT002244,2019-09-01,90011189,A6720160103,France,Delivery,negative,Medium,Delivery is taking longer than expected and this is affecting our purchase decision.,5.6
TKT002245,2021-05-01,90014135,A5519110302,Netherlands,Delivery,negative,Medium,Delivery is taking longer than expected and this is affecting our purchase decision.,6.8
TKT002246,2019-02-01,90009127,A5721110508,Newzealand,Positive,positive,Medium,The product is performing well and we are considering another order.,2.6
TKT002247,2020-11-01,90022074,A1319150401,USA,Delivery,negative,Low,Delivery is taking longer than expected and this is affecting our purchase decision.,10.1
TKT002248,2021-01-01,90019203,A4520110507,Sweden,Product information,neutral,Medium,Please provide more information about the product and available variants.,1.8
TKT002249,2018-10-01,90017049,A5419110208,Portugal,Delivery,negative,Low,Delivery is taking longer than expected and this is affecting our purchase decision.,8.1
TKT002250,2020-09-01,90015147,A6121110208,Norway,Delivery,negative,Low,Delivery is taking longer than expected and this is affecting our purchase decision.,8.1
TKT002251,2020-12-01,90022074,A2020150501,USA,Positive,positive,Low,The product is performing well and we are considering another order.,3.4
TKT002252,2021-03-01,90014136,A2219150205,Netherlands,Quality,neutral,Medium,We need clarification about the product quality and warranty.,3.6
TKT002253,2019-07-01,90022074,A3718150105,USA,Quality,neutral,Low,We need clarification about the product quality and warranty.,15.3
TKT002254,2021-01-01,90004061,A7119160103,Japan,Quality,neutral,Medium,We need clarification about the product quality and warranty.,10.6
TKT002255,2018-11-01,90003179,A5419110204,Indonesia,Delivery,negative,Medium,Delivery is taking longer than expected and this is affecting our purchase decision.,1.5
TKT002256,2019-05-01,90018109,A6018110105,Spain,Positive,positive,Low,The product is performing well and we are considering another order.,7.1
TKT002257,2020-12-01,90013121,A3421150604,Italy,Quality,neutral,Low,We need clarification about the product quality and warranty.,5.6
TKT002258,2019-02-01,90011191,A4620110608,France,Positive,positive,High,The product is performing well and we are considering another order.,6.5
TKT002259,2021-06-01,90014139,A6119110203,Netherlands,Quality,neutral,High,We need clarification about the product quality and warranty.,2.1
TKT002260,2019-04-01,90002001,A0921150604,India,Positive,positive,High,The product is performing well and we are considering another order.,4.1
TKT002261,2019-05-01,70010048,A5419110204,Bangladesh,Quality,neutral,Low,We need clarification about the product quality and warranty.,9.1
TKT002262,2019-04-01,90002009,A5419110204,India,Quality,neutral,Medium,We need clarification about the product quality and warranty.,10.7
TKT002263,2020-04-01,90018107,A5721110502,Spain,Positive,positive,Low,The product is performing well and we are considering another order.,7.7
TKT002264,2020-09-01,70022084,A1618150104,USA,Quality,neutral,Low,We need clarification about the product quality and warranty.,8.4
TKT002265,2019-06-01,90008168,A0620150305,Australia,Positive,positive,Low,The product is performing well and we are considering another order.,4.7
TKT002266,2019-02-01,90020098,A2720150701,Austria,Product information,neutral,Low,Please provide more information about the product and available variants.,0.5
TKT002267,2019-12-01,90016171,A2721150702,Poland,Delivery,negative,Medium,Delivery is taking longer than expected and this is affecting our purchase decision.,3.2
TKT002268,2021-02-01,90014141,A4319110304,Netherlands,Positive,positive,Low,The product is performing well and we are considering another order.,9.8
TKT002269,2020-03-01,90015144,A6520160403,Norway,Product information,neutral,Low,Please provide more information about the product and available variants.,3.6
TKT002270,2020-02-01,90021093,A3920150301,United Kingdom,Delivery,negative,Medium,Delivery is taking longer than expected and this is affecting our purchase decision.,7.2
TKT002271,2020-03-01,90008168,A4620110605,Australia,Positive,positive,Low,The product is performing well and we are considering another order.,2.5
TKT002272,2018-12-01,70003181,A5621110404,Indonesia,Positive,positive,Low,The product is performing well and we are considering another order.,2.9
TKT002273,2019-07-01,90014135,A5620110401,Netherlands,Delivery,negative,High,Delivery is taking longer than expected and this is affecting our purchase decision.,6.0
TKT002274,2021-08-01,90005161,A1118150201,Pakistan,Product information,neutral,High,Please provide more information about the product and available variants.,9.1
TKT002275,2018-11-01,70013125,A6520160403,Italy,Positive,positive,Medium,The product is performing well and we are considering another order.,5.9
TKT002276,2020-06-01,90018108,A4118110101,Spain,Quality,neutral,Low,We need clarification about the product quality and warranty.,4.5
TKT002277,2020-12-01,90007197,A1018150103,South Korea,Product information,neutral,Medium,Please provide more information about the product and available variants.,6.8
TKT002278,2019-05-01,90019202,A1819150301,Sweden,Delivery,negative,Low,Delivery is taking longer than expected and this is affecting our purchase decision.,14.4
TKT002279,2018-10-01,70023032,A2918150102,Canada,Quality,neutral,Medium,We need clarification about the product quality and warranty.,12.8
TKT002280,2021-01-01,70016177,A3220150406,Poland,Product information,neutral,Medium,Please provide more information about the product and available variants.,1.0
TKT002281,2021-01-01,90005160,A2118150105,Pakistan,Quality,neutral,Medium,We need clarification about the product quality and warranty.,3.6
TKT002282,2020-01-01,90002015,A3421150604,India,Delivery,negative,Medium,Delivery is taking longer than expected and this is affecting our purchase decision.,4.5
TKT002283,2019-04-01,90023023,A5419110203,Canada,Quality,neutral,Low,We need clarification about the product quality and warranty.,0.7
TKT002284,2020-10-01,70011193,A0621150308,France,Quality,neutral,Medium,We need clarification about the product quality and warranty.,7.8
TKT002285,2019-12-01,90010044,A6621160503,Bangladesh,Delivery,negative,Low,Delivery is taking longer than expected and this is affecting our purchase decision.,4.9
TKT002286,2019-09-01,90011191,A0921150603,France,Product information,neutral,Medium,Please provide more information about the product and available variants.,4.6
TKT002287,2021-04-01,90004064,A3018150202,Japan,Delivery,negative,Medium,Delivery is taking longer than expected and this is affecting our purchase decision.,9.5
TKT002288,2020-11-01,70011193,A5318110104,France,Delivery,negative,Low,Delivery is taking longer than expected and this is affecting our purchase decision.,4.4
TKT002289,2019-09-01,70009134,A6918160303,Newzealand,Quality,neutral,Medium,We need clarification about the product quality and warranty.,13.5
TKT002290,2019-10-01,90023023,A4620110605,Canada,Quality,neutral,Medium,We need clarification about the product quality and warranty.,1.1
TKT002291,2021-06-01,90014141,A0721150403,Netherlands,Delivery,negative,High,Delivery is taking longer than expected and this is affecting our purchase decision.,1.7
TKT002292,2019-02-01,90022073,A0519150202,USA,Product information,neutral,Low,Please provide more information about the product and available variants.,8.0
TKT002293,2020-04-01,90009130,A0921150603,Newzealand,Product information,neutral,Low,Please provide more information about the product and available variants.,13.1
TKT002294,2020-04-01,90013120,A6218160101,Italy,Positive,positive,Low,The product is performing well and we are considering another order.,5.6
TKT002295,2018-10-01,90014136,A3420150601,Netherlands,Positive,positive,Low,The product is performing well and we are considering another order.,4.5
TKT002296,2020-11-01,90015150,A3420150602,Norway,Positive,positive,Low,The product is performing well and we are considering another order.,6.6
TKT002297,2020-10-01,70004070,A6621160503,Japan,Product information,neutral,Medium,Please provide more information about the product and available variants.,2.0
TKT002298,2020-02-01,90017049,A6319160201,Portugal,Positive,positive,Low,The product is performing well and we are considering another order.,11.4
TKT002299,2019-10-01,70013125,A4821110804,Italy,Quality,neutral,Medium,We need clarification about the product quality and warranty.,3.6
TKT002300,2019-07-01,90004064,A4620110606,Japan,Product information,neutral,Low,Please provide more information about the product and available variants.,4.4
TKT002301,2021-01-01,90021087,A2918150102,United Kingdom,Positive,positive,Medium,The product is performing well and we are considering another order.,6.1
TKT002302,2020-08-01,90009130,A5419110204,Newzealand,Positive,positive,Low,The product is performing well and we are considering another order.,12.7
TKT002303,2021-08-01,90022080,A0418150107,USA,Quality,neutral,Low,We need clarification about the product quality and warranty.,15.1
TKT002304,2018-10-01,90002003,A1018150103,India,Positive,positive,Medium,The product is performing well and we are considering another order.,11.8
TKT002305,2018-10-01,90009130,A7220160202,Newzealand,Delivery,negative,Low,Delivery is taking longer than expected and this is affecting our purchase decision.,4.8
TKT002306,2019-01-01,70002018,A2721150706,India,Delivery,negative,Low,Delivery is taking longer than expected and this is affecting our purchase decision.,6.0
TKT002307,2018-11-01,90022073,A1118150201,USA,Delivery,negative,Low,Delivery is taking longer than expected and this is affecting our purchase decision.,2.8
TKT002308,2020-10-01,90009132,A5620110402,Newzealand,Quality,neutral,Low,We need clarification about the product quality and warranty.,5.9
TKT002309,2020-08-01,90017056,A3320150505,Portugal,Quality,neutral,Medium,We need clarification about the product quality and warranty.,8.2
TKT002310,2019-07-01,90018109,A4118110104,Spain,Quality,neutral,Medium,We need clarification about the product quality and warranty.,2.0
TKT002311,2020-08-01,70009133,A4218110202,Newzealand,Positive,positive,Medium,The product is performing well and we are considering another order.,5.2
TKT002312,2021-06-01,90003179,A6921160301,Indonesia,Positive,positive,Medium,The product is performing well and we are considering another order.,19.7
TKT002313,2019-03-01,70003181,A4218110201,Indonesia,Positive,positive,Low,The product is performing well and we are considering another order.,7.1
TKT002314,2020-03-01,90002009,A3120150304,India,Product information,neutral,Low,Please provide more information about the product and available variants.,5.2
TKT002315,2019-03-01,90002012,A2319150304,India,Delivery,negative,Low,Delivery is taking longer than expected and this is affecting our purchase decision.,13.8
TKT002316,2020-03-01,70003182,A5318110108,Indonesia,Delivery,negative,Low,Delivery is taking longer than expected and this is affecting our purchase decision.,6.9
TKT002317,2019-03-01,90017051,A5318110105,Portugal,Positive,positive,Low,The product is performing well and we are considering another order.,3.9
TKT002318,2020-02-01,90012040,A3018150202,Germany,Delivery,negative,Low,Delivery is taking longer than expected and this is affecting our purchase decision.,18.6
TKT002319,2019-06-01,90016175,A3621150801,Poland,Positive,positive,Medium,The product is performing well and we are considering another order.,2.9
TKT002320,2018-09-01,70012043,A6219160103,Germany,Quality,neutral,Low,We need clarification about the product quality and warranty.,18.4
TKT002321,2018-12-01,90021087,A3119150301,United Kingdom,Delivery,negative,Medium,Delivery is taking longer than expected and this is affecting our purchase decision.,2.6
TKT002322,2020-04-01,90014139,A0418150101,Netherlands,Product information,neutral,High,Please provide more information about the product and available variants.,0.6
TKT002323,2020-04-01,90018113,A3421150606,Spain,Positive,positive,Medium,The product is performing well and we are considering another order.,6.4
TKT002324,2020-06-01,90023024,A4720110702,Canada,Quality,neutral,High,We need clarification about the product quality and warranty.,5.8
TKT002325,2019-06-01,70014142,A0321150303,Netherlands,Delivery,negative,Low,Delivery is taking longer than expected and this is affecting our purchase decision.,5.2
TKT002326,2020-03-01,90023026,A1118150201,Canada,Delivery,negative,Low,Delivery is taking longer than expected and this is affecting our purchase decision.,5.0
TKT002327,2020-03-01,70010047,A1718150204,Bangladesh,Product information,neutral,Low,Please provide more information about the product and available variants.,4.6
TKT002328,2018-10-01,90017053,A4118110104,Portugal,Positive,positive,High,The product is performing well and we are considering another order.,0.5
TKT002329,2021-01-01,90020103,A2721150706,Austria,Quality,neutral,Medium,We need clarification about the product quality and warranty.,3.3
TKT002330,2021-08-01,90018112,A0821150501,Spain,Product information,neutral,Low,Please provide more information about the product and available variants.,4.0
TKT002331,2021-07-01,90022079,A0418150102,USA,Quality,neutral,High,We need clarification about the product quality and warranty.,1.5
TKT002332,2018-10-01,70016177,A5419110205,Poland,Delivery,negative,Medium,Delivery is taking longer than expected and this is affecting our purchase decision.,8.6
TKT002333,2019-08-01,90004067,A4821110807,Japan,Positive,positive,Low,The product is performing well and we are considering another order.,5.3
TKT002334,2019-01-01,90009132,A1219150303,Newzealand,Quality,neutral,Low,We need clarification about the product quality and warranty.,2.3
TKT002335,2019-07-01,90023028,A4419110406,Canada,Product information,neutral,High,Please provide more information about the product and available variants.,5.0
TKT002336,2019-03-01,90007197,A5419110204,South Korea,Delivery,negative,Medium,Delivery is taking longer than expected and this is affecting our purchase decision.,5.3
TKT002337,2019-02-01,90008168,A1819150303,Australia,Quality,neutral,Low,We need clarification about the product quality and warranty.,1.5
TKT002338,2020-09-01,90017049,A3018150202,Portugal,Delivery,negative,Low,Delivery is taking longer than expected and this is affecting our purchase decision.,1.0
TKT002339,2018-12-01,90001020,A2319150301,China,Quality,neutral,Medium,We need clarification about the product quality and warranty.,5.5
TKT002340,2021-05-01,90020099,A4821110806,Austria,Delivery,negative,Medium,Delivery is taking longer than expected and this is affecting our purchase decision.,3.2
TKT002341,2019-02-01,90009128,A0519150203,Newzealand,Delivery,negative,Medium,Delivery is taking longer than expected and this is affecting our purchase decision.,7.9
TKT002342,2020-07-01,90009130,A6419160302,Newzealand,Quality,neutral,Medium,We need clarification about the product quality and warranty.,6.2
TKT002343,2019-03-01,90019202,A1618150104,Sweden,Product information,neutral,Medium,Please provide more information about the product and available variants.,2.4
TKT002344,2019-04-01,90016174,A1421150503,Poland,Delivery,negative,Low,Delivery is taking longer than expected and this is affecting our purchase decision.,1.2
TKT002345,2020-07-01,70014142,A2821150804,Netherlands,Quality,neutral,Low,We need clarification about the product quality and warranty.,2.8
TKT002346,2021-03-01,70023031,A3120150305,Canada,Quality,neutral,Low,We need clarification about the product quality and warranty.,14.6
TKT002347,2019-07-01,90023023,A2219150205,Canada,Product information,neutral,Medium,Please provide more information about the product and available variants.,11.4
TKT002348,2021-03-01,90008165,A6818160202,Australia,Quality,neutral,High,We need clarification about the product quality and warranty.,8.8
TKT002349,2019-06-01,80006155,A4118110107,Philiphines,Quality,neutral,Medium,We need clarification about the product quality and warranty.,6.5
TKT002350,2019-11-01,80007196,A1320150403,South Korea,Positive,positive,Low,The product is performing well and we are considering another order.,2.1
TKT002351,2021-08-01,90021091,A0219150201,United Kingdom,Delivery,negative,Low,Delivery is taking longer than expected and this is affecting our purchase decision.,4.7
TKT002352,2019-11-01,90018110,A5621110405,Spain,Quality,neutral,Medium,We need clarification about the product quality and warranty.,3.5
TKT002353,2020-10-01,90015144,A0620150303,Norway,Delivery,negative,Low,Delivery is taking longer than expected and this is affecting our purchase decision.,10.9
TKT002354,2020-01-01,80007196,A0619150301,South Korea,Positive,positive,Medium,The product is performing well and we are considering another order.,6.3
TKT002355,2020-08-01,70014143,A2918150106,Netherlands,Delivery,negative,Low,Delivery is taking longer than expected and this is affecting our purchase decision.,10.1
TKT002356,2021-07-01,80007196,A4520110507,South Korea,Product information,neutral,Low,Please provide more information about the product and available variants.,2.6
TKT002357,2020-12-01,90001020,A5419110208,China,Product information,neutral,High,Please provide more information about the product and available variants.,7.4
TKT002358,2021-06-01,90001020,A2118150106,China,Product information,neutral,Low,Please provide more information about the product and available variants.,8.5
TKT002359,2019-04-01,90010045,A4519110502,Bangladesh,Product information,neutral,High,Please provide more information about the product and available variants.,5.4
TKT002360,2019-12-01,70004069,A6419160302,Japan,Product information,neutral,Low,Please provide more information about the product and available variants.,3.6
TKT002361,2020-04-01,90022073,A5519110302,USA,Product information,neutral,Low,Please provide more information about the product and available variants.,27.4
TKT002362,2020-03-01,90002005,A2520150502,India,Quality,neutral,Medium,We need clarification about the product quality and warranty.,7.8
TKT002363,2020-07-01,90004063,A5318110107,Japan,Positive,positive,Low,The product is performing well and we are considering another order.,2.4
TKT002364,2019-01-01,90016173,A0721150404,Poland,Positive,positive,Medium,The product is performing well and we are considering another order.,3.2
TKT002365,2019-11-01,90001021,A6019110108,China,Delivery,negative,Low,Delivery is taking longer than expected and this is affecting our purchase decision.,5.8
TKT002366,2020-12-01,70007199,A4319110304,South Korea,Positive,positive,Medium,The product is performing well and we are considering another order.,10.8
TKT002367,2020-04-01,90011191,A1819150301,France,Product information,neutral,Low,Please provide more information about the product and available variants.,8.8
TKT002368,2019-01-01,90019202,A6419160303,Sweden,Positive,positive,Low,The product is performing well and we are considering another order.,1.5
TKT002369,2021-08-01,90011186,A6120110207,France,Product information,neutral,Low,Please provide more information about the product and available variants.,9.6
TKT002370,2020-11-01,90014135,A2821150805,Netherlands,Product information,neutral,Medium,Please provide more information about the product and available variants.,2.1
TKT002371,2019-10-01,90002009,A5419110208,India,Positive,positive,Low,The product is performing well and we are considering another order.,6.4
TKT002372,2020-05-01,90014141,A5621110407,Netherlands,Quality,neutral,Medium,We need clarification about the product quality and warranty.,8.1
TKT002373,2021-06-01,90017050,A4821110808,Portugal,Product information,neutral,Low,Please provide more information about the product and available variants.,7.9
TKT002374,2021-08-01,90008168,A3521150706,Australia,Delivery,negative,Low,Delivery is taking longer than expected and this is affecting our purchase decision.,1.4
TKT002375,2020-12-01,90018108,A0219150201,Spain,Quality,neutral,Low,We need clarification about the product quality and warranty.,10.5
TKT002376,2020-12-01,90012033,A3019150205,Germany,Quality,neutral,Low,We need clarification about the product quality and warranty.,3.0
TKT002377,2020-02-01,90021088,A5621110405,United Kingdom,Product information,neutral,Low,Please provide more information about the product and available variants.,13.6
TKT002378,2020-06-01,90014139,A3119150301,Netherlands,Positive,positive,Low,The product is performing well and we are considering another order.,4.8
TKT002379,2020-08-01,90023023,A0519150207,Canada,Positive,positive,Low,The product is performing well and we are considering another order.,7.5
TKT002380,2020-09-01,70003181,A6018110101,Indonesia,Quality,neutral,Medium,We need clarification about the product quality and warranty.,5.3
TKT002381,2019-09-01,90022074,A5419110201,USA,Delivery,negative,High,Delivery is taking longer than expected and this is affecting our purchase decision.,3.0
TKT002382,2018-12-01,70013125,A4118110105,Italy,Delivery,negative,Low,Delivery is taking longer than expected and this is affecting our purchase decision.,5.6
TKT002383,2020-07-01,80006155,A0519150208,Philiphines,Positive,positive,Medium,The product is performing well and we are considering another order.,15.9
TKT002384,2020-10-01,90009129,A2319150305,Newzealand,Positive,positive,Medium,The product is performing well and we are considering another order.,1.8
TKT002385,2020-05-01,90018109,A1219150301,Spain,Delivery,negative,Medium,Delivery is taking longer than expected and this is affecting our purchase decision.,3.5
TKT002386,2019-08-01,70023031,A1319150401,Canada,Product information,neutral,Medium,Please provide more information about the product and available variants.,3.5
TKT002387,2018-09-01,90015149,A4419110405,Norway,Delivery,negative,Low,Delivery is taking longer than expected and this is affecting our purchase decision.,3.1
TKT002388,2019-12-01,90011188,A3320150506,France,Delivery,negative,High,Delivery is taking longer than expected and this is affecting our purchase decision.,5.7
TKT002389,2020-08-01,90016171,A5318110108,Poland,Positive,positive,Low,The product is performing well and we are considering another order.,3.7
TKT002390,2021-04-01,90023029,A1018150103,Canada,Positive,positive,Medium,The product is performing well and we are considering another order.,1.7
TKT002391,2018-12-01,70008169,A1718150204,Australia,Delivery,negative,High,Delivery is taking longer than expected and this is affecting our purchase decision.,7.8
TKT002392,2020-08-01,70015152,A2821150804,Norway,Quality,neutral,Medium,We need clarification about the product quality and warranty.,3.5
TKT002393,2019-09-01,90012033,A4419110405,Germany,Quality,neutral,Low,We need clarification about the product quality and warranty.,7.4
TKT002394,2019-08-01,90012041,A0621150308,Germany,Delivery,negative,Low,Delivery is taking longer than expected and this is affecting our purchase decision.,13.9
TKT002395,2021-08-01,90016175,A7321160303,Poland,Positive,positive,Medium,The product is performing well and we are considering another order.,16.0
TKT002396,2019-10-01,90017057,A5721110505,Portugal,Positive,positive,Medium,The product is performing well and we are considering another order.,3.0
TKT002397,2021-08-01,90003179,A5721110502,Indonesia,Positive,positive,Medium,The product is performing well and we are considering another order.,1.9
TKT002398,2019-05-01,70003182,A0118150104,Indonesia,Positive,positive,Medium,The product is performing well and we are considering another order.,11.8
TKT002399,2020-02-01,90006156,A2520150506,Philiphines,Product information,neutral,Medium,Please provide more information about the product and available variants.,12.7
TKT002400,2019-01-01,90017054,A3220150401,Portugal,Delivery,negative,Low,Delivery is taking longer than expected and this is affecting our purchase decision.,3.8
TKT002401,2019-12-01,90012033,A3320150505,Germany,Delivery,negative,Medium,Delivery is taking longer than expected and this is affecting our purchase decision.,29.5
TKT002402,2020-06-01,70016178,A3718150103,Poland,Product information,neutral,Low,Please provide more information about the product and available variants.,6.1
TKT002403,2020-11-01,90010046,A4520110506,Bangladesh,Positive,positive,Low,The product is performing well and we are considering another order.,6.5
TKT002404,2020-07-01,70011194,A5419110203,France,Positive,positive,Medium,The product is performing well and we are considering another order.,6.2
TKT002405,2019-09-01,70010047,A5721110505,Bangladesh,Delivery,negative,High,Delivery is taking longer than expected and this is affecting our purchase decision.,5.0
TKT002406,2020-12-01,90022082,A4821110807,USA,Delivery,negative,Low,Delivery is taking longer than expected and this is affecting our purchase decision.,3.1
TKT002407,2019-03-01,90017057,A0118150104,Portugal,Product information,neutral,Low,Please provide more information about the product and available variants.,13.3
TKT002408,2021-07-01,90004062,A3521150705,Japan,Delivery,negative,Low,Delivery is taking longer than expected and this is affecting our purchase decision.,4.1
TKT002409,2019-12-01,90021086,A3421150605,United Kingdom,Quality,neutral,High,We need clarification about the product quality and warranty.,2.4
TKT002410,2019-11-01,90023027,A4218110201,Canada,Positive,positive,Low,The product is performing well and we are considering another order.,4.8
TKT002411,2020-02-01,90003180,A5621110407,Indonesia,Product information,neutral,Medium,Please provide more information about the product and available variants.,7.9
TKT002412,2021-05-01,70009133,A4419110402,Newzealand,Delivery,negative,Low,Delivery is taking longer than expected and this is affecting our purchase decision.,28.5
TKT002413,2021-01-01,90008166,A0118150104,Australia,Quality,neutral,Low,We need clarification about the product quality and warranty.,3.0
TKT002414,2020-07-01,70014143,A3920150301,Netherlands,Positive,positive,Medium,The product is performing well and we are considering another order.,1.1
TKT002415,2021-05-01,90021088,A4118110105,United Kingdom,Delivery,negative,Medium,Delivery is taking longer than expected and this is affecting our purchase decision.,4.0
TKT002416,2020-07-01,70023032,A6419160303,Canada,Delivery,negative,Medium,Delivery is taking longer than expected and this is affecting our purchase decision.,1.9
TKT002417,2021-07-01,90004064,A4419110404,Japan,Product information,neutral,Low,Please provide more information about the product and available variants.,3.4
TKT002418,2021-05-01,70021096,A6119110201,United Kingdom,Delivery,negative,Medium,Delivery is taking longer than expected and this is affecting our purchase decision.,2.8
TKT002419,2021-03-01,90021095,A0321150303,United Kingdom,Product information,neutral,Medium,Please provide more information about the product and available variants.,2.5
TKT002420,2021-07-01,90004061,A1421150503,Japan,Positive,positive,Low,The product is performing well and we are considering another order.,5.2
TKT002421,2019-11-01,90009132,A4319110305,Newzealand,Positive,positive,High,The product is performing well and we are considering another order.,4.9
TKT002422,2019-04-01,70003181,A7321160301,Indonesia,Quality,neutral,High,We need clarification about the product quality and warranty.,2.6
TKT002423,2019-06-01,90017050,A0519150201,Portugal,Delivery,negative,Low,Delivery is taking longer than expected and this is affecting our purchase decision.,6.0
TKT002424,2020-05-01,90023022,A6119110203,Canada,Quality,neutral,Medium,We need clarification about the product quality and warranty.,2.6
TKT002425,2019-02-01,90006153,A7118160101,Philiphines,Product information,neutral,Medium,Please provide more information about the product and available variants.,11.9
TKT002426,2019-07-01,70004069,A5620110402,Japan,Product information,neutral,Medium,Please provide more information about the product and available variants.,3.7
TKT002427,2020-04-01,90013118,A3521150705,Italy,Product information,neutral,High,Please provide more information about the product and available variants.,2.4
TKT002428,2020-07-01,90004063,A2720150701,Japan,Product information,neutral,Low,Please provide more information about the product and available variants.,23.5
TKT002429,2021-06-01,90017056,A1618150103,Portugal,Quality,neutral,High,We need clarification about the product quality and warranty.,5.6
TKT002430,2019-03-01,90022075,A5419110205,USA,Product information,neutral,High,Please provide more information about the product and available variants.,10.6
TKT002431,2018-11-01,90011186,A7220160203,France,Product information,neutral,Low,Please provide more information about the product and available variants.,13.7
TKT002432,2019-08-01,90011186,A2918150106,France,Product information,neutral,Low,Please provide more information about the product and available variants.,6.5
TKT002433,2019-12-01,90008168,A4620110606,Australia,Positive,positive,Medium,The product is performing well and we are considering another order.,6.1
TKT002434,2020-10-01,70019204,A3220150402,Sweden,Product information,neutral,Medium,Please provide more information about the product and available variants.,7.5
TKT002435,2020-06-01,90021095,A3420150601,United Kingdom,Delivery,negative,Medium,Delivery is taking longer than expected and this is affecting our purchase decision.,7.4
TKT002436,2020-06-01,90005161,A3621150806,Pakistan,Positive,positive,Medium,The product is performing well and we are considering another order.,5.6
TKT002437,2020-06-01,90016174,A3718150105,Poland,Product information,neutral,Low,Please provide more information about the product and available variants.,5.0
TKT002438,2020-07-01,90006156,A5519110302,Philiphines,Product information,neutral,High,Please provide more information about the product and available variants.,12.7
TKT002439,2018-09-01,90023023,A2219150204,Canada,Product information,neutral,Medium,Please provide more information about the product and available variants.,2.1
TKT002440,2019-02-01,70017060,A1018150101,Portugal,Quality,neutral,High,We need clarification about the product quality and warranty.,12.4
TKT002441,2020-08-01,80001019,A6520160403,China,Product information,neutral,Low,Please provide more information about the product and available variants.,6.0
TKT002442,2019-04-01,90001021,A4721110706,China,Product information,neutral,Low,Please provide more information about the product and available variants.,1.6
TKT002443,2019-07-01,90003179,A0519150203,Indonesia,Product information,neutral,Medium,Please provide more information about the product and available variants.,13.2
TKT002444,2019-12-01,70003182,A3920150303,Indonesia,Product information,neutral,Medium,Please provide more information about the product and available variants.,13.2
TKT002445,2021-07-01,90014141,A2419150401,Netherlands,Delivery,negative,Low,Delivery is taking longer than expected and this is affecting our purchase decision.,5.2
TKT002446,2019-04-01,90006153,A3120150304,Philiphines,Positive,positive,Low,The product is performing well and we are considering another order.,4.0
TKT002447,2019-11-01,90004062,A1618150103,Japan,Delivery,negative,Medium,Delivery is taking longer than expected and this is affecting our purchase decision.,4.6
TKT002448,2019-12-01,90012040,A3521150706,Germany,Delivery,negative,Low,Delivery is taking longer than expected and this is affecting our purchase decision.,9.7
TKT002449,2020-07-01,70012043,A2520150506,Germany,Positive,positive,Low,The product is performing well and we are considering another order.,3.5
TKT002450,2019-05-01,90005161,A3320150506,Pakistan,Delivery,negative,Low,Delivery is taking longer than expected and this is affecting our purchase decision.,16.3
TKT002451,2021-07-01,70003182,A0821150501,Indonesia,Product information,neutral,Low,Please provide more information about the product and available variants.,6.1
TKT002452,2020-12-01,90011191,A3718150105,France,Delivery,negative,Low,Delivery is taking longer than expected and this is affecting our purchase decision.,6.1
TKT002453,2019-06-01,80001019,A4319110302,China,Delivery,negative,Low,Delivery is taking longer than expected and this is affecting our purchase decision.,5.2
TKT002454,2020-07-01,90018105,A4419110404,Spain,Quality,neutral,Low,We need clarification about the product quality and warranty.,8.8
TKT002455,2019-10-01,90005162,A3818150201,Pakistan,Positive,positive,Medium,The product is performing well and we are considering another order.,0.8
TKT002456,2020-07-01,90013121,A3120150306,Italy,Quality,neutral,Medium,We need clarification about the product quality and warranty.,10.5
TKT002457,2020-04-01,90012040,A0921150601,Germany,Positive,positive,Low,The product is performing well and we are considering another order.,4.1
TKT002458,2020-09-01,90013118,A4319110305,Italy,Quality,neutral,Medium,We need clarification about the product quality and warranty.,2.3
TKT002459,2019-11-01,90012037,A5318110102,Germany,Quality,neutral,Medium,We need clarification about the product quality and warranty.,1.4
TKT002460,2019-04-01,80006154,A4821110804,Philiphines,Delivery,negative,Medium,Delivery is taking longer than expected and this is affecting our purchase decision.,8.8
TKT002461,2019-12-01,90012041,A5419110203,Germany,Positive,positive,Medium,The product is performing well and we are considering another order.,4.0
TKT002462,2019-06-01,90017059,A3320150504,Portugal,Product information,neutral,Medium,Please provide more information about the product and available variants.,7.1
TKT002463,2020-06-01,90010046,A2118150102,Bangladesh,Quality,neutral,High,We need clarification about the product quality and warranty.,5.8
TKT002464,2019-10-01,90022078,A5621110408,USA,Quality,neutral,Low,We need clarification about the product quality and warranty.,10.4
TKT002465,2019-09-01,90023029,A0320150301,Canada,Positive,positive,Low,The product is performing well and we are considering another order.,3.8
TKT002466,2020-08-01,90012033,A2821150802,Germany,Product information,neutral,Low,Please provide more information about the product and available variants.,1.0
TKT002467,2018-11-01,90005161,A0621150307,Pakistan,Quality,neutral,Low,We need clarification about the product quality and warranty.,1.7
TKT002468,2021-06-01,90017057,A6319160203,Portugal,Delivery,negative,Medium,Delivery is taking longer than expected and this is affecting our purchase decision.,3.9
TKT002469,2020-03-01,70017060,A1421150503,Portugal,Quality,neutral,Low,We need clarification about the product quality and warranty.,8.7
TKT002470,2020-04-01,90005159,A2219150206,Pakistan,Positive,positive,Medium,The product is performing well and we are considering another order.,2.8
TKT002471,2020-10-01,90019200,A2021150503,Sweden,Quality,neutral,Low,We need clarification about the product quality and warranty.,6.3
TKT002472,2020-09-01,70010047,A4721110705,Bangladesh,Product information,neutral,Medium,Please provide more information about the product and available variants.,5.0
TKT002473,2019-05-01,70010048,A2620150601,Bangladesh,Product information,neutral,Low,Please provide more information about the product and available variants.,4.3
TKT002474,2020-03-01,90018112,A2721150705,Spain,Quality,neutral,Low,We need clarification about the product quality and warranty.,1.5
TKT002475,2021-02-01,90015145,A2219150204,Norway,Delivery,negative,Medium,Delivery is taking longer than expected and this is affecting our purchase decision.,7.5
TKT002476,2021-05-01,70011193,A0721150401,France,Quality,neutral,Low,We need clarification about the product quality and warranty.,15.0
TKT002477,2018-11-01,90011189,A1219150301,France,Quality,neutral,Low,We need clarification about the product quality and warranty.,10.6
TKT002478,2019-11-01,90022079,A3920150301,USA,Product information,neutral,Medium,Please provide more information about the product and available variants.,10.7
TKT002479,2019-12-01,70004069,A3521150704,Japan,Quality,neutral,Low,We need clarification about the product quality and warranty.,2.9
TKT002480,2019-09-01,90018109,A4419110405,Spain,Positive,positive,Low,The product is performing well and we are considering another order.,9.1
TKT002481,2021-07-01,90001021,A3119150302,China,Product information,neutral,Medium,Please provide more information about the product and available variants.,3.8
TKT002482,2020-04-01,90015147,A6219160103,Norway,Delivery,negative,Low,Delivery is taking longer than expected and this is affecting our purchase decision.,5.3
TKT002483,2018-09-01,70003182,A1718150204,Indonesia,Product information,neutral,Medium,Please provide more information about the product and available variants.,4.6
TKT002484,2020-01-01,80007196,A2219150206,South Korea,Product information,neutral,Medium,Please provide more information about the product and available variants.,6.4
TKT002485,2020-03-01,70007199,A2218150201,South Korea,Delivery,negative,Medium,Delivery is taking longer than expected and this is affecting our purchase decision.,6.8
TKT002486,2021-07-01,90002010,A0418150103,India,Quality,neutral,Low,We need clarification about the product quality and warranty.,1.8
TKT002487,2020-09-01,90003179,A6218160102,Indonesia,Quality,neutral,Low,We need clarification about the product quality and warranty.,11.1
TKT002488,2020-02-01,90016174,A5520110308,Poland,Product information,neutral,Low,Please provide more information about the product and available variants.,6.9
TKT002489,2018-12-01,90019203,A5621110404,Sweden,Delivery,negative,Medium,Delivery is taking longer than expected and this is affecting our purchase decision.,4.0
TKT002490,2021-06-01,90017049,A2118150101,Portugal,Positive,positive,Medium,The product is performing well and we are considering another order.,20.3
TKT002491,2020-11-01,90022075,A6119110203,USA,Positive,positive,High,The product is performing well and we are considering another order.,4.0
TKT002492,2020-12-01,90012035,A7321160303,Germany,Quality,neutral,Low,We need clarification about the product quality and warranty.,7.7
TKT002493,2020-04-01,90011192,A6018110101,France,Delivery,negative,Medium,Delivery is taking longer than expected and this is affecting our purchase decision.,14.0
TKT002494,2021-07-01,90002006,A6719160101,India,Quality,neutral,Low,We need clarification about the product quality and warranty.,9.3
TKT002495,2019-03-01,90017059,A6019110107,Portugal,Positive,positive,Medium,The product is performing well and we are considering another order.,12.2
TKT002496,2019-04-01,90011192,A0118150101,France,Positive,positive,Low,The product is performing well and we are considering another order.,6.5
TKT002497,2019-06-01,90017055,A2118150101,Portugal,Delivery,negative,Low,Delivery is taking longer than expected and this is affecting our purchase decision.,11.9
TKT002498,2021-03-01,70007198,A0620150305,South Korea,Quality,neutral,Medium,We need clarification about the product quality and warranty.,10.7
TKT002499,2020-12-01,70003181,A0418150102,Indonesia,Delivery,negative,High,Delivery is taking longer than expected and this is affecting our purchase decision.,0.3
TKT002500,2018-12-01,90016176,A5519110303,Poland,Delivery,negative,Low,Delivery is taking longer than expected and this is affecting our purchase decision.,15.2
TKT002501,2019-09-01,70015152,A1718150204,Norway,Quality,neutral,Medium,We need clarification about the product quality and warranty.,2.6
TKT002502,2019-07-01,90017054,A2620150601,Portugal,Quality,neutral,Low,We need clarification about the product quality and warranty.,7.1
TKT002503,2019-12-01,90018110,A7219160201,Spain,Product information,neutral,Medium,Please provide more information about the product and available variants.,4.5
TKT002504,2019-12-01,90002010,A3819150203,India,Delivery,negative,Low,Delivery is taking longer than expected and this is affecting our purchase decision.,4.9
TKT002505,2019-10-01,90019202,A4218110208,Sweden,Quality,neutral,Medium,We need clarification about the product quality and warranty.,5.5
TKT002506,2020-11-01,70013125,A2021150504,Italy,Quality,neutral,Low,We need clarification about the product quality and warranty.,2.6
TKT002507,2021-04-01,90021089,A3521150705,United Kingdom,Quality,neutral,Low,We need clarification about the product quality and warranty.,7.7
TKT002508,2019-05-01,90015144,A4419110401,Norway,Positive,positive,High,The product is performing well and we are considering another order.,1.7
TKT002509,2019-10-01,90001020,A6919160302,China,Positive,positive,Low,The product is performing well and we are considering another order.,1.8
TKT002510,2019-03-01,90010046,A3621150801,Bangladesh,Delivery,negative,Low,Delivery is taking longer than expected and this is affecting our purchase decision.,21.1
TKT002511,2019-03-01,90012040,A4118110105,Germany,Product information,neutral,Low,Please provide more information about the product and available variants.,4.1
TKT002512,2020-03-01,90015147,A1018150103,Norway,Delivery,negative,Low,Delivery is taking longer than expected and this is affecting our purchase decision.,5.5
TKT002513,2021-08-01,90015150,A5721110502,Norway,Delivery,negative,Low,Delivery is taking longer than expected and this is affecting our purchase decision.,5.0
TKT002514,2021-08-01,90012041,A1118150201,Germany,Quality,neutral,Low,We need clarification about the product quality and warranty.,5.6
TKT002515,2021-04-01,90004066,A2020150501,Japan,Quality,neutral,Low,We need clarification about the product quality and warranty.,9.3
TKT002516,2018-10-01,90002009,A2118150102,India,Quality,neutral,High,We need clarification about the product quality and warranty.,6.6
TKT002517,2018-09-01,90018107,A2020150501,Spain,Quality,neutral,High,We need clarification about the product quality and warranty.,12.3
TKT002518,2021-02-01,90004062,A2721150704,Japan,Quality,neutral,Medium,We need clarification about the product quality and warranty.,4.4
TKT002519,2019-10-01,90021093,A2219150204,United Kingdom,Quality,neutral,Low,We need clarification about the product quality and warranty.,3.5
TKT002520,2019-11-01,90009129,A3920150303,Newzealand,Positive,positive,Medium,The product is performing well and we are considering another order.,8.4
TKT002521,2021-05-01,70007199,A7019160401,South Korea,Delivery,negative,Low,Delivery is taking longer than expected and this is affecting our purchase decision.,13.1
TKT002522,2020-08-01,90001021,A3819150203,China,Product information,neutral,Medium,Please provide more information about the product and available variants.,11.0
TKT002523,2019-08-01,90020102,A3521150702,Austria,Positive,positive,High,The product is performing well and we are considering another order.,6.4
TKT002524,2018-12-01,70010047,A0418150101,Bangladesh,Positive,positive,Low,The product is performing well and we are considering another order.,7.0
TKT002525,2018-12-01,90001020,A5318110108,China,Quality,neutral,Medium,We need clarification about the product quality and warranty.,1.2
TKT002526,2018-12-01,90004064,A0321150303,Japan,Delivery,negative,Medium,Delivery is taking longer than expected and this is affecting our purchase decision.,10.8
TKT002527,2021-05-01,70004070,A2219150204,Japan,Delivery,negative,Medium,Delivery is taking longer than expected and this is affecting our purchase decision.,3.3
TKT002528,2020-09-01,90020101,A1119150203,Austria,Positive,positive,Medium,The product is performing well and we are considering another order.,4.3
TKT002529,2020-08-01,90010044,A1819150304,Bangladesh,Delivery,negative,Low,Delivery is taking longer than expected and this is affecting our purchase decision.,4.0
TKT002530,2020-06-01,70014143,A4419110407,Netherlands,Product information,neutral,High,Please provide more information about the product and available variants.,21.2
TKT002531,2019-02-01,70003181,A3320150504,Indonesia,Delivery,negative,Medium,Delivery is taking longer than expected and this is affecting our purchase decision.,12.0
TKT002532,2021-08-01,90013117,A7119160103,Italy,Product information,neutral,High,Please provide more information about the product and available variants.,4.6
TKT002533,2020-02-01,90014139,A6121110208,Netherlands,Delivery,negative,Medium,Delivery is taking longer than expected and this is affecting our purchase decision.,14.5
TKT002534,2018-10-01,80007195,A6620160501,South Korea,Positive,positive,Low,The product is performing well and we are considering another order.,6.9
TKT002535,2019-08-01,90021092,A3420150602,United Kingdom,Delivery,negative,Low,Delivery is taking longer than expected and this is affecting our purchase decision.,5.9
TKT002536,2019-02-01,90019202,A3320150502,Sweden,Product information,neutral,Low,Please provide more information about the product and available variants.,4.3
TKT002537,2021-07-01,90002013,A3621150805,India,Quality,neutral,Low,We need clarification about the product quality and warranty.,7.8
TKT002538,2020-09-01,70019204,A5419110201,Sweden,Product information,neutral,Low,Please provide more information about the product and available variants.,2.5
TKT002539,2020-03-01,70013126,A5419110204,Italy,Product information,neutral,Low,Please provide more information about the product and available variants.,3.6
TKT002540,2019-01-01,90022073,A5721110508,USA,Delivery,negative,Low,Delivery is taking longer than expected and this is affecting our purchase decision.,3.8
TKT002541,2019-05-01,90020097,A5419110207,Austria,Positive,positive,Medium,The product is performing well and we are considering another order.,9.8
TKT002542,2019-11-01,70017060,A0219150201,Portugal,Product information,neutral,High,Please provide more information about the product and available variants.,10.5
TKT002543,2020-10-01,90011187,A4821110805,France,Positive,positive,Low,The product is performing well and we are considering another order.,5.5
TKT002544,2020-08-01,90021092,A0921150603,United Kingdom,Quality,neutral,Low,We need clarification about the product quality and warranty.,11.2
TKT002545,2021-06-01,90009128,A3621150804,Newzealand,Delivery,negative,Low,Delivery is taking longer than expected and this is affecting our purchase decision.,6.9
TKT002546,2019-08-01,70005163,A0321150303,Pakistan,Product information,neutral,Medium,Please provide more information about the product and available variants.,6.8
TKT002547,2021-01-01,70003181,A4218110207,Indonesia,Quality,neutral,Low,We need clarification about the product quality and warranty.,10.3
TKT002548,2019-09-01,90016174,A2319150304,Poland,Quality,neutral,Low,We need clarification about the product quality and warranty.,5.1
TKT002549,2018-12-01,70003182,A0219150201,Indonesia,Delivery,negative,Low,Delivery is taking longer than expected and this is affecting our purchase decision.,4.9
TKT002550,2018-10-01,70009134,A4021150403,Newzealand,Quality,neutral,High,We need clarification about the product quality and warranty.,8.5
TKT002551,2020-01-01,90004066,A4218110207,Japan,Delivery,negative,Medium,Delivery is taking longer than expected and this is affecting our purchase decision.,4.3
TKT002552,2019-12-01,70015152,A2118150104,Norway,Delivery,negative,Medium,Delivery is taking longer than expected and this is affecting our purchase decision.,9.5
TKT002553,2021-06-01,90003179,A0519150203,Indonesia,Delivery,negative,Medium,Delivery is taking longer than expected and this is affecting our purchase decision.,7.1
TKT002554,2021-04-01,90021091,A4821110801,United Kingdom,Delivery,negative,Low,Delivery is taking longer than expected and this is affecting our purchase decision.,5.9
TKT002555,2019-09-01,90010044,A2918150106,Bangladesh,Delivery,negative,Low,Delivery is taking longer than expected and this is affecting our purchase decision.,9.2
TKT002556,2020-08-01,90017049,A1521150603,Portugal,Product information,neutral,Low,Please provide more information about the product and available variants.,7.1
TKT002557,2019-10-01,90011189,A4319110302,France,Quality,neutral,Low,We need clarification about the product quality and warranty.,0.9
TKT002558,2020-04-01,90011189,A0118150103,France,Product information,neutral,High,Please provide more information about the product and available variants.,9.4
TKT002559,2019-07-01,70006157,A4218110208,Philiphines,Positive,positive,High,The product is performing well and we are considering another order.,2.6
TKT002560,2021-01-01,90018110,A7321160302,Spain,Positive,positive,Medium,The product is performing well and we are considering another order.,8.6
TKT002561,2021-03-01,90005159,A6119110201,Pakistan,Delivery,negative,High,Delivery is taking longer than expected and this is affecting our purchase decision.,5.2
TKT002562,2018-12-01,90014136,A2821150805,Netherlands,Positive,positive,Low,The product is performing well and we are considering another order.,13.1
TKT002563,2019-09-01,90019202,A3718150103,Sweden,Product information,neutral,Low,Please provide more information about the product and available variants.,3.5
TKT002564,2021-01-01,90015145,A3220150401,Norway,Quality,neutral,Low,We need clarification about the product quality and warranty.,3.6
TKT002565,2019-03-01,90006153,A1219150301,Philiphines,Product information,neutral,Low,Please provide more information about the product and available variants.,10.6
TKT002566,2019-04-01,90015149,A0418150103,Norway,Product information,neutral,Medium,Please provide more information about the product and available variants.,23.1
TKT002567,2020-10-01,90007197,A5721110508,South Korea,Positive,positive,High,The product is performing well and we are considering another order.,3.2
TKT002568,2020-03-01,90020102,A4620110606,Austria,Product information,neutral,Low,Please provide more information about the product and available variants.,2.3
TKT002569,2020-04-01,90008166,A3621150802,Australia,Positive,positive,Medium,The product is performing well and we are considering another order.,14.1
TKT002570,2020-04-01,90005161,A3521150702,Pakistan,Delivery,negative,Low,Delivery is taking longer than expected and this is affecting our purchase decision.,3.4
TKT002571,2021-02-01,70016178,A5419110207,Poland,Product information,neutral,Low,Please provide more information about the product and available variants.,4.4
TKT002572,2020-01-01,70011194,A3220150406,France,Product information,neutral,Low,Please provide more information about the product and available variants.,3.6
TKT002573,2019-03-01,90004064,A0821150501,Japan,Positive,positive,Low,The product is performing well and we are considering another order.,3.5
TKT002574,2018-09-01,70003181,A1919150401,Indonesia,Product information,neutral,Low,Please provide more information about the product and available variants.,9.3
TKT002575,2021-07-01,90005162,A0118150101,Pakistan,Product information,neutral,Medium,Please provide more information about the product and available variants.,6.7
TKT002576,2021-08-01,90005160,A7119160103,Pakistan,Delivery,negative,Low,Delivery is taking longer than expected and this is affecting our purchase decision.,15.4
TKT002577,2019-06-01,90020098,A6119110203,Austria,Positive,positive,Low,The product is performing well and we are considering another order.,4.0
TKT002578,2020-11-01,70011194,A3320150502,France,Product information,neutral,Low,Please provide more information about the product and available variants.,9.4
TKT002579,2020-04-01,70011194,A2419150404,France,Quality,neutral,Low,We need clarification about the product quality and warranty.,1.5
TKT002580,2020-03-01,90022077,A2520150502,USA,Delivery,negative,High,Delivery is taking longer than expected and this is affecting our purchase decision.,7.8
TKT002581,2019-09-01,90017056,A0821150501,Portugal,Quality,neutral,Low,We need clarification about the product quality and warranty.,9.9
TKT002582,2019-06-01,70002017,A0821150504,India,Positive,positive,Medium,The product is performing well and we are considering another order.,4.7
TKT002583,2019-02-01,70016177,A0418150102,Poland,Positive,positive,Medium,The product is performing well and we are considering another order.,15.4
TKT002584,2019-11-01,90003179,A2118150105,Indonesia,Product information,neutral,Low,Please provide more information about the product and available variants.,7.8
TKT002585,2018-09-01,90016176,A2319150306,Poland,Positive,positive,Low,The product is performing well and we are considering another order.,17.6
TKT002586,2021-02-01,70023031,A7118160101,Canada,Delivery,negative,Medium,Delivery is taking longer than expected and this is affecting our purchase decision.,9.3
TKT002587,2019-08-01,90022077,A2720150701,USA,Product information,neutral,Low,Please provide more information about the product and available variants.,0.5
TKT002588,2020-11-01,90006156,A6019110107,Philiphines,Product information,neutral,Low,Please provide more information about the product and available variants.,3.9
TKT002589,2020-04-01,90012034,A2721150702,Germany,Product information,neutral,High,Please provide more information about the product and available variants.,4.1
TKT002590,2020-06-01,90022071,A7219160201,USA,Delivery,negative,Medium,Delivery is taking longer than expected and this is affecting our purchase decision.,2.8
TKT002591,2019-07-01,70007198,A1819150303,South Korea,Product information,neutral,Medium,Please provide more information about the product and available variants.,7.6
TKT002592,2018-11-01,90014139,A3621150806,Netherlands,Product information,neutral,Medium,Please provide more information about the product and available variants.,12.2
TKT002593,2019-03-01,90001020,A6219160103,China,Quality,neutral,Medium,We need clarification about the product quality and warranty.,4.9
TKT002594,2020-01-01,90005159,A2319150302,Pakistan,Delivery,negative,High,Delivery is taking longer than expected and this is affecting our purchase decision.,2.3
TKT002595,2020-11-01,70008169,A3718150105,Australia,Positive,positive,Medium,The product is performing well and we are considering another order.,5.3
TKT002596,2019-11-01,90005161,A3320150501,Pakistan,Quality,neutral,Low,We need clarification about the product quality and warranty.,18.5
TKT002597,2020-11-01,90021088,A0519150207,United Kingdom,Delivery,negative,Low,Delivery is taking longer than expected and this is affecting our purchase decision.,5.2
TKT002598,2021-02-01,90009128,A2319150302,Newzealand,Product information,neutral,Low,Please provide more information about the product and available variants.,3.9
TKT002599,2019-01-01,70010047,A1119150203,Bangladesh,Delivery,negative,Low,Delivery is taking longer than expected and this is affecting our purchase decision.,9.7
TKT002600,2019-06-01,90022074,A1219150303,USA,Delivery,negative,Medium,Delivery is taking longer than expected and this is affecting our purchase decision.,5.6
TKT002601,2021-03-01,90020098,A1919150401,Austria,Quality,neutral,Low,We need clarification about the product quality and warranty.,3.5
TKT002602,2019-07-01,90007197,A6921160301,South Korea,Product information,neutral,Medium,Please provide more information about the product and available variants.,4.3
TKT002603,2020-02-01,90005162,A6019110107,Pakistan,Quality,neutral,Medium,We need clarification about the product quality and warranty.,3.3
TKT002604,2018-11-01,70007198,A5318110101,South Korea,Delivery,negative,Medium,Delivery is taking longer than expected and this is affecting our purchase decision.,3.0
TKT002605,2019-03-01,90012039,A1618150101,Germany,Delivery,negative,Low,Delivery is taking longer than expected and this is affecting our purchase decision.,9.2
TKT002606,2018-11-01,90002016,A4821110806,India,Delivery,negative,Medium,Delivery is taking longer than expected and this is affecting our purchase decision.,9.8
TKT002607,2020-04-01,90019200,A4318110301,Sweden,Delivery,negative,Low,Delivery is taking longer than expected and this is affecting our purchase decision.,3.3
TKT002608,2020-12-01,90006156,A4519110502,Philiphines,Quality,neutral,Low,We need clarification about the product quality and warranty.,1.6
TKT002609,2020-09-01,70012042,A4821110804,Germany,Delivery,negative,Low,Delivery is taking longer than expected and this is affecting our purchase decision.,8.6
TKT002610,2018-10-01,70020104,A6918160303,Austria,Quality,neutral,Medium,We need clarification about the product quality and warranty.,4.5
TKT002611,2021-02-01,90017053,A2319150302,Portugal,Product information,neutral,Low,Please provide more information about the product and available variants.,3.6
TKT002612,2019-09-01,90022077,A5318110101,USA,Quality,neutral,High,We need clarification about the product quality and warranty.,8.4
TKT002613,2020-10-01,90002015,A0220150203,India,Delivery,negative,Low,Delivery is taking longer than expected and this is affecting our purchase decision.,2.4
TKT002614,2019-02-01,90009127,A2821150802,Newzealand,Quality,neutral,Medium,We need clarification about the product quality and warranty.,4.5
TKT002615,2018-10-01,90004062,A6720160103,Japan,Product information,neutral,High,Please provide more information about the product and available variants.,3.1
TKT002616,2018-09-01,80006154,A3220150402,Philiphines,Product information,neutral,Low,Please provide more information about the product and available variants.,9.0
TKT002617,2021-01-01,80007196,A3421150606,South Korea,Product information,neutral,High,Please provide more information about the product and available variants.,12.7
TKT002618,2020-07-01,90014141,A1521150601,Netherlands,Quality,neutral,Medium,We need clarification about the product quality and warranty.,3.7
TKT002619,2020-03-01,90019200,A4721110705,Sweden,Positive,positive,Low,The product is performing well and we are considering another order.,1.4
TKT002620,2020-03-01,90004061,A4821110801,Japan,Product information,neutral,Low,Please provide more information about the product and available variants.,7.6
TKT002621,2020-11-01,70004070,A4520110506,Japan,Positive,positive,Low,The product is performing well and we are considering another order.,6.5
TKT002622,2021-01-01,90006153,A2319150302,Philiphines,Delivery,negative,High,Delivery is taking longer than expected and this is affecting our purchase decision.,4.5
TKT002623,2020-01-01,70009134,A5519110301,Newzealand,Delivery,negative,Low,Delivery is taking longer than expected and this is affecting our purchase decision.,9.1
TKT002624,2019-12-01,90015145,A6319160203,Norway,Quality,neutral,Low,We need clarification about the product quality and warranty.,10.8
TKT002625,2020-01-01,70019204,A6018110102,Sweden,Delivery,negative,Low,Delivery is taking longer than expected and this is affecting our purchase decision.,5.4
TKT002626,2020-09-01,90016176,A1219150303,Poland,Product information,neutral,Medium,Please provide more information about the product and available variants.,5.5
TKT002627,2019-04-01,90022073,A0620150303,USA,Product information,neutral,Low,Please provide more information about the product and available variants.,17.1
TKT002628,2018-10-01,80007196,A0321150303,South Korea,Positive,positive,Low,The product is performing well and we are considering another order.,7.6
TKT002629,2020-12-01,70012042,A1319150401,Germany,Positive,positive,High,The product is performing well and we are considering another order.,8.0
TKT002630,2019-02-01,70012042,A4520110505,Germany,Positive,positive,Medium,The product is performing well and we are considering another order.,10.6
TKT002631,2021-04-01,90005160,A3019150205,Pakistan,Positive,positive,Low,The product is performing well and we are considering another order.,6.0
TKT002632,2021-01-01,90021086,A1018150102,United Kingdom,Quality,neutral,High,We need clarification about the product quality and warranty.,5.7
TKT002633,2021-03-01,70016177,A2020150501,Poland,Delivery,negative,Low,Delivery is taking longer than expected and this is affecting our purchase decision.,3.2
TKT002634,2019-06-01,90001020,A2721150706,China,Positive,positive,Low,The product is performing well and we are considering another order.,5.6
TKT002635,2021-07-01,90013122,A3718150101,Italy,Quality,neutral,Medium,We need clarification about the product quality and warranty.,4.4
TKT002636,2019-04-01,90022073,A0921150603,USA,Positive,positive,Medium,The product is performing well and we are considering another order.,7.7
TKT002637,2020-08-01,90001021,A3920150303,China,Product information,neutral,Medium,Please provide more information about the product and available variants.,14.7
TKT002638,2020-05-01,70012043,A3421150605,Germany,Delivery,negative,Low,Delivery is taking longer than expected and this is affecting our purchase decision.,1.0
TKT002639,2019-08-01,90003179,A4520110507,Indonesia,Delivery,negative,Medium,Delivery is taking longer than expected and this is affecting our purchase decision.,5.0
TKT002640,2019-05-01,90016174,A0721150404,Poland,Product information,neutral,Low,Please provide more information about the product and available variants.,12.8
TKT002641,2021-02-01,90014139,A6019110108,Netherlands,Product information,neutral,Medium,Please provide more information about the product and available variants.,4.8
TKT002642,2019-06-01,90015150,A4821110801,Norway,Product information,neutral,Medium,Please provide more information about the product and available variants.,8.6
TKT002643,2020-10-01,70022084,A3220150404,USA,Positive,positive,Medium,The product is performing well and we are considering another order.,9.8
TKT002644,2020-11-01,90018110,A4118110104,Spain,Positive,positive,Low,The product is performing well and we are considering another order.,5.8
TKT002645,2021-06-01,90012033,A6720160103,Germany,Positive,positive,Low,The product is performing well and we are considering another order.,5.6
TKT002646,2021-07-01,70017060,A0619150301,Portugal,Quality,neutral,Medium,We need clarification about the product quality and warranty.,4.8
TKT002647,2019-02-01,70016177,A1219150302,Poland,Quality,neutral,Medium,We need clarification about the product quality and warranty.,9.0
TKT002648,2019-01-01,70018115,A0619150301,Spain,Positive,positive,High,The product is performing well and we are considering another order.,1.3
TKT002649,2020-09-01,90009130,A4319110305,Newzealand,Product information,neutral,Low,Please provide more information about the product and available variants.,1.3
TKT002650,2021-06-01,90008168,A1018150103,Australia,Delivery,negative,Medium,Delivery is taking longer than expected and this is affecting our purchase decision.,8.9
TKT002651,2018-11-01,90005159,A6018110105,Pakistan,Positive,positive,Low,The product is performing well and we are considering another order.,10.1
TKT002652,2020-05-01,90012038,A0219150201,Germany,Delivery,negative,Low,Delivery is taking longer than expected and this is affecting our purchase decision.,9.3
TKT002653,2020-02-01,90013117,A1919150401,Italy,Delivery,negative,Low,Delivery is taking longer than expected and this is affecting our purchase decision.,4.6
TKT002654,2020-03-01,70022085,A3521150702,USA,Delivery,negative,Low,Delivery is taking longer than expected and this is affecting our purchase decision.,8.0
TKT002655,2019-06-01,90017051,A5318110108,Portugal,Product information,neutral,Low,Please provide more information about the product and available variants.,8.0
TKT002656,2021-04-01,90002012,A3621150801,India,Positive,positive,Medium,The product is performing well and we are considering another order.,5.9
TKT002657,2021-04-01,70003182,A1319150401,Indonesia,Positive,positive,Low,The product is performing well and we are considering another order.,13.4
TKT002658,2021-04-01,90018105,A7019160401,Spain,Product information,neutral,Low,Please provide more information about the product and available variants.,10.3
TKT002659,2020-08-01,70018115,A2620150606,Spain,Delivery,negative,High,Delivery is taking longer than expected and this is affecting our purchase decision.,9.2
TKT002660,2019-08-01,80006155,A2419150401,Philiphines,Positive,positive,Low,The product is performing well and we are considering another order.,2.6
TKT002661,2020-11-01,90013117,A5519110304,Italy,Delivery,negative,Low,Delivery is taking longer than expected and this is affecting our purchase decision.,2.8
TKT002662,2020-01-01,70004070,A7118160101,Japan,Positive,positive,Medium,The product is performing well and we are considering another order.,5.6
TKT002663,2019-07-01,90020097,A5520110305,Austria,Quality,neutral,High,We need clarification about the product quality and warranty.,15.2
TKT002664,2021-05-01,90016176,A2520150501,Poland,Product information,neutral,Medium,Please provide more information about the product and available variants.,1.6
TKT002665,2021-01-01,90004062,A3220150402,Japan,Delivery,negative,Medium,Delivery is taking longer than expected and this is affecting our purchase decision.,1.2
TKT002666,2019-07-01,80007195,A4218110202,South Korea,Positive,positive,Medium,The product is performing well and we are considering another order.,6.6
TKT002667,2020-08-01,90012033,A2821150806,Germany,Positive,positive,Medium,The product is performing well and we are considering another order.,9.0
TKT002668,2021-02-01,90022080,A4218110208,USA,Product information,neutral,Low,Please provide more information about the product and available variants.,6.5
TKT002669,2020-02-01,90016176,A3119150301,Poland,Positive,positive,Low,The product is performing well and we are considering another order.,5.9
TKT002670,2021-07-01,70010047,A4821110802,Bangladesh,Delivery,negative,Medium,Delivery is taking longer than expected and this is affecting our purchase decision.,4.4
TKT002671,2018-09-01,90019201,A2419150402,Sweden,Product information,neutral,Medium,Please provide more information about the product and available variants.,4.9
TKT002672,2019-05-01,90001021,A6520160403,China,Delivery,negative,Low,Delivery is taking longer than expected and this is affecting our purchase decision.,3.5
TKT002673,2020-10-01,90018112,A6918160303,Spain,Positive,positive,Medium,The product is performing well and we are considering another order.,8.7
TKT002674,2021-02-01,90023027,A0519150202,Canada,Delivery,negative,Medium,Delivery is taking longer than expected and this is affecting our purchase decision.,12.6
TKT002675,2020-11-01,90008164,A5419110205,Australia,Positive,positive,Medium,The product is performing well and we are considering another order.,1.5
TKT002676,2020-09-01,90019203,A3621150801,Sweden,Positive,positive,Low,The product is performing well and we are considering another order.,11.2
TKT002677,2019-02-01,90016171,A0821150504,Poland,Quality,neutral,Low,We need clarification about the product quality and warranty.,10.0
TKT002678,2019-11-01,90023028,A0821150504,Canada,Product information,neutral,Low,Please provide more information about the product and available variants.,2.7
TKT002679,2019-01-01,70019204,A0721150401,Sweden,Quality,neutral,Medium,We need clarification about the product quality and warranty.,4.2
TKT002680,2018-12-01,70006158,A4318110301,Philiphines,Positive,positive,Low,The product is performing well and we are considering another order.,6.7
TKT002681,2019-01-01,90017054,A2118150104,Portugal,Product information,neutral,Medium,Please provide more information about the product and available variants.,6.6
TKT002682,2021-01-01,90003180,A6018110101,Indonesia,Positive,positive,Low,The product is performing well and we are considering another order.,1.6
TKT002683,2018-11-01,90008166,A4821110802,Australia,Quality,neutral,Medium,We need clarification about the product quality and warranty.,7.1
TKT002684,2021-05-01,70015152,A7118160101,Norway,Quality,neutral,Medium,We need clarification about the product quality and warranty.,2.8
TKT002685,2019-06-01,90017056,A7219160201,Portugal,Positive,positive,Low,The product is performing well and we are considering another order.,20.5
TKT002686,2020-11-01,80006155,A5519110301,Philiphines,Product information,neutral,Low,Please provide more information about the product and available variants.,9.2
TKT002687,2020-01-01,90013123,A5620110402,Italy,Delivery,negative,Medium,Delivery is taking longer than expected and this is affecting our purchase decision.,10.3
TKT002688,2020-09-01,70003181,A6419160301,Indonesia,Product information,neutral,High,Please provide more information about the product and available variants.,12.6
TKT002689,2019-02-01,90019200,A6819160203,Sweden,Positive,positive,Medium,The product is performing well and we are considering another order.,8.9
TKT002690,2019-08-01,90020103,A0219150202,Austria,Quality,neutral,Low,We need clarification about the product quality and warranty.,12.8
TKT002691,2019-12-01,90022083,A4519110502,USA,Positive,positive,Medium,The product is performing well and we are considering another order.,10.3
TKT002692,2019-10-01,90017059,A4118110105,Portugal,Positive,positive,Low,The product is performing well and we are considering another order.,4.4
TKT002693,2021-01-01,90008167,A2821150805,Australia,Delivery,negative,Low,Delivery is taking longer than expected and this is affecting our purchase decision.,2.2
TKT002694,2020-05-01,90009130,A4218110206,Newzealand,Quality,neutral,Low,We need clarification about the product quality and warranty.,1.1
TKT002695,2019-04-01,90023024,A0619150301,Canada,Positive,positive,Low,The product is performing well and we are considering another order.,4.2
TKT002696,2021-08-01,90005159,A5419110203,Pakistan,Quality,neutral,Medium,We need clarification about the product quality and warranty.,4.7
TKT002697,2020-09-01,90013124,A6218160101,Italy,Positive,positive,Low,The product is performing well and we are considering another order.,5.7
TKT002698,2021-01-01,80001019,A2821150804,China,Quality,neutral,Medium,We need clarification about the product quality and warranty.,6.0
TKT002699,2019-05-01,90017055,A7020160403,Portugal,Positive,positive,Low,The product is performing well and we are considering another order.,4.9
TKT002700,2020-08-01,90012035,A6719160101,Germany,Product information,neutral,Low,Please provide more information about the product and available variants.,13.2
TKT002701,2019-04-01,70023032,A7220160202,Canada,Product information,neutral,Low,Please provide more information about the product and available variants.,5.7
TKT002702,2020-08-01,90009127,A0921150603,Newzealand,Quality,neutral,Low,We need clarification about the product quality and warranty.,9.4
TKT002703,2020-07-01,70008170,A5721110502,Australia,Positive,positive,Medium,The product is performing well and we are considering another order.,3.3
TKT002704,2019-02-01,90022082,A3220150405,USA,Quality,neutral,Low,We need clarification about the product quality and warranty.,5.6
TKT002705,2020-11-01,90013117,A4319110305,Italy,Delivery,negative,Medium,Delivery is taking longer than expected and this is affecting our purchase decision.,2.7
TKT002706,2020-11-01,70012043,A2520150506,Germany,Delivery,negative,Low,Delivery is taking longer than expected and this is affecting our purchase decision.,2.8
TKT002707,2021-06-01,90009127,A4021150403,Newzealand,Delivery,negative,Low,Delivery is taking longer than expected and this is affecting our purchase decision.,4.7
TKT002708,2021-01-01,90016173,A4419110402,Poland,Delivery,negative,Low,Delivery is taking longer than expected and this is affecting our purchase decision.,5.6
TKT002709,2019-04-01,90018112,A4218110208,Spain,Product information,neutral,High,Please provide more information about the product and available variants.,4.2
TKT002710,2019-04-01,70008169,A7118160101,Australia,Delivery,negative,Low,Delivery is taking longer than expected and this is affecting our purchase decision.,2.1
TKT002711,2020-12-01,90011189,A3718150101,France,Positive,positive,Medium,The product is performing well and we are considering another order.,4.2
TKT002712,2020-08-01,90022074,A3019150204,USA,Delivery,negative,Low,Delivery is taking longer than expected and this is affecting our purchase decision.,6.6
TKT002713,2020-03-01,90013119,A2118150101,Italy,Product information,neutral,Low,Please provide more information about the product and available variants.,6.0
TKT002714,2019-09-01,90013120,A5318110107,Italy,Positive,positive,Low,The product is performing well and we are considering another order.,5.2
TKT002715,2019-12-01,80001019,A0219150202,China,Positive,positive,High,The product is performing well and we are considering another order.,3.2
TKT002716,2020-12-01,90002007,A4520110505,India,Product information,neutral,Low,Please provide more information about the product and available variants.,3.5
TKT002717,2020-03-01,90016176,A0418150105,Poland,Delivery,negative,Medium,Delivery is taking longer than expected and this is affecting our purchase decision.,9.0
TKT002718,2020-07-01,70012043,A3819150203,Germany,Positive,positive,Medium,The product is performing well and we are considering another order.,6.9
TKT002719,2018-12-01,70015152,A0118150101,Norway,Quality,neutral,High,We need clarification about the product quality and warranty.,7.0
TKT002720,2019-04-01,90010046,A6620160501,Bangladesh,Positive,positive,Low,The product is performing well and we are considering another order.,5.9
TKT002721,2018-11-01,90021095,A0118150104,United Kingdom,Positive,positive,Medium,The product is performing well and we are considering another order.,6.9
TKT002722,2020-04-01,90017053,A7020160403,Portugal,Positive,positive,Medium,The product is performing well and we are considering another order.,3.6
TKT002723,2019-02-01,90001021,A7321160301,China,Positive,positive,Medium,The product is performing well and we are considering another order.,5.3
TKT002724,2019-04-01,90023028,A3018150201,Canada,Positive,positive,Medium,The product is performing well and we are considering another order.,1.5
TKT002725,2021-06-01,90016171,A2020150501,Poland,Quality,neutral,High,We need clarification about the product quality and warranty.,2.8
TKT002726,2020-01-01,90017057,A3818150201,Portugal,Positive,positive,High,The product is performing well and we are considering another order.,6.2
TKT002727,2021-05-01,90020101,A4821110807,Austria,Positive,positive,Medium,The product is performing well and we are considering another order.,18.2
TKT002728,2020-01-01,90013122,A6419160303,Italy,Delivery,negative,Low,Delivery is taking longer than expected and this is affecting our purchase decision.,0.4
TKT002729,2018-11-01,90014140,A7118160101,Netherlands,Product information,neutral,Medium,Please provide more information about the product and available variants.,3.3
TKT002730,2018-10-01,90010046,A0519150205,Bangladesh,Product information,neutral,Medium,Please provide more information about the product and available variants.,6.0
TKT002731,2021-08-01,90017050,A5620110402,Portugal,Positive,positive,Low,The product is performing well and we are considering another order.,13.4
TKT002732,2021-02-01,70009133,A3718150103,Newzealand,Positive,positive,Low,The product is performing well and we are considering another order.,2.8
TKT002733,2020-06-01,90016174,A7119160102,Poland,Quality,neutral,Medium,We need clarification about the product quality and warranty.,5.7
TKT002734,2018-10-01,90019203,A3120150305,Sweden,Quality,neutral,Low,We need clarification about the product quality and warranty.,2.7
TKT002735,2018-10-01,70012042,A2118150102,Germany,Quality,neutral,Low,We need clarification about the product quality and warranty.,1.3
TKT002736,2019-07-01,70014143,A3220150406,Netherlands,Quality,neutral,Medium,We need clarification about the product quality and warranty.,5.8
TKT002737,2020-02-01,90017057,A3521150702,Portugal,Product information,neutral,Low,Please provide more information about the product and available variants.,9.4
TKT002738,2018-11-01,90010046,A6520160403,Bangladesh,Product information,neutral,Low,Please provide more information about the product and available variants.,7.9
TKT002739,2020-04-01,70003181,A3019150205,Indonesia,Positive,positive,Low,The product is performing well and we are considering another order.,3.4
TKT002740,2019-05-01,90011186,A3320150506,France,Positive,positive,Medium,The product is performing well and we are considering another order.,3.9
TKT002741,2019-10-01,90013118,A4319110304,Italy,Product information,neutral,Low,Please provide more information about the product and available variants.,6.0
TKT002742,2019-05-01,90022073,A7321160303,USA,Positive,positive,Low,The product is performing well and we are considering another order.,11.8
TKT002743,2021-05-01,90019202,A1018150101,Sweden,Quality,neutral,Low,We need clarification about the product quality and warranty.,9.8
TKT002744,2019-07-01,90002010,A4021150405,India,Product information,neutral,Low,Please provide more information about the product and available variants.,8.7
TKT002745,2020-09-01,70010047,A3920150303,Bangladesh,Product information,neutral,Medium,Please provide more information about the product and available variants.,7.4
TKT002746,2018-10-01,70020104,A1819150301,Austria,Positive,positive,High,The product is performing well and we are considering another order.,1.9
TKT002747,2021-03-01,90004067,A3320150504,Japan,Delivery,negative,Low,Delivery is taking longer than expected and this is affecting our purchase decision.,8.3
TKT002748,2020-04-01,70003182,A0418150102,Indonesia,Product information,neutral,Medium,Please provide more information about the product and available variants.,9.0
TKT002749,2020-04-01,70006157,A3718150101,Philiphines,Delivery,negative,High,Delivery is taking longer than expected and this is affecting our purchase decision.,4.8
TKT002750,2021-01-01,90005162,A5519110303,Pakistan,Positive,positive,Low,The product is performing well and we are considering another order.,3.0
TKT002751,2021-04-01,70023032,A4419110405,Canada,Delivery,negative,Low,Delivery is taking longer than expected and this is affecting our purchase decision.,0.9
TKT002752,2019-02-01,90010045,A2620150604,Bangladesh,Delivery,negative,Medium,Delivery is taking longer than expected and this is affecting our purchase decision.,7.3
TKT002753,2021-06-01,90008164,A5419110201,Australia,Quality,neutral,Low,We need clarification about the product quality and warranty.,0.9
TKT002754,2021-06-01,90004068,A2021150504,Japan,Quality,neutral,Low,We need clarification about the product quality and warranty.,2.1
TKT002755,2020-09-01,90022073,A3621150805,USA,Quality,neutral,Low,We need clarification about the product quality and warranty.,9.7
TKT002756,2021-01-01,90022081,A7118160101,USA,Product information,neutral,Medium,Please provide more information about the product and available variants.,3.2
TKT002757,2021-03-01,70008169,A1219150301,Australia,Positive,positive,Medium,The product is performing well and we are considering another order.,2.6
TKT002758,2019-02-01,90004066,A4118110104,Japan,Positive,positive,Low,The product is performing well and we are considering another order.,1.8
TKT002759,2019-08-01,90022078,A5318110102,USA,Quality,neutral,Low,We need clarification about the product quality and warranty.,2.5
TKT002760,2019-01-01,90012035,A6319160203,Germany,Delivery,negative,Medium,Delivery is taking longer than expected and this is affecting our purchase decision.,14.5
TKT002761,2020-04-01,90004062,A2620150605,Japan,Delivery,negative,Low,Delivery is taking longer than expected and this is affecting our purchase decision.,3.4
TKT002762,2018-09-01,90018106,A3621150806,Spain,Positive,positive,Medium,The product is performing well and we are considering another order.,4.0
TKT002763,2021-04-01,70014142,A3018150202,Netherlands,Product information,neutral,Low,Please provide more information about the product and available variants.,1.7
TKT002764,2019-09-01,90014140,A6720160103,Netherlands,Quality,neutral,Medium,We need clarification about the product quality and warranty.,22.0
TKT002765,2019-04-01,90017055,A3018150202,Portugal,Product information,neutral,Low,Please provide more information about the product and available variants.,4.0
TKT002766,2019-05-01,90012034,A5318110104,Germany,Product information,neutral,Low,Please provide more information about the product and available variants.,4.1
TKT002767,2019-04-01,90017050,A4419110404,Portugal,Quality,neutral,Low,We need clarification about the product quality and warranty.,11.4
TKT002768,2019-07-01,90011188,A6520160403,France,Delivery,negative,Medium,Delivery is taking longer than expected and this is affecting our purchase decision.,13.6
TKT002769,2020-01-01,90020103,A4319110302,Austria,Product information,neutral,Low,Please provide more information about the product and available variants.,2.6
TKT002770,2018-10-01,90004068,A3621150804,Japan,Quality,neutral,Medium,We need clarification about the product quality and warranty.,6.9
TKT002771,2020-03-01,90008167,A7020160403,Australia,Delivery,negative,Medium,Delivery is taking longer than expected and this is affecting our purchase decision.,2.7
TKT002772,2020-05-01,90009128,A4118110105,Newzealand,Product information,neutral,Medium,Please provide more information about the product and available variants.,5.3
TKT002773,2018-11-01,90023029,A5721110508,Canada,Product information,neutral,Low,Please provide more information about the product and available variants.,16.0
TKT002774,2018-12-01,80007195,A3421150604,South Korea,Quality,neutral,Medium,We need clarification about the product quality and warranty.,0.7
TKT002775,2019-04-01,90011192,A7219160201,France,Delivery,negative,Low,Delivery is taking longer than expected and this is affecting our purchase decision.,9.7
TKT002776,2021-08-01,90001021,A2821150806,China,Quality,neutral,Low,We need clarification about the product quality and warranty.,9.6
TKT002777,2021-02-01,90002006,A4821110804,India,Positive,positive,Medium,The product is performing well and we are considering another order.,5.2
TKT002778,2019-12-01,70008170,A4721110704,Australia,Positive,positive,Medium,The product is performing well and we are considering another order.,8.6
TKT002779,2019-09-01,90013121,A0321150302,Italy,Positive,positive,Low,The product is performing well and we are considering another order.,1.9
TKT002780,2020-11-01,70010047,A3220150406,Bangladesh,Delivery,negative,Low,Delivery is taking longer than expected and this is affecting our purchase decision.,12.6
TKT002781,2019-11-01,70016177,A4620110604,Poland,Positive,positive,Medium,The product is performing well and we are considering another order.,7.6
TKT002782,2020-02-01,90009129,A5419110204,Newzealand,Delivery,negative,Medium,Delivery is taking longer than expected and this is affecting our purchase decision.,2.4
TKT002783,2020-07-01,80007196,A5318110108,South Korea,Quality,neutral,Low,We need clarification about the product quality and warranty.,7.1
TKT002784,2019-02-01,70009134,A5620110402,Newzealand,Quality,neutral,High,We need clarification about the product quality and warranty.,9.0
TKT002785,2021-08-01,80007195,A5721110504,South Korea,Quality,neutral,Low,We need clarification about the product quality and warranty.,13.3
TKT002786,2019-12-01,70010048,A2620150602,Bangladesh,Quality,neutral,Low,We need clarification about the product quality and warranty.,7.2
TKT002787,2019-04-01,90010045,A4419110408,Bangladesh,Delivery,negative,Medium,Delivery is taking longer than expected and this is affecting our purchase decision.,5.0
TKT002788,2020-10-01,70006158,A4620110601,Philiphines,Delivery,negative,Medium,Delivery is taking longer than expected and this is affecting our purchase decision.,1.6
TKT002789,2021-06-01,90008167,A2319150305,Australia,Quality,neutral,Medium,We need clarification about the product quality and warranty.,9.2
TKT002790,2019-08-01,90014139,A3818150201,Netherlands,Positive,positive,Medium,The product is performing well and we are considering another order.,8.6
TKT002791,2020-07-01,80006155,A6019110108,Philiphines,Delivery,negative,Low,Delivery is taking longer than expected and this is affecting our purchase decision.,3.9
TKT002792,2019-03-01,90021088,A0821150501,United Kingdom,Delivery,negative,High,Delivery is taking longer than expected and this is affecting our purchase decision.,1.9
TKT002793,2020-11-01,90021086,A2218150201,United Kingdom,Product information,neutral,Medium,Please provide more information about the product and available variants.,1.6
TKT002794,2018-12-01,90020098,A6119110203,Austria,Quality,neutral,Medium,We need clarification about the product quality and warranty.,9.5
TKT002795,2021-07-01,90020103,A2520150506,Austria,Product information,neutral,Medium,Please provide more information about the product and available variants.,7.7
TKT002796,2019-12-01,90023024,A3120150304,Canada,Positive,positive,Medium,The product is performing well and we are considering another order.,12.4
TKT002797,2020-07-01,70011193,A6119110202,France,Quality,neutral,Low,We need clarification about the product quality and warranty.,6.7
TKT002798,2021-07-01,70005163,A5621110403,Pakistan,Product information,neutral,Low,Please provide more information about the product and available variants.,9.5
TKT002799,2021-05-01,70017060,A4021150403,Portugal,Positive,positive,Medium,The product is performing well and we are considering another order.,1.2
TKT002800,2020-08-01,90005159,A0321150303,Pakistan,Quality,neutral,Low,We need clarification about the product quality and warranty.,8.4
TKT002801,2020-03-01,90013122,A5419110201,Italy,Quality,neutral,Low,We need clarification about the product quality and warranty.,4.5
TKT002802,2019-09-01,70012042,A5721110503,Germany,Positive,positive,High,The product is performing well and we are considering another order.,3.5
TKT002803,2021-03-01,90016175,A4218110207,Poland,Delivery,negative,Medium,Delivery is taking longer than expected and this is affecting our purchase decision.,5.2
TKT002804,2020-02-01,90009128,A5419110202,Newzealand,Quality,neutral,Medium,We need clarification about the product quality and warranty.,2.7
TKT002805,2018-09-01,70016178,A4218110208,Poland,Product information,neutral,Low,Please provide more information about the product and available variants.,3.9
TKT002806,2019-05-01,90001020,A5318110105,China,Quality,neutral,Low,We need clarification about the product quality and warranty.,1.9
TKT002807,2019-09-01,90019202,A6018110101,Sweden,Product information,neutral,Low,Please provide more information about the product and available variants.,2.4
TKT002808,2019-05-01,90010044,A5519110304,Bangladesh,Product information,neutral,Low,Please provide more information about the product and available variants.,9.1
TKT002809,2020-02-01,90019201,A4821110801,Sweden,Product information,neutral,Medium,Please provide more information about the product and available variants.,1.1
TKT002810,2019-08-01,90023025,A4520110504,Canada,Product information,neutral,Low,Please provide more information about the product and available variants.,4.2
TKT002811,2019-02-01,90001020,A3320150501,China,Quality,neutral,Medium,We need clarification about the product quality and warranty.,2.9
TKT002812,2018-11-01,90013122,A0219150201,Italy,Quality,neutral,Low,We need clarification about the product quality and warranty.,3.7
TKT002813,2018-09-01,90012040,A4118110101,Germany,Product information,neutral,Medium,Please provide more information about the product and available variants.,5.6
TKT002814,2020-09-01,90019203,A4419110407,Sweden,Positive,positive,Low,The product is performing well and we are considering another order.,2.2
TKT002815,2019-06-01,90008166,A1919150403,Australia,Product information,neutral,Low,Please provide more information about the product and available variants.,2.8
TKT002816,2020-01-01,90004067,A2219150204,Japan,Positive,positive,Medium,The product is performing well and we are considering another order.,8.7
TKT002817,2020-05-01,90009129,A5621110408,Newzealand,Delivery,negative,Medium,Delivery is taking longer than expected and this is affecting our purchase decision.,1.8
TKT002818,2020-10-01,90022073,A5318110105,USA,Quality,neutral,High,We need clarification about the product quality and warranty.,0.6
TKT002819,2021-05-01,90022077,A2520150501,USA,Quality,neutral,Medium,We need clarification about the product quality and warranty.,4.0
TKT002820,2021-04-01,90012033,A0921150603,Germany,Product information,neutral,Medium,Please provide more information about the product and available variants.,7.9
TKT002821,2020-04-01,90010044,A5318110101,Bangladesh,Quality,neutral,Low,We need clarification about the product quality and warranty.,5.8
TKT002822,2019-12-01,90020101,A2319150301,Austria,Delivery,negative,Medium,Delivery is taking longer than expected and this is affecting our purchase decision.,1.4
TKT002823,2021-04-01,90022080,A4118110104,USA,Product information,neutral,Medium,Please provide more information about the product and available variants.,4.2
TKT002824,2020-02-01,70003182,A4419110404,Indonesia,Product information,neutral,Low,Please provide more information about the product and available variants.,10.6
TKT002825,2019-12-01,90005162,A3621150801,Pakistan,Quality,neutral,Medium,We need clarification about the product quality and warranty.,7.9
TKT002826,2020-11-01,70014142,A5318110107,Netherlands,Delivery,negative,Medium,Delivery is taking longer than expected and this is affecting our purchase decision.,2.7
TKT002827,2019-08-01,90017049,A4821110805,Portugal,Delivery,negative,Medium,Delivery is taking longer than expected and this is affecting our purchase decision.,5.4
TKT002828,2019-08-01,90015150,A1018150102,Norway,Positive,positive,Medium,The product is performing well and we are considering another order.,12.3
TKT002829,2021-04-01,80007195,A4021150403,South Korea,Delivery,negative,Low,Delivery is taking longer than expected and this is affecting our purchase decision.,3.9
TKT002830,2020-01-01,70015152,A4620110608,Norway,Delivery,negative,Medium,Delivery is taking longer than expected and this is affecting our purchase decision.,15.1
TKT002831,2021-02-01,90005159,A1521150602,Pakistan,Delivery,negative,High,Delivery is taking longer than expected and this is affecting our purchase decision.,1.6
TKT002832,2021-07-01,90005159,A3521150704,Pakistan,Positive,positive,High,The product is performing well and we are considering another order.,3.2
TKT002833,2020-06-01,70013126,A3521150706,Italy,Quality,neutral,Medium,We need clarification about the product quality and warranty.,10.0
TKT002834,2021-04-01,90019202,A6119110202,Sweden,Quality,neutral,Low,We need clarification about the product quality and warranty.,3.8
TKT002835,2020-07-01,90019201,A2620150602,Sweden,Positive,positive,Medium,The product is performing well and we are considering another order.,5.1
TKT002836,2020-02-01,70021096,A1819150301,United Kingdom,Quality,neutral,Medium,We need clarification about the product quality and warranty.,7.2
TKT002837,2020-09-01,70004070,A2118150106,Japan,Delivery,negative,Medium,Delivery is taking longer than expected and this is affecting our purchase decision.,6.6
TKT002838,2019-10-01,90019203,A0921150604,Sweden,Quality,neutral,Medium,We need clarification about the product quality and warranty.,11.3
TKT002839,2019-02-01,90001021,A1421150503,China,Positive,positive,Low,The product is performing well and we are considering another order.,4.6
TKT002840,2020-08-01,90021090,A4218110204,United Kingdom,Positive,positive,Low,The product is performing well and we are considering another order.,8.5
TKT002841,2020-05-01,90010044,A2419150404,Bangladesh,Product information,neutral,High,Please provide more information about the product and available variants.,16.6
TKT002842,2021-07-01,90002001,A3018150202,India,Positive,positive,Medium,The product is performing well and we are considering another order.,2.0
TKT002843,2019-08-01,90002002,A1118150201,India,Quality,neutral,Medium,We need clarification about the product quality and warranty.,8.8
TKT002844,2019-09-01,90002016,A0519150208,India,Quality,neutral,Low,We need clarification about the product quality and warranty.,4.5
TKT002845,2020-11-01,90002009,A2218150201,India,Product information,neutral,High,Please provide more information about the product and available variants.,6.2
TKT002846,2020-04-01,90014140,A5519110301,Netherlands,Delivery,negative,Low,Delivery is taking longer than expected and this is affecting our purchase decision.,8.0
TKT002847,2020-05-01,90013122,A3018150202,Italy,Positive,positive,Low,The product is performing well and we are considering another order.,12.9
TKT002848,2019-04-01,90023025,A5721110505,Canada,Product information,neutral,Low,Please provide more information about the product and available variants.,4.5
TKT002849,2021-08-01,90015150,A0821150501,Norway,Product information,neutral,Low,Please provide more information about the product and available variants.,5.1
TKT002850,2020-01-01,70007199,A0219150201,South Korea,Delivery,negative,Low,Delivery is taking longer than expected and this is affecting our purchase decision.,21.3
TKT002851,2018-12-01,90008167,A5721110501,Australia,Product information,neutral,Low,Please provide more information about the product and available variants.,5.6
TKT002852,2020-05-01,90002016,A2021150504,India,Quality,neutral,Medium,We need clarification about the product quality and warranty.,10.6
TKT002853,2018-09-01,90022073,A2918150101,USA,Positive,positive,Low,The product is performing well and we are considering another order.,0.9
TKT002854,2018-11-01,90017053,A3521150704,Portugal,Product information,neutral,Medium,Please provide more information about the product and available variants.,1.7
TKT002855,2019-09-01,70015151,A5721110507,Norway,Positive,positive,Low,The product is performing well and we are considering another order.,11.0
TKT002856,2019-10-01,90018112,A5721110502,Spain,Positive,positive,Medium,The product is performing well and we are considering another order.,9.9
TKT002857,2020-05-01,70015151,A2520150504,Norway,Delivery,negative,Low,Delivery is taking longer than expected and this is affecting our purchase decision.,5.3
TKT002858,2020-02-01,90016171,A6219160103,Poland,Product information,neutral,Medium,Please provide more information about the product and available variants.,7.6
TKT002859,2019-05-01,90013120,A2821150801,Italy,Delivery,negative,High,Delivery is taking longer than expected and this is affecting our purchase decision.,4.8
TKT002860,2020-03-01,90023023,A3718150101,Canada,Product information,neutral,Medium,Please provide more information about the product and available variants.,9.0
TKT002861,2021-02-01,90008164,A4419110407,Australia,Product information,neutral,Low,Please provide more information about the product and available variants.,10.0
TKT002862,2020-09-01,90011188,A1919150403,France,Positive,positive,Medium,The product is performing well and we are considering another order.,7.9
TKT002863,2020-01-01,70007199,A3320150506,South Korea,Quality,neutral,Low,We need clarification about the product quality and warranty.,1.6
TKT002864,2021-04-01,90020103,A2319150305,Austria,Quality,neutral,Low,We need clarification about the product quality and warranty.,4.3
TKT002865,2021-04-01,90023028,A3320150502,Canada,Quality,neutral,Low,We need clarification about the product quality and warranty.,9.7
TKT002866,2020-01-01,90023030,A3818150201,Canada,Positive,positive,Low,The product is performing well and we are considering another order.,4.2
TKT002867,2021-02-01,70005163,A3119150301,Pakistan,Product information,neutral,Low,Please provide more information about the product and available variants.,11.3
TKT002868,2020-02-01,90002007,A2918150101,India,Delivery,negative,Low,Delivery is taking longer than expected and this is affecting our purchase decision.,2.7
TKT002869,2019-09-01,90012041,A5519110304,Germany,Product information,neutral,Medium,Please provide more information about the product and available variants.,1.2
TKT002870,2019-05-01,70011193,A5419110204,France,Delivery,negative,Medium,Delivery is taking longer than expected and this is affecting our purchase decision.,7.7
TKT002871,2020-12-01,90010045,A4720110701,Bangladesh,Positive,positive,Low,The product is performing well and we are considering another order.,3.6
TKT002872,2019-03-01,90004066,A4020150401,Japan,Positive,positive,High,The product is performing well and we are considering another order.,8.7
TKT002873,2019-01-01,90008165,A0519150205,Australia,Positive,positive,Low,The product is performing well and we are considering another order.,6.3
TKT002874,2021-03-01,70005163,A1420150502,Pakistan,Product information,neutral,Medium,Please provide more information about the product and available variants.,2.7
TKT002875,2019-07-01,90013124,A3621150801,Italy,Delivery,negative,Low,Delivery is taking longer than expected and this is affecting our purchase decision.,14.2
TKT002876,2019-11-01,90005162,A4419110407,Pakistan,Positive,positive,Low,The product is performing well and we are considering another order.,2.3
TKT002877,2020-09-01,80007195,A1421150503,South Korea,Product information,neutral,Low,Please provide more information about the product and available variants.,4.3
TKT002878,2021-07-01,80001019,A6120110205,China,Quality,neutral,Medium,We need clarification about the product quality and warranty.,18.2
TKT002879,2019-06-01,90011188,A0418150103,France,Delivery,negative,Medium,Delivery is taking longer than expected and this is affecting our purchase decision.,2.2
TKT002880,2020-02-01,90013124,A4721110705,Italy,Positive,positive,Medium,The product is performing well and we are considering another order.,3.8
TKT002881,2019-12-01,70019204,A4218110202,Sweden,Quality,neutral,Low,We need clarification about the product quality and warranty.,11.0
TKT002882,2021-01-01,70010047,A2620150601,Bangladesh,Positive,positive,High,The product is performing well and we are considering another order.,21.0
TKT002883,2020-11-01,70006157,A5721110508,Philiphines,Quality,neutral,Low,We need clarification about the product quality and warranty.,7.0
TKT002884,2019-05-01,70008169,A4620110606,Australia,Positive,positive,Low,The product is performing well and we are considering another order.,3.2
TKT002885,2019-01-01,90012039,A5721110501,Germany,Positive,positive,Low,The product is performing well and we are considering another order.,4.7
TKT002886,2021-02-01,70009134,A2118150104,Newzealand,Delivery,negative,Low,Delivery is taking longer than expected and this is affecting our purchase decision.,0.9
TKT002887,2018-11-01,90022077,A6919160302,USA,Product information,neutral,Medium,Please provide more information about the product and available variants.,1.8
TKT002888,2018-09-01,90011188,A3621150805,France,Positive,positive,High,The product is performing well and we are considering another order.,3.8
TKT002889,2020-06-01,80007195,A4218110201,South Korea,Delivery,negative,Low,Delivery is taking longer than expected and this is affecting our purchase decision.,10.5
TKT002890,2021-06-01,90015147,A1118150202,Norway,Quality,neutral,Medium,We need clarification about the product quality and warranty.,6.1
TKT002891,2019-03-01,90019200,A2219150206,Sweden,Positive,positive,Low,The product is performing well and we are considering another order.,0.7
TKT002892,2020-03-01,90003180,A5519110304,Indonesia,Quality,neutral,Low,We need clarification about the product quality and warranty.,1.9
TKT002893,2019-03-01,90022077,A0418150107,USA,Positive,positive,Low,The product is performing well and we are considering another order.,4.7
TKT002894,2019-10-01,90018110,A3019150205,Spain,Delivery,negative,Medium,Delivery is taking longer than expected and this is affecting our purchase decision.,8.0
TKT002895,2020-09-01,90013123,A2219150205,Italy,Delivery,negative,Low,Delivery is taking longer than expected and this is affecting our purchase decision.,14.1
TKT002896,2019-07-01,90013122,A4821110807,Italy,Product information,neutral,Medium,Please provide more information about the product and available variants.,5.5
TKT002897,2021-02-01,90021092,A0220150203,United Kingdom,Product information,neutral,Medium,Please provide more information about the product and available variants.,1.8
TKT002898,2020-12-01,90017059,A5519110303,Portugal,Positive,positive,Medium,The product is performing well and we are considering another order.,9.4
TKT002899,2019-09-01,80007195,A0921150603,South Korea,Quality,neutral,Low,We need clarification about the product quality and warranty.,12.6
TKT002900,2019-08-01,70014142,A0519150208,Netherlands,Delivery,negative,Low,Delivery is taking longer than expected and this is affecting our purchase decision.,5.4
TKT002901,2020-09-01,90021095,A1521150602,United Kingdom,Delivery,negative,Medium,Delivery is taking longer than expected and this is affecting our purchase decision.,6.5
TKT002902,2019-06-01,80001019,A3421150604,China,Positive,positive,High,The product is performing well and we are considering another order.,34.6
TKT002903,2020-06-01,70006157,A5318110102,Philiphines,Quality,neutral,Medium,We need clarification about the product quality and warranty.,10.0
TKT002904,2019-09-01,90009129,A2821150804,Newzealand,Product information,neutral,Medium,Please provide more information about the product and available variants.,1.8
TKT002905,2019-05-01,90004064,A1521150601,Japan,Delivery,negative,Low,Delivery is taking longer than expected and this is affecting our purchase decision.,7.4
TKT002906,2020-03-01,90018107,A3420150601,Spain,Delivery,negative,High,Delivery is taking longer than expected and this is affecting our purchase decision.,2.1
TKT002907,2019-08-01,90004067,A1118150202,Japan,Positive,positive,Medium,The product is performing well and we are considering another order.,1.5
TKT002908,2019-05-01,80001019,A6818160202,China,Product information,neutral,High,Please provide more information about the product and available variants.,5.9
TKT002909,2019-09-01,90022078,A0320150301,USA,Delivery,negative,Medium,Delivery is taking longer than expected and this is affecting our purchase decision.,2.7
TKT002910,2019-06-01,70023032,A1219150303,Canada,Quality,neutral,Low,We need clarification about the product quality and warranty.,4.6
TKT002911,2020-08-01,90017054,A5721110507,Portugal,Delivery,negative,Medium,Delivery is taking longer than expected and this is affecting our purchase decision.,1.0
TKT002912,2018-12-01,70014142,A0721150404,Netherlands,Quality,neutral,Medium,We need clarification about the product quality and warranty.,12.7
TKT002913,2021-06-01,80007196,A2620150602,South Korea,Quality,neutral,Low,We need clarification about the product quality and warranty.,10.5
TKT002914,2020-02-01,80007195,A0921150604,South Korea,Quality,neutral,Medium,We need clarification about the product quality and warranty.,1.4
TKT002915,2019-03-01,70012043,A0418150102,Germany,Product information,neutral,Low,Please provide more information about the product and available variants.,4.6
TKT002916,2019-05-01,80001019,A4620110602,China,Product information,neutral,Medium,Please provide more information about the product and available variants.,7.4
TKT002917,2020-06-01,90016174,A3220150402,Poland,Product information,neutral,Medium,Please provide more information about the product and available variants.,9.0
TKT002918,2018-09-01,90012038,A6819160203,Germany,Delivery,negative,Medium,Delivery is taking longer than expected and this is affecting our purchase decision.,7.6
TKT002919,2021-02-01,90002006,A4721110705,India,Positive,positive,Medium,The product is performing well and we are considering another order.,1.1
TKT002920,2021-04-01,90020101,A0821150503,Austria,Product information,neutral,Medium,Please provide more information about the product and available variants.,6.3
TKT002921,2018-12-01,90006156,A0519150203,Philiphines,Product information,neutral,Medium,Please provide more information about the product and available variants.,10.2
TKT002922,2018-09-01,90001021,A3521150701,China,Product information,neutral,Low,Please provide more information about the product and available variants.,4.2
TKT002923,2019-08-01,90013119,A6419160301,Italy,Quality,neutral,Medium,We need clarification about the product quality and warranty.,8.6
TKT002924,2018-11-01,70020104,A1319150401,Austria,Delivery,negative,High,Delivery is taking longer than expected and this is affecting our purchase decision.,6.8
TKT002925,2019-03-01,90020102,A4218110207,Austria,Positive,positive,Medium,The product is performing well and we are considering another order.,10.6
TKT002926,2019-04-01,70006158,A2720150701,Philiphines,Positive,positive,Low,The product is performing well and we are considering another order.,7.8
TKT002927,2019-09-01,90015145,A1320150402,Norway,Positive,positive,Low,The product is performing well and we are considering another order.,2.7
TKT002928,2018-12-01,70010047,A4419110405,Bangladesh,Delivery,negative,Medium,Delivery is taking longer than expected and this is affecting our purchase decision.,5.3
TKT002929,2021-02-01,90018114,A7321160302,Spain,Delivery,negative,Medium,Delivery is taking longer than expected and this is affecting our purchase decision.,8.4
TKT002930,2019-04-01,90023026,A4118110104,Canada,Delivery,negative,Medium,Delivery is taking longer than expected and this is affecting our purchase decision.,3.3
TKT002931,2020-08-01,90005159,A3521150701,Pakistan,Quality,neutral,Medium,We need clarification about the product quality and warranty.,10.2
TKT002932,2020-10-01,70008170,A2620150601,Australia,Positive,positive,Low,The product is performing well and we are considering another order.,3.6
TKT002933,2020-02-01,90018114,A0721150403,Spain,Positive,positive,High,The product is performing well and we are considering another order.,6.1
TKT002934,2020-05-01,90021088,A3320150504,United Kingdom,Product information,neutral,Medium,Please provide more information about the product and available variants.,5.3
TKT002935,2019-09-01,70010048,A6120110207,Bangladesh,Delivery,negative,Low,Delivery is taking longer than expected and this is affecting our purchase decision.,4.4
TKT002936,2019-10-01,80001019,A7119160102,China,Quality,neutral,Medium,We need clarification about the product quality and warranty.,10.0
TKT002937,2019-01-01,90011192,A2319150304,France,Product information,neutral,Medium,Please provide more information about the product and available variants.,2.6
TKT002938,2020-01-01,90011187,A5318110101,France,Delivery,negative,Medium,Delivery is taking longer than expected and this is affecting our purchase decision.,9.5
TKT002939,2021-04-01,80006155,A4720110702,Philiphines,Positive,positive,Low,The product is performing well and we are considering another order.,2.7
TKT002940,2020-12-01,90018110,A3718150101,Spain,Quality,neutral,Medium,We need clarification about the product quality and warranty.,2.9
TKT002941,2020-03-01,80006154,A2118150101,Philiphines,Delivery,negative,Medium,Delivery is taking longer than expected and this is affecting our purchase decision.,2.1
TKT002942,2019-12-01,70012042,A2319150304,Germany,Delivery,negative,Medium,Delivery is taking longer than expected and this is affecting our purchase decision.,2.1
TKT002943,2018-10-01,90008167,A4118110107,Australia,Positive,positive,High,The product is performing well and we are considering another order.,5.2
TKT002944,2019-04-01,70003181,A7220160203,Indonesia,Product information,neutral,Medium,Please provide more information about the product and available variants.,3.7
TKT002945,2018-11-01,90022082,A4721110704,USA,Positive,positive,High,The product is performing well and we are considering another order.,12.2
TKT002946,2021-03-01,70006158,A5519110302,Philiphines,Product information,neutral,High,Please provide more information about the product and available variants.,2.6
TKT002947,2018-09-01,90011185,A5721110502,France,Delivery,negative,High,Delivery is taking longer than expected and this is affecting our purchase decision.,4.3
TKT002948,2020-11-01,90017049,A5621110405,Portugal,Positive,positive,Low,The product is performing well and we are considering another order.,8.3
TKT002949,2020-11-01,90018113,A5519110304,Spain,Product information,neutral,High,Please provide more information about the product and available variants.,21.3
TKT002950,2019-09-01,70020104,A3220150404,Austria,Quality,neutral,Medium,We need clarification about the product quality and warranty.,1.3
TKT002951,2021-03-01,70009134,A0921150601,Newzealand,Quality,neutral,Low,We need clarification about the product quality and warranty.,5.6
TKT002952,2019-02-01,90011188,A4620110605,France,Positive,positive,Medium,The product is performing well and we are considering another order.,2.6
TKT002953,2018-11-01,90014140,A7220160203,Netherlands,Positive,positive,Low,The product is performing well and we are considering another order.,3.1
TKT002954,2019-02-01,90010045,A6519160401,Bangladesh,Product information,neutral,Low,Please provide more information about the product and available variants.,4.9
TKT002955,2020-08-01,90004065,A3819150205,Japan,Delivery,negative,Low,Delivery is taking longer than expected and this is affecting our purchase decision.,1.3
TKT002956,2020-09-01,90015150,A6718160102,Norway,Positive,positive,Low,The product is performing well and we are considering another order.,1.5
TKT002957,2019-09-01,90003180,A3220150406,Indonesia,Quality,neutral,Medium,We need clarification about the product quality and warranty.,4.4
TKT002958,2019-01-01,90017049,A4419110401,Portugal,Positive,positive,Medium,The product is performing well and we are considering another order.,3.6
TKT002959,2020-09-01,90014140,A3718150101,Netherlands,Delivery,negative,Low,Delivery is taking longer than expected and this is affecting our purchase decision.,5.0
TKT002960,2019-11-01,90003179,A5519110303,Indonesia,Delivery,negative,Low,Delivery is taking longer than expected and this is affecting our purchase decision.,14.9
TKT002961,2018-09-01,90022077,A5721110508,USA,Delivery,negative,Medium,Delivery is taking longer than expected and this is affecting our purchase decision.,7.5
TKT002962,2019-07-01,90006156,A3421150606,Philiphines,Delivery,negative,Low,Delivery is taking longer than expected and this is affecting our purchase decision.,2.7
TKT002963,2019-10-01,90019203,A4118110107,Sweden,Product information,neutral,Medium,Please provide more information about the product and available variants.,9.1
TKT002964,2018-12-01,90020103,A1118150201,Austria,Positive,positive,Medium,The product is performing well and we are considering another order.,0.4
TKT002965,2020-10-01,70011193,A1521150603,France,Positive,positive,Low,The product is performing well and we are considering another order.,2.4
TKT002966,2020-02-01,90001020,A4218110205,China,Product information,neutral,Low,Please provide more information about the product and available variants.,14.5
TKT002967,2021-01-01,70011194,A5419110205,France,Delivery,negative,Medium,Delivery is taking longer than expected and this is affecting our purchase decision.,11.6
TKT002968,2020-01-01,70007198,A1521150603,South Korea,Positive,positive,High,The product is performing well and we are considering another order.,8.6
TKT002969,2019-10-01,70003182,A4620110607,Indonesia,Positive,positive,Low,The product is performing well and we are considering another order.,2.4
TKT002970,2020-11-01,90015149,A5721110507,Norway,Quality,neutral,Low,We need clarification about the product quality and warranty.,3.7
TKT002971,2021-05-01,70007198,A2419150401,South Korea,Quality,neutral,Low,We need clarification about the product quality and warranty.,10.8
TKT002972,2019-04-01,90015145,A0219150201,Norway,Positive,positive,Low,The product is performing well and we are considering another order.,7.6
TKT002973,2019-03-01,90009127,A4620110608,Newzealand,Quality,neutral,Medium,We need clarification about the product quality and warranty.,1.8
TKT002974,2019-12-01,70014143,A4218110201,Netherlands,Delivery,negative,Medium,Delivery is taking longer than expected and this is affecting our purchase decision.,3.2
TKT002975,2020-09-01,90011187,A4319110305,France,Product information,neutral,Low,Please provide more information about the product and available variants.,6.3
TKT002976,2020-09-01,90017051,A5318110101,Portugal,Product information,neutral,High,Please provide more information about the product and available variants.,1.8
TKT002977,2020-07-01,90008164,A2319150302,Australia,Quality,neutral,Low,We need clarification about the product quality and warranty.,5.9
TKT002978,2021-03-01,90015144,A2118150102,Norway,Product information,neutral,High,Please provide more information about the product and available variants.,3.8
TKT002979,2019-08-01,80001019,A6621160503,China,Product information,neutral,High,Please provide more information about the product and available variants.,2.3
TKT002980,2020-08-01,70012043,A6019110108,Germany,Quality,neutral,High,We need clarification about the product quality and warranty.,10.2
TKT002981,2020-02-01,90012038,A6120110205,Germany,Delivery,negative,Low,Delivery is taking longer than expected and this is affecting our purchase decision.,5.5
TKT002982,2019-05-01,90016174,A4519110501,Poland,Product information,neutral,Low,Please provide more information about the product and available variants.,2.3
TKT002983,2020-04-01,90017053,A3421150606,Portugal,Product information,neutral,Low,Please provide more information about the product and available variants.,0.8
TKT002984,2019-01-01,90021089,A0921150604,United Kingdom,Product information,neutral,Low,Please provide more information about the product and available variants.,0.7
TKT002985,2020-11-01,90014140,A4218110208,Netherlands,Quality,neutral,High,We need clarification about the product quality and warranty.,7.0
TKT002986,2019-05-01,70022084,A0921150604,USA,Quality,neutral,Medium,We need clarification about the product quality and warranty.,7.0
TKT002987,2019-08-01,70008170,A4720110702,Australia,Delivery,negative,Low,Delivery is taking longer than expected and this is affecting our purchase decision.,7.1
TKT002988,2021-08-01,90013122,A3220150401,Italy,Quality,neutral,Low,We need clarification about the product quality and warranty.,4.1
TKT002989,2020-10-01,70009134,A3920150301,Newzealand,Delivery,negative,Low,Delivery is taking longer than expected and this is affecting our purchase decision.,1.1
TKT002990,2021-06-01,90014139,A2721150702,Netherlands,Product information,neutral,Low,Please provide more information about the product and available variants.,4.3
TKT002991,2020-06-01,90021095,A5419110208,United Kingdom,Product information,neutral,Low,Please provide more information about the product and available variants.,6.1
TKT002992,2019-08-01,70003182,A3019150206,Indonesia,Delivery,negative,Low,Delivery is taking longer than expected and this is affecting our purchase decision.,11.2
TKT002993,2020-05-01,90007197,A6120110205,South Korea,Quality,neutral,Low,We need clarification about the product quality and warranty.,2.8
TKT002994,2020-01-01,90022077,A0721150403,USA,Product information,neutral,Low,Please provide more information about the product and available variants.,11.3
TKT002995,2019-02-01,90004062,A1718150201,Japan,Delivery,negative,High,Delivery is taking longer than expected and this is affecting our purchase decision.,12.7
TKT002996,2019-01-01,90016175,A0418150101,Poland,Delivery,negative,Low,Delivery is taking longer than expected and this is affecting our purchase decision.,2.0
TKT002997,2021-08-01,90007197,A1919150403,South Korea,Positive,positive,Medium,The product is performing well and we are considering another order.,2.8
TKT002998,2020-05-01,70010047,A2118150101,Bangladesh,Product information,neutral,Medium,Please provide more information about the product and available variants.,5.7
TKT002999,2020-04-01,90012041,A7220160202,Germany,Quality,neutral,Low,We need clarification about the product quality and warranty.,7.7
TKT003000,2018-10-01,90015148,A3120150304,Norway,Delivery,negative,Medium,Delivery is taking longer than expected and this is affecting our purchase decision.,14.9
TKT003001,2021-07-01,70006158,A1018150103,Philiphines,Quality,neutral,Medium,We need clarification about the product quality and warranty.,4.7
TKT003002,2018-09-01,90010044,A4218110205,Bangladesh,Positive,positive,Low,The product is performing well and we are considering another order.,7.9
TKT003003,2021-06-01,90015149,A7018160402,Norway,Product information,neutral,Low,Please provide more information about the product and available variants.,4.8
TKT003004,2019-04-01,90014141,A1119150203,Netherlands,Positive,positive,Medium,The product is performing well and we are considering another order.,6.1
TKT003005,2018-12-01,90002004,A1618150103,India,Product information,neutral,Medium,Please provide more information about the product and available variants.,6.1
TKT003006,2020-05-01,70003181,A4118110107,Indonesia,Quality,neutral,Medium,We need clarification about the product quality and warranty.,5.8
TKT003007,2021-04-01,90020103,A1219150301,Austria,Positive,positive,High,The product is performing well and we are considering another order.,4.9
TKT003008,2019-11-01,90004066,A3320150504,Japan,Delivery,negative,Low,Delivery is taking longer than expected and this is affecting our purchase decision.,6.5
TKT003009,2021-08-01,90021093,A1119150203,United Kingdom,Quality,neutral,High,We need clarification about the product quality and warranty.,11.1
TKT003010,2018-09-01,90009127,A2219150206,Newzealand,Positive,positive,Low,The product is performing well and we are considering another order.,11.8
TKT003011,2021-08-01,90003180,A5419110205,Indonesia,Product information,neutral,Low,Please provide more information about the product and available variants.,5.0
TKT003012,2019-03-01,90010044,A7019160401,Bangladesh,Positive,positive,Low,The product is performing well and we are considering another order.,4.5
TKT003013,2019-03-01,70007198,A2720150701,South Korea,Product information,neutral,Low,Please provide more information about the product and available variants.,1.0
TKT003014,2019-10-01,90015150,A5419110204,Norway,Quality,neutral,Low,We need clarification about the product quality and warranty.,6.4
TKT003015,2019-03-01,90008166,A4620110601,Australia,Product information,neutral,Medium,Please provide more information about the product and available variants.,3.8
TKT003016,2020-07-01,70005163,A4720110701,Pakistan,Delivery,negative,High,Delivery is taking longer than expected and this is affecting our purchase decision.,7.9
TKT003017,2020-07-01,70010047,A3420150602,Bangladesh,Quality,neutral,Low,We need clarification about the product quality and warranty.,2.2
TKT003018,2020-03-01,80006154,A5318110104,Philiphines,Product information,neutral,Medium,Please provide more information about the product and available variants.,5.1
TKT003019,2019-02-01,90018106,A2219150204,Spain,Product information,neutral,High,Please provide more information about the product and available variants.,3.0
TKT003020,2020-04-01,70019204,A4118110105,Sweden,Positive,positive,High,The product is performing well and we are considering another order.,4.9
TKT003021,2020-11-01,90002006,A6019110107,India,Product information,neutral,Low,Please provide more information about the product and available variants.,11.1
TKT003022,2018-10-01,90023024,A4520110506,Canada,Positive,positive,Medium,The product is performing well and we are considering another order.,4.0
TKT003023,2020-08-01,70016178,A6520160402,Poland,Positive,positive,Medium,The product is performing well and we are considering another order.,5.1
TKT003024,2019-01-01,90015147,A0519150201,Norway,Quality,neutral,Medium,We need clarification about the product quality and warranty.,2.6
TKT003025,2020-04-01,70010048,A3819150205,Bangladesh,Delivery,negative,Medium,Delivery is taking longer than expected and this is affecting our purchase decision.,6.8
TKT003026,2019-12-01,90021089,A5519110302,United Kingdom,Delivery,negative,Medium,Delivery is taking longer than expected and this is affecting our purchase decision.,6.4
TKT003027,2019-11-01,90005161,A2918150104,Pakistan,Delivery,negative,Low,Delivery is taking longer than expected and this is affecting our purchase decision.,3.2
TKT003028,2021-04-01,70005163,A4319110302,Pakistan,Product information,neutral,Medium,Please provide more information about the product and available variants.,13.8
TKT003029,2021-05-01,90011192,A4319110305,France,Delivery,negative,Low,Delivery is taking longer than expected and this is affecting our purchase decision.,6.3
TKT003030,2019-01-01,70003181,A0621150308,Indonesia,Delivery,negative,Medium,Delivery is taking longer than expected and this is affecting our purchase decision.,14.1
TKT003031,2020-01-01,90001020,A3621150805,China,Delivery,negative,Low,Delivery is taking longer than expected and this is affecting our purchase decision.,3.0
TKT003032,2019-05-01,90023022,A4118110106,Canada,Positive,positive,Low,The product is performing well and we are considering another order.,8.1
TKT003033,2019-06-01,90012038,A4620110601,Germany,Quality,neutral,Medium,We need clarification about the product quality and warranty.,25.8
TKT003034,2019-06-01,90023028,A6119110202,Canada,Product information,neutral,Low,Please provide more information about the product and available variants.,6.3
TKT003035,2021-05-01,70023032,A2419150404,Canada,Delivery,negative,Low,Delivery is taking longer than expected and this is affecting our purchase decision.,3.1
TKT003036,2020-03-01,70012043,A4821110802,Germany,Positive,positive,Low,The product is performing well and we are considering another order.,1.2
TKT003037,2021-06-01,90008165,A5419110203,Australia,Quality,neutral,Medium,We need clarification about the product quality and warranty.,10.4
TKT003038,2019-01-01,90020102,A2620150602,Austria,Quality,neutral,Low,We need clarification about the product quality and warranty.,3.0
TKT003039,2019-10-01,90018105,A6720160103,Spain,Positive,positive,Low,The product is performing well and we are considering another order.,1.4
TKT003040,2019-01-01,80007196,A5519110303,South Korea,Delivery,negative,Low,Delivery is taking longer than expected and this is affecting our purchase decision.,3.4
TKT003041,2020-05-01,70019204,A3120150306,Sweden,Quality,neutral,High,We need clarification about the product quality and warranty.,11.7
TKT003042,2019-01-01,90022075,A4118110105,USA,Product information,neutral,Low,Please provide more information about the product and available variants.,6.5
TKT003043,2020-09-01,70016177,A1618150104,Poland,Quality,neutral,High,We need clarification about the product quality and warranty.,3.4
TKT003044,2019-05-01,90022075,A3220150402,USA,Positive,positive,Medium,The product is performing well and we are considering another order.,6.7
TKT003045,2021-01-01,90021086,A1920150404,United Kingdom,Quality,neutral,Medium,We need clarification about the product quality and warranty.,3.4
TKT003046,2021-08-01,70008170,A7019160401,Australia,Product information,neutral,Medium,Please provide more information about the product and available variants.,11.2
TKT003047,2021-05-01,70010048,A0219150201,Bangladesh,Product information,neutral,Medium,Please provide more information about the product and available variants.,2.0
TKT003048,2019-06-01,90006156,A2419150405,Philiphines,Positive,positive,Medium,The product is performing well and we are considering another order.,2.4
TKT003049,2019-12-01,90018106,A6319160201,Spain,Positive,positive,Low,The product is performing well and we are considering another order.,13.4
TKT003050,2020-04-01,90021095,A4218110207,United Kingdom,Quality,neutral,Low,We need clarification about the product quality and warranty.,10.4
TKT003051,2020-12-01,90003179,A4821110805,Indonesia,Quality,neutral,Medium,We need clarification about the product quality and warranty.,11.3
TKT003052,2021-03-01,90011188,A4519110502,France,Product information,neutral,Low,Please provide more information about the product and available variants.,8.8
TKT003053,2019-11-01,90020102,A0321150302,Austria,Delivery,negative,Low,Delivery is taking longer than expected and this is affecting our purchase decision.,6.2
TKT003054,2019-12-01,70009134,A5621110407,Newzealand,Product information,neutral,Low,Please provide more information about the product and available variants.,8.2
TKT003055,2021-07-01,70012043,A3621150801,Germany,Product information,neutral,Medium,Please provide more information about the product and available variants.,1.7
TKT003056,2020-02-01,90010044,A3621150805,Bangladesh,Delivery,negative,High,Delivery is taking longer than expected and this is affecting our purchase decision.,4.6
TKT003057,2020-02-01,70007199,A5721110503,South Korea,Delivery,negative,Medium,Delivery is taking longer than expected and this is affecting our purchase decision.,18.1
TKT003058,2021-05-01,90021093,A2821150801,United Kingdom,Positive,positive,High,The product is performing well and we are considering another order.,10.4
TKT003059,2019-05-01,90004064,A3220150401,Japan,Product information,neutral,Low,Please provide more information about the product and available variants.,5.2
TKT003060,2020-01-01,90015145,A4021150403,Norway,Positive,positive,Low,The product is performing well and we are considering another order.,6.4
TKT003061,2018-09-01,90021088,A1219150303,United Kingdom,Positive,positive,Low,The product is performing well and we are considering another order.,15.5
TKT003062,2020-05-01,90013122,A5519110303,Italy,Quality,neutral,Low,We need clarification about the product quality and warranty.,2.2
TKT003063,2019-05-01,90021088,A6119110202,United Kingdom,Delivery,negative,Medium,Delivery is taking longer than expected and this is affecting our purchase decision.,6.7
TKT003064,2019-10-01,70003181,A3621150805,Indonesia,Product information,neutral,Low,Please provide more information about the product and available variants.,1.1
TKT003065,2018-10-01,70015151,A2520150506,Norway,Product information,neutral,High,Please provide more information about the product and available variants.,9.6
TKT003066,2020-05-01,90001020,A0721150404,China,Delivery,negative,Low,Delivery is taking longer than expected and this is affecting our purchase decision.,6.5
TKT003067,2019-11-01,90018107,A1919150403,Spain,Product information,neutral,Medium,Please provide more information about the product and available variants.,6.8
TKT003068,2021-04-01,90012040,A7219160201,Germany,Product information,neutral,Low,Please provide more information about the product and available variants.,16.0
TKT003069,2020-01-01,90015144,A2319150305,Norway,Product information,neutral,High,Please provide more information about the product and available variants.,3.3
TKT003070,2020-02-01,90010046,A3920150305,Bangladesh,Quality,neutral,Low,We need clarification about the product quality and warranty.,3.4
TKT003071,2018-10-01,90008167,A0619150301,Australia,Positive,positive,Medium,The product is performing well and we are considering another order.,3.5
TKT003072,2020-11-01,90020097,A3420150602,Austria,Product information,neutral,Medium,Please provide more information about the product and available variants.,2.4
TKT003073,2020-03-01,70003181,A3920150305,Indonesia,Delivery,negative,Low,Delivery is taking longer than expected and this is affecting our purchase decision.,4.1
TKT003074,2020-12-01,70021096,A3019150206,United Kingdom,Delivery,negative,Low,Delivery is taking longer than expected and this is affecting our purchase decision.,2.9
TKT003075,2019-03-01,90020101,A2021150503,Austria,Positive,positive,Low,The product is performing well and we are considering another order.,11.3
TKT003076,2018-11-01,90016174,A3621150802,Poland,Positive,positive,Medium,The product is performing well and we are considering another order.,1.4
TKT003077,2021-04-01,90021086,A2918150101,United Kingdom,Product information,neutral,Medium,Please provide more information about the product and available variants.,10.2
TKT003078,2019-05-01,90014139,A0621150308,Netherlands,Delivery,negative,Low,Delivery is taking longer than expected and this is affecting our purchase decision.,4.3
TKT003079,2019-05-01,90011185,A2218150201,France,Delivery,negative,Medium,Delivery is taking longer than expected and this is affecting our purchase decision.,5.8
TKT003080,2019-08-01,90013123,A4118110105,Italy,Product information,neutral,High,Please provide more information about the product and available variants.,10.6
TKT003081,2018-10-01,90012039,A5621110405,Germany,Quality,neutral,Medium,We need clarification about the product quality and warranty.,10.0
TKT003082,2021-03-01,90021091,A4520110505,United Kingdom,Delivery,negative,Low,Delivery is taking longer than expected and this is affecting our purchase decision.,3.2
TKT003083,2019-06-01,70007198,A4821110807,South Korea,Product information,neutral,Low,Please provide more information about the product and available variants.,3.5
TKT003084,2019-02-01,90004066,A4319110305,Japan,Positive,positive,Low,The product is performing well and we are considering another order.,11.3
TKT003085,2020-03-01,70013126,A2918150106,Italy,Positive,positive,Medium,The product is performing well and we are considering another order.,12.8
TKT003086,2020-12-01,90004064,A1018150103,Japan,Product information,neutral,Low,Please provide more information about the product and available variants.,8.2
TKT003087,2019-03-01,70009133,A2721150706,Newzealand,Quality,neutral,High,We need clarification about the product quality and warranty.,6.8
TKT003088,2019-12-01,90019203,A7119160103,Sweden,Delivery,negative,Medium,Delivery is taking longer than expected and this is affecting our purchase decision.,4.0
TKT003089,2019-09-01,80007195,A5620110402,South Korea,Delivery,negative,Medium,Delivery is taking longer than expected and this is affecting our purchase decision.,1.8
TKT003090,2019-06-01,90015147,A2118150104,Norway,Delivery,negative,Medium,Delivery is taking longer than expected and this is affecting our purchase decision.,0.8
TKT003091,2020-07-01,80006154,A7220160202,Philiphines,Product information,neutral,Low,Please provide more information about the product and available variants.,1.8
TKT003092,2019-03-01,90021086,A4021150403,United Kingdom,Product information,neutral,Medium,Please provide more information about the product and available variants.,8.0
TKT003093,2019-06-01,90022073,A5721110505,USA,Positive,positive,Low,The product is performing well and we are considering another order.,5.2
TKT003094,2021-06-01,90011192,A2821150804,France,Delivery,negative,Medium,Delivery is taking longer than expected and this is affecting our purchase decision.,1.9
TKT003095,2018-12-01,90012033,A0821150501,Germany,Delivery,negative,Low,Delivery is taking longer than expected and this is affecting our purchase decision.,4.8
TKT003096,2020-03-01,70003182,A3119150301,Indonesia,Delivery,negative,Medium,Delivery is taking longer than expected and this is affecting our purchase decision.,1.4
TKT003097,2020-04-01,70016178,A2118150101,Poland,Delivery,negative,Low,Delivery is taking longer than expected and this is affecting our purchase decision.,9.6
TKT003098,2019-05-01,70014142,A4419110408,Netherlands,Positive,positive,Low,The product is performing well and we are considering another order.,3.4
TKT003099,2020-07-01,90019200,A1819150303,Sweden,Product information,neutral,Low,Please provide more information about the product and available variants.,14.8
TKT003100,2021-01-01,90008167,A7119160103,Australia,Positive,positive,Low,The product is performing well and we are considering another order.,2.1
TKT003101,2021-07-01,70020104,A0619150301,Austria,Delivery,negative,Medium,Delivery is taking longer than expected and this is affecting our purchase decision.,2.3
TKT003102,2020-01-01,90021091,A6218160102,United Kingdom,Positive,positive,Low,The product is performing well and we are considering another order.,8.1
TKT003103,2019-08-01,90006153,A4620110608,Philiphines,Delivery,negative,Low,Delivery is taking longer than expected and this is affecting our purchase decision.,9.1
TKT003104,2019-06-01,90008168,A0519150201,Australia,Product information,neutral,Low,Please provide more information about the product and available variants.,12.8
TKT003105,2019-09-01,80007196,A3320150506,South Korea,Positive,positive,Low,The product is performing well and we are considering another order.,5.6
TKT003106,2021-07-01,70010047,A3521150702,Bangladesh,Quality,neutral,Medium,We need clarification about the product quality and warranty.,4.7
TKT003107,2021-07-01,90016176,A3120150304,Poland,Product information,neutral,Medium,Please provide more information about the product and available variants.,1.8
TKT003108,2019-01-01,90004061,A3120150304,Japan,Delivery,negative,Low,Delivery is taking longer than expected and this is affecting our purchase decision.,3.3
TKT003109,2018-12-01,90013122,A1819150301,Italy,Positive,positive,High,The product is performing well and we are considering another order.,20.2
TKT003110,2019-09-01,90015150,A1618150104,Norway,Quality,neutral,Low,We need clarification about the product quality and warranty.,3.9
TKT003111,2020-04-01,90010044,A4620110607,Bangladesh,Product information,neutral,Medium,Please provide more information about the product and available variants.,5.4
TKT003112,2020-08-01,70012043,A6119110203,Germany,Quality,neutral,High,We need clarification about the product quality and warranty.,5.9
TKT003113,2018-12-01,90001021,A3718150105,China,Product information,neutral,Low,Please provide more information about the product and available variants.,1.6
TKT003114,2020-03-01,90011192,A6018110105,France,Delivery,negative,Medium,Delivery is taking longer than expected and this is affecting our purchase decision.,3.3
TKT003115,2018-10-01,90023024,A5721110508,Canada,Quality,neutral,Low,We need clarification about the product quality and warranty.,5.0
TKT003116,2021-06-01,90017057,A6119110202,Portugal,Quality,neutral,Low,We need clarification about the product quality and warranty.,1.5
TKT003117,2021-02-01,70017060,A6720160103,Portugal,Product information,neutral,Medium,Please provide more information about the product and available variants.,7.5
TKT003118,2020-02-01,90011189,A2620150604,France,Positive,positive,Low,The product is performing well and we are considering another order.,5.0
TKT003119,2020-04-01,80001019,A5520110308,China,Product information,neutral,Medium,Please provide more information about the product and available variants.,4.3
TKT003120,2020-08-01,70022085,A5621110405,USA,Quality,neutral,Low,We need clarification about the product quality and warranty.,2.7
TKT003121,2020-04-01,90013119,A6218160101,Italy,Positive,positive,Low,The product is performing well and we are considering another order.,6.9
TKT003122,2019-05-01,90023022,A4520110507,Canada,Positive,positive,Low,The product is performing well and we are considering another order.,7.9
TKT003123,2021-08-01,90017053,A2419150402,Portugal,Positive,positive,Low,The product is performing well and we are considering another order.,7.4
TKT003124,2020-04-01,80006154,A3621150805,Philiphines,Positive,positive,Low,The product is performing well and we are considering another order.,5.9
TKT003125,2020-01-01,90012041,A5519110301,Germany,Delivery,negative,Low,Delivery is taking longer than expected and this is affecting our purchase decision.,13.8
TKT003126,2021-04-01,90005161,A0321150303,Pakistan,Quality,neutral,Medium,We need clarification about the product quality and warranty.,7.3
TKT003127,2020-01-01,70004069,A6818160201,Japan,Quality,neutral,Medium,We need clarification about the product quality and warranty.,9.3
TKT003128,2020-04-01,90023023,A2620150602,Canada,Product information,neutral,Low,Please provide more information about the product and available variants.,7.1
TKT003129,2020-08-01,90019200,A5621110405,Sweden,Quality,neutral,Low,We need clarification about the product quality and warranty.,17.6
TKT003130,2019-12-01,90021086,A1718150201,United Kingdom,Quality,neutral,Medium,We need clarification about the product quality and warranty.,5.1
TKT003131,2021-06-01,90017049,A3320150502,Portugal,Delivery,negative,Low,Delivery is taking longer than expected and this is affecting our purchase decision.,5.5
TKT003132,2019-08-01,90006153,A2721150706,Philiphines,Delivery,negative,Low,Delivery is taking longer than expected and this is affecting our purchase decision.,5.9
TKT003133,2018-12-01,70007198,A4721110706,South Korea,Product information,neutral,Medium,Please provide more information about the product and available variants.,12.6
TKT003134,2021-03-01,90018114,A2821150801,Spain,Positive,positive,Low,The product is performing well and we are considering another order.,9.2
TKT003135,2019-02-01,70010048,A0721150401,Bangladesh,Positive,positive,Medium,The product is performing well and we are considering another order.,18.0
TKT003136,2019-10-01,90008165,A2419150401,Australia,Positive,positive,Low,The product is performing well and we are considering another order.,10.1
TKT003137,2020-12-01,90001021,A2821150801,China,Quality,neutral,Low,We need clarification about the product quality and warranty.,0.7
TKT003138,2018-09-01,90009128,A4520110506,Newzealand,Product information,neutral,Low,Please provide more information about the product and available variants.,6.6
TKT003139,2018-12-01,90008164,A2620150602,Australia,Product information,neutral,Low,Please provide more information about the product and available variants.,12.1
TKT003140,2019-09-01,90002006,A4620110606,India,Positive,positive,Medium,The product is performing well and we are considering another order.,6.7
TKT003141,2019-04-01,70012043,A1718150201,Germany,Product information,neutral,Low,Please provide more information about the product and available variants.,7.7
TKT003142,2021-05-01,90009128,A2319150306,Newzealand,Positive,positive,Medium,The product is performing well and we are considering another order.,9.4
TKT003143,2021-03-01,90003179,A4218110202,Indonesia,Product information,neutral,Medium,Please provide more information about the product and available variants.,5.6
TKT003144,2019-01-01,70022084,A0219150202,USA,Delivery,negative,High,Delivery is taking longer than expected and this is affecting our purchase decision.,4.9
TKT003145,2021-02-01,90014140,A7220160203,Netherlands,Delivery,negative,High,Delivery is taking longer than expected and this is affecting our purchase decision.,8.7
TKT003146,2020-07-01,90001020,A0921150604,China,Quality,neutral,Low,We need clarification about the product quality and warranty.,8.7
TKT003147,2019-03-01,80001019,A0519150208,China,Delivery,negative,Low,Delivery is taking longer than expected and this is affecting our purchase decision.,3.0
TKT003148,2021-01-01,90021086,A2520150505,United Kingdom,Product information,neutral,Medium,Please provide more information about the product and available variants.,2.5
TKT003149,2020-10-01,80007196,A3420150601,South Korea,Quality,neutral,Low,We need clarification about the product quality and warranty.,4.0
TKT003150,2019-02-01,70021096,A4319110305,United Kingdom,Quality,neutral,Medium,We need clarification about the product quality and warranty.,1.4
TKT003151,2021-04-01,90022075,A6018110105,USA,Product information,neutral,Medium,Please provide more information about the product and available variants.,9.3
TKT003152,2019-02-01,90013123,A3521150701,Italy,Product information,neutral,Low,Please provide more information about the product and available variants.,16.6
TKT003153,2021-07-01,70002018,A5519110303,India,Product information,neutral,High,Please provide more information about the product and available variants.,7.5
TKT003154,2019-02-01,70010047,A3320150502,Bangladesh,Quality,neutral,High,We need clarification about the product quality and warranty.,9.4
TKT003155,2020-07-01,90002003,A3220150401,India,Positive,positive,High,The product is performing well and we are considering another order.,14.0
TKT003156,2019-09-01,90013118,A1919150403,Italy,Delivery,negative,Low,Delivery is taking longer than expected and this is affecting our purchase decision.,7.3
TKT003157,2019-04-01,90009130,A2419150404,Newzealand,Delivery,negative,Low,Delivery is taking longer than expected and this is affecting our purchase decision.,8.1
TKT003158,2018-11-01,70004069,A5721110501,Japan,Quality,neutral,Medium,We need clarification about the product quality and warranty.,5.5
TKT003159,2021-04-01,70014143,A2118150105,Netherlands,Product information,neutral,Low,Please provide more information about the product and available variants.,4.2
TKT003160,2018-12-01,70016177,A3621150806,Poland,Quality,neutral,High,We need clarification about the product quality and warranty.,7.6
TKT003161,2019-03-01,90018114,A2219150204,Spain,Positive,positive,Low,The product is performing well and we are considering another order.,5.3
TKT003162,2020-03-01,70019204,A2118150101,Sweden,Delivery,negative,Low,Delivery is taking longer than expected and this is affecting our purchase decision.,2.1
TKT003163,2019-01-01,90017054,A0219150202,Portugal,Positive,positive,Medium,The product is performing well and we are considering another order.,5.9
TKT003164,2018-10-01,70003181,A1421150503,Indonesia,Quality,neutral,Low,We need clarification about the product quality and warranty.,8.8
TKT003165,2019-12-01,70017060,A2118150104,Portugal,Delivery,negative,Low,Delivery is taking longer than expected and this is affecting our purchase decision.,5.2
TKT003166,2018-12-01,90019203,A3521150701,Sweden,Positive,positive,Medium,The product is performing well and we are considering another order.,5.2
TKT003167,2019-02-01,70018115,A7020160403,Spain,Positive,positive,Low,The product is performing well and we are considering another order.,6.6
TKT003168,2021-06-01,90021095,A5721110507,United Kingdom,Positive,positive,Medium,The product is performing well and we are considering another order.,3.1
TKT003169,2020-05-01,90012033,A2021150504,Germany,Delivery,negative,High,Delivery is taking longer than expected and this is affecting our purchase decision.,0.9
TKT003170,2021-08-01,90013119,A5318110105,Italy,Delivery,negative,Medium,Delivery is taking longer than expected and this is affecting our purchase decision.,7.9
TKT003171,2019-07-01,70023031,A2118150105,Canada,Delivery,negative,Low,Delivery is taking longer than expected and this is affecting our purchase decision.,1.8
TKT003172,2018-11-01,90021088,A5419110201,United Kingdom,Product information,neutral,Medium,Please provide more information about the product and available variants.,3.2
TKT003173,2020-01-01,90010046,A2218150201,Bangladesh,Product information,neutral,Medium,Please provide more information about the product and available variants.,1.2
TKT003174,2019-11-01,90021089,A5621110407,United Kingdom,Product information,neutral,Low,Please provide more information about the product and available variants.,1.5
TKT003175,2020-03-01,70006158,A5721110505,Philiphines,Positive,positive,Low,The product is performing well and we are considering another order.,0.8
TKT003176,2020-03-01,90012037,A4620110602,Germany,Delivery,negative,Low,Delivery is taking longer than expected and this is affecting our purchase decision.,7.5
TKT003177,2019-06-01,90020101,A3521150701,Austria,Product information,neutral,High,Please provide more information about the product and available variants.,9.5
TKT003178,2018-12-01,90002005,A7220160203,India,Delivery,negative,Low,Delivery is taking longer than expected and this is affecting our purchase decision.,8.5
TKT003179,2019-05-01,70006158,A2021150504,Philiphines,Quality,neutral,High,We need clarification about the product quality and warranty.,1.1
TKT003180,2020-08-01,70014142,A0821150504,Netherlands,Delivery,negative,Low,Delivery is taking longer than expected and this is affecting our purchase decision.,4.5
TKT003181,2018-12-01,90012037,A1521150602,Germany,Quality,neutral,Low,We need clarification about the product quality and warranty.,5.7
TKT003182,2018-12-01,90002011,A2918150104,India,Positive,positive,Low,The product is performing well and we are considering another order.,6.4
TKT003183,2019-05-01,70010048,A1919150403,Bangladesh,Positive,positive,Low,The product is performing well and we are considering another order.,2.2
TKT003184,2020-01-01,90018113,A0721150401,Spain,Quality,neutral,Low,We need clarification about the product quality and warranty.,4.7
TKT003185,2018-11-01,90022079,A3621150801,USA,Positive,positive,Low,The product is performing well and we are considering another order.,4.7
TKT003186,2020-05-01,70006157,A5519110302,Philiphines,Quality,neutral,High,We need clarification about the product quality and warranty.,7.7
TKT003187,2021-01-01,90015147,A5520110305,Norway,Product information,neutral,Low,Please provide more information about the product and available variants.,5.1
TKT003188,2019-01-01,80006154,A1819150303,Philiphines,Positive,positive,Low,The product is performing well and we are considering another order.,2.6
TKT003189,2019-12-01,90011189,A1718150201,France,Positive,positive,Low,The product is performing well and we are considering another order.,2.3
TKT003190,2020-05-01,90003180,A2118150104,Indonesia,Positive,positive,Medium,The product is performing well and we are considering another order.,8.0
TKT003191,2021-05-01,90021091,A1718150201,United Kingdom,Positive,positive,Low,The product is performing well and we are considering another order.,7.4
TKT003192,2018-09-01,90011185,A2021150503,France,Positive,positive,Medium,The product is performing well and we are considering another order.,5.8
TKT003193,2019-07-01,90021095,A4218110206,United Kingdom,Product information,neutral,Low,Please provide more information about the product and available variants.,16.7
TKT003194,2021-02-01,90005160,A5519110304,Pakistan,Positive,positive,Low,The product is performing well and we are considering another order.,0.7
TKT003195,2021-03-01,90012041,A5520110305,Germany,Delivery,negative,Medium,Delivery is taking longer than expected and this is affecting our purchase decision.,9.6
TKT003196,2019-08-01,90009129,A1521150601,Newzealand,Delivery,negative,Low,Delivery is taking longer than expected and this is affecting our purchase decision.,12.4
TKT003197,2018-09-01,70006158,A4519110502,Philiphines,Delivery,negative,Low,Delivery is taking longer than expected and this is affecting our purchase decision.,7.7
TKT003198,2019-11-01,80007196,A2219150205,South Korea,Quality,neutral,High,We need clarification about the product quality and warranty.,4.1
TKT003199,2020-04-01,70008170,A2721150704,Australia,Delivery,negative,Medium,Delivery is taking longer than expected and this is affecting our purchase decision.,3.9
TKT003200,2019-04-01,90012039,A4118110102,Germany,Product information,neutral,Low,Please provide more information about the product and available variants.,4.5
TKT003201,2020-12-01,70012042,A4218110201,Germany,Product information,neutral,Low,Please provide more information about the product and available variants.,2.6
TKT003202,2021-01-01,90019203,A6219160103,Sweden,Positive,positive,Medium,The product is performing well and we are considering another order.,7.9
TKT003203,2018-10-01,90009128,A6419160302,Newzealand,Quality,neutral,Low,We need clarification about the product quality and warranty.,2.9
TKT003204,2019-10-01,80007195,A6121110208,South Korea,Delivery,negative,Medium,Delivery is taking longer than expected and this is affecting our purchase decision.,3.4
TKT003205,2019-05-01,70014143,A2620150604,Netherlands,Positive,positive,Low,The product is performing well and we are considering another order.,8.9
TKT003206,2019-03-01,90017055,A5621110405,Portugal,Positive,positive,Low,The product is performing well and we are considering another order.,4.3
TKT003207,2018-11-01,90002004,A5721110504,India,Positive,positive,Medium,The product is performing well and we are considering another order.,23.7
TKT003208,2020-05-01,90019201,A5318110102,Sweden,Product information,neutral,Low,Please provide more information about the product and available variants.,7.1
TKT003209,2020-09-01,90009130,A0118150103,Newzealand,Delivery,negative,Low,Delivery is taking longer than expected and this is affecting our purchase decision.,5.5
TKT003210,2021-04-01,70003182,A6620160502,Indonesia,Delivery,negative,Medium,Delivery is taking longer than expected and this is affecting our purchase decision.,6.6
TKT003211,2018-12-01,90018108,A0519150207,Spain,Quality,neutral,Medium,We need clarification about the product quality and warranty.,2.3
TKT003212,2018-09-01,90005159,A3421150604,Pakistan,Quality,neutral,Low,We need clarification about the product quality and warranty.,3.0
TKT003213,2020-01-01,90020098,A6018110105,Austria,Quality,neutral,Low,We need clarification about the product quality and warranty.,16.2
TKT003214,2020-04-01,90003179,A5721110505,Indonesia,Pricing,negative,Low,The current price is higher than what we are seeing from another supplier.,14.1
TKT003215,2021-01-01,90018107,A5721110504,Spain,Positive,positive,Medium,The product is performing well and we are considering another order.,4.3
TKT003216,2020-11-01,90014140,A6018110105,Netherlands,Product information,neutral,Medium,Please provide more information about the product and available variants.,6.5
TKT003217,2021-08-01,90023028,A2118150101,Canada,Quality,neutral,Low,We need clarification about the product quality and warranty.,4.7
TKT003218,2018-11-01,90017056,A1521150602,Portugal,Product information,neutral,Low,Please provide more information about the product and available variants.,3.8
TKT003219,2020-12-01,90001021,A4021150405,China,Delivery,negative,Low,Delivery is taking longer than expected and this is affecting our purchase decision.,9.6
TKT003220,2021-05-01,90017057,A6718160102,Portugal,Quality,neutral,Medium,We need clarification about the product quality and warranty.,9.5
TKT003221,2019-04-01,90001021,A4319110304,China,Product information,neutral,Medium,Please provide more information about the product and available variants.,3.9
TKT003222,2020-09-01,90017057,A5419110208,Portugal,Positive,positive,Medium,The product is performing well and we are considering another order.,3.8
TKT003223,2019-07-01,70005163,A7119160102,Pakistan,Quality,neutral,Low,We need clarification about the product quality and warranty.,1.4
TKT003224,2018-10-01,90012035,A7321160303,Germany,Delivery,negative,High,Delivery is taking longer than expected and this is affecting our purchase decision.,1.8
TKT003225,2021-08-01,90015149,A3521150701,Norway,Product information,neutral,Low,Please provide more information about the product and available variants.,6.1
TKT003226,2020-12-01,90005160,A5621110403,Pakistan,Product information,neutral,Low,Please provide more information about the product and available variants.,3.5
TKT003227,2019-10-01,70012042,A5318110103,Germany,Delivery,negative,Medium,Delivery is taking longer than expected and this is affecting our purchase decision.,19.1
TKT003228,2020-01-01,90017050,A0219150202,Portugal,Quality,neutral,Medium,We need clarification about the product quality and warranty.,7.0
TKT003229,2021-02-01,90003179,A4720110702,Indonesia,Quality,neutral,Medium,We need clarification about the product quality and warranty.,5.0
TKT003230,2019-05-01,70005163,A4520110505,Pakistan,Product information,neutral,Low,Please provide more information about the product and available variants.,1.5
TKT003231,2019-08-01,90008167,A2821150801,Australia,Quality,neutral,Low,We need clarification about the product quality and warranty.,1.4
TKT003232,2019-06-01,90006156,A2118150101,Philiphines,Delivery,negative,Low,Delivery is taking longer than expected and this is affecting our purchase decision.,19.4
TKT003233,2019-12-01,90003180,A6818160201,Indonesia,Product information,neutral,Low,Please provide more information about the product and available variants.,8.6
TKT003234,2019-02-01,90013119,A1521150602,Italy,Quality,neutral,Low,We need clarification about the product quality and warranty.,5.4
TKT003235,2018-11-01,90015148,A5419110203,Norway,Quality,neutral,Medium,We need clarification about the product quality and warranty.,4.6
TKT003236,2021-08-01,90018109,A2520150506,Spain,Positive,positive,Medium,The product is performing well and we are considering another order.,5.5
TKT003237,2021-02-01,90017053,A3819150205,Portugal,Positive,positive,Low,The product is performing well and we are considering another order.,3.7
TKT003238,2020-05-01,90018110,A3521150702,Spain,Product information,neutral,Low,Please provide more information about the product and available variants.,5.7
TKT003239,2019-09-01,90019200,A2821150806,Sweden,Delivery,negative,High,Delivery is taking longer than expected and this is affecting our purchase decision.,1.9
TKT003240,2018-11-01,70010048,A3320150501,Bangladesh,Product information,neutral,High,Please provide more information about the product and available variants.,1.6
TKT003241,2020-11-01,90020098,A2118150104,Austria,Positive,positive,Medium,The product is performing well and we are considering another order.,9.3
TKT003242,2019-08-01,90002006,A4620110608,India,Product information,neutral,Low,Please provide more information about the product and available variants.,4.0
TKT003243,2019-11-01,70006158,A0721150401,Philiphines,Delivery,negative,Low,Delivery is taking longer than expected and this is affecting our purchase decision.,5.2
TKT003244,2020-01-01,90016175,A5721110508,Poland,Delivery,negative,Low,Delivery is taking longer than expected and this is affecting our purchase decision.,5.9
TKT003245,2019-09-01,90023023,A2021150503,Canada,Quality,neutral,Low,We need clarification about the product quality and warranty.,0.8
TKT003246,2019-05-01,70015152,A4118110106,Norway,Product information,neutral,High,Please provide more information about the product and available variants.,9.6
TKT003247,2018-11-01,90015149,A2620150601,Norway,Delivery,negative,Low,Delivery is taking longer than expected and this is affecting our purchase decision.,1.4
TKT003248,2020-05-01,90001020,A6319160201,China,Positive,positive,Medium,The product is performing well and we are considering another order.,17.3
TKT003249,2020-06-01,90017056,A2218150202,Portugal,Positive,positive,High,The product is performing well and we are considering another order.,8.0
TKT003250,2020-09-01,90012040,A0418150108,Germany,Positive,positive,Medium,The product is performing well and we are considering another order.,0.3
TKT003251,2019-05-01,70019204,A5318110105,Sweden,Positive,positive,Low,The product is performing well and we are considering another order.,4.3
TKT003252,2021-01-01,90001020,A4520110506,China,Product information,neutral,High,Please provide more information about the product and available variants.,3.9
TKT003253,2019-02-01,90014139,A5519110301,Netherlands,Positive,positive,High,The product is performing well and we are considering another order.,7.0
TKT003254,2021-04-01,70016178,A5318110107,Poland,Delivery,negative,Low,Delivery is taking longer than expected and this is affecting our purchase decision.,11.6
TKT003255,2021-01-01,90010046,A1118150201,Bangladesh,Quality,neutral,Medium,We need clarification about the product quality and warranty.,3.6
TKT003256,2020-11-01,90011189,A2620150601,France,Product information,neutral,Low,Please provide more information about the product and available variants.,3.5
TKT003257,2019-10-01,70004070,A7019160401,Japan,Delivery,negative,Low,Delivery is taking longer than expected and this is affecting our purchase decision.,2.5
TKT003258,2020-04-01,90014136,A5721110508,Netherlands,Product information,neutral,Low,Please provide more information about the product and available variants.,25.5
TKT003259,2020-01-01,90021086,A4821110806,United Kingdom,Product information,neutral,Low,Please provide more information about the product and available variants.,15.1
TKT003260,2019-10-01,90012040,A3521150701,Germany,Delivery,negative,Low,Delivery is taking longer than expected and this is affecting our purchase decision.,4.0
TKT003261,2019-11-01,90018107,A3320150505,Spain,Positive,positive,Medium,The product is performing well and we are considering another order.,5.8
TKT003262,2021-01-01,90005162,A3320150506,Pakistan,Positive,positive,Low,The product is performing well and we are considering another order.,11.9
TKT003263,2019-07-01,90011188,A3320150504,France,Product information,neutral,Medium,Please provide more information about the product and available variants.,1.2
TKT003264,2018-09-01,90002005,A0619150302,India,Product information,neutral,Medium,Please provide more information about the product and available variants.,1.1
TKT003265,2020-08-01,70015151,A1618150101,Norway,Delivery,negative,Medium,Delivery is taking longer than expected and this is affecting our purchase decision.,14.2
TKT003266,2020-02-01,90014141,A6918160303,Netherlands,Product information,neutral,Low,Please provide more information about the product and available variants.,25.2
TKT003267,2019-06-01,90023027,A4721110706,Canada,Positive,positive,Medium,The product is performing well and we are considering another order.,11.8
TKT003268,2020-02-01,90010046,A6120110207,Bangladesh,Delivery,negative,Medium,Delivery is taking longer than expected and this is affecting our purchase decision.,7.7
TKT003269,2021-06-01,90011191,A4721110706,France,Quality,neutral,Medium,We need clarification about the product quality and warranty.,7.5
TKT003270,2019-05-01,90018106,A0418150105,Spain,Delivery,negative,Medium,Delivery is taking longer than expected and this is affecting our purchase decision.,1.1
TKT003271,2020-07-01,90022074,A0721150403,USA,Delivery,negative,High,Delivery is taking longer than expected and this is affecting our purchase decision.,17.5
TKT003272,2019-05-01,90009132,A2520150506,Newzealand,Delivery,negative,Medium,Delivery is taking longer than expected and this is affecting our purchase decision.,3.4
TKT003273,2020-02-01,90014140,A3019150204,Netherlands,Delivery,negative,Low,Delivery is taking longer than expected and this is affecting our purchase decision.,11.1
TKT003274,2019-12-01,90003180,A7119160103,Indonesia,Delivery,negative,High,Delivery is taking longer than expected and this is affecting our purchase decision.,2.9
TKT003275,2021-04-01,70013125,A4620110605,Italy,Quality,neutral,Medium,We need clarification about the product quality and warranty.,14.8
TKT003276,2018-09-01,90018110,A2319150301,Spain,Product information,neutral,Low,Please provide more information about the product and available variants.,9.1
TKT003277,2021-07-01,90011185,A2021150504,France,Quality,neutral,Low,We need clarification about the product quality and warranty.,3.0
TKT003278,2021-07-01,90005160,A6621160503,Pakistan,Delivery,negative,Low,Delivery is taking longer than expected and this is affecting our purchase decision.,4.1
TKT003279,2019-11-01,70007199,A4218110205,South Korea,Quality,neutral,Low,We need clarification about the product quality and warranty.,4.3
TKT003280,2018-10-01,70018115,A6019110108,Spain,Product information,neutral,Low,Please provide more information about the product and available variants.,4.4
TKT003281,2019-04-01,90003179,A1521150601,Indonesia,Delivery,negative,Low,Delivery is taking longer than expected and this is affecting our purchase decision.,8.2
TKT003282,2018-12-01,70013126,A7219160201,Italy,Delivery,negative,Medium,Delivery is taking longer than expected and this is affecting our purchase decision.,2.1
TKT003283,2019-09-01,70002017,A3119150302,India,Delivery,negative,Low,Delivery is taking longer than expected and this is affecting our purchase decision.,5.3
TKT003284,2021-06-01,90020101,A0418150107,Austria,Product information,neutral,Medium,Please provide more information about the product and available variants.,7.2
TKT003285,2018-12-01,90023023,A3421150604,Canada,Delivery,negative,Medium,Delivery is taking longer than expected and this is affecting our purchase decision.,7.4
TKT003286,2021-02-01,90014136,A6719160101,Netherlands,Delivery,negative,Medium,Delivery is taking longer than expected and this is affecting our purchase decision.,8.6
TKT003287,2021-02-01,90018113,A4218110208,Spain,Delivery,negative,Low,Delivery is taking longer than expected and this is affecting our purchase decision.,1.9
TKT003288,2020-12-01,70019204,A2021150503,Sweden,Quality,neutral,Medium,We need clarification about the product quality and warranty.,9.9
TKT003289,2020-12-01,90003180,A2021150503,Indonesia,Product information,neutral,Low,Please provide more information about the product and available variants.,5.9
TKT003290,2020-03-01,90016175,A4721110706,Poland,Delivery,negative,Medium,Delivery is taking longer than expected and this is affecting our purchase decision.,12.2
TKT003291,2018-10-01,90012040,A6319160201,Germany,Delivery,negative,Medium,Delivery is taking longer than expected and this is affecting our purchase decision.,4.9
TKT003292,2020-05-01,90001020,A0620150305,China,Delivery,negative,Medium,Delivery is taking longer than expected and this is affecting our purchase decision.,6.6
TKT003293,2020-01-01,70021096,A1819150301,United Kingdom,Product information,neutral,High,Please provide more information about the product and available variants.,4.8
TKT003294,2019-12-01,80006154,A4218110202,Philiphines,Product information,neutral,Low,Please provide more information about the product and available variants.,6.8
TKT003295,2020-08-01,90018112,A0621150308,Spain,Delivery,negative,Medium,Delivery is taking longer than expected and this is affecting our purchase decision.,6.1
TKT003296,2019-12-01,90017054,A2821150806,Portugal,Delivery,negative,Low,Delivery is taking longer than expected and this is affecting our purchase decision.,7.1
TKT003297,2020-06-01,90012037,A5721110508,Germany,Quality,neutral,Low,We need clarification about the product quality and warranty.,4.5
TKT003298,2020-04-01,90004065,A2721150702,Japan,Quality,neutral,Low,We need clarification about the product quality and warranty.,10.2
TKT003299,2021-02-01,90010045,A5419110207,Bangladesh,Product information,neutral,Low,Please provide more information about the product and available variants.,3.7
TKT003300,2018-12-01,90014140,A6019110108,Netherlands,Quality,neutral,Medium,We need clarification about the product quality and warranty.,1.3
TKT003301,2018-10-01,90012035,A4319110305,Germany,Product information,neutral,Low,Please provide more information about the product and available variants.,2.9
TKT003302,2021-04-01,90017050,A2918150106,Portugal,Delivery,negative,Low,Delivery is taking longer than expected and this is affecting our purchase decision.,1.2
TKT003303,2020-01-01,90019202,A0418150105,Sweden,Quality,neutral,Medium,We need clarification about the product quality and warranty.,4.3
TKT003304,2020-05-01,90021089,A4419110408,United Kingdom,Product information,neutral,Low,Please provide more information about the product and available variants.,1.6
TKT003305,2020-10-01,90012037,A5419110204,Germany,Quality,neutral,Low,We need clarification about the product quality and warranty.,8.6
TKT003306,2019-07-01,90022074,A3818150201,USA,Quality,neutral,High,We need clarification about the product quality and warranty.,4.8
TKT003307,2020-04-01,90010045,A1018150103,Bangladesh,Delivery,negative,Medium,Delivery is taking longer than expected and this is affecting our purchase decision.,14.1
TKT003308,2020-04-01,90019203,A2620150606,Sweden,Positive,positive,Low,The product is performing well and we are considering another order.,2.8
TKT003309,2021-04-01,70011193,A6919160302,France,Product information,neutral,Low,Please provide more information about the product and available variants.,7.3
TKT003310,2019-09-01,70016178,A0219150201,Poland,Delivery,negative,Low,Delivery is taking longer than expected and this is affecting our purchase decision.,6.9
TKT003311,2019-04-01,90023024,A5721110507,Canada,Product information,neutral,Low,Please provide more information about the product and available variants.,5.0
TKT003312,2018-11-01,90013118,A2821150802,Italy,Positive,positive,Medium,The product is performing well and we are considering another order.,4.8
TKT003313,2019-01-01,70014143,A4319110305,Netherlands,Positive,positive,Medium,The product is performing well and we are considering another order.,0.5
TKT003314,2020-06-01,80006154,A4419110408,Philiphines,Positive,positive,Medium,The product is performing well and we are considering another order.,3.8
TKT003315,2020-04-01,70006158,A3220150405,Philiphines,Positive,positive,Medium,The product is performing well and we are considering another order.,2.8
TKT003316,2020-06-01,90017051,A4419110404,Portugal,Positive,positive,Low,The product is performing well and we are considering another order.,7.7
TKT003317,2020-08-01,70018115,A5419110208,Spain,Quality,neutral,Low,We need clarification about the product quality and warranty.,5.8
TKT003318,2021-04-01,80006154,A1421150503,Philiphines,Quality,neutral,Medium,We need clarification about the product quality and warranty.,4.0
TKT003319,2021-01-01,90005161,A0619150301,Pakistan,Positive,positive,Medium,The product is performing well and we are considering another order.,2.1
TKT003320,2020-04-01,90022078,A2319150306,USA,Product information,neutral,Low,Please provide more information about the product and available variants.,3.1
TKT003321,2019-01-01,90007197,A4118110101,South Korea,Quality,neutral,High,We need clarification about the product quality and warranty.,5.3
TKT003322,2019-03-01,90005161,A4721110708,Pakistan,Product information,neutral,Low,Please provide more information about the product and available variants.,4.2
TKT003323,2019-12-01,90008166,A0418150105,Australia,Delivery,negative,Medium,Delivery is taking longer than expected and this is affecting our purchase decision.,4.6
TKT003324,2020-12-01,90016171,A2218150201,Poland,Positive,positive,Low,The product is performing well and we are considering another order.,6.4
TKT003325,2018-12-01,90007197,A2020150501,South Korea,Delivery,negative,Low,Delivery is taking longer than expected and this is affecting our purchase decision.,5.1
TKT003326,2020-05-01,90001021,A2219150205,China,Delivery,negative,Medium,Delivery is taking longer than expected and this is affecting our purchase decision.,3.5
TKT003327,2019-04-01,90001021,A7020160403,China,Positive,positive,Low,The product is performing well and we are considering another order.,7.6
TKT003328,2021-02-01,90014135,A3421150606,Netherlands,Quality,neutral,Low,We need clarification about the product quality and warranty.,8.6
TKT003329,2020-10-01,90003179,A5318110108,Indonesia,Product information,neutral,Low,Please provide more information about the product and available variants.,10.8
TKT003330,2018-09-01,90012033,A4821110806,Germany,Delivery,negative,High,Delivery is taking longer than expected and this is affecting our purchase decision.,17.4
TKT003331,2020-01-01,90002004,A0721150403,India,Product information,neutral,Medium,Please provide more information about the product and available variants.,6.0
TKT003332,2019-04-01,90014141,A7220160202,Netherlands,Delivery,negative,Low,Delivery is taking longer than expected and this is affecting our purchase decision.,13.5
TKT003333,2019-06-01,90018114,A6018110102,Spain,Delivery,negative,Medium,Delivery is taking longer than expected and this is affecting our purchase decision.,6.6
TKT003334,2019-11-01,90021094,A4821110801,United Kingdom,Delivery,negative,Medium,Delivery is taking longer than expected and this is affecting our purchase decision.,10.0
TKT003335,2020-12-01,90002006,A6120110205,India,Quality,neutral,Medium,We need clarification about the product quality and warranty.,4.3
TKT003336,2020-08-01,90021092,A0621150308,United Kingdom,Positive,positive,Medium,The product is performing well and we are considering another order.,3.9
TKT003337,2019-09-01,90001021,A7220160202,China,Product information,neutral,Low,Please provide more information about the product and available variants.,8.9
TKT003338,2018-10-01,90011185,A4520110507,France,Quality,neutral,Medium,We need clarification about the product quality and warranty.,6.5
TKT003339,2019-01-01,90017055,A4520110504,Portugal,Positive,positive,Low,The product is performing well and we are considering another order.,12.0
TKT003340,2021-06-01,90013123,A5318110104,Italy,Positive,positive,Low,The product is performing well and we are considering another order.,1.7
TKT003341,2019-10-01,70011193,A7119160103,France,Positive,positive,Low,The product is performing well and we are considering another order.,12.2
TKT003342,2020-11-01,70003182,A2118150106,Indonesia,Quality,neutral,High,We need clarification about the product quality and warranty.,11.6
TKT003343,2020-08-01,90014135,A0821150503,Netherlands,Product information,neutral,Medium,Please provide more information about the product and available variants.,4.3
TKT003344,2019-06-01,70019204,A4520110506,Sweden,Delivery,negative,High,Delivery is taking longer than expected and this is affecting our purchase decision.,15.3
TKT003345,2021-01-01,70003181,A6120110205,Indonesia,Quality,neutral,Low,We need clarification about the product quality and warranty.,4.4
TKT003346,2019-05-01,90017050,A1521150603,Portugal,Delivery,negative,Low,Delivery is taking longer than expected and this is affecting our purchase decision.,5.7
TKT003347,2020-04-01,90014135,A6120110205,Netherlands,Product information,neutral,Low,Please provide more information about the product and available variants.,6.3
TKT003348,2019-02-01,90022083,A0721150403,USA,Delivery,negative,Medium,Delivery is taking longer than expected and this is affecting our purchase decision.,10.3
TKT003349,2019-06-01,90001021,A7321160301,China,Quality,neutral,Medium,We need clarification about the product quality and warranty.,2.8
TKT003350,2021-03-01,90018105,A0620150305,Spain,Delivery,negative,Low,Delivery is taking longer than expected and this is affecting our purchase decision.,6.4
TKT003351,2021-02-01,90013118,A0219150202,Italy,Delivery,negative,Low,Delivery is taking longer than expected and this is affecting our purchase decision.,7.4
TKT003352,2019-03-01,90004061,A6918160303,Japan,Delivery,negative,Low,Delivery is taking longer than expected and this is affecting our purchase decision.,4.1
TKT003353,2019-12-01,90015149,A3421150605,Norway,Product information,neutral,Medium,Please provide more information about the product and available variants.,3.4
TKT003354,2020-08-01,90011192,A2020150501,France,Product information,neutral,High,Please provide more information about the product and available variants.,4.1
TKT003355,2019-01-01,90015150,A4319110302,Norway,Product information,neutral,Medium,Please provide more information about the product and available variants.,4.8
TKT003356,2019-01-01,90017050,A1819150303,Portugal,Delivery,negative,Low,Delivery is taking longer than expected and this is affecting our purchase decision.,3.3
TKT003357,2021-07-01,90021094,A2021150504,United Kingdom,Positive,positive,High,The product is performing well and we are considering another order.,3.2
TKT003358,2018-12-01,90012041,A3718150103,Germany,Quality,neutral,Low,We need clarification about the product quality and warranty.,17.3
TKT003359,2020-07-01,90015145,A4620110604,Norway,Quality,neutral,Low,We need clarification about the product quality and warranty.,2.5
TKT003360,2021-06-01,70013126,A2918150101,Italy,Quality,neutral,Medium,We need clarification about the product quality and warranty.,6.8
TKT003361,2019-08-01,90010045,A2118150101,Bangladesh,Product information,neutral,Low,Please provide more information about the product and available variants.,6.8
TKT003362,2019-11-01,90011185,A2520150505,France,Positive,positive,Medium,The product is performing well and we are considering another order.,4.6
TKT003363,2019-03-01,90003180,A3920150303,Indonesia,Quality,neutral,Medium,We need clarification about the product quality and warranty.,1.8
TKT003364,2020-04-01,90020097,A5721110503,Austria,Delivery,negative,High,Delivery is taking longer than expected and this is affecting our purchase decision.,4.5
TKT003365,2021-05-01,70019204,A1819150304,Sweden,Quality,neutral,Medium,We need clarification about the product quality and warranty.,4.4
TKT003366,2020-11-01,90010045,A5721110508,Bangladesh,Delivery,negative,Low,Delivery is taking longer than expected and this is affecting our purchase decision.,1.7
TKT003367,2018-09-01,90013118,A5721110502,Italy,Delivery,negative,Low,Delivery is taking longer than expected and this is affecting our purchase decision.,6.2
TKT003368,2019-12-01,90005162,A3220150405,Pakistan,Product information,neutral,Low,Please provide more information about the product and available variants.,6.6
TKT003369,2020-07-01,90016175,A4720110702,Poland,Delivery,negative,Medium,Delivery is taking longer than expected and this is affecting our purchase decision.,3.3
TKT003370,2021-01-01,90012040,A2118150102,Germany,Product information,neutral,High,Please provide more information about the product and available variants.,7.6
TKT003371,2019-11-01,90019202,A7119160102,Sweden,Delivery,negative,Low,Delivery is taking longer than expected and this is affecting our purchase decision.,6.4
TKT003372,2020-03-01,70004069,A5419110201,Japan,Delivery,negative,Low,Delivery is taking longer than expected and this is affecting our purchase decision.,4.9
TKT003373,2019-09-01,90006153,A4821110808,Philiphines,Quality,neutral,Medium,We need clarification about the product quality and warranty.,5.8
TKT003374,2019-01-01,70003182,A4319110305,Indonesia,Positive,positive,Low,The product is performing well and we are considering another order.,16.2
TKT003375,2018-10-01,90016174,A0321150303,Poland,Positive,positive,Low,The product is performing well and we are considering another order.,10.7
TKT003376,2021-08-01,70004070,A1319150401,Japan,Positive,positive,Low,The product is performing well and we are considering another order.,6.4
TKT003377,2021-02-01,90011189,A2319150305,France,Quality,neutral,Medium,We need clarification about the product quality and warranty.,1.2
TKT003378,2021-06-01,70014143,A4721110707,Netherlands,Positive,positive,Low,The product is performing well and we are considering another order.,4.4
TKT003379,2021-04-01,90023025,A4118110106,Canada,Positive,positive,Low,The product is performing well and we are considering another order.,5.9
TKT003380,2020-05-01,90005160,A2720150701,Pakistan,Quality,neutral,Low,We need clarification about the product quality and warranty.,3.1
TKT003381,2019-04-01,90022083,A4218110201,USA,Product information,neutral,Low,Please provide more information about the product and available variants.,3.5
TKT003382,2018-12-01,90022080,A4218110208,USA,Delivery,negative,Low,Delivery is taking longer than expected and this is affecting our purchase decision.,2.5
TKT003383,2020-03-01,70006157,A0519150202,Philiphines,Delivery,negative,High,Delivery is taking longer than expected and this is affecting our purchase decision.,4.4
TKT003384,2019-06-01,90006153,A4520110504,Philiphines,Quality,neutral,Low,We need clarification about the product quality and warranty.,1.8
TKT003385,2021-03-01,90020102,A2918150104,Austria,Delivery,negative,Medium,Delivery is taking longer than expected and this is affecting our purchase decision.,8.3
TKT003386,2019-09-01,70014142,A6119110203,Netherlands,Product information,neutral,High,Please provide more information about the product and available variants.,3.5
TKT003387,2021-05-01,70022085,A4620110602,USA,Delivery,negative,Medium,Delivery is taking longer than expected and this is affecting our purchase decision.,3.9
TKT003388,2020-03-01,70008170,A4821110808,Australia,Quality,neutral,Medium,We need clarification about the product quality and warranty.,8.7
TKT003389,2019-08-01,70021096,A0619150301,United Kingdom,Delivery,negative,Medium,Delivery is taking longer than expected and this is affecting our purchase decision.,4.4
TKT003390,2019-05-01,90013118,A0621150308,Italy,Delivery,negative,Medium,Delivery is taking longer than expected and this is affecting our purchase decision.,3.6
TKT003391,2021-03-01,90014135,A6718160102,Netherlands,Product information,neutral,Medium,Please provide more information about the product and available variants.,2.4
TKT003392,2020-04-01,90019201,A4519110502,Sweden,Delivery,negative,Low,Delivery is taking longer than expected and this is affecting our purchase decision.,7.0
TKT003393,2019-10-01,90022082,A2918150104,USA,Quality,neutral,Medium,We need clarification about the product quality and warranty.,1.0
TKT003394,2020-07-01,90015150,A3621150801,Norway,Delivery,negative,Low,Delivery is taking longer than expected and this is affecting our purchase decision.,12.4
TKT003395,2021-01-01,90005161,A5721110507,Pakistan,Quality,neutral,Low,We need clarification about the product quality and warranty.,10.1
TKT003396,2018-11-01,90013117,A3920150301,Italy,Positive,positive,Medium,The product is performing well and we are considering another order.,2.2
TKT003397,2019-08-01,90015150,A4821110804,Norway,Quality,neutral,Low,We need clarification about the product quality and warranty.,4.2
TKT003398,2020-12-01,90012038,A5519110303,Germany,Positive,positive,Medium,The product is performing well and we are considering another order.,10.0
TKT003399,2021-07-01,90009129,A5519110304,Newzealand,Quality,neutral,High,We need clarification about the product quality and warranty.,13.0
TKT003400,2020-06-01,90013123,A4319110306,Italy,Delivery,negative,Low,Delivery is taking longer than expected and this is affecting our purchase decision.,13.2
TKT003401,2018-10-01,90008167,A5519110304,Australia,Delivery,negative,Low,Delivery is taking longer than expected and this is affecting our purchase decision.,3.7
TKT003402,2019-11-01,90021090,A4821110802,United Kingdom,Positive,positive,Low,The product is performing well and we are considering another order.,11.2
TKT003403,2019-11-01,90013122,A0621150308,Italy,Positive,positive,High,The product is performing well and we are considering another order.,5.1
TKT003404,2019-05-01,90018108,A3220150402,Spain,Positive,positive,Medium,The product is performing well and we are considering another order.,2.0
TKT003405,2019-11-01,90015145,A3120150305,Norway,Product information,neutral,Low,Please provide more information about the product and available variants.,4.3
TKT003406,2019-10-01,90003179,A3220150404,Indonesia,Product information,neutral,Low,Please provide more information about the product and available variants.,11.4
TKT003407,2020-10-01,90014135,A2319150302,Netherlands,Positive,positive,Medium,The product is performing well and we are considering another order.,3.1
TKT003408,2018-09-01,90018110,A5621110408,Spain,Product information,neutral,Low,Please provide more information about the product and available variants.,1.1
TKT003409,2019-03-01,90012040,A4419110402,Germany,Quality,neutral,Medium,We need clarification about the product quality and warranty.,6.4
TKT003410,2019-05-01,70007198,A5621110407,South Korea,Product information,neutral,Low,Please provide more information about the product and available variants.,4.3
TKT003411,2021-02-01,70006158,A3019150206,Philiphines,Positive,positive,High,The product is performing well and we are considering another order.,1.5
TKT003412,2018-11-01,90006153,A5419110205,Philiphines,Positive,positive,Medium,The product is performing well and we are considering another order.,9.7
TKT003413,2018-10-01,70010047,A6918160303,Bangladesh,Positive,positive,Medium,The product is performing well and we are considering another order.,5.9
TKT003414,2019-08-01,70002018,A5721110503,India,Product information,neutral,Low,Please provide more information about the product and available variants.,7.9
TKT003415,2020-05-01,90019201,A0418150107,Sweden,Quality,neutral,Low,We need clarification about the product quality and warranty.,2.9
TKT003416,2021-01-01,90009130,A4620110607,Newzealand,Product information,neutral,Medium,Please provide more information about the product and available variants.,2.9
TKT003417,2020-05-01,90021095,A3521150704,United Kingdom,Delivery,negative,High,Delivery is taking longer than expected and this is affecting our purchase decision.,1.4
TKT003418,2018-11-01,70019204,A4419110407,Sweden,Positive,positive,Low,The product is performing well and we are considering another order.,2.5
TKT003419,2021-03-01,90021088,A6018110105,United Kingdom,Quality,neutral,Medium,We need clarification about the product quality and warranty.,6.1
TKT003420,2020-01-01,80007196,A0519150201,South Korea,Positive,positive,Low,The product is performing well and we are considering another order.,2.4
TKT003421,2020-04-01,70007199,A3320150506,South Korea,Positive,positive,Low,The product is performing well and we are considering another order.,14.5
TKT003422,2020-11-01,90009128,A2319150302,Newzealand,Delivery,negative,Low,Delivery is taking longer than expected and this is affecting our purchase decision.,12.8
TKT003423,2020-09-01,90019202,A4721110708,Sweden,Positive,positive,Low,The product is performing well and we are considering another order.,13.3
TKT003424,2020-03-01,90002012,A6219160103,India,Delivery,negative,Medium,Delivery is taking longer than expected and this is affecting our purchase decision.,5.8
TKT003425,2021-04-01,70015151,A2419150401,Norway,Quality,neutral,Medium,We need clarification about the product quality and warranty.,4.4
TKT003426,2019-03-01,90019200,A5519110301,Sweden,Delivery,negative,Low,Delivery is taking longer than expected and this is affecting our purchase decision.,8.5
TKT003427,2019-09-01,90009129,A1118150202,Newzealand,Positive,positive,Medium,The product is performing well and we are considering another order.,14.4
TKT003428,2021-07-01,90006153,A4520110508,Philiphines,Positive,positive,Medium,The product is performing well and we are considering another order.,4.8
TKT003429,2020-05-01,70010048,A7220160203,Bangladesh,Delivery,negative,Low,Delivery is taking longer than expected and this is affecting our purchase decision.,4.4
TKT003430,2019-07-01,90002002,A3718150103,India,Product information,neutral,Medium,Please provide more information about the product and available variants.,14.3
TKT003431,2018-11-01,70008169,A6620160502,Australia,Positive,positive,Medium,The product is performing well and we are considering another order.,15.8
TKT003432,2020-08-01,70019204,A3421150604,Sweden,Product information,neutral,Low,Please provide more information about the product and available variants.,4.2
TKT003433,2021-01-01,90002009,A5419110208,India,Delivery,negative,Low,Delivery is taking longer than expected and this is affecting our purchase decision.,5.3
TKT003434,2020-02-01,70014142,A5318110107,Netherlands,Positive,positive,Medium,The product is performing well and we are considering another order.,4.7
TKT003435,2020-10-01,90019200,A7019160401,Sweden,Positive,positive,Low,The product is performing well and we are considering another order.,0.6
TKT003436,2019-02-01,70014143,A5419110204,Netherlands,Positive,positive,Low,The product is performing well and we are considering another order.,8.4
TKT003437,2019-01-01,90014140,A6718160102,Netherlands,Delivery,negative,Low,Delivery is taking longer than expected and this is affecting our purchase decision.,7.9
TKT003438,2020-10-01,70022085,A2420150406,USA,Product information,neutral,Low,Please provide more information about the product and available variants.,18.3
TKT003439,2020-01-01,90012037,A7220160203,Germany,Positive,positive,Low,The product is performing well and we are considering another order.,10.4
TKT003440,2019-04-01,90002016,A5520110307,India,Positive,positive,Medium,The product is performing well and we are considering another order.,17.1
TKT003441,2019-11-01,90010046,A2420150406,Bangladesh,Delivery,negative,Low,Delivery is taking longer than expected and this is affecting our purchase decision.,3.7
TKT003442,2019-03-01,90012034,A1718150201,Germany,Delivery,negative,Low,Delivery is taking longer than expected and this is affecting our purchase decision.,0.6
TKT003443,2019-02-01,90020100,A0519150201,Austria,Quality,neutral,Medium,We need clarification about the product quality and warranty.,4.6
TKT003444,2021-04-01,70002017,A0821150501,India,Positive,positive,High,The product is performing well and we are considering another order.,10.2
TKT003445,2020-11-01,70011193,A1819150301,France,Product information,neutral,Low,Please provide more information about the product and available variants.,18.2
TKT003446,2020-10-01,90014136,A3920150305,Netherlands,Positive,positive,Low,The product is performing well and we are considering another order.,4.5
TKT003447,2020-05-01,90022071,A4419110402,USA,Quality,neutral,Low,We need clarification about the product quality and warranty.,12.5
TKT003448,2018-12-01,90009127,A5620110402,Newzealand,Positive,positive,Medium,The product is performing well and we are considering another order.,10.3
TKT003449,2019-06-01,90020097,A5721110502,Austria,Quality,neutral,Low,We need clarification about the product quality and warranty.,4.3
TKT003450,2018-12-01,90023030,A3119150301,Canada,Product information,neutral,Low,Please provide more information about the product and available variants.,2.6
TKT003451,2020-10-01,70015151,A2218150202,Norway,Positive,positive,Low,The product is performing well and we are considering another order.,4.3
TKT003452,2019-09-01,90015148,A2821150802,Norway,Delivery,negative,High,Delivery is taking longer than expected and this is affecting our purchase decision.,5.6
TKT003453,2021-01-01,90008167,A3920150303,Australia,Positive,positive,Medium,The product is performing well and we are considering another order.,6.3
TKT003454,2019-01-01,90018109,A7019160401,Spain,Quality,neutral,Low,We need clarification about the product quality and warranty.,2.8
TKT003455,2018-09-01,70002018,A3420150601,India,Positive,positive,Medium,The product is performing well and we are considering another order.,1.6
TKT003456,2019-06-01,90016173,A1618150104,Poland,Delivery,negative,Low,Delivery is taking longer than expected and this is affecting our purchase decision.,11.6
TKT003457,2021-03-01,90016176,A2319150304,Poland,Positive,positive,Low,The product is performing well and we are considering another order.,10.3
TKT003458,2020-05-01,90021091,A2520150505,United Kingdom,Positive,positive,Low,The product is performing well and we are considering another order.,2.4
TKT003459,2021-04-01,90013122,A6919160302,Italy,Positive,positive,Low,The product is performing well and we are considering another order.,3.6
TKT003460,2020-02-01,70007199,A5620110401,South Korea,Delivery,negative,Low,Delivery is taking longer than expected and this is affecting our purchase decision.,3.0
TKT003461,2020-05-01,90015144,A3421150605,Norway,Delivery,negative,Medium,Delivery is taking longer than expected and this is affecting our purchase decision.,9.4
TKT003462,2021-06-01,70015151,A4520110505,Norway,Quality,neutral,Low,We need clarification about the product quality and warranty.,10.6
TKT003463,2020-12-01,70021096,A2118150102,United Kingdom,Quality,neutral,Medium,We need clarification about the product quality and warranty.,1.7
TKT003464,2021-01-01,90019202,A3521150704,Sweden,Quality,neutral,Medium,We need clarification about the product quality and warranty.,10.6
TKT003465,2019-10-01,70003181,A4821110805,Indonesia,Quality,neutral,Medium,We need clarification about the product quality and warranty.,14.7
TKT003466,2020-08-01,90023025,A4721110707,Canada,Delivery,negative,High,Delivery is taking longer than expected and this is affecting our purchase decision.,1.8
TKT003467,2018-09-01,70005163,A4519110502,Pakistan,Delivery,negative,Low,Delivery is taking longer than expected and this is affecting our purchase decision.,13.2
TKT003468,2020-02-01,90004061,A3718150105,Japan,Quality,neutral,Low,We need clarification about the product quality and warranty.,4.2
TKT003469,2020-12-01,90009129,A4520110506,Newzealand,Quality,neutral,Low,We need clarification about the product quality and warranty.,3.5
TKT003470,2019-02-01,90015144,A1119150203,Norway,Quality,neutral,Medium,We need clarification about the product quality and warranty.,1.5
TKT003471,2020-08-01,70017060,A1118150201,Portugal,Delivery,negative,Low,Delivery is taking longer than expected and this is affecting our purchase decision.,4.2
TKT003472,2019-12-01,90002010,A4520110505,India,Positive,positive,High,The product is performing well and we are considering another order.,6.8
TKT003473,2020-10-01,90008167,A3521150702,Australia,Delivery,negative,Medium,Delivery is taking longer than expected and this is affecting our purchase decision.,4.2
TKT003474,2018-10-01,90012038,A3521150702,Germany,Positive,positive,Low,The product is performing well and we are considering another order.,14.3
TKT003475,2021-01-01,70010048,A3320150504,Bangladesh,Product information,neutral,Medium,Please provide more information about the product and available variants.,1.4
TKT003476,2021-03-01,90021092,A6121110208,United Kingdom,Product information,neutral,Medium,Please provide more information about the product and available variants.,3.7
TKT003477,2020-04-01,90005159,A4721110707,Pakistan,Delivery,negative,Medium,Delivery is taking longer than expected and this is affecting our purchase decision.,4.9
TKT003478,2021-02-01,90011186,A3220150401,France,Quality,neutral,Low,We need clarification about the product quality and warranty.,1.0
TKT003479,2021-07-01,90003179,A6120110207,Indonesia,Positive,positive,Low,The product is performing well and we are considering another order.,6.7
TKT003480,2021-07-01,90019203,A5419110201,Sweden,Quality,neutral,Low,We need clarification about the product quality and warranty.,9.2
TKT003481,2019-10-01,90004063,A0418150103,Japan,Positive,positive,Low,The product is performing well and we are considering another order.,6.6
TKT003482,2019-11-01,70013126,A2520150502,Italy,Quality,neutral,Low,We need clarification about the product quality and warranty.,3.6
TKT003483,2019-04-01,90017053,A4319110306,Portugal,Delivery,negative,Low,Delivery is taking longer than expected and this is affecting our purchase decision.,5.1
TKT003484,2019-08-01,90001020,A4620110602,China,Positive,positive,Medium,The product is performing well and we are considering another order.,2.9
TKT003485,2021-03-01,90018110,A2118150101,Spain,Product information,neutral,Medium,Please provide more information about the product and available variants.,5.2
TKT003486,2020-01-01,90016174,A2319150305,Poland,Positive,positive,Low,The product is performing well and we are considering another order.,8.8
TKT003487,2021-02-01,70005163,A3421150605,Pakistan,Quality,neutral,Low,We need clarification about the product quality and warranty.,3.3
TKT003488,2019-11-01,90011192,A4020150401,France,Quality,neutral,Low,We need clarification about the product quality and warranty.,3.8
TKT003489,2021-07-01,90008168,A0620150305,Australia,Delivery,negative,Medium,Delivery is taking longer than expected and this is affecting our purchase decision.,0.6
TKT003490,2019-08-01,70007199,A3220150405,South Korea,Delivery,negative,Medium,Delivery is taking longer than expected and this is affecting our purchase decision.,5.3
TKT003491,2019-04-01,90021094,A6919160302,United Kingdom,Product information,neutral,Low,Please provide more information about the product and available variants.,23.5
TKT003492,2018-12-01,90014141,A2118150105,Netherlands,Delivery,negative,Medium,Delivery is taking longer than expected and this is affecting our purchase decision.,8.9
TKT003493,2021-02-01,90005159,A5721110508,Pakistan,Product information,neutral,High,Please provide more information about the product and available variants.,9.1
TKT003494,2020-09-01,70003182,A3018150201,Indonesia,Quality,neutral,High,We need clarification about the product quality and warranty.,3.1
TKT003495,2021-03-01,70016177,A3621150806,Poland,Quality,neutral,Low,We need clarification about the product quality and warranty.,3.2
TKT003496,2019-10-01,70004070,A2620150604,Japan,Delivery,negative,Low,Delivery is taking longer than expected and this is affecting our purchase decision.,5.3
TKT003497,2020-02-01,90021091,A0519150208,United Kingdom,Product information,neutral,Low,Please provide more information about the product and available variants.,12.9
TKT003498,2021-02-01,90013119,A0418150101,Italy,Positive,positive,Medium,The product is performing well and we are considering another order.,7.6
TKT003499,2020-08-01,90021086,A5318110107,United Kingdom,Positive,positive,Low,The product is performing well and we are considering another order.,3.2
TKT003500,2019-03-01,90018112,A0519150201,Spain,Positive,positive,Low,The product is performing well and we are considering another order.,6.7
TKT003501,2019-12-01,70018115,A6120110207,Spain,Delivery,negative,Low,Delivery is taking longer than expected and this is affecting our purchase decision.,8.8
TKT003502,2019-04-01,90005162,A5318110107,Pakistan,Delivery,negative,Low,Delivery is taking longer than expected and this is affecting our purchase decision.,4.5
TKT003503,2019-10-01,90016171,A4021150403,Poland,Product information,neutral,Medium,Please provide more information about the product and available variants.,12.6
TKT003504,2020-09-01,90004066,A2520150504,Japan,Quality,neutral,Medium,We need clarification about the product quality and warranty.,10.8
TKT003505,2020-01-01,70023031,A3621150802,Canada,Positive,positive,Low,The product is performing well and we are considering another order.,5.1
TKT003506,2021-07-01,70010047,A3621150801,Bangladesh,Positive,positive,Low,The product is performing well and we are considering another order.,4.4
TKT003507,2019-05-01,70023032,A5318110105,Canada,Product information,neutral,Low,Please provide more information about the product and available variants.,10.5
TKT003508,2021-02-01,90010045,A1521150602,Bangladesh,Delivery,negative,Low,Delivery is taking longer than expected and this is affecting our purchase decision.,4.7
TKT003509,2020-05-01,90019201,A5318110102,Sweden,Quality,neutral,Medium,We need clarification about the product quality and warranty.,9.2
TKT003510,2021-06-01,90009130,A1219150303,Newzealand,Product information,neutral,Medium,Please provide more information about the product and available variants.,9.8
TKT003511,2019-09-01,90001021,A6018110102,China,Quality,neutral,Low,We need clarification about the product quality and warranty.,1.2
TKT003512,2019-06-01,90007197,A4021150405,South Korea,Positive,positive,High,The product is performing well and we are considering another order.,5.8
TKT003513,2019-03-01,90001020,A2118150104,China,Positive,positive,Low,The product is performing well and we are considering another order.,5.5
TKT003514,2020-08-01,90019200,A4118110104,Sweden,Product information,neutral,Low,Please provide more information about the product and available variants.,5.1
TKT003515,2019-06-01,70006158,A0519150208,Philiphines,Delivery,negative,Medium,Delivery is taking longer than expected and this is affecting our purchase decision.,0.7
TKT003516,2020-06-01,80001019,A2918150104,China,Quality,neutral,Low,We need clarification about the product quality and warranty.,7.4
TKT003517,2021-08-01,90020103,A2021150503,Austria,Delivery,negative,Low,Delivery is taking longer than expected and this is affecting our purchase decision.,4.4
TKT003518,2020-02-01,90021089,A5318110104,United Kingdom,Positive,positive,Low,The product is performing well and we are considering another order.,14.3
TKT003519,2018-12-01,90018106,A4318110301,Spain,Quality,neutral,Medium,We need clarification about the product quality and warranty.,3.5
TKT003520,2018-11-01,90023023,A1920150404,Canada,Positive,positive,Low,The product is performing well and we are considering another order.,8.3
TKT003521,2019-10-01,90020099,A5318110102,Austria,Delivery,negative,High,Delivery is taking longer than expected and this is affecting our purchase decision.,6.6
TKT003522,2021-03-01,90004063,A2520150502,Japan,Product information,neutral,Medium,Please provide more information about the product and available variants.,3.7
TKT003523,2018-09-01,90001020,A4021150403,China,Positive,positive,Medium,The product is performing well and we are considering another order.,4.9
TKT003524,2019-09-01,90008165,A2319150304,Australia,Quality,neutral,Low,We need clarification about the product quality and warranty.,4.6
TKT003525,2021-01-01,70007199,A4821110808,South Korea,Product information,neutral,Low,Please provide more information about the product and available variants.,4.0
TKT003526,2020-01-01,90023026,A3621150804,Canada,Product information,neutral,Medium,Please provide more information about the product and available variants.,3.5
TKT003527,2018-09-01,90015150,A0418150102,Norway,Delivery,negative,High,Delivery is taking longer than expected and this is affecting our purchase decision.,6.6
TKT003528,2021-05-01,70015152,A0519150208,Norway,Product information,neutral,Medium,Please provide more information about the product and available variants.,4.8
TKT003529,2021-08-01,70004070,A7219160201,Japan,Positive,positive,Medium,The product is performing well and we are considering another order.,6.1
TKT003530,2019-07-01,90019203,A5721110501,Sweden,Delivery,negative,Low,Delivery is taking longer than expected and this is affecting our purchase decision.,5.3
TKT003531,2020-01-01,70013125,A0821150503,Italy,Quality,neutral,Medium,We need clarification about the product quality and warranty.,9.8
TKT003532,2019-05-01,90005162,A3421150606,Pakistan,Positive,positive,Low,The product is performing well and we are considering another order.,6.1
TKT003533,2019-01-01,90017053,A1219150301,Portugal,Quality,neutral,Low,We need clarification about the product quality and warranty.,6.8
TKT003534,2019-07-01,90002009,A2419150401,India,Product information,neutral,High,Please provide more information about the product and available variants.,4.8
TKT003535,2018-10-01,90005159,A4721110708,Pakistan,Delivery,negative,Medium,Delivery is taking longer than expected and this is affecting our purchase decision.,3.7
TKT003536,2020-12-01,90018113,A4620110604,Spain,Product information,neutral,Medium,Please provide more information about the product and available variants.,3.1
TKT003537,2020-04-01,90013123,A6419160303,Italy,Positive,positive,Low,The product is performing well and we are considering another order.,6.0
TKT003538,2019-12-01,70015152,A6119110203,Norway,Product information,neutral,Low,Please provide more information about the product and available variants.,6.6
TKT003539,2019-04-01,70010047,A7220160202,Bangladesh,Positive,positive,Medium,The product is performing well and we are considering another order.,1.7
TKT003540,2019-12-01,90016174,A4721110707,Poland,Delivery,negative,Medium,Delivery is taking longer than expected and this is affecting our purchase decision.,1.5
TKT003541,2020-04-01,90019200,A1618150104,Sweden,Quality,neutral,Low,We need clarification about the product quality and warranty.,0.9
TKT003542,2021-02-01,90022080,A5621110403,USA,Quality,neutral,Low,We need clarification about the product quality and warranty.,1.1
TKT003543,2020-02-01,90017054,A4620110608,Portugal,Positive,positive,Low,The product is performing well and we are considering another order.,7.1
TKT003544,2018-11-01,90023022,A4721110705,Canada,Positive,positive,Medium,The product is performing well and we are considering another order.,1.1
TKT003545,2020-08-01,80001019,A4118110102,China,Product information,neutral,Low,Please provide more information about the product and available variants.,2.8
TKT003546,2019-10-01,90001021,A3019150206,China,Quality,neutral,Low,We need clarification about the product quality and warranty.,1.1
TKT003547,2020-09-01,90010045,A0519150207,Bangladesh,Positive,positive,Low,The product is performing well and we are considering another order.,7.4
TKT003548,2018-10-01,70003182,A5520110307,Indonesia,Delivery,negative,Low,Delivery is taking longer than expected and this is affecting our purchase decision.,1.6
TKT003549,2019-01-01,90023026,A4821110802,Canada,Delivery,negative,Low,Delivery is taking longer than expected and this is affecting our purchase decision.,20.1
TKT003550,2019-02-01,90004063,A3421150605,Japan,Product information,neutral,Medium,Please provide more information about the product and available variants.,3.8
TKT003551,2019-10-01,90008164,A6119110203,Australia,Product information,neutral,Low,Please provide more information about the product and available variants.,12.3
TKT003552,2020-04-01,90017054,A5520110308,Portugal,Delivery,negative,Low,Delivery is taking longer than expected and this is affecting our purchase decision.,14.4
TKT003553,2020-01-01,90008166,A4218110202,Australia,Delivery,negative,Low,Delivery is taking longer than expected and this is affecting our purchase decision.,2.8
TKT003554,2019-02-01,80001019,A0620150305,China,Delivery,negative,Medium,Delivery is taking longer than expected and this is affecting our purchase decision.,6.8
TKT003555,2020-01-01,90005160,A4620110604,Pakistan,Quality,neutral,Low,We need clarification about the product quality and warranty.,12.9
TKT003556,2021-06-01,90009128,A1119150203,Newzealand,Product information,neutral,Medium,Please provide more information about the product and available variants.,4.0
TKT003557,2019-03-01,90017056,A4319110302,Portugal,Quality,neutral,Low,We need clarification about the product quality and warranty.,15.7
TKT003558,2020-11-01,90007197,A6419160303,South Korea,Positive,positive,Medium,The product is performing well and we are considering another order.,7.5
TKT003559,2019-01-01,90022075,A1618150104,USA,Delivery,negative,Medium,Delivery is taking longer than expected and this is affecting our purchase decision.,10.3
TKT003560,2020-02-01,90012041,A2620150602,Germany,Positive,positive,Low,The product is performing well and we are considering another order.,3.2
TKT003561,2021-06-01,90007197,A0118150104,South Korea,Product information,neutral,Low,Please provide more information about the product and available variants.,1.5
TKT003562,2020-05-01,90010046,A6819160203,Bangladesh,Delivery,negative,Low,Delivery is taking longer than expected and this is affecting our purchase decision.,8.5
TKT003563,2019-11-01,90011187,A2218150202,France,Product information,neutral,Medium,Please provide more information about the product and available variants.,13.0
TKT003564,2019-06-01,90013117,A3621150806,Italy,Product information,neutral,Low,Please provide more information about the product and available variants.,15.4
TKT003565,2019-06-01,70005163,A2118150104,Pakistan,Quality,neutral,Medium,We need clarification about the product quality and warranty.,11.1
TKT003566,2021-05-01,90021092,A6419160303,United Kingdom,Product information,neutral,Medium,Please provide more information about the product and available variants.,12.1
TKT003567,2021-02-01,90016176,A2721150706,Poland,Positive,positive,Low,The product is performing well and we are considering another order.,13.9
TKT003568,2019-07-01,90018109,A2620150601,Spain,Delivery,negative,Medium,Delivery is taking longer than expected and this is affecting our purchase decision.,1.3
TKT003569,2020-03-01,90019202,A4721110706,Sweden,Delivery,negative,Low,Delivery is taking longer than expected and this is affecting our purchase decision.,18.2
TKT003570,2020-11-01,70014143,A3220150402,Netherlands,Quality,neutral,Medium,We need clarification about the product quality and warranty.,16.4
TKT003571,2020-05-01,90016174,A0921150603,Poland,Positive,positive,Low,The product is performing well and we are considering another order.,3.7
TKT003572,2018-09-01,70015151,A0821150504,Norway,Product information,neutral,High,Please provide more information about the product and available variants.,9.7
TKT003573,2020-10-01,70014142,A2219150204,Netherlands,Product information,neutral,Medium,Please provide more information about the product and available variants.,6.5
TKT003574,2020-08-01,90010045,A3621150805,Bangladesh,Positive,positive,Medium,The product is performing well and we are considering another order.,2.8
TKT003575,2020-04-01,90008166,A3521150702,Australia,Delivery,negative,Medium,Delivery is taking longer than expected and this is affecting our purchase decision.,3.0
TKT003576,2018-12-01,90023024,A2319150302,Canada,Product information,neutral,Low,Please provide more information about the product and available variants.,4.8
TKT003577,2018-09-01,90019203,A1118150201,Sweden,Product information,neutral,High,Please provide more information about the product and available variants.,9.0
TKT003578,2020-04-01,70009134,A6121110208,Newzealand,Positive,positive,Medium,The product is performing well and we are considering another order.,10.7
TKT003579,2020-07-01,70008169,A0519150201,Australia,Quality,neutral,Low,We need clarification about the product quality and warranty.,6.7
TKT003580,2018-12-01,90008168,A5721110507,Australia,Positive,positive,Medium,The product is performing well and we are considering another order.,4.3
TKT003581,2018-10-01,90020100,A1718150203,Austria,Delivery,negative,Medium,Delivery is taking longer than expected and this is affecting our purchase decision.,11.3
TKT003582,2020-09-01,80007195,A3521150706,South Korea,Quality,neutral,Low,We need clarification about the product quality and warranty.,6.3
TKT003583,2018-12-01,70013125,A4319110302,Italy,Product information,neutral,Medium,Please provide more information about the product and available variants.,9.3
TKT003584,2021-08-01,90002006,A5318110103,India,Quality,neutral,Low,We need clarification about the product quality and warranty.,7.3
TKT003585,2021-03-01,90018107,A6119110202,Spain,Quality,neutral,Low,We need clarification about the product quality and warranty.,12.6
TKT003586,2020-10-01,90003179,A5419110205,Indonesia,Positive,positive,Low,The product is performing well and we are considering another order.,5.9
TKT003587,2018-12-01,90004067,A6319160203,Japan,Quality,neutral,Medium,We need clarification about the product quality and warranty.,4.2
TKT003588,2019-05-01,90013124,A4118110105,Italy,Quality,neutral,High,We need clarification about the product quality and warranty.,12.6
TKT003589,2020-08-01,90002015,A1521150601,India,Quality,neutral,Low,We need clarification about the product quality and warranty.,4.1
TKT003590,2021-08-01,90011191,A3621150804,France,Positive,positive,Medium,The product is performing well and we are considering another order.,8.8
TKT003591,2019-04-01,90011187,A1219150303,France,Delivery,negative,Medium,Delivery is taking longer than expected and this is affecting our purchase decision.,3.5
TKT003592,2020-01-01,70004070,A4419110402,Japan,Quality,neutral,Medium,We need clarification about the product quality and warranty.,2.8
TKT003593,2019-12-01,70006158,A5519110302,Philiphines,Quality,neutral,Low,We need clarification about the product quality and warranty.,0.6
TKT003594,2020-12-01,90019200,A0418150107,Sweden,Delivery,negative,Medium,Delivery is taking longer than expected and this is affecting our purchase decision.,7.0
TKT003595,2019-07-01,90012033,A6319160201,Germany,Delivery,negative,Medium,Delivery is taking longer than expected and this is affecting our purchase decision.,7.3
TKT003596,2020-09-01,90007197,A3120150306,South Korea,Quality,neutral,Medium,We need clarification about the product quality and warranty.,10.8
TKT003597,2020-11-01,90021091,A0821150503,United Kingdom,Positive,positive,Low,The product is performing well and we are considering another order.,17.2
TKT003598,2019-03-01,90002014,A2420150406,India,Delivery,negative,Medium,Delivery is taking longer than expected and this is affecting our purchase decision.,9.0
TKT003599,2018-11-01,70020104,A2520150506,Austria,Positive,positive,Medium,The product is performing well and we are considering another order.,2.5
TKT003600,2020-10-01,90017053,A0721150403,Portugal,Delivery,negative,Medium,Delivery is taking longer than expected and this is affecting our purchase decision.,2.5
TKT003601,2020-10-01,70016178,A5419110201,Poland,Delivery,negative,Medium,Delivery is taking longer than expected and this is affecting our purchase decision.,3.1
TKT003602,2018-09-01,90011185,A0619150301,France,Quality,neutral,Medium,We need clarification about the product quality and warranty.,5.1
TKT003603,2021-04-01,90005161,A5621110407,Pakistan,Delivery,negative,Medium,Delivery is taking longer than expected and this is affecting our purchase decision.,3.4
TKT003604,2018-12-01,90013118,A4419110401,Italy,Positive,positive,High,The product is performing well and we are considering another order.,2.3
TKT003605,2019-03-01,90005161,A3320150502,Pakistan,Product information,neutral,Low,Please provide more information about the product and available variants.,5.5
TKT003606,2019-05-01,90002006,A4620110607,India,Product information,neutral,High,Please provide more information about the product and available variants.,2.7
TKT003607,2020-06-01,90015148,A7118160101,Norway,Positive,positive,Medium,The product is performing well and we are considering another order.,6.6
TKT003608,2019-11-01,90005159,A5721110501,Pakistan,Quality,neutral,Low,We need clarification about the product quality and warranty.,7.5
TKT003609,2020-10-01,80006155,A1118150202,Philiphines,Quality,neutral,Medium,We need clarification about the product quality and warranty.,11.5
TKT003610,2020-12-01,70016178,A2419150405,Poland,Positive,positive,Medium,The product is performing well and we are considering another order.,17.0
TKT003611,2019-12-01,90015145,A0321150302,Norway,Delivery,negative,Low,Delivery is taking longer than expected and this is affecting our purchase decision.,7.3
TKT003612,2019-07-01,90016176,A5519110304,Poland,Product information,neutral,Low,Please provide more information about the product and available variants.,13.9
TKT003613,2020-11-01,70008170,A1718150201,Australia,Quality,neutral,Medium,We need clarification about the product quality and warranty.,1.7
TKT003614,2020-02-01,90011192,A2319150304,France,Positive,positive,Low,The product is performing well and we are considering another order.,3.7
TKT003615,2021-08-01,90001020,A3718150101,China,Quality,neutral,Low,We need clarification about the product quality and warranty.,6.8
TKT003616,2020-10-01,90005159,A0118150104,Pakistan,Delivery,negative,Medium,Delivery is taking longer than expected and this is affecting our purchase decision.,21.9
TKT003617,2021-01-01,90019201,A3521150704,Sweden,Positive,positive,Low,The product is performing well and we are considering another order.,6.4
TKT003618,2021-03-01,90008165,A0620150303,Australia,Positive,positive,Low,The product is performing well and we are considering another order.,3.0
TKT003619,2020-06-01,90011187,A4319110302,France,Quality,neutral,Low,We need clarification about the product quality and warranty.,3.0
TKT003620,2019-09-01,90010046,A3718150105,Bangladesh,Quality,neutral,Low,We need clarification about the product quality and warranty.,15.4
TKT003621,2018-12-01,70007198,A2620150605,South Korea,Positive,positive,High,The product is performing well and we are considering another order.,1.8
TKT003622,2018-10-01,90011189,A6018110103,France,Positive,positive,Low,The product is performing well and we are considering another order.,0.7
TKT003623,2018-11-01,90008165,A0619150302,Australia,Product information,neutral,Medium,Please provide more information about the product and available variants.,7.0
TKT003624,2020-12-01,90019201,A0619150302,Sweden,Delivery,negative,Low,Delivery is taking longer than expected and this is affecting our purchase decision.,4.2
TKT003625,2020-10-01,70006158,A3119150302,Philiphines,Positive,positive,Low,The product is performing well and we are considering another order.,7.1
TKT003626,2018-12-01,90015148,A1919150403,Norway,Positive,positive,Medium,The product is performing well and we are considering another order.,1.7
TKT003627,2020-06-01,90001020,A2020150501,China,Quality,neutral,Medium,We need clarification about the product quality and warranty.,0.8
TKT003628,2019-04-01,90003179,A4721110707,Indonesia,Positive,positive,Medium,The product is performing well and we are considering another order.,12.3
TKT003629,2020-02-01,90017051,A6718160102,Portugal,Product information,neutral,High,Please provide more information about the product and available variants.,8.1
TKT003630,2020-06-01,90001021,A1718150201,China,Positive,positive,Medium,The product is performing well and we are considering another order.,6.8
TKT003631,2019-12-01,70003181,A4318110301,Indonesia,Quality,neutral,Low,We need clarification about the product quality and warranty.,4.9
TKT003632,2018-09-01,90011185,A2821150802,France,Positive,positive,Medium,The product is performing well and we are considering another order.,4.8
TKT003633,2019-06-01,90014141,A4620110606,Netherlands,Positive,positive,Low,The product is performing well and we are considering another order.,12.7
TKT003634,2018-10-01,90020103,A5318110103,Austria,Delivery,negative,Low,Delivery is taking longer than expected and this is affecting our purchase decision.,1.1
TKT003635,2020-12-01,90014139,A1018150102,Netherlands,Quality,neutral,Low,We need clarification about the product quality and warranty.,3.5
TKT003636,2020-08-01,90020098,A0721150403,Austria,Delivery,negative,Low,Delivery is taking longer than expected and this is affecting our purchase decision.,5.7
TKT003637,2020-06-01,70007198,A2419150405,South Korea,Positive,positive,Low,The product is performing well and we are considering another order.,4.3
TKT003638,2018-11-01,70003182,A2319150305,Indonesia,Product information,neutral,Medium,Please provide more information about the product and available variants.,7.5
TKT003639,2021-08-01,90011186,A1920150404,France,Product information,neutral,Low,Please provide more information about the product and available variants.,7.6
TKT003640,2018-12-01,70006157,A4319110302,Philiphines,Product information,neutral,Medium,Please provide more information about the product and available variants.,4.8
TKT003641,2020-07-01,90015147,A2721150705,Norway,Delivery,negative,Low,Delivery is taking longer than expected and this is affecting our purchase decision.,6.1
TKT003642,2020-03-01,90019203,A3120150305,Sweden,Product information,neutral,Medium,Please provide more information about the product and available variants.,7.4
TKT003643,2020-09-01,70012043,A4721110708,Germany,Quality,neutral,High,We need clarification about the product quality and warranty.,5.1
TKT003644,2021-01-01,70016178,A3819150203,Poland,Delivery,negative,High,Delivery is taking longer than expected and this is affecting our purchase decision.,3.0
TKT003645,2019-12-01,70007198,A2319150302,South Korea,Delivery,negative,Medium,Delivery is taking longer than expected and this is affecting our purchase decision.,16.0
TKT003646,2020-12-01,90004068,A0921150604,Japan,Quality,neutral,Low,We need clarification about the product quality and warranty.,7.9
TKT003647,2020-02-01,90021091,A4721110704,United Kingdom,Quality,neutral,Low,We need clarification about the product quality and warranty.,5.5
TKT003648,2020-06-01,90010044,A3621150804,Bangladesh,Positive,positive,Medium,The product is performing well and we are considering another order.,4.0
TKT003649,2020-03-01,90007197,A2021150504,South Korea,Product information,neutral,Low,Please provide more information about the product and available variants.,3.7
TKT003650,2020-03-01,90022082,A6018110102,USA,Delivery,negative,Low,Delivery is taking longer than expected and this is affecting our purchase decision.,4.8
TKT003651,2021-02-01,90002006,A0321150303,India,Quality,neutral,Medium,We need clarification about the product quality and warranty.,2.0
TKT003652,2021-03-01,70009133,A6218160102,Newzealand,Positive,positive,Medium,The product is performing well and we are considering another order.,2.6
TKT003653,2020-05-01,70010048,A3819150205,Bangladesh,Positive,positive,Low,The product is performing well and we are considering another order.,4.3
TKT003654,2020-05-01,90009132,A4020150401,Newzealand,Positive,positive,Medium,The product is performing well and we are considering another order.,9.0
TKT003655,2019-08-01,90003180,A0418150107,Indonesia,Quality,neutral,Low,We need clarification about the product quality and warranty.,7.1
TKT003656,2020-06-01,90023023,A1219150301,Canada,Delivery,negative,Medium,Delivery is taking longer than expected and this is affecting our purchase decision.,16.1
TKT003657,2020-03-01,90018110,A0621150307,Spain,Quality,neutral,Medium,We need clarification about the product quality and warranty.,10.1
TKT003658,2021-05-01,90002001,A2020150501,India,Delivery,negative,Low,Delivery is taking longer than expected and this is affecting our purchase decision.,7.7
TKT003659,2018-11-01,90012040,A6319160201,Germany,Product information,neutral,Medium,Please provide more information about the product and available variants.,2.5
TKT003660,2018-12-01,70019204,A1919150401,Sweden,Delivery,negative,Medium,Delivery is taking longer than expected and this is affecting our purchase decision.,1.8
TKT003661,2019-01-01,90020102,A2021150504,Austria,Product information,neutral,Medium,Please provide more information about the product and available variants.,0.9
TKT003662,2021-07-01,70008169,A0219150202,Australia,Delivery,negative,High,Delivery is taking longer than expected and this is affecting our purchase decision.,17.3
TKT003663,2021-03-01,90019202,A6720160103,Sweden,Delivery,negative,Medium,Delivery is taking longer than expected and this is affecting our purchase decision.,2.0
TKT003664,2018-12-01,90015145,A4721110704,Norway,Product information,neutral,Medium,Please provide more information about the product and available variants.,14.9
TKT003665,2020-10-01,70007198,A6120110207,South Korea,Delivery,negative,Low,Delivery is taking longer than expected and this is affecting our purchase decision.,4.1
TKT003666,2020-09-01,90020101,A1618150103,Austria,Positive,positive,Low,The product is performing well and we are considering another order.,11.5
TKT003667,2021-03-01,80007196,A2419150405,South Korea,Product information,neutral,Medium,Please provide more information about the product and available variants.,7.0
TKT003668,2020-06-01,70015152,A3621150805,Norway,Quality,neutral,Medium,We need clarification about the product quality and warranty.,2.2
TKT003669,2020-01-01,80001019,A4821110807,China,Quality,neutral,Medium,We need clarification about the product quality and warranty.,19.3
TKT003670,2019-03-01,90023030,A1919150403,Canada,Delivery,negative,Low,Delivery is taking longer than expected and this is affecting our purchase decision.,10.9
TKT003671,2020-04-01,90004063,A1018150101,Japan,Product information,neutral,Low,Please provide more information about the product and available variants.,3.4
TKT003672,2020-01-01,70005163,A6519160401,Pakistan,Positive,positive,High,The product is performing well and we are considering another order.,2.5
TKT003673,2020-11-01,80006154,A4419110404,Philiphines,Product information,neutral,Low,Please provide more information about the product and available variants.,4.8
TKT003674,2021-08-01,90016176,A6319160201,Poland,Positive,positive,High,The product is performing well and we are considering another order.,5.6
TKT003675,2019-07-01,90015147,A4318110301,Norway,Quality,neutral,Low,We need clarification about the product quality and warranty.,11.0
TKT003676,2019-06-01,90023024,A4821110804,Canada,Positive,positive,High,The product is performing well and we are considering another order.,12.0
TKT003677,2019-10-01,90021091,A3621150804,United Kingdom,Product information,neutral,Low,Please provide more information about the product and available variants.,2.2
TKT003678,2021-05-01,80006154,A5520110308,Philiphines,Delivery,negative,Low,Delivery is taking longer than expected and this is affecting our purchase decision.,3.7
TKT003679,2021-03-01,90004061,A3220150402,Japan,Product information,neutral,Medium,Please provide more information about the product and available variants.,8.1
TKT003680,2018-09-01,90004063,A5520110305,Japan,Quality,neutral,Medium,We need clarification about the product quality and warranty.,2.7
TKT003681,2021-05-01,70012042,A5721110501,Germany,Quality,neutral,Medium,We need clarification about the product quality and warranty.,3.0
TKT003682,2019-02-01,70004069,A2520150505,Japan,Product information,neutral,Medium,Please provide more information about the product and available variants.,6.2
TKT003683,2020-02-01,70004070,A6419160302,Japan,Quality,neutral,Medium,We need clarification about the product quality and warranty.,3.9
TKT003684,2021-03-01,90013120,A2219150204,Italy,Delivery,negative,Medium,Delivery is taking longer than expected and this is affecting our purchase decision.,7.1
TKT003685,2018-09-01,90012037,A7020160403,Germany,Delivery,negative,Low,Delivery is taking longer than expected and this is affecting our purchase decision.,6.1
TKT003686,2020-04-01,90017056,A7321160301,Portugal,Positive,positive,Low,The product is performing well and we are considering another order.,1.9
TKT003687,2019-06-01,90017057,A2118150105,Portugal,Positive,positive,Low,The product is performing well and we are considering another order.,3.1
TKT003688,2020-01-01,80007195,A3920150301,South Korea,Quality,neutral,Low,We need clarification about the product quality and warranty.,8.4
TKT003689,2020-01-01,90021088,A0118150102,United Kingdom,Quality,neutral,Medium,We need clarification about the product quality and warranty.,5.1
TKT003690,2018-10-01,90012041,A3621150801,Germany,Product information,neutral,Low,Please provide more information about the product and available variants.,2.5
TKT003691,2019-04-01,70023031,A2721150706,Canada,Product information,neutral,Low,Please provide more information about the product and available variants.,3.4
TKT003692,2020-05-01,90021088,A0519150207,United Kingdom,Positive,positive,High,The product is performing well and we are considering another order.,3.8
TKT003693,2020-02-01,90010045,A2219150206,Bangladesh,Quality,neutral,Low,We need clarification about the product quality and warranty.,10.3
TKT003694,2019-03-01,90002015,A7018160402,India,Quality,neutral,Medium,We need clarification about the product quality and warranty.,4.2
TKT003695,2020-11-01,90004061,A2620150606,Japan,Delivery,negative,Medium,Delivery is taking longer than expected and this is affecting our purchase decision.,10.4
TKT003696,2021-08-01,80007195,A5318110108,South Korea,Quality,neutral,Low,We need clarification about the product quality and warranty.,8.5
TKT003697,2018-11-01,90022077,A1919150403,USA,Positive,positive,Medium,The product is performing well and we are considering another order.,2.4
TKT003698,2021-07-01,90004064,A4520110507,Japan,Quality,neutral,High,We need clarification about the product quality and warranty.,6.8
TKT003699,2021-03-01,90021088,A7118160101,United Kingdom,Product information,neutral,Medium,Please provide more information about the product and available variants.,8.1
TKT003700,2020-07-01,90001021,A7019160401,China,Product information,neutral,Low,Please provide more information about the product and available variants.,8.9
TKT003701,2021-05-01,90013124,A2219150206,Italy,Product information,neutral,Low,Please provide more information about the product and available variants.,3.7
TKT003702,2020-03-01,70015151,A5519110304,Norway,Quality,neutral,Low,We need clarification about the product quality and warranty.,2.7
TKT003703,2020-02-01,80006154,A4520110508,Philiphines,Product information,neutral,Medium,Please provide more information about the product and available variants.,14.0
TKT003704,2019-12-01,90007197,A5318110103,South Korea,Quality,neutral,Low,We need clarification about the product quality and warranty.,6.3
TKT003705,2020-12-01,90008166,A2319150305,Australia,Positive,positive,Medium,The product is performing well and we are considering another order.,7.6
TKT003706,2018-12-01,90015148,A2918150106,Norway,Delivery,negative,High,Delivery is taking longer than expected and this is affecting our purchase decision.,11.0
TKT003707,2019-11-01,90013120,A2118150106,Italy,Positive,positive,Medium,The product is performing well and we are considering another order.,9.1
TKT003708,2019-04-01,90019202,A0519150207,Sweden,Positive,positive,Low,The product is performing well and we are considering another order.,1.6
TKT003709,2019-04-01,90017059,A4519110502,Portugal,Product information,neutral,Medium,Please provide more information about the product and available variants.,4.7
TKT003710,2019-10-01,90004066,A4620110602,Japan,Delivery,negative,Low,Delivery is taking longer than expected and this is affecting our purchase decision.,5.3
TKT003711,2019-11-01,70002018,A5419110207,India,Quality,neutral,Low,We need clarification about the product quality and warranty.,2.1
TKT003712,2019-10-01,90019200,A4419110407,Sweden,Delivery,negative,Low,Delivery is taking longer than expected and this is affecting our purchase decision.,6.4
TKT003713,2021-04-01,90014140,A4118110102,Netherlands,Positive,positive,Low,The product is performing well and we are considering another order.,3.8
TKT003714,2020-12-01,90018108,A5419110204,Spain,Delivery,negative,Low,Delivery is taking longer than expected and this is affecting our purchase decision.,6.8
TKT003715,2020-08-01,90013119,A5721110507,Italy,Product information,neutral,Medium,Please provide more information about the product and available variants.,2.3
TKT003716,2019-03-01,90015150,A1521150603,Norway,Positive,positive,Low,The product is performing well and we are considering another order.,5.1
TKT003717,2019-01-01,70008169,A4720110702,Australia,Quality,neutral,Low,We need clarification about the product quality and warranty.,4.5
TKT003718,2019-02-01,90010044,A0519150203,Bangladesh,Quality,neutral,Low,We need clarification about the product quality and warranty.,4.3
TKT003719,2021-08-01,90018113,A0321150303,Spain,Delivery,negative,Medium,Delivery is taking longer than expected and this is affecting our purchase decision.,8.6
TKT003720,2019-06-01,90009132,A2620150601,Newzealand,Delivery,negative,Low,Delivery is taking longer than expected and this is affecting our purchase decision.,9.4
TKT003721,2020-02-01,70004069,A1920150404,Japan,Quality,neutral,Low,We need clarification about the product quality and warranty.,3.4
TKT003722,2019-01-01,90011188,A1521150603,France,Product information,neutral,Low,Please provide more information about the product and available variants.,7.2
TKT003723,2018-09-01,90013124,A2918150106,Italy,Quality,neutral,Medium,We need clarification about the product quality and warranty.,0.8
TKT003724,2019-12-01,90014136,A0619150301,Netherlands,Quality,neutral,Medium,We need clarification about the product quality and warranty.,3.4
TKT003725,2020-04-01,70014143,A1819150303,Netherlands,Quality,neutral,Low,We need clarification about the product quality and warranty.,6.9
TKT003726,2020-07-01,90012038,A2520150502,Germany,Quality,neutral,Medium,We need clarification about the product quality and warranty.,6.6
TKT003727,2021-01-01,90021095,A4721110707,United Kingdom,Quality,neutral,Medium,We need clarification about the product quality and warranty.,2.7
TKT003728,2020-08-01,80001019,A4520110507,China,Product information,neutral,Low,Please provide more information about the product and available variants.,2.7
TKT003729,2018-12-01,90009128,A4021150405,Newzealand,Quality,neutral,Low,We need clarification about the product quality and warranty.,7.3
TKT003730,2021-07-01,90004061,A6119110203,Japan,Quality,neutral,Low,We need clarification about the product quality and warranty.,7.3
TKT003731,2019-03-01,90014139,A7220160202,Netherlands,Positive,positive,High,The product is performing well and we are considering another order.,7.3
TKT003732,2021-08-01,90009132,A1718150204,Newzealand,Positive,positive,Low,The product is performing well and we are considering another order.,4.5
TKT003733,2021-02-01,90009127,A3621150801,Newzealand,Quality,neutral,Low,We need clarification about the product quality and warranty.,5.2
TKT003734,2021-05-01,90013123,A5318110107,Italy,Quality,neutral,Medium,We need clarification about the product quality and warranty.,10.5
TKT003735,2020-10-01,90016171,A0721150401,Poland,Delivery,negative,Low,Delivery is taking longer than expected and this is affecting our purchase decision.,7.0
TKT003736,2018-11-01,70009133,A4318110301,Newzealand,Positive,positive,Low,The product is performing well and we are considering another order.,3.4
TKT003737,2020-06-01,90017055,A5318110107,Portugal,Quality,neutral,Medium,We need clarification about the product quality and warranty.,3.8
TKT003738,2020-10-01,90019201,A2918150102,Sweden,Positive,positive,Low,The product is performing well and we are considering another order.,7.5
TKT003739,2019-07-01,70010048,A2520150504,Bangladesh,Delivery,negative,High,Delivery is taking longer than expected and this is affecting our purchase decision.,4.3
TKT003740,2020-04-01,90016175,A5621110405,Poland,Positive,positive,Medium,The product is performing well and we are considering another order.,4.4
TKT003741,2020-02-01,70014142,A0320150301,Netherlands,Positive,positive,High,The product is performing well and we are considering another order.,3.9
TKT003742,2020-07-01,90001020,A2821150802,China,Product information,neutral,Low,Please provide more information about the product and available variants.,3.1
TKT003743,2021-02-01,70005163,A0519150203,Pakistan,Product information,neutral,Low,Please provide more information about the product and available variants.,6.1
TKT003744,2019-11-01,90022083,A5519110304,USA,Delivery,negative,Medium,Delivery is taking longer than expected and this is affecting our purchase decision.,1.0
TKT003745,2019-09-01,90011191,A2419150402,France,Product information,neutral,Low,Please provide more information about the product and available variants.,3.9
TKT003746,2019-04-01,90005161,A4118110107,Pakistan,Delivery,negative,Low,Delivery is taking longer than expected and this is affecting our purchase decision.,2.9
TKT003747,2020-09-01,90022079,A1018150102,USA,Delivery,negative,Low,Delivery is taking longer than expected and this is affecting our purchase decision.,1.9
TKT003748,2021-02-01,90008164,A5721110507,Australia,Quality,neutral,Low,We need clarification about the product quality and warranty.,10.7
TKT003749,2021-08-01,90011186,A1118150201,France,Positive,positive,Low,The product is performing well and we are considering another order.,2.7
TKT003750,2020-11-01,90023023,A2520150504,Canada,Positive,positive,Medium,The product is performing well and we are considering another order.,1.3
TKT003751,2021-07-01,70021096,A4419110404,United Kingdom,Quality,neutral,Medium,We need clarification about the product quality and warranty.,5.2
TKT003752,2019-03-01,90006156,A5318110102,Philiphines,Product information,neutral,Low,Please provide more information about the product and available variants.,4.1
TKT003753,2019-08-01,90011187,A2821150802,France,Quality,neutral,High,We need clarification about the product quality and warranty.,12.0
TKT003754,2018-11-01,90017051,A1118150202,Portugal,Positive,positive,High,The product is performing well and we are considering another order.,2.1
TKT003755,2020-06-01,70017060,A1018150101,Portugal,Positive,positive,Medium,The product is performing well and we are considering another order.,8.3
TKT003756,2019-11-01,90008164,A6818160202,Australia,Quality,neutral,Medium,We need clarification about the product quality and warranty.,2.1
TKT003757,2020-12-01,70014143,A4218110201,Netherlands,Delivery,negative,High,Delivery is taking longer than expected and this is affecting our purchase decision.,10.3
TKT003758,2019-12-01,90011188,A4419110402,France,Delivery,negative,Low,Delivery is taking longer than expected and this is affecting our purchase decision.,19.6
TKT003759,2019-07-01,80001019,A0519150208,China,Delivery,negative,Low,Delivery is taking longer than expected and this is affecting our purchase decision.,5.2
TKT003760,2019-07-01,90004067,A6620160501,Japan,Positive,positive,Low,The product is performing well and we are considering another order.,6.8
TKT003761,2019-08-01,90016175,A7220160202,Poland,Delivery,negative,Low,Delivery is taking longer than expected and this is affecting our purchase decision.,16.6
TKT003762,2018-11-01,90021087,A5721110502,United Kingdom,Product information,neutral,Medium,Please provide more information about the product and available variants.,2.6
TKT003763,2021-03-01,90022079,A1819150304,USA,Positive,positive,Low,The product is performing well and we are considering another order.,5.2
TKT003764,2018-10-01,80001019,A4821110808,China,Positive,positive,Low,The product is performing well and we are considering another order.,11.7
TKT003765,2019-01-01,80007195,A4218110206,South Korea,Delivery,negative,Low,Delivery is taking longer than expected and this is affecting our purchase decision.,10.1
TKT003766,2020-11-01,90020100,A3320150506,Austria,Positive,positive,Medium,The product is performing well and we are considering another order.,6.4
TKT003767,2020-02-01,90012034,A0519150207,Germany,Quality,neutral,Low,We need clarification about the product quality and warranty.,5.3
TKT003768,2020-08-01,90005161,A3018150201,Pakistan,Positive,positive,Low,The product is performing well and we are considering another order.,2.8
TKT003769,2020-12-01,90008165,A6819160203,Australia,Delivery,negative,Medium,Delivery is taking longer than expected and this is affecting our purchase decision.,9.1
TKT003770,2020-04-01,70016177,A0821150504,Poland,Product information,neutral,Low,Please provide more information about the product and available variants.,2.0
TKT003771,2020-11-01,70006157,A2319150306,Philiphines,Quality,neutral,Low,We need clarification about the product quality and warranty.,4.3
TKT003772,2020-04-01,70006158,A7220160203,Philiphines,Quality,neutral,High,We need clarification about the product quality and warranty.,5.4
TKT003773,2019-02-01,90003180,A5721110504,Indonesia,Positive,positive,Medium,The product is performing well and we are considering another order.,7.3
TKT003774,2019-02-01,70018115,A2118150101,Spain,Quality,neutral,Medium,We need clarification about the product quality and warranty.,1.8
TKT003775,2020-10-01,90018107,A6818160202,Spain,Positive,positive,Medium,The product is performing well and we are considering another order.,5.5
TKT003776,2020-11-01,90020102,A4419110406,Austria,Quality,neutral,Low,We need clarification about the product quality and warranty.,1.4
TKT003777,2021-01-01,70022084,A5419110205,USA,Delivery,negative,Low,Delivery is taking longer than expected and this is affecting our purchase decision.,2.5
TKT003778,2020-12-01,90004068,A5621110405,Japan,Positive,positive,Low,The product is performing well and we are considering another order.,3.3
TKT003779,2021-08-01,90008168,A6218160102,Australia,Delivery,negative,High,Delivery is taking longer than expected and this is affecting our purchase decision.,18.0
TKT003780,2019-03-01,90020102,A4118110105,Austria,Delivery,negative,Medium,Delivery is taking longer than expected and this is affecting our purchase decision.,4.8
TKT003781,2019-07-01,90004064,A3621150802,Japan,Positive,positive,Low,The product is performing well and we are considering another order.,5.4
TKT003782,2020-12-01,90016176,A5318110108,Poland,Product information,neutral,Low,Please provide more information about the product and available variants.,8.1
TKT003783,2019-10-01,90007197,A1118150202,South Korea,Delivery,negative,Medium,Delivery is taking longer than expected and this is affecting our purchase decision.,6.7
TKT003784,2019-09-01,90018109,A2520150502,Spain,Positive,positive,Low,The product is performing well and we are considering another order.,10.4
TKT003785,2018-11-01,90014135,A4419110401,Netherlands,Quality,neutral,Low,We need clarification about the product quality and warranty.,11.2
TKT003786,2019-02-01,90019201,A3420150601,Sweden,Product information,neutral,Low,Please provide more information about the product and available variants.,4.0
TKT003787,2019-04-01,90015149,A2918150104,Norway,Delivery,negative,Low,Delivery is taking longer than expected and this is affecting our purchase decision.,2.7
TKT003788,2019-03-01,90020099,A0418150101,Austria,Product information,neutral,Low,Please provide more information about the product and available variants.,9.8
TKT003789,2020-07-01,90019201,A3018150202,Sweden,Positive,positive,Low,The product is performing well and we are considering another order.,2.2
TKT003790,2021-02-01,90012035,A1320150403,Germany,Product information,neutral,Medium,Please provide more information about the product and available variants.,2.4
TKT003791,2021-03-01,90023028,A4419110404,Canada,Positive,positive,Low,The product is performing well and we are considering another order.,7.2
TKT003792,2020-04-01,90002002,A5318110103,India,Positive,positive,High,The product is performing well and we are considering another order.,12.5
TKT003793,2020-07-01,90022082,A5318110101,USA,Positive,positive,Medium,The product is performing well and we are considering another order.,6.1
TKT003794,2020-02-01,70008170,A6319160201,Australia,Product information,neutral,High,Please provide more information about the product and available variants.,5.6
TKT003795,2018-11-01,90010045,A5520110308,Bangladesh,Product information,neutral,Low,Please provide more information about the product and available variants.,5.0
TKT003796,2019-04-01,90020097,A5621110403,Austria,Delivery,negative,High,Delivery is taking longer than expected and this is affecting our purchase decision.,5.4
TKT003797,2019-06-01,70022084,A3621150802,USA,Delivery,negative,Low,Delivery is taking longer than expected and this is affecting our purchase decision.,3.7
TKT003798,2021-03-01,90019200,A2219150205,Sweden,Quality,neutral,Low,We need clarification about the product quality and warranty.,3.2
TKT003799,2020-08-01,90018113,A5520110307,Spain,Product information,neutral,Low,Please provide more information about the product and available variants.,3.2
TKT003800,2021-05-01,90021089,A7019160401,United Kingdom,Positive,positive,Low,The product is performing well and we are considering another order.,11.4
TKT003801,2020-04-01,90019203,A5419110201,Sweden,Positive,positive,High,The product is performing well and we are considering another order.,2.6
TKT003802,2020-11-01,80007195,A0619150301,South Korea,Product information,neutral,Low,Please provide more information about the product and available variants.,10.4
TKT003803,2018-11-01,90021086,A7220160203,United Kingdom,Delivery,negative,Low,Delivery is taking longer than expected and this is affecting our purchase decision.,3.7
TKT003804,2021-07-01,90006156,A2720150701,Philiphines,Quality,neutral,Medium,We need clarification about the product quality and warranty.,8.9
TKT003805,2018-10-01,70005163,A6919160302,Pakistan,Positive,positive,Low,The product is performing well and we are considering another order.,6.1
TKT003806,2019-09-01,90006153,A5520110305,Philiphines,Positive,positive,High,The product is performing well and we are considering another order.,11.1
TKT003807,2018-11-01,90013119,A0418150101,Italy,Quality,neutral,Medium,We need clarification about the product quality and warranty.,7.3
TKT003808,2021-08-01,90013123,A5721110503,Italy,Product information,neutral,Low,Please provide more information about the product and available variants.,5.1
TKT003809,2019-10-01,90019203,A3019150205,Sweden,Quality,neutral,Low,We need clarification about the product quality and warranty.,1.8
TKT003810,2020-02-01,90017055,A3420150602,Portugal,Positive,positive,Medium,The product is performing well and we are considering another order.,5.5
TKT003811,2019-02-01,90012037,A7020160403,Germany,Delivery,negative,Low,Delivery is taking longer than expected and this is affecting our purchase decision.,12.0
TKT003812,2020-06-01,70009133,A3621150804,Newzealand,Product information,neutral,Medium,Please provide more information about the product and available variants.,13.0
TKT003813,2021-07-01,90015149,A1618150104,Norway,Delivery,negative,Medium,Delivery is taking longer than expected and this is affecting our purchase decision.,4.0
TKT003814,2019-08-01,90020098,A0118150102,Austria,Quality,neutral,Low,We need clarification about the product quality and warranty.,4.7
TKT003815,2020-09-01,90021095,A0821150504,United Kingdom,Positive,positive,Low,The product is performing well and we are considering another order.,1.7
TKT003816,2020-12-01,90022073,A6119110201,USA,Quality,neutral,Low,We need clarification about the product quality and warranty.,11.6
TKT003817,2021-03-01,90013123,A0418150107,Italy,Positive,positive,High,The product is performing well and we are considering another order.,1.9
TKT003818,2020-07-01,70005163,A5519110302,Pakistan,Product information,neutral,Medium,Please provide more information about the product and available variants.,3.1
TKT003819,2018-10-01,70011194,A7020160403,France,Quality,neutral,Medium,We need clarification about the product quality and warranty.,3.4
TKT003820,2020-08-01,90002006,A5419110203,India,Positive,positive,High,The product is performing well and we are considering another order.,10.8
TKT003821,2020-08-01,90014141,A7019160401,Netherlands,Quality,neutral,Medium,We need clarification about the product quality and warranty.,7.6
TKT003822,2021-05-01,90010046,A0220150203,Bangladesh,Product information,neutral,Medium,Please provide more information about the product and available variants.,5.0
TKT003823,2020-01-01,90003179,A1219150302,Indonesia,Quality,neutral,Medium,We need clarification about the product quality and warranty.,7.1
TKT003824,2019-06-01,90021087,A1320150403,United Kingdom,Product information,neutral,Low,Please provide more information about the product and available variants.,11.1
TKT003825,2019-10-01,90005160,A4721110706,Pakistan,Product information,neutral,Low,Please provide more information about the product and available variants.,7.3
TKT003826,2019-02-01,90001020,A0418150108,China,Positive,positive,Low,The product is performing well and we are considering another order.,7.8
TKT003827,2020-10-01,90019203,A0619150301,Sweden,Quality,neutral,Medium,We need clarification about the product quality and warranty.,4.2
TKT003828,2020-11-01,70009134,A0321150303,Newzealand,Positive,positive,Medium,The product is performing well and we are considering another order.,4.6
TKT003829,2020-01-01,90010044,A4520110506,Bangladesh,Quality,neutral,Medium,We need clarification about the product quality and warranty.,4.8
TKT003830,2020-10-01,90009129,A3420150601,Newzealand,Positive,positive,Medium,The product is performing well and we are considering another order.,14.9
TKT003831,2020-02-01,90001020,A0721150404,China,Quality,neutral,Medium,We need clarification about the product quality and warranty.,11.0
TKT003832,2020-05-01,80007196,A5419110207,South Korea,Product information,neutral,Low,Please provide more information about the product and available variants.,3.6
TKT003833,2021-03-01,90020098,A4319110306,Austria,Product information,neutral,Low,Please provide more information about the product and available variants.,12.4
TKT003834,2020-01-01,90021095,A7321160301,United Kingdom,Product information,neutral,Low,Please provide more information about the product and available variants.,12.3
TKT003835,2021-06-01,90017049,A5620110402,Portugal,Delivery,negative,High,Delivery is taking longer than expected and this is affecting our purchase decision.,2.1
TKT003836,2021-06-01,90006156,A6519160401,Philiphines,Product information,neutral,Medium,Please provide more information about the product and available variants.,1.4
TKT003837,2018-10-01,70015151,A4721110705,Norway,Product information,neutral,Medium,Please provide more information about the product and available variants.,2.8
TKT003838,2020-12-01,90016176,A0418150105,Poland,Quality,neutral,Low,We need clarification about the product quality and warranty.,5.7
TKT003839,2021-02-01,90012033,A4318110301,Germany,Positive,positive,Low,The product is performing well and we are considering another order.,4.6
TKT003840,2021-05-01,90002010,A4720110702,India,Product information,neutral,Low,Please provide more information about the product and available variants.,7.4
TKT003841,2021-05-01,70016177,A0418150102,Poland,Quality,neutral,Medium,We need clarification about the product quality and warranty.,1.2
TKT003842,2021-05-01,90007197,A0620150303,South Korea,Positive,positive,Low,The product is performing well and we are considering another order.,6.2
TKT003843,2020-08-01,90011188,A5519110303,France,Positive,positive,Low,The product is performing well and we are considering another order.,3.9
TKT003844,2019-06-01,70014142,A6019110107,Netherlands,Product information,neutral,Low,Please provide more information about the product and available variants.,2.2
TKT003845,2018-11-01,90006153,A3521150701,Philiphines,Product information,neutral,Low,Please provide more information about the product and available variants.,6.8
TKT003846,2020-09-01,70016177,A1718150204,Poland,Positive,positive,Medium,The product is performing well and we are considering another order.,4.1
TKT003847,2021-05-01,90013122,A5519110303,Italy,Positive,positive,High,The product is performing well and we are considering another order.,12.0
TKT003848,2021-06-01,90017056,A2218150201,Portugal,Positive,positive,Low,The product is performing well and we are considering another order.,4.1
TKT003849,2019-12-01,90018110,A7220160203,Spain,Quality,neutral,Low,We need clarification about the product quality and warranty.,15.9
TKT003850,2021-07-01,90017056,A6018110103,Portugal,Product information,neutral,Low,Please provide more information about the product and available variants.,9.7
TKT003851,2021-08-01,90010045,A5621110403,Bangladesh,Delivery,negative,Low,Delivery is taking longer than expected and this is affecting our purchase decision.,5.7
TKT003852,2019-05-01,90008166,A6019110108,Australia,Delivery,negative,Low,Delivery is taking longer than expected and this is affecting our purchase decision.,6.3
TKT003853,2020-10-01,90005159,A2319150304,Pakistan,Positive,positive,Medium,The product is performing well and we are considering another order.,6.7
TKT003854,2018-09-01,70002018,A0519150205,India,Delivery,negative,Low,Delivery is taking longer than expected and this is affecting our purchase decision.,11.4
TKT003855,2019-04-01,90006156,A4218110205,Philiphines,Delivery,negative,Low,Delivery is taking longer than expected and this is affecting our purchase decision.,0.9
TKT003856,2019-07-01,90016174,A4020150401,Poland,Positive,positive,Low,The product is performing well and we are considering another order.,3.6
TKT003857,2019-08-01,90020101,A4519110501,Austria,Delivery,negative,Low,Delivery is taking longer than expected and this is affecting our purchase decision.,2.9
TKT003858,2020-11-01,90022079,A0418150101,USA,Positive,positive,Medium,The product is performing well and we are considering another order.,7.8
TKT003859,2021-08-01,90019202,A0921150604,Sweden,Quality,neutral,Medium,We need clarification about the product quality and warranty.,4.2
TKT003860,2021-01-01,90019200,A2620150602,Sweden,Delivery,negative,Medium,Delivery is taking longer than expected and this is affecting our purchase decision.,15.7
TKT003861,2020-03-01,90012033,A1819150301,Germany,Quality,neutral,Low,We need clarification about the product quality and warranty.,8.1
TKT003862,2020-10-01,90016173,A4520110506,Poland,Delivery,negative,High,Delivery is taking longer than expected and this is affecting our purchase decision.,6.2
TKT003863,2021-08-01,70012042,A2118150102,Germany,Positive,positive,Low,The product is performing well and we are considering another order.,2.5
TKT003864,2021-02-01,90020102,A4821110804,Austria,Delivery,negative,High,Delivery is taking longer than expected and this is affecting our purchase decision.,4.0
TKT003865,2021-02-01,90002004,A0821150501,India,Positive,positive,High,The product is performing well and we are considering another order.,2.5
TKT003866,2018-11-01,90003180,A3119150301,Indonesia,Delivery,negative,High,Delivery is taking longer than expected and this is affecting our purchase decision.,3.1
TKT003867,2019-05-01,90017057,A5721110504,Portugal,Delivery,negative,Low,Delivery is taking longer than expected and this is affecting our purchase decision.,0.9
TKT003868,2019-08-01,90008167,A3120150304,Australia,Delivery,negative,Medium,Delivery is taking longer than expected and this is affecting our purchase decision.,8.2
TKT003869,2021-03-01,70007198,A2419150402,South Korea,Product information,neutral,Low,Please provide more information about the product and available variants.,2.9
TKT003870,2020-09-01,90021087,A4118110107,United Kingdom,Positive,positive,Low,The product is performing well and we are considering another order.,3.2
TKT003871,2020-02-01,90022079,A1219150302,USA,Product information,neutral,Low,Please provide more information about the product and available variants.,2.7
TKT003872,2021-03-01,90009132,A5519110301,Newzealand,Product information,neutral,Low,Please provide more information about the product and available variants.,2.5
TKT003873,2020-08-01,70007198,A2520150501,South Korea,Product information,neutral,Low,Please provide more information about the product and available variants.,7.8
TKT003874,2019-01-01,90013119,A1618150101,Italy,Quality,neutral,Low,We need clarification about the product quality and warranty.,10.0
TKT003875,2020-08-01,90022083,A1421150503,USA,Delivery,negative,Medium,Delivery is taking longer than expected and this is affecting our purchase decision.,5.9
TKT003876,2018-10-01,90008164,A5621110405,Australia,Quality,neutral,High,We need clarification about the product quality and warranty.,2.7
TKT003877,2020-01-01,90017057,A6119110201,Portugal,Delivery,negative,Low,Delivery is taking longer than expected and this is affecting our purchase decision.,4.7
TKT003878,2020-12-01,90021094,A3420150601,United Kingdom,Delivery,negative,Medium,Delivery is taking longer than expected and this is affecting our purchase decision.,9.5
TKT003879,2021-05-01,90016174,A0821150503,Poland,Delivery,negative,Medium,Delivery is taking longer than expected and this is affecting our purchase decision.,12.9
TKT003880,2019-11-01,90017053,A3018150201,Portugal,Quality,neutral,Low,We need clarification about the product quality and warranty.,18.7
TKT003881,2019-06-01,90018107,A4218110201,Spain,Quality,neutral,Medium,We need clarification about the product quality and warranty.,9.4
TKT003882,2020-02-01,90020099,A4118110102,Austria,Delivery,negative,High,Delivery is taking longer than expected and this is affecting our purchase decision.,6.1
TKT003883,2021-07-01,90017056,A3120150305,Portugal,Delivery,negative,Low,Delivery is taking longer than expected and this is affecting our purchase decision.,4.4
TKT003884,2019-05-01,90013123,A5318110105,Italy,Product information,neutral,Low,Please provide more information about the product and available variants.,12.2
TKT003885,2020-04-01,70010048,A1819150301,Bangladesh,Positive,positive,Medium,The product is performing well and we are considering another order.,10.8
TKT003886,2019-07-01,90021095,A6520160402,United Kingdom,Quality,neutral,Low,We need clarification about the product quality and warranty.,10.4
TKT003887,2021-01-01,90008167,A0921150603,Australia,Quality,neutral,Low,We need clarification about the product quality and warranty.,7.3
TKT003888,2021-04-01,90004063,A0118150103,Japan,Quality,neutral,Low,We need clarification about the product quality and warranty.,6.1
TKT003889,2021-06-01,90014139,A0619150302,Netherlands,Product information,neutral,Medium,Please provide more information about the product and available variants.,20.3
TKT003890,2020-03-01,90005159,A7020160403,Pakistan,Positive,positive,Medium,The product is performing well and we are considering another order.,6.3
TKT003891,2021-01-01,90014140,A0921150601,Netherlands,Positive,positive,Low,The product is performing well and we are considering another order.,5.9
TKT003892,2021-03-01,90002002,A4620110602,India,Positive,positive,Low,The product is performing well and we are considering another order.,3.8
TKT003893,2020-07-01,90008166,A2218150201,Australia,Positive,positive,Low,The product is performing well and we are considering another order.,4.3
TKT003894,2021-08-01,90001020,A2219150204,China,Quality,neutral,Medium,We need clarification about the product quality and warranty.,2.3
TKT003895,2019-01-01,70009134,A6018110102,Newzealand,Delivery,negative,Medium,Delivery is taking longer than expected and this is affecting our purchase decision.,11.8
TKT003896,2021-01-01,70003182,A2118150105,Indonesia,Delivery,negative,Medium,Delivery is taking longer than expected and this is affecting our purchase decision.,6.9
TKT003897,2020-08-01,90013122,A4319110304,Italy,Delivery,negative,Medium,Delivery is taking longer than expected and this is affecting our purchase decision.,14.5
TKT003898,2020-05-01,90014140,A7119160102,Netherlands,Delivery,negative,Medium,Delivery is taking longer than expected and this is affecting our purchase decision.,7.4
TKT003899,2019-11-01,90021087,A2118150106,United Kingdom,Positive,positive,High,The product is performing well and we are considering another order.,3.4
TKT003900,2019-09-01,70017060,A0519150208,Portugal,Delivery,negative,Medium,Delivery is taking longer than expected and this is affecting our purchase decision.,8.6
TKT003901,2021-08-01,90002009,A7321160301,India,Quality,neutral,Medium,We need clarification about the product quality and warranty.,6.3
TKT003902,2021-08-01,90004065,A1618150103,Japan,Quality,neutral,Low,We need clarification about the product quality and warranty.,5.0
TKT003903,2021-08-01,90004062,A2219150204,Japan,Product information,neutral,Low,Please provide more information about the product and available variants.,4.6
TKT003904,2020-12-01,90003179,A6919160302,Indonesia,Product information,neutral,Low,Please provide more information about the product and available variants.,4.8
TKT003905,2021-02-01,90004067,A5519110304,Japan,Delivery,negative,Low,Delivery is taking longer than expected and this is affecting our purchase decision.,6.5
TKT003906,2021-03-01,70013126,A3621150805,Italy,Quality,neutral,Low,We need clarification about the product quality and warranty.,9.3
TKT003907,2021-04-01,70013125,A4620110608,Italy,Delivery,negative,Low,Delivery is taking longer than expected and this is affecting our purchase decision.,5.0
TKT003908,2020-03-01,90016173,A1119150203,Poland,Delivery,negative,Medium,Delivery is taking longer than expected and this is affecting our purchase decision.,10.5
TKT003909,2019-08-01,80006154,A2520150505,Philiphines,Product information,neutral,Low,Please provide more information about the product and available variants.,8.7
TKT003910,2019-09-01,90023022,A4620110602,Canada,Delivery,negative,Medium,Delivery is taking longer than expected and this is affecting our purchase decision.,8.9
TKT003911,2021-04-01,90022071,A3920150303,USA,Delivery,negative,Medium,Delivery is taking longer than expected and this is affecting our purchase decision.,2.9
TKT003912,2018-11-01,70012043,A6319160202,Germany,Quality,neutral,Low,We need clarification about the product quality and warranty.,5.4
TKT003913,2020-03-01,90014141,A6120110207,Netherlands,Positive,positive,Medium,The product is performing well and we are considering another order.,10.5
TKT003914,2018-12-01,70008169,A0418150103,Australia,Positive,positive,Low,The product is performing well and we are considering another order.,12.1
TKT003915,2020-02-01,90018107,A4118110104,Spain,Product information,neutral,Low,Please provide more information about the product and available variants.,4.5
TKT003916,2020-01-01,90015150,A6520160402,Norway,Quality,neutral,Low,We need clarification about the product quality and warranty.,9.9
TKT003917,2021-03-01,90012039,A2319150304,Germany,Quality,neutral,Low,We need clarification about the product quality and warranty.,7.3
TKT003918,2019-05-01,90008166,A6319160201,Australia,Quality,neutral,Low,We need clarification about the product quality and warranty.,6.0
TKT003919,2021-02-01,90009127,A4218110204,Newzealand,Positive,positive,Low,The product is performing well and we are considering another order.,2.9
TKT003920,2021-08-01,90003179,A4318110301,Indonesia,Quality,neutral,Medium,We need clarification about the product quality and warranty.,4.9
TKT003921,2018-10-01,90019203,A1219150301,Sweden,Delivery,negative,Medium,Delivery is taking longer than expected and this is affecting our purchase decision.,14.2
TKT003922,2021-05-01,90009129,A0519150203,Newzealand,Product information,neutral,Medium,Please provide more information about the product and available variants.,2.0
TKT003923,2021-06-01,90018110,A3018150201,Spain,Delivery,negative,Medium,Delivery is taking longer than expected and this is affecting our purchase decision.,7.1
TKT003924,2021-03-01,70006157,A5318110102,Philiphines,Quality,neutral,Low,We need clarification about the product quality and warranty.,7.0
TKT003925,2020-04-01,90005159,A5721110502,Pakistan,Positive,positive,Low,The product is performing well and we are considering another order.,4.1
TKT003926,2021-06-01,70019204,A6119110201,Sweden,Product information,neutral,High,Please provide more information about the product and available variants.,6.3
TKT003927,2021-04-01,90009130,A6119110202,Newzealand,Positive,positive,Low,The product is performing well and we are considering another order.,2.5
TKT003928,2018-11-01,70006157,A0621150307,Philiphines,Quality,neutral,Medium,We need clarification about the product quality and warranty.,11.8
TKT003929,2019-11-01,90018114,A2319150305,Spain,Delivery,negative,Low,Delivery is taking longer than expected and this is affecting our purchase decision.,6.8
TKT003930,2019-02-01,70011194,A2721150704,France,Delivery,negative,Low,Delivery is taking longer than expected and this is affecting our purchase decision.,2.7
TKT003931,2019-05-01,90021093,A4620110606,United Kingdom,Delivery,negative,Medium,Delivery is taking longer than expected and this is affecting our purchase decision.,1.8
TKT003932,2021-05-01,70002018,A4721110707,India,Delivery,negative,High,Delivery is taking longer than expected and this is affecting our purchase decision.,7.4
TKT003933,2020-01-01,90015148,A2118150101,Norway,Quality,neutral,Medium,We need clarification about the product quality and warranty.,12.0
TKT003934,2021-03-01,90015148,A4519110502,Norway,Positive,positive,Medium,The product is performing well and we are considering another order.,13.0
TKT003935,2019-02-01,70016178,A6620160502,Poland,Product information,neutral,High,Please provide more information about the product and available variants.,6.9
TKT003936,2021-05-01,90018112,A7321160302,Spain,Product information,neutral,Low,Please provide more information about the product and available variants.,2.4
TKT003937,2021-07-01,90018114,A6519160401,Spain,Quality,neutral,Medium,We need clarification about the product quality and warranty.,4.2
TKT003938,2020-09-01,90023022,A0118150103,Canada,Product information,neutral,Medium,Please provide more information about the product and available variants.,10.5
TKT003939,2020-10-01,70015152,A1219150303,Norway,Positive,positive,Medium,The product is performing well and we are considering another order.,5.0
TKT003940,2019-04-01,90021091,A4821110802,United Kingdom,Product information,neutral,Low,Please provide more information about the product and available variants.,2.8
TKT003941,2020-11-01,90016171,A4118110102,Poland,Positive,positive,Low,The product is performing well and we are considering another order.,10.1
TKT003942,2020-11-01,90006156,A1919150403,Philiphines,Delivery,negative,Medium,Delivery is taking longer than expected and this is affecting our purchase decision.,5.0
TKT003943,2018-12-01,70006157,A6018110101,Philiphines,Product information,neutral,High,Please provide more information about the product and available variants.,4.5
TKT003944,2021-04-01,90010046,A4021150403,Bangladesh,Delivery,negative,Low,Delivery is taking longer than expected and this is affecting our purchase decision.,14.8
TKT003945,2019-09-01,90010045,A4519110501,Bangladesh,Quality,neutral,Low,We need clarification about the product quality and warranty.,1.7
TKT003946,2021-05-01,90002003,A5620110402,India,Product information,neutral,Low,Please provide more information about the product and available variants.,6.9
TKT003947,2019-08-01,90020099,A3718150103,Austria,Product information,neutral,Low,Please provide more information about the product and available variants.,4.9
TKT003948,2019-02-01,90004066,A0921150603,Japan,Positive,positive,Medium,The product is performing well and we are considering another order.,6.1
TKT003949,2020-12-01,80001019,A4821110805,China,Positive,positive,Low,The product is performing well and we are considering another order.,3.3
TKT003950,2021-02-01,90019202,A0821150504,Sweden,Quality,neutral,Low,We need clarification about the product quality and warranty.,1.8
TKT003951,2020-10-01,90002008,A6019110107,India,Product information,neutral,Medium,Please provide more information about the product and available variants.,2.2
TKT003952,2021-07-01,90020102,A2620150604,Austria,Product information,neutral,Low,Please provide more information about the product and available variants.,10.6
TKT003953,2020-02-01,70011194,A0821150501,France,Quality,neutral,Medium,We need clarification about the product quality and warranty.,4.3
TKT003954,2020-09-01,80007196,A1919150403,South Korea,Delivery,negative,Low,Delivery is taking longer than expected and this is affecting our purchase decision.,4.3
TKT003955,2019-08-01,90013122,A1521150603,Italy,Positive,positive,Low,The product is performing well and we are considering another order.,17.9
TKT003956,2021-05-01,90013124,A5721110502,Italy,Positive,positive,Low,The product is performing well and we are considering another order.,1.4
TKT003957,2018-10-01,90023030,A4218110202,Canada,Quality,neutral,Low,We need clarification about the product quality and warranty.,12.6
TKT003958,2019-04-01,90005159,A4218110202,Pakistan,Product information,neutral,High,Please provide more information about the product and available variants.,3.9
TKT003959,2018-12-01,90004066,A5519110301,Japan,Delivery,negative,Medium,Delivery is taking longer than expected and this is affecting our purchase decision.,11.1
TKT003960,2021-03-01,90008166,A4118110101,Australia,Quality,neutral,Low,We need clarification about the product quality and warranty.,10.2
TKT003961,2019-08-01,90008166,A1118150202,Australia,Positive,positive,Low,The product is performing well and we are considering another order.,14.5
TKT003962,2020-09-01,70003182,A1618150104,Indonesia,Quality,neutral,Low,We need clarification about the product quality and warranty.,4.2
TKT003963,2020-08-01,90002016,A3421150606,India,Product information,neutral,Low,Please provide more information about the product and available variants.,3.1
TKT003964,2020-11-01,70007198,A1521150601,South Korea,Positive,positive,Medium,The product is performing well and we are considering another order.,6.2
TKT003965,2020-12-01,90004066,A1320150402,Japan,Positive,positive,Medium,The product is performing well and we are considering another order.,8.4
TKT003966,2019-02-01,90015150,A2319150304,Norway,Positive,positive,Low,The product is performing well and we are considering another order.,1.4
TKT003967,2020-05-01,90016174,A5721110504,Poland,Product information,neutral,Medium,Please provide more information about the product and available variants.,1.5
TKT003968,2018-10-01,90008164,A1718150203,Australia,Delivery,negative,Low,Delivery is taking longer than expected and this is affecting our purchase decision.,4.0
TKT003969,2021-02-01,90004064,A6018110105,Japan,Product information,neutral,Low,Please provide more information about the product and available variants.,8.8
TKT003970,2018-09-01,90013123,A3818150201,Italy,Positive,positive,Medium,The product is performing well and we are considering another order.,3.8
TKT003971,2020-04-01,90017049,A4821110808,Portugal,Positive,positive,Low,The product is performing well and we are considering another order.,6.9
TKT003972,2021-02-01,90002004,A2021150504,India,Product information,neutral,Medium,Please provide more information about the product and available variants.,1.4
TKT003973,2019-04-01,80007196,A1319150401,South Korea,Product information,neutral,Low,Please provide more information about the product and available variants.,2.8
TKT003974,2021-04-01,90017056,A1219150302,Portugal,Quality,neutral,Medium,We need clarification about the product quality and warranty.,7.6
TKT003975,2020-04-01,90008168,A2821150805,Australia,Product information,neutral,High,Please provide more information about the product and available variants.,3.1
TKT003976,2020-10-01,90018112,A0519150207,Spain,Positive,positive,Medium,The product is performing well and we are considering another order.,4.0
TKT003977,2020-10-01,90011189,A6918160303,France,Product information,neutral,Low,Please provide more information about the product and available variants.,6.9
TKT003978,2020-09-01,90008166,A0519150202,Australia,Quality,neutral,Low,We need clarification about the product quality and warranty.,5.8
TKT003979,2021-02-01,90020097,A6120110207,Austria,Delivery,negative,High,Delivery is taking longer than expected and this is affecting our purchase decision.,3.6
TKT003980,2021-03-01,90023027,A6819160203,Canada,Quality,neutral,Low,We need clarification about the product quality and warranty.,4.9
TKT003981,2020-02-01,70002018,A5419110207,India,Positive,positive,Low,The product is performing well and we are considering another order.,3.0
TKT003982,2020-07-01,90002006,A6219160103,India,Quality,neutral,Medium,We need clarification about the product quality and warranty.,7.2
TKT003983,2020-01-01,70003181,A0418150101,Indonesia,Product information,neutral,High,Please provide more information about the product and available variants.,7.3
TKT003984,2020-05-01,90017059,A2918150102,Portugal,Product information,neutral,Medium,Please provide more information about the product and available variants.,8.3
TKT003985,2019-03-01,70023032,A4118110101,Canada,Delivery,negative,Low,Delivery is taking longer than expected and this is affecting our purchase decision.,3.8
TKT003986,2021-08-01,90006153,A4821110801,Philiphines,Product information,neutral,Medium,Please provide more information about the product and available variants.,9.3
TKT003987,2019-09-01,80006155,A4720110701,Philiphines,Product information,neutral,Medium,Please provide more information about the product and available variants.,1.5
TKT003988,2019-07-01,90012040,A5621110404,Germany,Quality,neutral,Medium,We need clarification about the product quality and warranty.,2.1
TKT003989,2019-09-01,90016175,A5721110505,Poland,Product information,neutral,High,Please provide more information about the product and available variants.,5.2
TKT003990,2021-07-01,90001020,A3320150506,China,Positive,positive,Low,The product is performing well and we are considering another order.,4.8
TKT003991,2021-08-01,90002015,A2419150405,India,Product information,neutral,High,Please provide more information about the product and available variants.,6.6
TKT003992,2019-10-01,70003182,A3621150801,Indonesia,Positive,positive,Low,The product is performing well and we are considering another order.,2.3
TKT003993,2018-10-01,90008168,A2821150801,Australia,Product information,neutral,Low,Please provide more information about the product and available variants.,2.1
TKT003994,2020-06-01,90005162,A0519150202,Pakistan,Product information,neutral,Low,Please provide more information about the product and available variants.,12.3
TKT003995,2019-04-01,90017049,A3220150404,Portugal,Quality,neutral,High,We need clarification about the product quality and warranty.,5.1
TKT003996,2021-07-01,90002010,A7321160301,India,Delivery,negative,High,Delivery is taking longer than expected and this is affecting our purchase decision.,3.8
TKT003997,2019-05-01,90017059,A3119150302,Portugal,Positive,positive,Medium,The product is performing well and we are considering another order.,4.9
TKT003998,2020-09-01,90004065,A2918150105,Japan,Delivery,negative,Low,Delivery is taking longer than expected and this is affecting our purchase decision.,3.5
TKT003999,2019-08-01,90009130,A5621110405,Newzealand,Delivery,negative,Low,Delivery is taking longer than expected and this is affecting our purchase decision.,4.6
TKT004000,2019-12-01,70008170,A6018110102,Australia,Product information,neutral,Low,Please provide more information about the product and available variants.,7.6
TKT004001,2021-04-01,90004067,A4419110401,Japan,Product information,neutral,Medium,Please provide more information about the product and available variants.,7.7
TKT004002,2021-02-01,90022079,A4720110702,USA,Product information,neutral,Medium,Please provide more information about the product and available variants.,6.6
TKT004003,2020-11-01,70016177,A5519110302,Poland,Delivery,negative,Low,Delivery is taking longer than expected and this is affecting our purchase decision.,2.6
TKT004004,2021-04-01,90015149,A1819150303,Norway,Quality,neutral,Low,We need clarification about the product quality and warranty.,5.6
TKT004005,2020-08-01,90021093,A3220150406,United Kingdom,Delivery,negative,Low,Delivery is taking longer than expected and this is affecting our purchase decision.,16.9
TKT004006,2021-04-01,90002008,A2620150606,India,Product information,neutral,Medium,Please provide more information about the product and available variants.,5.1
TKT004007,2021-04-01,90020100,A4520110508,Austria,Quality,neutral,Medium,We need clarification about the product quality and warranty.,7.6
TKT004008,2021-03-01,90017055,A3718150103,Portugal,Product information,neutral,Low,Please provide more information about the product and available variants.,3.5
TKT004009,2019-03-01,90002006,A7119160102,India,Delivery,negative,Medium,Delivery is taking longer than expected and this is affecting our purchase decision.,9.4
TKT004010,2019-08-01,70010048,A5318110104,Bangladesh,Positive,positive,Medium,The product is performing well and we are considering another order.,2.6
TKT004011,2019-11-01,90010045,A7220160203,Bangladesh,Delivery,negative,Medium,Delivery is taking longer than expected and this is affecting our purchase decision.,7.3
TKT004012,2021-03-01,90022077,A1521150602,USA,Product information,neutral,Low,Please provide more information about the product and available variants.,4.1
TKT004013,2020-05-01,90008166,A4620110601,Australia,Delivery,negative,Low,Delivery is taking longer than expected and this is affecting our purchase decision.,6.2
TKT004014,2019-02-01,70007199,A2821150801,South Korea,Positive,positive,Medium,The product is performing well and we are considering another order.,14.3
TKT004015,2018-10-01,90018112,A3421150605,Spain,Positive,positive,Medium,The product is performing well and we are considering another order.,9.7
TKT004016,2018-11-01,90011186,A3621150804,France,Product information,neutral,Low,Please provide more information about the product and available variants.,9.4
TKT004017,2021-04-01,90010046,A2021150503,Bangladesh,Delivery,negative,Medium,Delivery is taking longer than expected and this is affecting our purchase decision.,9.0
TKT004018,2018-10-01,70002017,A4419110404,India,Product information,neutral,Medium,Please provide more information about the product and available variants.,2.4
TKT004019,2019-10-01,90009132,A6018110103,Newzealand,Quality,neutral,Medium,We need clarification about the product quality and warranty.,6.3
TKT004020,2019-12-01,70014143,A4721110706,Netherlands,Positive,positive,Low,The product is performing well and we are considering another order.,3.0
TKT004021,2020-06-01,90022080,A3521150701,USA,Delivery,negative,High,Delivery is taking longer than expected and this is affecting our purchase decision.,13.1
TKT004022,2018-12-01,90012037,A1219150302,Germany,Positive,positive,Medium,The product is performing well and we are considering another order.,1.1
TKT004023,2020-07-01,70023031,A4218110205,Canada,Product information,neutral,Low,Please provide more information about the product and available variants.,5.2
TKT004024,2019-11-01,90015144,A3119150301,Norway,Positive,positive,Low,The product is performing well and we are considering another order.,5.0
TKT004025,2019-08-01,90002005,A7220160202,India,Delivery,negative,Low,Delivery is taking longer than expected and this is affecting our purchase decision.,2.7
TKT004026,2019-05-01,70016178,A4821110804,Poland,Product information,neutral,Low,Please provide more information about the product and available variants.,7.9
TKT004027,2018-10-01,90011189,A4620110602,France,Quality,neutral,Medium,We need clarification about the product quality and warranty.,6.8
TKT004028,2020-12-01,90022073,A3320150506,USA,Quality,neutral,Low,We need clarification about the product quality and warranty.,17.3
TKT004029,2020-05-01,70004069,A5519110303,Japan,Product information,neutral,Low,Please provide more information about the product and available variants.,4.3
TKT004030,2020-06-01,90018113,A7119160103,Spain,Product information,neutral,Low,Please provide more information about the product and available variants.,7.9
TKT004031,2019-03-01,90023022,A2918150101,Canada,Positive,positive,High,The product is performing well and we are considering another order.,5.7
TKT004032,2020-01-01,90017049,A4821110801,Portugal,Product information,neutral,Low,Please provide more information about the product and available variants.,1.4
TKT004033,2020-02-01,90018110,A3621150804,Spain,Quality,neutral,Low,We need clarification about the product quality and warranty.,10.2
TKT004034,2019-04-01,90017050,A5621110407,Portugal,Quality,neutral,Medium,We need clarification about the product quality and warranty.,5.6
TKT004035,2019-09-01,90016171,A6218160102,Poland,Positive,positive,Low,The product is performing well and we are considering another order.,15.1
TKT004036,2019-06-01,90010046,A5318110105,Bangladesh,Positive,positive,Low,The product is performing well and we are considering another order.,10.9
TKT004037,2021-08-01,90017051,A4218110201,Portugal,Positive,positive,Medium,The product is performing well and we are considering another order.,1.6
TKT004038,2020-02-01,90008166,A4319110304,Australia,Quality,neutral,Medium,We need clarification about the product quality and warranty.,3.9
TKT004039,2021-08-01,70015152,A4720110702,Norway,Delivery,negative,Medium,Delivery is taking longer than expected and this is affecting our purchase decision.,5.1
TKT004040,2021-06-01,90021091,A3621150804,United Kingdom,Delivery,negative,High,Delivery is taking longer than expected and this is affecting our purchase decision.,4.1
TKT004041,2020-10-01,90012035,A4821110802,Germany,Positive,positive,Low,The product is performing well and we are considering another order.,8.5
TKT004042,2018-10-01,90023030,A0921150603,Canada,Delivery,negative,Low,Delivery is taking longer than expected and this is affecting our purchase decision.,9.0
TKT004043,2021-02-01,70015151,A3018150201,Norway,Positive,positive,Low,The product is performing well and we are considering another order.,7.3
TKT004044,2019-06-01,70006157,A4319110306,Philiphines,Positive,positive,Low,The product is performing well and we are considering another order.,6.0
TKT004045,2020-06-01,90012040,A5520110308,Germany,Delivery,negative,Low,Delivery is taking longer than expected and this is affecting our purchase decision.,4.2
TKT004046,2020-09-01,90001021,A1219150303,China,Quality,neutral,Low,We need clarification about the product quality and warranty.,5.9
TKT004047,2021-04-01,90021093,A6018110103,United Kingdom,Product information,neutral,Medium,Please provide more information about the product and available variants.,4.9
TKT004048,2019-11-01,90002012,A3521150701,India,Quality,neutral,Low,We need clarification about the product quality and warranty.,1.6
TKT004049,2018-11-01,90023030,A2419150401,Canada,Quality,neutral,Medium,We need clarification about the product quality and warranty.,4.8
TKT004050,2021-03-01,70011193,A6520160403,France,Product information,neutral,Medium,Please provide more information about the product and available variants.,9.2
TKT004051,2019-06-01,70011193,A1320150403,France,Product information,neutral,Medium,Please provide more information about the product and available variants.,16.5
TKT004052,2019-01-01,70007199,A0418150107,South Korea,Delivery,negative,Medium,Delivery is taking longer than expected and this is affecting our purchase decision.,10.2
TKT004053,2021-02-01,90008166,A2520150502,Australia,Product information,neutral,Medium,Please provide more information about the product and available variants.,9.2
TKT004054,2020-08-01,90021091,A4519110501,United Kingdom,Product information,neutral,High,Please provide more information about the product and available variants.,5.5
TKT004055,2020-11-01,70010048,A2419150404,Bangladesh,Delivery,negative,Medium,Delivery is taking longer than expected and this is affecting our purchase decision.,6.9
TKT004056,2019-03-01,90019200,A6018110103,Sweden,Delivery,negative,Low,Delivery is taking longer than expected and this is affecting our purchase decision.,2.0
TKT004057,2018-09-01,90022078,A1920150404,USA,Quality,neutral,Medium,We need clarification about the product quality and warranty.,2.4
TKT004058,2020-06-01,90009132,A0620150303,Newzealand,Delivery,negative,Low,Delivery is taking longer than expected and this is affecting our purchase decision.,1.0
TKT004059,2020-07-01,90004068,A0220150203,Japan,Product information,neutral,Medium,Please provide more information about the product and available variants.,5.6
TKT004060,2019-08-01,70023032,A4118110107,Canada,Quality,neutral,High,We need clarification about the product quality and warranty.,4.4
TKT004061,2019-01-01,90003180,A0118150104,Indonesia,Quality,neutral,Low,We need clarification about the product quality and warranty.,4.3
TKT004062,2020-07-01,90012033,A1018150103,Germany,Product information,neutral,Low,Please provide more information about the product and available variants.,5.0
TKT004063,2021-06-01,90001021,A2918150105,China,Product information,neutral,High,Please provide more information about the product and available variants.,8.7
TKT004064,2018-12-01,90020103,A1219150301,Austria,Product information,neutral,High,Please provide more information about the product and available variants.,8.4
TKT004065,2020-03-01,90018105,A2218150201,Spain,Product information,neutral,Medium,Please provide more information about the product and available variants.,6.9
TKT004066,2020-07-01,70014143,A3119150302,Netherlands,Positive,positive,Low,The product is performing well and we are considering another order.,6.1
TKT004067,2020-01-01,80001019,A2419150402,China,Positive,positive,Low,The product is performing well and we are considering another order.,0.8
TKT004068,2019-02-01,70015152,A0519150207,Norway,Product information,neutral,Medium,Please provide more information about the product and available variants.,12.5
TKT004069,2020-09-01,90011185,A5621110403,France,Quality,neutral,Low,We need clarification about the product quality and warranty.,5.8
TKT004070,2020-09-01,70010047,A3120150305,Bangladesh,Positive,positive,Medium,The product is performing well and we are considering another order.,5.2
TKT004071,2020-03-01,90001021,A6519160401,China,Quality,neutral,Low,We need clarification about the product quality and warranty.,5.7
TKT004072,2020-04-01,90010045,A5621110408,Bangladesh,Product information,neutral,Low,Please provide more information about the product and available variants.,8.1
TKT004073,2020-01-01,90008166,A7119160102,Australia,Positive,positive,High,The product is performing well and we are considering another order.,4.1
TKT004074,2019-05-01,80006154,A2721150706,Philiphines,Product information,neutral,Low,Please provide more information about the product and available variants.,1.6
TKT004075,2019-08-01,90001021,A2118150104,China,Product information,neutral,Medium,Please provide more information about the product and available variants.,5.1
TKT004076,2021-06-01,70015152,A0921150601,Norway,Quality,neutral,Low,We need clarification about the product quality and warranty.,9.7
TKT004077,2020-08-01,90020102,A3018150202,Austria,Positive,positive,Medium,The product is performing well and we are considering another order.,7.2
TKT004078,2019-11-01,90001021,A0821150504,China,Delivery,negative,Low,Delivery is taking longer than expected and this is affecting our purchase decision.,5.4
TKT004079,2021-03-01,70004070,A3320150504,Japan,Product information,neutral,Low,Please provide more information about the product and available variants.,5.9
TKT004080,2021-04-01,70008169,A3220150401,Australia,Positive,positive,Low,The product is performing well and we are considering another order.,4.6
TKT004081,2019-05-01,90001021,A5621110403,China,Positive,positive,Medium,The product is performing well and we are considering another order.,2.6
TKT004082,2020-06-01,90003180,A5419110202,Indonesia,Delivery,negative,Medium,Delivery is taking longer than expected and this is affecting our purchase decision.,3.6
TKT004083,2020-09-01,90023030,A2620150605,Canada,Quality,neutral,High,We need clarification about the product quality and warranty.,4.9
TKT004084,2019-08-01,90022075,A2620150601,USA,Product information,neutral,Low,Please provide more information about the product and available variants.,13.1
TKT004085,2021-03-01,90012033,A6520160403,Germany,Quality,neutral,Low,We need clarification about the product quality and warranty.,8.5
TKT004086,2019-06-01,90016176,A3019150205,Poland,Product information,neutral,Medium,Please provide more information about the product and available variants.,1.9
TKT004087,2020-03-01,90021095,A4118110102,United Kingdom,Positive,positive,Medium,The product is performing well and we are considering another order.,2.7
TKT004088,2019-06-01,90008164,A5419110208,Australia,Quality,neutral,Low,We need clarification about the product quality and warranty.,8.3
TKT004089,2021-08-01,80001019,A6419160303,China,Quality,neutral,Medium,We need clarification about the product quality and warranty.,6.3
TKT004090,2020-02-01,90011191,A4620110601,France,Delivery,negative,Low,Delivery is taking longer than expected and this is affecting our purchase decision.,2.6
TKT004091,2020-05-01,90013120,A6919160302,Italy,Delivery,negative,High,Delivery is taking longer than expected and this is affecting our purchase decision.,3.8
TKT004092,2019-01-01,70004070,A4620110606,Japan,Quality,neutral,High,We need clarification about the product quality and warranty.,19.0
TKT004093,2018-09-01,90006153,A5519110303,Philiphines,Product information,neutral,Low,Please provide more information about the product and available variants.,11.7
TKT004094,2020-12-01,90012033,A2520150502,Germany,Positive,positive,Medium,The product is performing well and we are considering another order.,5.0
TKT004095,2020-09-01,70009133,A4319110302,Newzealand,Delivery,negative,Low,Delivery is taking longer than expected and this is affecting our purchase decision.,7.7
TKT004096,2020-03-01,70003181,A2219150204,Indonesia,Delivery,negative,Medium,Delivery is taking longer than expected and this is affecting our purchase decision.,3.3
TKT004097,2019-02-01,90022081,A0321150302,USA,Product information,neutral,Low,Please provide more information about the product and available variants.,6.5
TKT004098,2020-10-01,90005162,A3621150802,Pakistan,Positive,positive,High,The product is performing well and we are considering another order.,4.7
TKT004099,2019-08-01,90019200,A2021150504,Sweden,Product information,neutral,High,Please provide more information about the product and available variants.,18.5
TKT004100,2020-05-01,70020104,A4721110705,Austria,Quality,neutral,Low,We need clarification about the product quality and warranty.,10.5
TKT004101,2021-04-01,90020100,A2118150106,Austria,Positive,positive,Medium,The product is performing well and we are considering another order.,3.1
TKT004102,2019-02-01,90002016,A0721150404,India,Positive,positive,Low,The product is performing well and we are considering another order.,5.2
TKT004103,2021-08-01,80007196,A0320150301,South Korea,Quality,neutral,Low,We need clarification about the product quality and warranty.,5.7
TKT004104,2021-06-01,90005162,A5318110104,Pakistan,Delivery,negative,Low,Delivery is taking longer than expected and this is affecting our purchase decision.,9.4
TKT004105,2019-04-01,90023025,A6119110202,Canada,Positive,positive,Low,The product is performing well and we are considering another order.,10.1
TKT004106,2020-03-01,90018110,A3320150502,Spain,Quality,neutral,Medium,We need clarification about the product quality and warranty.,9.6
TKT004107,2020-02-01,90021092,A2219150204,United Kingdom,Quality,neutral,Low,We need clarification about the product quality and warranty.,8.4
TKT004108,2020-04-01,90004068,A5621110403,Japan,Product information,neutral,Low,Please provide more information about the product and available variants.,4.4
TKT004109,2018-11-01,90023030,A3920150305,Canada,Positive,positive,Low,The product is performing well and we are considering another order.,8.3
TKT004110,2019-01-01,90012034,A1320150403,Germany,Product information,neutral,Medium,Please provide more information about the product and available variants.,9.8
TKT004111,2020-01-01,90011189,A2118150106,France,Delivery,negative,Low,Delivery is taking longer than expected and this is affecting our purchase decision.,3.9
TKT004112,2019-04-01,90016173,A5721110504,Poland,Delivery,negative,Medium,Delivery is taking longer than expected and this is affecting our purchase decision.,6.1
TKT004113,2021-02-01,90013124,A4419110401,Italy,Positive,positive,High,The product is performing well and we are considering another order.,22.1
TKT004114,2020-07-01,90008166,A6919160302,Australia,Quality,neutral,Medium,We need clarification about the product quality and warranty.,6.7
TKT004115,2020-11-01,90020098,A2419150402,Austria,Product information,neutral,Medium,Please provide more information about the product and available variants.,4.7
TKT004116,2021-08-01,90007197,A5419110202,South Korea,Delivery,negative,Medium,Delivery is taking longer than expected and this is affecting our purchase decision.,11.6
TKT004117,2018-12-01,90022071,A2118150102,USA,Quality,neutral,Low,We need clarification about the product quality and warranty.,6.1
TKT004118,2021-05-01,80006154,A4118110105,Philiphines,Delivery,negative,Medium,Delivery is taking longer than expected and this is affecting our purchase decision.,7.1
TKT004119,2019-06-01,90008167,A4419110406,Australia,Delivery,negative,High,Delivery is taking longer than expected and this is affecting our purchase decision.,4.7
TKT004120,2019-05-01,70014142,A4020150401,Netherlands,Delivery,negative,High,Delivery is taking longer than expected and this is affecting our purchase decision.,6.1
TKT004121,2019-07-01,70020104,A6121110208,Austria,Quality,neutral,Low,We need clarification about the product quality and warranty.,4.3
TKT004122,2019-05-01,90010045,A2118150101,Bangladesh,Quality,neutral,Low,We need clarification about the product quality and warranty.,5.2
TKT004123,2021-02-01,90014139,A2720150701,Netherlands,Delivery,negative,Low,Delivery is taking longer than expected and this is affecting our purchase decision.,2.9
TKT004124,2019-04-01,90021090,A1018150101,United Kingdom,Product information,neutral,Medium,Please provide more information about the product and available variants.,3.0
TKT004125,2019-02-01,90017053,A6818160202,Portugal,Product information,neutral,Medium,Please provide more information about the product and available variants.,5.0
TKT004126,2021-05-01,90005161,A4218110202,Pakistan,Product information,neutral,Medium,Please provide more information about the product and available variants.,6.2
TKT004127,2019-10-01,90019200,A2020150501,Sweden,Delivery,negative,Medium,Delivery is taking longer than expected and this is affecting our purchase decision.,5.6
TKT004128,2021-01-01,90017056,A2821150801,Portugal,Positive,positive,Low,The product is performing well and we are considering another order.,2.1
TKT004129,2020-10-01,90018114,A5721110502,Spain,Quality,neutral,Low,We need clarification about the product quality and warranty.,2.5
TKT004130,2021-04-01,90012035,A1919150403,Germany,Product information,neutral,High,Please provide more information about the product and available variants.,10.0
TKT004131,2020-06-01,90021089,A4419110404,United Kingdom,Delivery,negative,Medium,Delivery is taking longer than expected and this is affecting our purchase decision.,7.9
TKT004132,2020-05-01,90015149,A6620160502,Norway,Product information,neutral,Medium,Please provide more information about the product and available variants.,2.3
TKT004133,2021-05-01,80006154,A2620150606,Philiphines,Positive,positive,Low,The product is performing well and we are considering another order.,1.6
TKT004134,2020-08-01,90001021,A3819150203,China,Quality,neutral,Low,We need clarification about the product quality and warranty.,2.7
TKT004135,2018-10-01,90019202,A4620110606,Sweden,Quality,neutral,Low,We need clarification about the product quality and warranty.,4.1
TKT004136,2020-02-01,90022075,A6419160302,USA,Quality,neutral,Low,We need clarification about the product quality and warranty.,4.6
TKT004137,2020-06-01,90014136,A3220150404,Netherlands,Product information,neutral,High,Please provide more information about the product and available variants.,6.2
TKT004138,2020-11-01,90003179,A4319110306,Indonesia,Positive,positive,Medium,The product is performing well and we are considering another order.,4.1
TKT004139,2020-08-01,90002008,A6019110107,India,Product information,neutral,Medium,Please provide more information about the product and available variants.,1.7
TKT004140,2021-05-01,90013119,A3621150804,Italy,Quality,neutral,Medium,We need clarification about the product quality and warranty.,5.6
TKT004141,2018-12-01,90017054,A2520150506,Portugal,Delivery,negative,Low,Delivery is taking longer than expected and this is affecting our purchase decision.,2.8
TKT004142,2021-08-01,90005160,A0220150203,Pakistan,Quality,neutral,Low,We need clarification about the product quality and warranty.,4.5
TKT004143,2020-04-01,90003179,A1118150202,Indonesia,Product information,neutral,Low,Please provide more information about the product and available variants.,7.7
TKT004144,2020-11-01,90005162,A3320150501,Pakistan,Quality,neutral,High,We need clarification about the product quality and warranty.,6.2
TKT004145,2019-09-01,90012035,A6520160402,Germany,Quality,neutral,High,We need clarification about the product quality and warranty.,14.2
TKT004146,2020-08-01,90003180,A3718150101,Indonesia,Product information,neutral,Low,Please provide more information about the product and available variants.,3.1
TKT004147,2020-08-01,70007198,A3621150805,South Korea,Quality,neutral,Low,We need clarification about the product quality and warranty.,3.5
TKT004148,2021-02-01,70022085,A2821150806,USA,Product information,neutral,Medium,Please provide more information about the product and available variants.,5.7
TKT004149,2019-01-01,70012043,A3220150404,Germany,Quality,neutral,High,We need clarification about the product quality and warranty.,4.6
TKT004150,2019-07-01,90004066,A5419110208,Japan,Quality,neutral,Low,We need clarification about the product quality and warranty.,5.7
TKT004151,2021-01-01,90003179,A4419110404,Indonesia,Delivery,negative,Medium,Delivery is taking longer than expected and this is affecting our purchase decision.,2.7
TKT004152,2019-06-01,90002008,A4419110407,India,Quality,neutral,Low,We need clarification about the product quality and warranty.,12.4
TKT004153,2019-05-01,90012038,A0821150504,Germany,Product information,neutral,Low,Please provide more information about the product and available variants.,11.8
TKT004154,2019-07-01,70007199,A2020150501,South Korea,Quality,neutral,Medium,We need clarification about the product quality and warranty.,10.7
TKT004155,2021-05-01,90022079,A3521150706,USA,Product information,neutral,Medium,Please provide more information about the product and available variants.,8.0
TKT004156,2020-12-01,90016173,A5620110401,Poland,Delivery,negative,Medium,Delivery is taking longer than expected and this is affecting our purchase decision.,6.1
TKT004157,2018-09-01,90006153,A4318110301,Philiphines,Delivery,negative,Medium,Delivery is taking longer than expected and this is affecting our purchase decision.,11.9
TKT004158,2020-02-01,90017057,A6918160303,Portugal,Quality,neutral,Medium,We need clarification about the product quality and warranty.,3.5
TKT004159,2021-08-01,90016173,A2219150206,Poland,Product information,neutral,Medium,Please provide more information about the product and available variants.,6.9
TKT004160,2019-03-01,90021087,A4319110305,United Kingdom,Positive,positive,Low,The product is performing well and we are considering another order.,2.9
TKT004161,2019-01-01,90023023,A7118160101,Canada,Delivery,negative,Low,Delivery is taking longer than expected and this is affecting our purchase decision.,3.2
TKT004162,2020-01-01,90013123,A3621150802,Italy,Positive,positive,Medium,The product is performing well and we are considering another order.,21.3
TKT004163,2019-05-01,90005160,A2219150206,Pakistan,Delivery,negative,Low,Delivery is taking longer than expected and this is affecting our purchase decision.,1.6
TKT004164,2020-05-01,90003180,A3621150804,Indonesia,Product information,neutral,High,Please provide more information about the product and available variants.,2.6
TKT004165,2019-02-01,70003181,A2918150104,Indonesia,Positive,positive,Low,The product is performing well and we are considering another order.,1.9
TKT004166,2021-04-01,90018109,A2721150705,Spain,Product information,neutral,Low,Please provide more information about the product and available variants.,2.7
TKT004167,2019-02-01,90022077,A3718150105,USA,Product information,neutral,Medium,Please provide more information about the product and available variants.,5.3
TKT004168,2019-09-01,90012037,A2918150105,Germany,Positive,positive,Low,The product is performing well and we are considering another order.,8.6
TKT004169,2020-01-01,90018113,A4620110602,Spain,Positive,positive,Low,The product is performing well and we are considering another order.,3.3
TKT004170,2020-02-01,90008167,A3320150504,Australia,Positive,positive,Medium,The product is performing well and we are considering another order.,5.8
TKT004171,2020-02-01,90015150,A3421150605,Norway,Quality,neutral,Medium,We need clarification about the product quality and warranty.,1.9
TKT004172,2019-10-01,90013118,A4720110701,Italy,Positive,positive,Low,The product is performing well and we are considering another order.,4.7
TKT004173,2019-01-01,90005161,A4118110105,Pakistan,Product information,neutral,Medium,Please provide more information about the product and available variants.,6.4
TKT004174,2020-01-01,90018113,A4118110101,Spain,Product information,neutral,High,Please provide more information about the product and available variants.,9.2
TKT004175,2020-02-01,90013119,A4419110404,Italy,Quality,neutral,High,We need clarification about the product quality and warranty.,12.5
TKT004176,2021-02-01,90004065,A6018110101,Japan,Quality,neutral,Low,We need clarification about the product quality and warranty.,5.9
TKT004177,2018-10-01,90023030,A3119150302,Canada,Quality,neutral,Low,We need clarification about the product quality and warranty.,4.8
TKT004178,2019-12-01,90023029,A0721150403,Canada,Positive,positive,Low,The product is performing well and we are considering another order.,16.3
TKT004179,2020-01-01,90017057,A3920150305,Portugal,Quality,neutral,Low,We need clarification about the product quality and warranty.,2.0
TKT004180,2020-04-01,90004061,A7119160103,Japan,Quality,neutral,Low,We need clarification about the product quality and warranty.,2.8
TKT004181,2019-02-01,70010047,A2721150702,Bangladesh,Positive,positive,Low,The product is performing well and we are considering another order.,2.7
TKT004182,2020-08-01,90022082,A3120150306,USA,Quality,neutral,Medium,We need clarification about the product quality and warranty.,8.0
TKT004183,2021-05-01,90023029,A0118150103,Canada,Product information,neutral,Low,Please provide more information about the product and available variants.,5.3
TKT004184,2020-02-01,90002008,A4821110807,India,Product information,neutral,Low,Please provide more information about the product and available variants.,6.8
TKT004185,2020-07-01,90021091,A3920150301,United Kingdom,Positive,positive,Medium,The product is performing well and we are considering another order.,4.2
TKT004186,2020-04-01,90020097,A3120150304,Austria,Delivery,negative,Low,Delivery is taking longer than expected and this is affecting our purchase decision.,8.7
TKT004187,2019-02-01,90005161,A6719160101,Pakistan,Positive,positive,Low,The product is performing well and we are considering another order.,7.7
TKT004188,2021-04-01,70010047,A5419110207,Bangladesh,Positive,positive,Low,The product is performing well and we are considering another order.,2.9
TKT004189,2020-12-01,90005161,A6218160101,Pakistan,Product information,neutral,Medium,Please provide more information about the product and available variants.,1.7
TKT004190,2019-04-01,70012042,A4021150405,Germany,Quality,neutral,Medium,We need clarification about the product quality and warranty.,4.6
TKT004191,2020-10-01,70006158,A0921150604,Philiphines,Positive,positive,High,The product is performing well and we are considering another order.,1.3
TKT004192,2019-12-01,90020098,A2021150504,Austria,Delivery,negative,Low,Delivery is taking longer than expected and this is affecting our purchase decision.,10.1
TKT004193,2019-11-01,70011194,A5318110107,France,Delivery,negative,Medium,Delivery is taking longer than expected and this is affecting our purchase decision.,4.0
TKT004194,2019-05-01,90012034,A1219150302,Germany,Product information,neutral,Medium,Please provide more information about the product and available variants.,7.8
TKT004195,2020-06-01,90006153,A2319150304,Philiphines,Delivery,negative,Medium,Delivery is taking longer than expected and this is affecting our purchase decision.,3.7
TKT004196,2020-03-01,90013119,A1521150603,Italy,Delivery,negative,Low,Delivery is taking longer than expected and this is affecting our purchase decision.,6.5
TKT004197,2020-10-01,90002015,A5520110305,India,Delivery,negative,Low,Delivery is taking longer than expected and this is affecting our purchase decision.,6.1
TKT004198,2020-11-01,90023027,A6218160102,Canada,Product information,neutral,High,Please provide more information about the product and available variants.,4.1
TKT004199,2019-09-01,90023023,A4620110601,Canada,Delivery,negative,Medium,Delivery is taking longer than expected and this is affecting our purchase decision.,8.4
TKT004200,2021-03-01,90015144,A4020150401,Norway,Positive,positive,Medium,The product is performing well and we are considering another order.,5.7
TKT004201,2020-03-01,90023024,A6921160301,Canada,Positive,positive,Low,The product is performing well and we are considering another order.,9.8
TKT004202,2018-11-01,90003180,A2620150606,Indonesia,Product information,neutral,High,Please provide more information about the product and available variants.,6.7
TKT004203,2019-05-01,90023026,A6520160403,Canada,Quality,neutral,Medium,We need clarification about the product quality and warranty.,15.4
TKT004204,2021-08-01,80007196,A5318110103,South Korea,Quality,neutral,Low,We need clarification about the product quality and warranty.,8.3
TKT004205,2020-05-01,90020098,A3521150704,Austria,Delivery,negative,Low,Delivery is taking longer than expected and this is affecting our purchase decision.,24.1
TKT004206,2020-04-01,90002007,A4620110601,India,Positive,positive,Low,The product is performing well and we are considering another order.,15.5
TKT004207,2020-09-01,90005162,A0619150301,Pakistan,Delivery,negative,Medium,Delivery is taking longer than expected and this is affecting our purchase decision.,10.1
TKT004208,2019-04-01,70003181,A4419110405,Indonesia,Quality,neutral,Low,We need clarification about the product quality and warranty.,9.0
TKT004209,2020-09-01,90015145,A2620150604,Norway,Delivery,negative,Medium,Delivery is taking longer than expected and this is affecting our purchase decision.,9.4
TKT004210,2018-09-01,70016178,A0619150302,Poland,Quality,neutral,Medium,We need clarification about the product quality and warranty.,3.2
TKT004211,2019-12-01,90015149,A5721110503,Norway,Product information,neutral,Medium,Please provide more information about the product and available variants.,6.0
TKT004212,2020-10-01,90014135,A1018150103,Netherlands,Product information,neutral,Medium,Please provide more information about the product and available variants.,12.5
TKT004213,2019-11-01,90022075,A5721110508,USA,Positive,positive,Medium,The product is performing well and we are considering another order.,8.2
TKT004214,2021-06-01,90015150,A2319150305,Norway,Product information,neutral,Low,Please provide more information about the product and available variants.,3.8
TKT004215,2019-03-01,70008170,A5318110102,Australia,Delivery,negative,Medium,Delivery is taking longer than expected and this is affecting our purchase decision.,1.3
TKT004216,2021-03-01,90013121,A7321160301,Italy,Positive,positive,Low,The product is performing well and we are considering another order.,12.8
TKT004217,2018-09-01,90022073,A4821110807,USA,Product information,neutral,Medium,Please provide more information about the product and available variants.,8.6
TKT004218,2021-03-01,90001021,A2319150305,China,Product information,neutral,Low,Please provide more information about the product and available variants.,3.2
TKT004219,2019-06-01,90001020,A5519110302,China,Product information,neutral,Low,Please provide more information about the product and available variants.,0.9
TKT004220,2020-05-01,70008170,A6919160302,Australia,Delivery,negative,Low,Delivery is taking longer than expected and this is affecting our purchase decision.,4.6
TKT004221,2019-02-01,90015147,A1618150104,Norway,Delivery,negative,Low,Delivery is taking longer than expected and this is affecting our purchase decision.,5.8
TKT004222,2019-09-01,70003181,A5721110501,Indonesia,Delivery,negative,Medium,Delivery is taking longer than expected and this is affecting our purchase decision.,6.3
TKT004223,2020-03-01,70023031,A7018160402,Canada,Product information,neutral,Low,Please provide more information about the product and available variants.,6.8
TKT004224,2019-08-01,90008166,A4118110102,Australia,Positive,positive,Low,The product is performing well and we are considering another order.,4.8
TKT004225,2020-09-01,90022074,A3120150305,USA,Delivery,negative,High,Delivery is taking longer than expected and this is affecting our purchase decision.,1.4
TKT004226,2019-08-01,90009132,A1819150303,Newzealand,Delivery,negative,Medium,Delivery is taking longer than expected and this is affecting our purchase decision.,8.9
TKT004227,2019-05-01,90016176,A5419110204,Poland,Product information,neutral,Low,Please provide more information about the product and available variants.,3.6
TKT004228,2019-01-01,90006156,A7321160303,Philiphines,Product information,neutral,Medium,Please provide more information about the product and available variants.,12.1
TKT004229,2019-02-01,90004061,A4520110506,Japan,Positive,positive,Low,The product is performing well and we are considering another order.,5.6
TKT004230,2021-08-01,90013117,A5621110408,Italy,Quality,neutral,Low,We need clarification about the product quality and warranty.,5.4
TKT004231,2018-12-01,70022085,A2721150705,USA,Quality,neutral,Medium,We need clarification about the product quality and warranty.,4.8
TKT004232,2020-03-01,70015151,A0721150401,Norway,Positive,positive,Low,The product is performing well and we are considering another order.,8.0
TKT004233,2019-06-01,70010048,A3119150301,Bangladesh,Delivery,negative,Low,Delivery is taking longer than expected and this is affecting our purchase decision.,1.9
TKT004234,2019-04-01,90016171,A4218110204,Poland,Product information,neutral,Medium,Please provide more information about the product and available variants.,15.4
TKT004235,2020-12-01,70011194,A2520150501,France,Product information,neutral,Medium,Please provide more information about the product and available variants.,7.9
TKT004236,2018-10-01,70022084,A5318110102,USA,Delivery,negative,Medium,Delivery is taking longer than expected and this is affecting our purchase decision.,7.9
TKT004237,2021-08-01,90008164,A2419150402,Australia,Delivery,negative,Low,Delivery is taking longer than expected and this is affecting our purchase decision.,3.9
TKT004238,2018-11-01,70004070,A4821110805,Japan,Delivery,negative,Low,Delivery is taking longer than expected and this is affecting our purchase decision.,2.6
TKT004239,2021-07-01,80007195,A2419150404,South Korea,Delivery,negative,Medium,Delivery is taking longer than expected and this is affecting our purchase decision.,6.3
TKT004240,2020-07-01,90001021,A6319160202,China,Delivery,negative,Medium,Delivery is taking longer than expected and this is affecting our purchase decision.,3.6
TKT004241,2020-11-01,90014140,A0921150604,Netherlands,Quality,neutral,High,We need clarification about the product quality and warranty.,3.6
TKT004242,2019-07-01,90009132,A1919150401,Newzealand,Positive,positive,Medium,The product is performing well and we are considering another order.,4.7
TKT004243,2021-05-01,90019200,A6620160502,Sweden,Quality,neutral,Medium,We need clarification about the product quality and warranty.,4.4
TKT004244,2019-01-01,90016173,A4821110804,Poland,Product information,neutral,Medium,Please provide more information about the product and available variants.,22.4
TKT004245,2019-12-01,70017060,A2319150302,Portugal,Product information,neutral,High,Please provide more information about the product and available variants.,14.1
TKT004246,2020-05-01,70023031,A3019150204,Canada,Product information,neutral,Low,Please provide more information about the product and available variants.,3.6
TKT004247,2020-04-01,70004070,A3819150203,Japan,Positive,positive,Low,The product is performing well and we are considering another order.,2.5
TKT004248,2020-11-01,90021088,A7020160403,United Kingdom,Positive,positive,Medium,The product is performing well and we are considering another order.,5.3
TKT004249,2019-05-01,90021090,A2219150204,United Kingdom,Quality,neutral,Medium,We need clarification about the product quality and warranty.,8.8
TKT004250,2020-03-01,90010046,A4419110402,Bangladesh,Positive,positive,Medium,The product is performing well and we are considering another order.,2.1
TKT004251,2018-12-01,90013119,A6520160403,Italy,Product information,neutral,Low,Please provide more information about the product and available variants.,2.3
TKT004252,2019-10-01,90012039,A4020150401,Germany,Delivery,negative,Low,Delivery is taking longer than expected and this is affecting our purchase decision.,12.0
TKT004253,2019-04-01,90013124,A2918150102,Italy,Quality,neutral,Medium,We need clarification about the product quality and warranty.,8.8
TKT004254,2020-09-01,90015147,A2520150505,Norway,Positive,positive,Low,The product is performing well and we are considering another order.,4.9
TKT004255,2019-02-01,70014142,A0821150501,Netherlands,Positive,positive,Low,The product is performing well and we are considering another order.,9.3
TKT004256,2019-01-01,90013124,A4021150403,Italy,Positive,positive,Low,The product is performing well and we are considering another order.,2.9
TKT004257,2020-09-01,90023023,A4821110804,Canada,Delivery,negative,Medium,Delivery is taking longer than expected and this is affecting our purchase decision.,8.2
TKT004258,2019-08-01,90003179,A3220150406,Indonesia,Positive,positive,Medium,The product is performing well and we are considering another order.,5.5
TKT004259,2018-10-01,70006158,A2918150104,Philiphines,Delivery,negative,Low,Delivery is taking longer than expected and this is affecting our purchase decision.,12.5
TKT004260,2020-04-01,90020101,A3819150205,Austria,Delivery,negative,Medium,Delivery is taking longer than expected and this is affecting our purchase decision.,14.2
TKT004261,2019-09-01,90017054,A2520150504,Portugal,Positive,positive,Low,The product is performing well and we are considering another order.,1.4
TKT004262,2020-06-01,90018112,A4821110804,Spain,Product information,neutral,Low,Please provide more information about the product and available variants.,4.8
TKT004263,2021-08-01,70019204,A1521150603,Sweden,Delivery,negative,Low,Delivery is taking longer than expected and this is affecting our purchase decision.,6.8
TKT004264,2020-08-01,90002013,A2620150602,India,Quality,neutral,High,We need clarification about the product quality and warranty.,8.6
TKT004265,2021-08-01,90012041,A0721150401,Germany,Product information,neutral,High,Please provide more information about the product and available variants.,1.7
TKT004266,2020-09-01,90014136,A5520110307,Netherlands,Quality,neutral,Low,We need clarification about the product quality and warranty.,7.6
TKT004267,2021-06-01,70019204,A7119160102,Sweden,Quality,neutral,Low,We need clarification about the product quality and warranty.,1.3
TKT004268,2019-02-01,90020097,A3920150301,Austria,Product information,neutral,Low,Please provide more information about the product and available variants.,18.0
TKT004269,2021-02-01,70014142,A6419160303,Netherlands,Positive,positive,Medium,The product is performing well and we are considering another order.,1.7
TKT004270,2021-08-01,90022073,A5318110104,USA,Product information,neutral,Medium,Please provide more information about the product and available variants.,12.2
TKT004271,2019-11-01,70015152,A4218110206,Norway,Delivery,negative,Low,Delivery is taking longer than expected and this is affecting our purchase decision.,2.3
TKT004272,2021-01-01,80007196,A5520110307,South Korea,Quality,neutral,Low,We need clarification about the product quality and warranty.,5.6
TKT004273,2019-01-01,90020097,A1718150203,Austria,Quality,neutral,High,We need clarification about the product quality and warranty.,2.9
TKT004274,2019-12-01,90011189,A3920150301,France,Quality,neutral,Low,We need clarification about the product quality and warranty.,4.4
TKT004275,2021-08-01,90013119,A2118150105,Italy,Delivery,negative,Low,Delivery is taking longer than expected and this is affecting our purchase decision.,1.7
TKT004276,2019-11-01,70015151,A3019150205,Norway,Positive,positive,Medium,The product is performing well and we are considering another order.,4.7
TKT004277,2019-01-01,90023026,A2419150405,Canada,Quality,neutral,Low,We need clarification about the product quality and warranty.,5.0
TKT004278,2019-09-01,90012039,A0721150403,Germany,Product information,neutral,Low,Please provide more information about the product and available variants.,23.9
TKT004279,2019-06-01,90006153,A4721110705,Philiphines,Quality,neutral,Medium,We need clarification about the product quality and warranty.,1.6
TKT004280,2019-05-01,70007199,A2620150606,South Korea,Delivery,negative,Low,Delivery is taking longer than expected and this is affecting our purchase decision.,6.5
TKT004281,2020-10-01,70007199,A5519110302,South Korea,Product information,neutral,Medium,Please provide more information about the product and available variants.,5.0
TKT004282,2020-03-01,90020098,A2721150702,Austria,Product information,neutral,Medium,Please provide more information about the product and available variants.,4.2
TKT004283,2018-12-01,90019200,A0321150303,Sweden,Positive,positive,Low,The product is performing well and we are considering another order.,5.0
TKT004284,2019-12-01,90009132,A3018150202,Newzealand,Quality,neutral,Low,We need clarification about the product quality and warranty.,1.5
TKT004285,2021-03-01,70016177,A0418150102,Poland,Positive,positive,Medium,The product is performing well and we are considering another order.,3.3
TKT004286,2018-11-01,90020103,A4218110205,Austria,Delivery,negative,Medium,Delivery is taking longer than expected and this is affecting our purchase decision.,5.6
TKT004287,2018-12-01,70003182,A2218150202,Indonesia,Positive,positive,Low,The product is performing well and we are considering another order.,2.4
TKT004288,2019-10-01,90023022,A5721110504,Canada,Delivery,negative,Low,Delivery is taking longer than expected and this is affecting our purchase decision.,5.9
TKT004289,2019-07-01,90013124,A2419150401,Italy,Quality,neutral,Low,We need clarification about the product quality and warranty.,3.1
TKT004290,2018-11-01,70013125,A4720110702,Italy,Product information,neutral,Low,Please provide more information about the product and available variants.,7.5
TKT004291,2020-07-01,90002010,A4620110604,India,Product information,neutral,Medium,Please provide more information about the product and available variants.,7.1
TKT004292,2018-09-01,70007198,A2419150405,South Korea,Positive,positive,Low,The product is performing well and we are considering another order.,12.0
TKT004293,2020-08-01,90012041,A3120150305,Germany,Quality,neutral,Low,We need clarification about the product quality and warranty.,3.7
TKT004294,2020-07-01,90014136,A6018110105,Netherlands,Product information,neutral,Medium,Please provide more information about the product and available variants.,5.2
TKT004295,2020-05-01,90013121,A4721110708,Italy,Product information,neutral,Medium,Please provide more information about the product and available variants.,0.7
TKT004296,2021-01-01,90017049,A4620110605,Portugal,Quality,neutral,Low,We need clarification about the product quality and warranty.,13.6
TKT004297,2020-06-01,90013124,A6818160201,Italy,Delivery,negative,Medium,Delivery is taking longer than expected and this is affecting our purchase decision.,3.9
TKT004298,2020-01-01,90013121,A3019150206,Italy,Positive,positive,Low,The product is performing well and we are considering another order.,7.9
TKT004299,2019-08-01,70008169,A6818160201,Australia,Quality,neutral,Medium,We need clarification about the product quality and warranty.,1.7
TKT004300,2019-08-01,90014139,A2821150805,Netherlands,Delivery,negative,Medium,Delivery is taking longer than expected and this is affecting our purchase decision.,6.1
TKT004301,2020-07-01,90022071,A5620110402,USA,Quality,neutral,Low,We need clarification about the product quality and warranty.,4.1
TKT004302,2020-04-01,90012034,A6120110205,Germany,Quality,neutral,Medium,We need clarification about the product quality and warranty.,5.8
TKT004303,2020-05-01,90001020,A3718150103,China,Product information,neutral,Low,Please provide more information about the product and available variants.,6.5
TKT004304,2019-07-01,90023026,A2021150503,Canada,Quality,neutral,Low,We need clarification about the product quality and warranty.,8.1
TKT004305,2021-05-01,90023028,A4218110204,Canada,Delivery,negative,Low,Delivery is taking longer than expected and this is affecting our purchase decision.,8.5
TKT004306,2020-11-01,70014143,A3421150605,Netherlands,Delivery,negative,Medium,Delivery is taking longer than expected and this is affecting our purchase decision.,4.5
TKT004307,2021-08-01,90022080,A4720110702,USA,Product information,neutral,Medium,Please provide more information about the product and available variants.,13.5
TKT004308,2019-04-01,90013122,A4419110408,Italy,Quality,neutral,Medium,We need clarification about the product quality and warranty.,1.8
TKT004309,2019-10-01,90014140,A5721110501,Netherlands,Delivery,negative,Low,Delivery is taking longer than expected and this is affecting our purchase decision.,9.2
TKT004310,2020-09-01,70007198,A6621160503,South Korea,Positive,positive,Low,The product is performing well and we are considering another order.,10.7
TKT004311,2020-07-01,90020098,A2419150405,Austria,Positive,positive,High,The product is performing well and we are considering another order.,2.8
TKT004312,2020-05-01,90015147,A5318110108,Norway,Delivery,negative,Low,Delivery is taking longer than expected and this is affecting our purchase decision.,7.1
TKT004313,2019-01-01,90011187,A6219160103,France,Positive,positive,Medium,The product is performing well and we are considering another order.,7.9
TKT004314,2020-03-01,90021094,A1920150404,United Kingdom,Delivery,negative,Low,Delivery is taking longer than expected and this is affecting our purchase decision.,7.1
TKT004315,2020-01-01,90005161,A2219150204,Pakistan,Quality,neutral,Low,We need clarification about the product quality and warranty.,3.9
TKT004316,2020-05-01,90009130,A0620150303,Newzealand,Delivery,negative,Low,Delivery is taking longer than expected and this is affecting our purchase decision.,0.9
TKT004317,2019-03-01,90022077,A5419110201,USA,Positive,positive,Medium,The product is performing well and we are considering another order.,3.0
TKT004318,2020-10-01,70015151,A4218110208,Norway,Delivery,negative,Low,Delivery is taking longer than expected and this is affecting our purchase decision.,6.2
TKT004319,2020-10-01,90006153,A1521150603,Philiphines,Delivery,negative,Low,Delivery is taking longer than expected and this is affecting our purchase decision.,4.1
TKT004320,2019-02-01,90012040,A5419110202,Germany,Positive,positive,Low,The product is performing well and we are considering another order.,11.4
TKT004321,2019-08-01,90023030,A2721150705,Canada,Product information,neutral,Low,Please provide more information about the product and available variants.,9.2
TKT004322,2020-11-01,90002006,A6018110105,India,Product information,neutral,Low,Please provide more information about the product and available variants.,7.0
TKT004323,2020-06-01,80001019,A2319150306,China,Product information,neutral,Medium,Please provide more information about the product and available variants.,3.3
TKT004324,2020-04-01,90010044,A5419110202,Bangladesh,Product information,neutral,High,Please provide more information about the product and available variants.,3.7
TKT004325,2021-07-01,90016171,A2821150806,Poland,Positive,positive,Medium,The product is performing well and we are considering another order.,10.8
TKT004326,2021-01-01,90004063,A0321150302,Japan,Positive,positive,Medium,The product is performing well and we are considering another order.,6.0
TKT004327,2018-10-01,90004066,A2821150801,Japan,Delivery,negative,Low,Delivery is taking longer than expected and this is affecting our purchase decision.,13.9
TKT004328,2020-12-01,90012040,A6919160302,Germany,Positive,positive,High,The product is performing well and we are considering another order.,8.4
TKT004329,2019-12-01,90018109,A6018110105,Spain,Positive,positive,Low,The product is performing well and we are considering another order.,11.2
TKT004330,2020-09-01,90008167,A5520110307,Australia,Quality,neutral,Low,We need clarification about the product quality and warranty.,5.9
TKT004331,2019-12-01,90010045,A5318110102,Bangladesh,Delivery,negative,Medium,Delivery is taking longer than expected and this is affecting our purchase decision.,3.0
TKT004332,2020-12-01,90012037,A4020150401,Germany,Quality,neutral,Low,We need clarification about the product quality and warranty.,12.9
TKT004333,2021-02-01,70013126,A1420150501,Italy,Positive,positive,High,The product is performing well and we are considering another order.,12.9
TKT004334,2020-10-01,90020099,A7321160302,Austria,Product information,neutral,Low,Please provide more information about the product and available variants.,4.1
TKT004335,2019-04-01,90002015,A1618150103,India,Quality,neutral,Low,We need clarification about the product quality and warranty.,6.8
TKT004336,2018-12-01,70018115,A4721110705,Spain,Product information,neutral,Medium,Please provide more information about the product and available variants.,5.6
TKT004337,2020-03-01,80006154,A0219150201,Philiphines,Positive,positive,Medium,The product is performing well and we are considering another order.,2.5
TKT004338,2018-11-01,90002016,A4218110205,India,Positive,positive,Low,The product is performing well and we are considering another order.,10.7
TKT004339,2020-02-01,90021089,A5318110108,United Kingdom,Positive,positive,High,The product is performing well and we are considering another order.,5.7
TKT004340,2020-10-01,90019201,A2020150501,Sweden,Delivery,negative,Low,Delivery is taking longer than expected and this is affecting our purchase decision.,4.3
TKT004341,2020-10-01,90002015,A7118160101,India,Positive,positive,Medium,The product is performing well and we are considering another order.,3.9
TKT004342,2020-10-01,90023022,A7020160403,Canada,Delivery,negative,Low,Delivery is taking longer than expected and this is affecting our purchase decision.,2.6
TKT004343,2018-09-01,70006157,A5318110103,Philiphines,Positive,positive,Low,The product is performing well and we are considering another order.,2.6
TKT004344,2020-01-01,70023032,A2721150706,Canada,Product information,neutral,Medium,Please provide more information about the product and available variants.,4.2
TKT004345,2020-02-01,70016178,A6019110108,Poland,Product information,neutral,Medium,Please provide more information about the product and available variants.,7.6
TKT004346,2020-07-01,90022081,A0921150604,USA,Positive,positive,High,The product is performing well and we are considering another order.,3.2
TKT004347,2019-10-01,90004066,A3320150505,Japan,Positive,positive,Medium,The product is performing well and we are considering another order.,4.2
TKT004348,2019-10-01,90014135,A4419110401,Netherlands,Quality,neutral,Medium,We need clarification about the product quality and warranty.,9.2
TKT004349,2019-11-01,90014141,A1119150203,Netherlands,Quality,neutral,Low,We need clarification about the product quality and warranty.,8.1
TKT004350,2019-05-01,90012040,A0219150202,Germany,Delivery,negative,Low,Delivery is taking longer than expected and this is affecting our purchase decision.,5.5
TKT004351,2019-10-01,90021094,A0118150101,United Kingdom,Quality,neutral,Low,We need clarification about the product quality and warranty.,4.1
TKT004352,2021-08-01,70011194,A0118150101,France,Quality,neutral,High,We need clarification about the product quality and warranty.,6.9
TKT004353,2021-08-01,70015152,A2721150705,Norway,Product information,neutral,Low,Please provide more information about the product and available variants.,4.4
TKT004354,2020-11-01,90014136,A2918150104,Netherlands,Delivery,negative,Medium,Delivery is taking longer than expected and this is affecting our purchase decision.,16.6
TKT004355,2019-08-01,90018110,A3120150306,Spain,Product information,neutral,Low,Please provide more information about the product and available variants.,5.5
TKT004356,2019-06-01,90019201,A7018160402,Sweden,Delivery,negative,Low,Delivery is taking longer than expected and this is affecting our purchase decision.,2.9
TKT004357,2019-07-01,90005159,A4218110202,Pakistan,Positive,positive,Medium,The product is performing well and we are considering another order.,8.6
TKT004358,2020-06-01,90008164,A4020150401,Australia,Product information,neutral,Low,Please provide more information about the product and available variants.,8.6
TKT004359,2019-02-01,90006156,A2918150105,Philiphines,Positive,positive,Medium,The product is performing well and we are considering another order.,2.5
TKT004360,2020-06-01,90020102,A6918160303,Austria,Product information,neutral,Low,Please provide more information about the product and available variants.,5.0
TKT004361,2020-12-01,90022081,A4118110105,USA,Delivery,negative,High,Delivery is taking longer than expected and this is affecting our purchase decision.,14.2
TKT004362,2019-04-01,90006153,A1618150103,Philiphines,Product information,neutral,Medium,Please provide more information about the product and available variants.,3.6
TKT004363,2019-01-01,90010046,A4620110606,Bangladesh,Product information,neutral,Low,Please provide more information about the product and available variants.,8.4
TKT004364,2019-09-01,90019200,A5419110203,Sweden,Delivery,negative,Medium,Delivery is taking longer than expected and this is affecting our purchase decision.,3.9
TKT004365,2019-08-01,90012040,A2520150502,Germany,Delivery,negative,Medium,Delivery is taking longer than expected and this is affecting our purchase decision.,1.9
TKT004366,2020-03-01,90020097,A0621150308,Austria,Delivery,negative,Low,Delivery is taking longer than expected and this is affecting our purchase decision.,4.6
TKT004367,2019-08-01,90021087,A2620150605,United Kingdom,Delivery,negative,Medium,Delivery is taking longer than expected and this is affecting our purchase decision.,6.2
TKT004368,2018-09-01,90020100,A5620110401,Austria,Quality,neutral,Medium,We need clarification about the product quality and warranty.,11.1
TKT004369,2020-01-01,90022078,A1421150503,USA,Quality,neutral,Medium,We need clarification about the product quality and warranty.,2.9
TKT004370,2019-04-01,90012037,A4821110805,Germany,Positive,positive,Medium,The product is performing well and we are considering another order.,5.6
TKT004371,2018-09-01,90010045,A1420150501,Bangladesh,Delivery,negative,Medium,Delivery is taking longer than expected and this is affecting our purchase decision.,1.2
TKT004372,2020-08-01,90021094,A5520110305,United Kingdom,Delivery,negative,Medium,Delivery is taking longer than expected and this is affecting our purchase decision.,3.3
TKT004373,2021-04-01,90002016,A5318110101,India,Quality,neutral,Low,We need clarification about the product quality and warranty.,19.8
TKT004374,2020-03-01,90023024,A0519150208,Canada,Quality,neutral,Low,We need clarification about the product quality and warranty.,3.6
TKT004375,2019-07-01,90005162,A3521150706,Pakistan,Product information,neutral,High,Please provide more information about the product and available variants.,7.5
TKT004376,2019-11-01,90011192,A0321150302,France,Product information,neutral,Low,Please provide more information about the product and available variants.,4.7
TKT004377,2018-10-01,90004068,A0821150501,Japan,Delivery,negative,Medium,Delivery is taking longer than expected and this is affecting our purchase decision.,2.6
TKT004378,2021-05-01,70009133,A6419160302,Newzealand,Quality,neutral,Low,We need clarification about the product quality and warranty.,2.6
TKT004379,2021-06-01,90020099,A2721150704,Austria,Quality,neutral,Medium,We need clarification about the product quality and warranty.,4.3
TKT004380,2020-12-01,70015152,A0418150108,Norway,Delivery,negative,Low,Delivery is taking longer than expected and this is affecting our purchase decision.,3.9
TKT004381,2021-08-01,70003181,A2419150401,Indonesia,Positive,positive,Medium,The product is performing well and we are considering another order.,2.4
TKT004382,2019-05-01,90015150,A1521150601,Norway,Delivery,negative,Low,Delivery is taking longer than expected and this is affecting our purchase decision.,7.3
TKT004383,2018-12-01,90017050,A6819160203,Portugal,Product information,neutral,High,Please provide more information about the product and available variants.,4.6
TKT004384,2019-12-01,90002016,A1118150202,India,Quality,neutral,Medium,We need clarification about the product quality and warranty.,7.4
TKT004385,2020-09-01,90013124,A3220150405,Italy,Delivery,negative,Low,Delivery is taking longer than expected and this is affecting our purchase decision.,9.2
TKT004386,2020-10-01,90010044,A1320150402,Bangladesh,Positive,positive,Medium,The product is performing well and we are considering another order.,10.2
TKT004387,2018-12-01,70009133,A0519150207,Newzealand,Positive,positive,Medium,The product is performing well and we are considering another order.,3.1
TKT004388,2019-10-01,90005162,A3220150406,Pakistan,Product information,neutral,Medium,Please provide more information about the product and available variants.,4.6
TKT004389,2018-09-01,80006154,A4519110501,Philiphines,Product information,neutral,Medium,Please provide more information about the product and available variants.,5.7
TKT004390,2018-09-01,70003181,A5519110304,Indonesia,Quality,neutral,Low,We need clarification about the product quality and warranty.,15.1
TKT004391,2020-09-01,70016177,A0321150303,Poland,Positive,positive,Low,The product is performing well and we are considering another order.,5.4
TKT004392,2019-12-01,90023029,A2821150806,Canada,Positive,positive,Medium,The product is performing well and we are considering another order.,1.9
TKT004393,2020-10-01,70005163,A4419110408,Pakistan,Delivery,negative,Low,Delivery is taking longer than expected and this is affecting our purchase decision.,12.5
TKT004394,2020-09-01,90020098,A1618150101,Austria,Delivery,negative,Medium,Delivery is taking longer than expected and this is affecting our purchase decision.,5.9
TKT004395,2019-02-01,90013121,A3920150303,Italy,Delivery,negative,Low,Delivery is taking longer than expected and this is affecting our purchase decision.,6.3
TKT004396,2021-02-01,90001021,A5721110508,China,Delivery,negative,Medium,Delivery is taking longer than expected and this is affecting our purchase decision.,1.2
TKT004397,2021-02-01,90001021,A4218110207,China,Quality,neutral,High,We need clarification about the product quality and warranty.,6.2
TKT004398,2021-04-01,90013119,A1018150102,Italy,Positive,positive,Medium,The product is performing well and we are considering another order.,7.5
TKT004399,2020-01-01,70011194,A5318110101,France,Product information,neutral,Low,Please provide more information about the product and available variants.,9.5
TKT004400,2020-07-01,90003180,A6819160203,Indonesia,Positive,positive,Low,The product is performing well and we are considering another order.,9.6
TKT004401,2021-01-01,90022078,A3521150706,USA,Positive,positive,Medium,The product is performing well and we are considering another order.,2.1
TKT004402,2019-08-01,70011194,A3920150303,France,Positive,positive,High,The product is performing well and we are considering another order.,7.6
TKT004403,2018-11-01,90010045,A4520110506,Bangladesh,Delivery,negative,Medium,Delivery is taking longer than expected and this is affecting our purchase decision.,12.7
TKT004404,2020-08-01,70005163,A3920150303,Pakistan,Product information,neutral,Medium,Please provide more information about the product and available variants.,11.1
TKT004405,2020-05-01,90010046,A4021150405,Bangladesh,Delivery,negative,Medium,Delivery is taking longer than expected and this is affecting our purchase decision.,13.1
TKT004406,2019-12-01,70016177,A0921150601,Poland,Positive,positive,Medium,The product is performing well and we are considering another order.,2.8
TKT004407,2019-02-01,90015149,A2721150704,Norway,Quality,neutral,Medium,We need clarification about the product quality and warranty.,2.5
TKT004408,2020-08-01,80006154,A1819150304,Philiphines,Delivery,negative,Low,Delivery is taking longer than expected and this is affecting our purchase decision.,6.2
TKT004409,2020-07-01,90023026,A0921150604,Canada,Positive,positive,Low,The product is performing well and we are considering another order.,4.2
TKT004410,2020-02-01,90017050,A5318110108,Portugal,Product information,neutral,Low,Please provide more information about the product and available variants.,4.1
TKT004411,2018-09-01,90016176,A4520110505,Poland,Delivery,negative,Low,Delivery is taking longer than expected and this is affecting our purchase decision.,3.4
TKT004412,2021-02-01,90005162,A3521150705,Pakistan,Quality,neutral,Low,We need clarification about the product quality and warranty.,2.0
TKT004413,2019-08-01,70003182,A6520160402,Indonesia,Positive,positive,Low,The product is performing well and we are considering another order.,4.7
TKT004414,2020-11-01,90016173,A6218160101,Poland,Positive,positive,Low,The product is performing well and we are considering another order.,5.3
TKT004415,2020-04-01,90017056,A2118150106,Portugal,Quality,neutral,High,We need clarification about the product quality and warranty.,21.1
TKT004416,2020-05-01,70012042,A3018150201,Germany,Delivery,negative,Medium,Delivery is taking longer than expected and this is affecting our purchase decision.,1.6
TKT004417,2020-02-01,70003182,A5721110508,Indonesia,Product information,neutral,Low,Please provide more information about the product and available variants.,5.1
TKT004418,2019-12-01,90005159,A7220160202,Pakistan,Quality,neutral,Medium,We need clarification about the product quality and warranty.,5.9
TKT004419,2020-03-01,90004066,A1919150401,Japan,Product information,neutral,Low,Please provide more information about the product and available variants.,4.7
TKT004420,2020-07-01,90015148,A1521150603,Norway,Product information,neutral,Low,Please provide more information about the product and available variants.,12.3
TKT004421,2018-09-01,70015151,A2620150604,Norway,Positive,positive,Medium,The product is performing well and we are considering another order.,4.8
TKT004422,2019-03-01,90003179,A0620150305,Indonesia,Product information,neutral,Low,Please provide more information about the product and available variants.,13.3
TKT004423,2020-12-01,90008164,A4118110102,Australia,Delivery,negative,Low,Delivery is taking longer than expected and this is affecting our purchase decision.,10.7
TKT004424,2020-05-01,90005161,A6918160303,Pakistan,Quality,neutral,Low,We need clarification about the product quality and warranty.,13.3
TKT004425,2021-06-01,90002014,A0118150102,India,Positive,positive,Low,The product is performing well and we are considering another order.,11.8
TKT004426,2019-04-01,90005161,A6621160503,Pakistan,Positive,positive,Low,The product is performing well and we are considering another order.,8.0
TKT004427,2020-12-01,90002007,A2620150604,India,Positive,positive,Low,The product is performing well and we are considering another order.,1.6
TKT004428,2020-09-01,90004064,A2721150706,Japan,Product information,neutral,High,Please provide more information about the product and available variants.,6.6
TKT004429,2019-03-01,70013126,A4720110702,Italy,Delivery,negative,Low,Delivery is taking longer than expected and this is affecting our purchase decision.,3.8
TKT004430,2018-10-01,90015149,A0519150205,Norway,Quality,neutral,Low,We need clarification about the product quality and warranty.,2.2
TKT004431,2021-02-01,90012039,A5721110501,Germany,Product information,neutral,Medium,Please provide more information about the product and available variants.,10.3
TKT004432,2021-04-01,90014139,A6419160302,Netherlands,Delivery,negative,Low,Delivery is taking longer than expected and this is affecting our purchase decision.,3.2
TKT004433,2020-08-01,80001019,A1420150502,China,Positive,positive,High,The product is performing well and we are considering another order.,9.1
TKT004434,2021-02-01,90012034,A1320150403,Germany,Positive,positive,Medium,The product is performing well and we are considering another order.,5.3
TKT004435,2020-07-01,90022073,A4519110502,USA,Quality,neutral,Medium,We need clarification about the product quality and warranty.,2.1
TKT004436,2021-07-01,90012041,A1118150201,Germany,Delivery,negative,Medium,Delivery is taking longer than expected and this is affecting our purchase decision.,15.1
TKT004437,2019-03-01,90005159,A1618150104,Pakistan,Quality,neutral,Low,We need clarification about the product quality and warranty.,3.2
TKT004438,2019-03-01,90015150,A5721110507,Norway,Product information,neutral,High,Please provide more information about the product and available variants.,4.1
TKT004439,2021-06-01,70006157,A5620110402,Philiphines,Delivery,negative,Medium,Delivery is taking longer than expected and this is affecting our purchase decision.,2.8
TKT004440,2020-03-01,90017050,A4720110702,Portugal,Delivery,negative,Medium,Delivery is taking longer than expected and this is affecting our purchase decision.,2.6
TKT004441,2019-04-01,70003182,A2020150501,Indonesia,Delivery,negative,Medium,Delivery is taking longer than expected and this is affecting our purchase decision.,6.1
TKT004442,2019-04-01,90011191,A2721150705,France,Quality,neutral,Low,We need clarification about the product quality and warranty.,3.4
TKT004443,2020-07-01,70019204,A2918150104,Sweden,Product information,neutral,Low,Please provide more information about the product and available variants.,3.9
TKT004444,2018-12-01,90011188,A4218110201,France,Delivery,negative,Low,Delivery is taking longer than expected and this is affecting our purchase decision.,6.7
TKT004445,2019-08-01,70022085,A0620150303,USA,Quality,neutral,Low,We need clarification about the product quality and warranty.,20.3
TKT004446,2021-08-01,90011189,A2419150405,France,Product information,neutral,Medium,Please provide more information about the product and available variants.,7.8
TKT004447,2020-10-01,90018109,A4319110305,Spain,Delivery,negative,Medium,Delivery is taking longer than expected and this is affecting our purchase decision.,1.8
TKT004448,2019-08-01,90018112,A2720150701,Spain,Positive,positive,High,The product is performing well and we are considering another order.,4.1
TKT004449,2019-06-01,70007199,A0721150403,South Korea,Positive,positive,Low,The product is performing well and we are considering another order.,5.5
TKT004450,2020-02-01,90002013,A0621150307,India,Delivery,negative,Low,Delivery is taking longer than expected and this is affecting our purchase decision.,1.8
TKT004451,2018-12-01,90002012,A3120150306,India,Delivery,negative,High,Delivery is taking longer than expected and this is affecting our purchase decision.,3.3
TKT004452,2020-06-01,70010048,A3621150802,Bangladesh,Delivery,negative,Low,Delivery is taking longer than expected and this is affecting our purchase decision.,8.8
TKT004453,2019-06-01,90002015,A5419110203,India,Product information,neutral,Medium,Please provide more information about the product and available variants.,5.8
TKT004454,2019-03-01,70008169,A1919150403,Australia,Product information,neutral,Medium,Please provide more information about the product and available variants.,2.8
TKT004455,2019-02-01,90021094,A4118110106,United Kingdom,Positive,positive,Low,The product is performing well and we are considering another order.,4.1
TKT004456,2021-01-01,90008165,A0621150307,Australia,Positive,positive,Medium,The product is performing well and we are considering another order.,7.5
TKT004457,2021-05-01,90020103,A2918150106,Austria,Product information,neutral,Low,Please provide more information about the product and available variants.,7.1
TKT004458,2018-09-01,90014135,A1219150302,Netherlands,Delivery,negative,Low,Delivery is taking longer than expected and this is affecting our purchase decision.,10.3
TKT004459,2018-09-01,70003182,A5318110104,Indonesia,Quality,neutral,Low,We need clarification about the product quality and warranty.,4.4
TKT004460,2019-03-01,70002018,A1018150101,India,Quality,neutral,Low,We need clarification about the product quality and warranty.,7.4
TKT004461,2020-06-01,90017053,A7018160402,Portugal,Positive,positive,Low,The product is performing well and we are considering another order.,10.7
TKT004462,2021-06-01,90008164,A4519110502,Australia,Positive,positive,Low,The product is performing well and we are considering another order.,10.0
TKT004463,2020-04-01,90014140,A0320150301,Netherlands,Product information,neutral,Medium,Please provide more information about the product and available variants.,3.9
TKT004464,2021-06-01,90017051,A5419110201,Portugal,Product information,neutral,High,Please provide more information about the product and available variants.,9.9
TKT004465,2020-03-01,90020102,A5318110107,Austria,Product information,neutral,Low,Please provide more information about the product and available variants.,6.2
TKT004466,2019-08-01,90018114,A2219150206,Spain,Quality,neutral,Low,We need clarification about the product quality and warranty.,5.6
TKT004467,2019-12-01,70008169,A3119150302,Australia,Delivery,negative,Medium,Delivery is taking longer than expected and this is affecting our purchase decision.,12.8
TKT004468,2020-10-01,70014143,A3819150205,Netherlands,Product information,neutral,Low,Please provide more information about the product and available variants.,8.6
TKT004469,2019-02-01,70022084,A6720160103,USA,Product information,neutral,Low,Please provide more information about the product and available variants.,9.6
TKT004470,2019-04-01,70016177,A1219150301,Poland,Delivery,negative,Low,Delivery is taking longer than expected and this is affecting our purchase decision.,15.4
TKT004471,2020-08-01,90005161,A3521150701,Pakistan,Delivery,negative,Medium,Delivery is taking longer than expected and this is affecting our purchase decision.,3.5
TKT004472,2020-12-01,70011194,A6218160101,France,Quality,neutral,High,We need clarification about the product quality and warranty.,4.5
TKT004473,2020-06-01,90004061,A4021150405,Japan,Positive,positive,High,The product is performing well and we are considering another order.,5.5
TKT004474,2019-10-01,90017059,A3819150203,Portugal,Positive,positive,Low,The product is performing well and we are considering another order.,13.2
TKT004475,2020-10-01,90019202,A0118150103,Sweden,Quality,neutral,Low,We need clarification about the product quality and warranty.,3.2
TKT004476,2020-07-01,90012039,A0418150105,Germany,Quality,neutral,High,We need clarification about the product quality and warranty.,5.7
TKT004477,2021-03-01,70012043,A0320150301,Germany,Quality,neutral,Medium,We need clarification about the product quality and warranty.,7.2
TKT004478,2019-04-01,90017056,A4520110508,Portugal,Delivery,negative,Medium,Delivery is taking longer than expected and this is affecting our purchase decision.,4.7
TKT004479,2020-10-01,90005159,A0621150308,Pakistan,Delivery,negative,Medium,Delivery is taking longer than expected and this is affecting our purchase decision.,21.7
TKT004480,2021-07-01,90010044,A2520150502,Bangladesh,Quality,neutral,Medium,We need clarification about the product quality and warranty.,1.0
TKT004481,2020-12-01,90023023,A0721150404,Canada,Delivery,negative,Medium,Delivery is taking longer than expected and this is affecting our purchase decision.,6.5
TKT004482,2021-05-01,90020097,A2620150602,Austria,Product information,neutral,Low,Please provide more information about the product and available variants.,6.7
TKT004483,2019-04-01,90012040,A1618150104,Germany,Positive,positive,Medium,The product is performing well and we are considering another order.,9.9
TKT004484,2020-07-01,90018108,A6121110208,Spain,Positive,positive,Low,The product is performing well and we are considering another order.,4.1
TKT004485,2019-06-01,90010044,A4118110101,Bangladesh,Delivery,negative,Low,Delivery is taking longer than expected and this is affecting our purchase decision.,1.9
TKT004486,2019-08-01,90012037,A3718150105,Germany,Delivery,negative,Low,Delivery is taking longer than expected and this is affecting our purchase decision.,3.3
TKT004487,2019-07-01,70019204,A4620110605,Sweden,Positive,positive,Low,The product is performing well and we are considering another order.,6.2
TKT004488,2020-04-01,90023029,A1018150103,Canada,Delivery,negative,Low,Delivery is taking longer than expected and this is affecting our purchase decision.,3.7
TKT004489,2019-03-01,70023031,A0519150203,Canada,Quality,neutral,Medium,We need clarification about the product quality and warranty.,8.5
TKT004490,2020-04-01,90012041,A4720110701,Germany,Product information,neutral,Medium,Please provide more information about the product and available variants.,3.4
TKT004491,2018-09-01,90018114,A6018110101,Spain,Quality,neutral,Low,We need clarification about the product quality and warranty.,6.5
TKT004492,2019-01-01,90018109,A0621150307,Spain,Product information,neutral,Low,Please provide more information about the product and available variants.,4.1
TKT004493,2019-02-01,90002009,A3421150605,India,Product information,neutral,Low,Please provide more information about the product and available variants.,5.9
TKT004494,2019-12-01,90005162,A4821110807,Pakistan,Product information,neutral,Low,Please provide more information about the product and available variants.,2.7
TKT004495,2018-11-01,90017059,A0219150201,Portugal,Positive,positive,Medium,The product is performing well and we are considering another order.,18.1
TKT004496,2019-12-01,90008167,A1919150401,Australia,Delivery,negative,Low,Delivery is taking longer than expected and this is affecting our purchase decision.,1.2
TKT004497,2019-04-01,80001019,A5419110208,China,Quality,neutral,Medium,We need clarification about the product quality and warranty.,2.9
TKT004498,2020-03-01,90010046,A1320150403,Bangladesh,Delivery,negative,Low,Delivery is taking longer than expected and this is affecting our purchase decision.,3.9
TKT004499,2018-09-01,90008165,A5520110305,Australia,Delivery,negative,High,Delivery is taking longer than expected and this is affecting our purchase decision.,2.0
TKT004500,2019-09-01,90005161,A4419110406,Pakistan,Positive,positive,Low,The product is performing well and we are considering another order.,13.9
TKT004501,2019-11-01,90019203,A2419150405,Sweden,Positive,positive,Low,The product is performing well and we are considering another order.,6.2
TKT004502,2018-11-01,90022080,A2721150702,USA,Product information,neutral,Low,Please provide more information about the product and available variants.,3.2
TKT004503,2021-08-01,90010044,A7118160101,Bangladesh,Product information,neutral,Low,Please provide more information about the product and available variants.,7.1
TKT004504,2019-06-01,70019204,A0721150401,Sweden,Delivery,negative,Medium,Delivery is taking longer than expected and this is affecting our purchase decision.,7.4
TKT004505,2020-03-01,90015149,A2118150106,Norway,Positive,positive,Medium,The product is performing well and we are considering another order.,2.5
TKT004506,2020-10-01,90017053,A3819150205,Portugal,Positive,positive,Medium,The product is performing well and we are considering another order.,3.6
TKT004507,2020-08-01,90006156,A1718150201,Philiphines,Product information,neutral,High,Please provide more information about the product and available variants.,4.1
TKT004508,2019-01-01,70015151,A6818160202,Norway,Positive,positive,Low,The product is performing well and we are considering another order.,1.8
TKT004509,2020-02-01,90023026,A0620150305,Canada,Positive,positive,High,The product is performing well and we are considering another order.,5.7
TKT004510,2021-04-01,90010045,A3819150205,Bangladesh,Positive,positive,High,The product is performing well and we are considering another order.,1.6
TKT004511,2020-06-01,90023027,A4020150401,Canada,Product information,neutral,Medium,Please provide more information about the product and available variants.,5.7
TKT004512,2020-11-01,90009127,A2520150504,Newzealand,Product information,neutral,High,Please provide more information about the product and available variants.,4.2
TKT004513,2019-07-01,90019200,A0821150504,Sweden,Quality,neutral,Medium,We need clarification about the product quality and warranty.,11.1
TKT004514,2018-12-01,80007196,A3220150402,South Korea,Quality,neutral,Low,We need clarification about the product quality and warranty.,1.6
TKT004515,2020-05-01,90002008,A1618150104,India,Positive,positive,Medium,The product is performing well and we are considering another order.,4.9
TKT004516,2020-06-01,90020103,A0619150302,Austria,Quality,neutral,Medium,We need clarification about the product quality and warranty.,7.6
TKT004517,2019-10-01,90007197,A7118160101,South Korea,Product information,neutral,Low,Please provide more information about the product and available variants.,1.4
TKT004518,2019-07-01,90001021,A7220160202,China,Quality,neutral,Low,We need clarification about the product quality and warranty.,1.0
TKT004519,2020-03-01,90001020,A1618150101,China,Delivery,negative,Low,Delivery is taking longer than expected and this is affecting our purchase decision.,0.5
TKT004520,2021-03-01,90008167,A0619150302,Australia,Product information,neutral,Low,Please provide more information about the product and available variants.,2.7
TKT004521,2020-02-01,90004064,A4821110808,Japan,Delivery,negative,High,Delivery is taking longer than expected and this is affecting our purchase decision.,3.0
TKT004522,2019-01-01,90011186,A4821110801,France,Delivery,negative,Low,Delivery is taking longer than expected and this is affecting our purchase decision.,2.1
TKT004523,2020-04-01,90014135,A4118110106,Netherlands,Quality,neutral,Low,We need clarification about the product quality and warranty.,8.0
TKT004524,2020-03-01,80006154,A2620150605,Philiphines,Product information,neutral,Low,Please provide more information about the product and available variants.,12.0
TKT004525,2020-11-01,90019200,A3621150805,Sweden,Positive,positive,Medium,The product is performing well and we are considering another order.,8.2
TKT004526,2020-03-01,90003179,A4419110405,Indonesia,Product information,neutral,Medium,Please provide more information about the product and available variants.,1.7
TKT004527,2018-09-01,90019200,A2021150503,Sweden,Delivery,negative,Medium,Delivery is taking longer than expected and this is affecting our purchase decision.,2.4
TKT004528,2019-10-01,90001021,A4721110705,China,Positive,positive,High,The product is performing well and we are considering another order.,12.6
TKT004529,2019-03-01,70020104,A0621150308,Austria,Delivery,negative,Low,Delivery is taking longer than expected and this is affecting our purchase decision.,1.4
TKT004530,2021-04-01,70003182,A5621110403,Indonesia,Product information,neutral,Medium,Please provide more information about the product and available variants.,6.5
TKT004531,2019-04-01,90010045,A2721150704,Bangladesh,Positive,positive,High,The product is performing well and we are considering another order.,2.1
TKT004532,2021-06-01,90022077,A6319160202,USA,Positive,positive,Medium,The product is performing well and we are considering another order.,11.3
TKT004533,2021-04-01,80006155,A6819160203,Philiphines,Quality,neutral,Low,We need clarification about the product quality and warranty.,2.8
TKT004534,2021-06-01,90002010,A6018110103,India,Delivery,negative,Medium,Delivery is taking longer than expected and this is affecting our purchase decision.,6.9
TKT004535,2020-03-01,90004064,A4720110702,Japan,Delivery,negative,High,Delivery is taking longer than expected and this is affecting our purchase decision.,6.0
TKT004536,2020-10-01,90020103,A0519150203,Austria,Positive,positive,High,The product is performing well and we are considering another order.,8.3
TKT004537,2020-08-01,90017051,A3120150304,Portugal,Product information,neutral,Medium,Please provide more information about the product and available variants.,5.7
TKT004538,2020-10-01,70003181,A4721110705,Indonesia,Positive,positive,Low,The product is performing well and we are considering another order.,5.7
TKT004539,2020-06-01,90018110,A1118150201,Spain,Product information,neutral,Medium,Please provide more information about the product and available variants.,3.4
TKT004540,2018-11-01,90003179,A2419150405,Indonesia,Delivery,negative,Low,Delivery is taking longer than expected and this is affecting our purchase decision.,2.1
TKT004541,2020-10-01,90017055,A5620110402,Portugal,Positive,positive,Medium,The product is performing well and we are considering another order.,6.3
TKT004542,2020-01-01,90011186,A1618150104,France,Positive,positive,Low,The product is performing well and we are considering another order.,3.7
TKT004543,2021-06-01,90014135,A2918150106,Netherlands,Positive,positive,Medium,The product is performing well and we are considering another order.,6.6
TKT004544,2018-10-01,90016173,A4419110405,Poland,Delivery,negative,Medium,Delivery is taking longer than expected and this is affecting our purchase decision.,8.5
TKT004545,2021-07-01,90002015,A1018150103,India,Delivery,negative,High,Delivery is taking longer than expected and this is affecting our purchase decision.,4.5
TKT004546,2020-04-01,70004070,A0118150102,Japan,Delivery,negative,Low,Delivery is taking longer than expected and this is affecting our purchase decision.,5.1
TKT004547,2019-09-01,90017053,A7119160103,Portugal,Product information,neutral,Medium,Please provide more information about the product and available variants.,3.7
TKT004548,2021-02-01,90015144,A3421150604,Norway,Delivery,negative,Low,Delivery is taking longer than expected and this is affecting our purchase decision.,13.4
TKT004549,2018-09-01,90009129,A4318110301,Newzealand,Quality,neutral,Medium,We need clarification about the product quality and warranty.,1.9
TKT004550,2021-04-01,90009129,A6621160503,Newzealand,Delivery,negative,Low,Delivery is taking longer than expected and this is affecting our purchase decision.,7.8
TKT004551,2019-09-01,90002005,A7119160102,India,Product information,neutral,Medium,Please provide more information about the product and available variants.,9.8
TKT004552,2019-04-01,90001021,A3521150706,China,Delivery,negative,Low,Delivery is taking longer than expected and this is affecting our purchase decision.,4.5
TKT004553,2018-10-01,90016175,A4419110405,Poland,Quality,neutral,Medium,We need clarification about the product quality and warranty.,4.7
TKT004554,2019-08-01,80006154,A3920150303,Philiphines,Product information,neutral,Low,Please provide more information about the product and available variants.,1.7
TKT004555,2021-04-01,90022073,A1118150202,USA,Positive,positive,Low,The product is performing well and we are considering another order.,19.4
TKT004556,2018-09-01,90005161,A4419110407,Pakistan,Positive,positive,Medium,The product is performing well and we are considering another order.,15.4
TKT004557,2021-04-01,90023025,A5419110201,Canada,Positive,positive,Low,The product is performing well and we are considering another order.,4.8
TKT004558,2021-05-01,90017057,A2721150702,Portugal,Positive,positive,Low,The product is performing well and we are considering another order.,9.7
TKT004559,2021-08-01,70016178,A5621110405,Poland,Delivery,negative,Medium,Delivery is taking longer than expected and this is affecting our purchase decision.,5.2
TKT004560,2021-02-01,90011185,A2918150102,France,Positive,positive,Low,The product is performing well and we are considering another order.,6.5
TKT004561,2020-10-01,90016171,A5721110501,Poland,Positive,positive,Medium,The product is performing well and we are considering another order.,3.9
TKT004562,2019-04-01,90019201,A3718150101,Sweden,Product information,neutral,Medium,Please provide more information about the product and available variants.,4.5
TKT004563,2019-05-01,90009129,A4419110407,Newzealand,Positive,positive,Medium,The product is performing well and we are considering another order.,2.2
TKT004564,2021-05-01,90021093,A6218160102,United Kingdom,Delivery,negative,Low,Delivery is taking longer than expected and this is affecting our purchase decision.,5.3
TKT004565,2021-07-01,90012033,A7118160101,Germany,Positive,positive,Low,The product is performing well and we are considering another order.,1.5
TKT004566,2020-04-01,90001021,A3119150301,China,Positive,positive,Medium,The product is performing well and we are considering another order.,8.0
TKT004567,2021-02-01,90023024,A4218110205,Canada,Delivery,negative,Medium,Delivery is taking longer than expected and this is affecting our purchase decision.,10.5
TKT004568,2021-05-01,70015152,A4319110304,Norway,Delivery,negative,Medium,Delivery is taking longer than expected and this is affecting our purchase decision.,5.7
TKT004569,2020-11-01,70012042,A1919150403,Germany,Positive,positive,Medium,The product is performing well and we are considering another order.,1.0
TKT004570,2020-09-01,90022073,A0418150101,USA,Product information,neutral,Medium,Please provide more information about the product and available variants.,10.9
TKT004571,2019-05-01,90015150,A2118150105,Norway,Delivery,negative,Medium,Delivery is taking longer than expected and this is affecting our purchase decision.,2.3
TKT004572,2019-09-01,90009127,A6520160403,Newzealand,Product information,neutral,Low,Please provide more information about the product and available variants.,7.4
TKT004573,2019-08-01,90009130,A0320150301,Newzealand,Quality,neutral,Medium,We need clarification about the product quality and warranty.,2.7
TKT004574,2019-08-01,90017049,A4821110805,Portugal,Delivery,negative,Low,Delivery is taking longer than expected and this is affecting our purchase decision.,8.4
TKT004575,2019-02-01,90008167,A2520150501,Australia,Delivery,negative,Medium,Delivery is taking longer than expected and this is affecting our purchase decision.,14.6
TKT004576,2020-08-01,90022082,A3718150101,USA,Quality,neutral,Medium,We need clarification about the product quality and warranty.,10.6
TKT004577,2019-08-01,90008167,A2620150602,Australia,Delivery,negative,Low,Delivery is taking longer than expected and this is affecting our purchase decision.,13.5
TKT004578,2021-07-01,90002004,A4520110504,India,Quality,neutral,Medium,We need clarification about the product quality and warranty.,9.6
TKT004579,2019-03-01,90012040,A4318110301,Germany,Delivery,negative,High,Delivery is taking longer than expected and this is affecting our purchase decision.,4.8
TKT004580,2019-12-01,70012043,A6119110201,Germany,Product information,neutral,Low,Please provide more information about the product and available variants.,1.6
TKT004581,2021-07-01,70008169,A3320150504,Australia,Product information,neutral,Medium,Please provide more information about the product and available variants.,5.5
TKT004582,2019-05-01,70003182,A3320150502,Indonesia,Quality,neutral,Low,We need clarification about the product quality and warranty.,12.0
TKT004583,2021-06-01,90002004,A2821150802,India,Product information,neutral,Medium,Please provide more information about the product and available variants.,1.9
TKT004584,2021-01-01,90003179,A0721150403,Indonesia,Product information,neutral,Low,Please provide more information about the product and available variants.,8.4
TKT004585,2019-12-01,90015148,A4118110106,Norway,Product information,neutral,Medium,Please provide more information about the product and available variants.,10.4
TKT004586,2019-03-01,90010044,A1118150201,Bangladesh,Positive,positive,Medium,The product is performing well and we are considering another order.,0.8
TKT004587,2018-11-01,90023029,A6018110101,Canada,Delivery,negative,Medium,Delivery is taking longer than expected and this is affecting our purchase decision.,14.8
TKT004588,2019-10-01,90002013,A1421150503,India,Product information,neutral,Medium,Please provide more information about the product and available variants.,11.9
TKT004589,2020-07-01,90002016,A2520150505,India,Delivery,negative,Low,Delivery is taking longer than expected and this is affecting our purchase decision.,6.8
TKT004590,2020-01-01,90022078,A2219150206,USA,Delivery,negative,Low,Delivery is taking longer than expected and this is affecting our purchase decision.,7.1
TKT004591,2020-08-01,90008166,A3420150601,Australia,Delivery,negative,Medium,Delivery is taking longer than expected and this is affecting our purchase decision.,3.2
TKT004592,2021-03-01,90005160,A2620150602,Pakistan,Positive,positive,Low,The product is performing well and we are considering another order.,2.7
TKT004593,2019-07-01,70006157,A2319150301,Philiphines,Positive,positive,Medium,The product is performing well and we are considering another order.,2.9
TKT004594,2021-01-01,70014142,A5318110107,Netherlands,Quality,neutral,High,We need clarification about the product quality and warranty.,11.7
TKT004595,2021-02-01,90003180,A1521150603,Indonesia,Positive,positive,Low,The product is performing well and we are considering another order.,3.6
TKT004596,2020-11-01,90017049,A2620150601,Portugal,Delivery,negative,High,Delivery is taking longer than expected and this is affecting our purchase decision.,2.3
TKT004597,2021-05-01,90013120,A4118110106,Italy,Quality,neutral,Low,We need clarification about the product quality and warranty.,2.0
TKT004598,2020-10-01,90009130,A3718150105,Newzealand,Quality,neutral,Low,We need clarification about the product quality and warranty.,10.5
TKT004599,2019-07-01,70023031,A2620150601,Canada,Product information,neutral,Medium,Please provide more information about the product and available variants.,5.3
TKT004600,2020-12-01,90019200,A2419150405,Sweden,Quality,neutral,Low,We need clarification about the product quality and warranty.,7.1
TKT004601,2019-11-01,90008164,A4118110101,Australia,Positive,positive,Low,The product is performing well and we are considering another order.,0.3
TKT004602,2020-03-01,90017055,A1819150303,Portugal,Quality,neutral,Medium,We need clarification about the product quality and warranty.,4.7
TKT004603,2019-06-01,70008170,A4419110407,Australia,Positive,positive,Low,The product is performing well and we are considering another order.,2.3
TKT004604,2020-09-01,90019200,A0418150101,Sweden,Positive,positive,Low,The product is performing well and we are considering another order.,5.1
TKT004605,2019-07-01,70014142,A5519110304,Netherlands,Product information,neutral,Low,Please provide more information about the product and available variants.,2.5
TKT004606,2020-06-01,90012041,A4721110708,Germany,Product information,neutral,Medium,Please provide more information about the product and available variants.,8.0
TKT004607,2021-03-01,90013117,A5621110404,Italy,Quality,neutral,Low,We need clarification about the product quality and warranty.,5.9
TKT004608,2020-08-01,70004070,A2219150206,Japan,Delivery,negative,Medium,Delivery is taking longer than expected and this is affecting our purchase decision.,6.6
TKT004609,2021-01-01,90018112,A3019150206,Spain,Quality,neutral,High,We need clarification about the product quality and warranty.,3.3
TKT004610,2021-04-01,90017053,A4720110701,Portugal,Positive,positive,Medium,The product is performing well and we are considering another order.,3.0
TKT004611,2020-02-01,90002015,A4419110404,India,Quality,neutral,Low,We need clarification about the product quality and warranty.,1.2
TKT004612,2019-05-01,90017050,A4218110207,Portugal,Product information,neutral,High,Please provide more information about the product and available variants.,3.3
TKT004613,2020-02-01,80001019,A5520110307,China,Positive,positive,High,The product is performing well and we are considering another order.,14.4
TKT004614,2020-11-01,90015145,A0921150603,Norway,Positive,positive,Low,The product is performing well and we are considering another order.,7.6
TKT004615,2021-06-01,70021096,A2821150804,United Kingdom,Positive,positive,Low,The product is performing well and we are considering another order.,13.5
TKT004616,2019-01-01,90004062,A3521150704,Japan,Delivery,negative,Medium,Delivery is taking longer than expected and this is affecting our purchase decision.,6.2
TKT004617,2019-02-01,70015152,A6818160202,Norway,Delivery,negative,High,Delivery is taking longer than expected and this is affecting our purchase decision.,10.0
TKT004618,2020-07-01,90022073,A2020150501,USA,Delivery,negative,Medium,Delivery is taking longer than expected and this is affecting our purchase decision.,14.5
TKT004619,2021-03-01,90004064,A5318110101,Japan,Delivery,negative,Low,Delivery is taking longer than expected and this is affecting our purchase decision.,6.1
TKT004620,2020-02-01,70006157,A0321150302,Philiphines,Product information,neutral,Medium,Please provide more information about the product and available variants.,2.6
TKT004621,2021-04-01,90019202,A2918150104,Sweden,Delivery,negative,Low,Delivery is taking longer than expected and this is affecting our purchase decision.,7.1
TKT004622,2020-01-01,70022084,A0821150504,USA,Delivery,negative,High,Delivery is taking longer than expected and this is affecting our purchase decision.,4.7
TKT004623,2019-05-01,70019204,A1919150401,Sweden,Positive,positive,Low,The product is performing well and we are considering another order.,1.7
TKT004624,2019-03-01,90002008,A3119150301,India,Quality,neutral,Low,We need clarification about the product quality and warranty.,14.2
TKT004625,2020-11-01,90001020,A6319160203,China,Quality,neutral,Low,We need clarification about the product quality and warranty.,5.3
TKT004626,2019-06-01,80001019,A4319110304,China,Delivery,negative,Low,Delivery is taking longer than expected and this is affecting our purchase decision.,9.3
TKT004627,2021-01-01,70006158,A2319150302,Philiphines,Quality,neutral,Low,We need clarification about the product quality and warranty.,0.7
TKT004628,2020-09-01,90021093,A1718150201,United Kingdom,Product information,neutral,Low,Please provide more information about the product and available variants.,7.3
TKT004629,2021-07-01,90005162,A0821150504,Pakistan,Delivery,negative,Low,Delivery is taking longer than expected and this is affecting our purchase decision.,8.5
TKT004630,2021-01-01,70023031,A5621110408,Canada,Delivery,negative,Medium,Delivery is taking longer than expected and this is affecting our purchase decision.,4.6
TKT004631,2018-11-01,90016173,A3421150604,Poland,Delivery,negative,Low,Delivery is taking longer than expected and this is affecting our purchase decision.,6.4
TKT004632,2020-06-01,90002003,A2620150605,India,Product information,neutral,Medium,Please provide more information about the product and available variants.,3.5
TKT004633,2021-05-01,90018114,A4419110405,Spain,Positive,positive,Medium,The product is performing well and we are considering another order.,11.4
TKT004634,2020-10-01,80007195,A7219160201,South Korea,Product information,neutral,Medium,Please provide more information about the product and available variants.,3.9
TKT004635,2021-03-01,80006155,A0118150104,Philiphines,Quality,neutral,Low,We need clarification about the product quality and warranty.,17.5
TKT004636,2019-10-01,90005159,A2420150406,Pakistan,Delivery,negative,Medium,Delivery is taking longer than expected and this is affecting our purchase decision.,3.1
TKT004637,2019-01-01,70014143,A7118160101,Netherlands,Quality,neutral,Medium,We need clarification about the product quality and warranty.,6.6
TKT004638,2019-04-01,90020102,A0721150404,Austria,Quality,neutral,Medium,We need clarification about the product quality and warranty.,3.1
TKT004639,2020-02-01,90006153,A6019110107,Philiphines,Positive,positive,Low,The product is performing well and we are considering another order.,3.5
TKT004640,2019-06-01,90018109,A0519150208,Spain,Delivery,negative,Medium,Delivery is taking longer than expected and this is affecting our purchase decision.,11.5
TKT004641,2020-01-01,90006156,A6719160101,Philiphines,Quality,neutral,Low,We need clarification about the product quality and warranty.,2.7
TKT004642,2021-07-01,90018109,A3521150701,Spain,Quality,neutral,Medium,We need clarification about the product quality and warranty.,3.5
TKT004643,2019-09-01,70021096,A3920150303,United Kingdom,Product information,neutral,Low,Please provide more information about the product and available variants.,13.1
TKT004644,2019-01-01,90019203,A0118150102,Sweden,Quality,neutral,High,We need clarification about the product quality and warranty.,18.2
TKT004645,2021-05-01,90009127,A7119160102,Newzealand,Delivery,negative,Medium,Delivery is taking longer than expected and this is affecting our purchase decision.,0.4
TKT004646,2019-10-01,90013124,A6719160101,Italy,Product information,neutral,Low,Please provide more information about the product and available variants.,7.6
TKT004647,2019-09-01,80007196,A7119160102,South Korea,Positive,positive,Medium,The product is performing well and we are considering another order.,7.5
TKT004648,2020-12-01,90022081,A6520160403,USA,Delivery,negative,Low,Delivery is taking longer than expected and this is affecting our purchase decision.,5.5
TKT004649,2021-03-01,90023024,A0321150302,Canada,Delivery,negative,High,Delivery is taking longer than expected and this is affecting our purchase decision.,12.0
TKT004650,2020-02-01,90005161,A2118150105,Pakistan,Positive,positive,Low,The product is performing well and we are considering another order.,3.6
TKT004651,2021-03-01,90016176,A5620110402,Poland,Positive,positive,Low,The product is performing well and we are considering another order.,9.1
TKT004652,2020-02-01,80007195,A0320150301,South Korea,Positive,positive,Low,The product is performing well and we are considering another order.,3.7
TKT004653,2020-10-01,90020098,A7321160303,Austria,Product information,neutral,Low,Please provide more information about the product and available variants.,5.4
TKT004654,2020-04-01,90017049,A4118110107,Portugal,Positive,positive,Low,The product is performing well and we are considering another order.,7.2
TKT004655,2018-11-01,70022084,A6620160502,USA,Product information,neutral,Medium,Please provide more information about the product and available variants.,3.1
TKT004656,2020-07-01,90005162,A2918150106,Pakistan,Quality,neutral,Medium,We need clarification about the product quality and warranty.,5.7
TKT004657,2019-07-01,90020100,A4520110506,Austria,Delivery,negative,Low,Delivery is taking longer than expected and this is affecting our purchase decision.,2.2
TKT004658,2020-08-01,90019202,A6019110108,Sweden,Positive,positive,High,The product is performing well and we are considering another order.,4.0
TKT004659,2019-01-01,90007197,A5419110203,South Korea,Positive,positive,Low,The product is performing well and we are considering another order.,4.3
TKT004660,2021-05-01,90017051,A1219150303,Portugal,Product information,neutral,Low,Please provide more information about the product and available variants.,8.5
TKT004661,2021-02-01,90016176,A1420150502,Poland,Positive,positive,Medium,The product is performing well and we are considering another order.,2.8
TKT004662,2020-01-01,70003182,A1219150302,Indonesia,Quality,neutral,Low,We need clarification about the product quality and warranty.,14.0
TKT004663,2020-07-01,80007196,A3120150305,South Korea,Positive,positive,Medium,The product is performing well and we are considering another order.,13.3
TKT004664,2021-08-01,90019201,A4419110406,Sweden,Quality,neutral,Low,We need clarification about the product quality and warranty.,4.1
TKT004665,2020-12-01,90011187,A0321150303,France,Quality,neutral,High,We need clarification about the product quality and warranty.,9.0
TKT004666,2020-12-01,90005161,A0519150205,Pakistan,Positive,positive,Medium,The product is performing well and we are considering another order.,11.1
TKT004667,2021-01-01,90002011,A3819150205,India,Positive,positive,Medium,The product is performing well and we are considering another order.,1.3
TKT004668,2018-10-01,90016176,A5621110404,Poland,Delivery,negative,Low,Delivery is taking longer than expected and this is affecting our purchase decision.,7.4
TKT004669,2021-04-01,90017056,A5318110101,Portugal,Quality,neutral,Low,We need clarification about the product quality and warranty.,7.8
TKT004670,2019-10-01,90018109,A5721110507,Spain,Product information,neutral,Medium,Please provide more information about the product and available variants.,7.5
TKT004671,2020-09-01,90005160,A4821110806,Pakistan,Product information,neutral,Medium,Please provide more information about the product and available variants.,5.8
TKT004672,2019-01-01,90002007,A0219150202,India,Quality,neutral,Low,We need clarification about the product quality and warranty.,3.2
TKT004673,2021-05-01,70018115,A4520110505,Spain,Quality,neutral,Medium,We need clarification about the product quality and warranty.,3.0
TKT004674,2020-12-01,70016178,A2821150804,Poland,Product information,neutral,Low,Please provide more information about the product and available variants.,5.8
TKT004675,2021-01-01,90016174,A4118110105,Poland,Delivery,negative,Low,Delivery is taking longer than expected and this is affecting our purchase decision.,4.0
TKT004676,2019-09-01,70006158,A3119150301,Philiphines,Positive,positive,High,The product is performing well and we are considering another order.,1.3
TKT004677,2021-02-01,90010046,A5519110302,Bangladesh,Product information,neutral,High,Please provide more information about the product and available variants.,3.4
TKT004678,2020-01-01,90005162,A0418150107,Pakistan,Positive,positive,Medium,The product is performing well and we are considering another order.,7.0
TKT004679,2021-03-01,90002003,A6119110202,India,Quality,neutral,Low,We need clarification about the product quality and warranty.,12.4
TKT004680,2019-06-01,90017051,A2420150406,Portugal,Quality,neutral,Medium,We need clarification about the product quality and warranty.,11.6
TKT004681,2020-05-01,90014140,A3320150504,Netherlands,Positive,positive,Low,The product is performing well and we are considering another order.,9.5
TKT004682,2020-04-01,90018110,A1219150303,Spain,Delivery,negative,Low,Delivery is taking longer than expected and this is affecting our purchase decision.,1.7
TKT004683,2019-06-01,90017051,A2520150506,Portugal,Product information,neutral,Low,Please provide more information about the product and available variants.,5.6
TKT004684,2021-03-01,90018109,A3819150203,Spain,Product information,neutral,Medium,Please provide more information about the product and available variants.,4.0
TKT004685,2020-09-01,90002011,A3420150602,India,Delivery,negative,Low,Delivery is taking longer than expected and this is affecting our purchase decision.,11.8
TKT004686,2021-03-01,90015149,A2118150106,Norway,Product information,neutral,Low,Please provide more information about the product and available variants.,2.8
TKT004687,2021-07-01,90015148,A4419110408,Norway,Positive,positive,Low,The product is performing well and we are considering another order.,2.6
TKT004688,2020-07-01,90005162,A3320150506,Pakistan,Delivery,negative,High,Delivery is taking longer than expected and this is affecting our purchase decision.,2.5
TKT004689,2021-04-01,90019200,A3421150605,Sweden,Delivery,negative,Medium,Delivery is taking longer than expected and this is affecting our purchase decision.,6.6
TKT004690,2021-02-01,90010044,A0821150503,Bangladesh,Product information,neutral,Medium,Please provide more information about the product and available variants.,10.9
TKT004691,2019-01-01,90004068,A4821110804,Japan,Positive,positive,Medium,The product is performing well and we are considering another order.,6.5
TKT004692,2019-07-01,90008165,A1018150101,Australia,Delivery,negative,Low,Delivery is taking longer than expected and this is affecting our purchase decision.,4.7
TKT004693,2019-04-01,70006157,A6919160302,Philiphines,Quality,neutral,Medium,We need clarification about the product quality and warranty.,2.2
TKT004694,2019-06-01,90004061,A4419110405,Japan,Delivery,negative,Low,Delivery is taking longer than expected and this is affecting our purchase decision.,10.3
TKT004695,2018-09-01,90008167,A6621160503,Australia,Quality,neutral,Low,We need clarification about the product quality and warranty.,6.4
TKT004696,2019-01-01,90005161,A4620110608,Pakistan,Positive,positive,Low,The product is performing well and we are considering another order.,4.1
TKT004697,2019-09-01,90018108,A3819150203,Spain,Delivery,negative,Low,Delivery is taking longer than expected and this is affecting our purchase decision.,13.8
TKT004698,2019-01-01,70014143,A0821150501,Netherlands,Product information,neutral,Medium,Please provide more information about the product and available variants.,3.3
TKT004699,2020-09-01,90008166,A2620150606,Australia,Product information,neutral,Low,Please provide more information about the product and available variants.,8.3
TKT004700,2021-08-01,90002012,A4520110507,India,Delivery,negative,Low,Delivery is taking longer than expected and this is affecting our purchase decision.,2.0
TKT004701,2020-02-01,70003182,A3819150203,Indonesia,Quality,neutral,High,We need clarification about the product quality and warranty.,2.9
TKT004702,2020-07-01,80007196,A5621110407,South Korea,Positive,positive,Medium,The product is performing well and we are considering another order.,28.5
TKT004703,2021-04-01,90017057,A5318110105,Portugal,Quality,neutral,Low,We need clarification about the product quality and warranty.,3.1
TKT004704,2020-04-01,70012043,A6119110202,Germany,Positive,positive,Low,The product is performing well and we are considering another order.,12.2
TKT004705,2020-06-01,90010045,A1219150303,Bangladesh,Quality,neutral,Low,We need clarification about the product quality and warranty.,7.7
TKT004706,2021-08-01,90014136,A5721110502,Netherlands,Product information,neutral,Medium,Please provide more information about the product and available variants.,5.3
TKT004707,2020-01-01,90019202,A1618150103,Sweden,Product information,neutral,Medium,Please provide more information about the product and available variants.,2.9
TKT004708,2019-07-01,90014135,A3718150101,Netherlands,Product information,neutral,Medium,Please provide more information about the product and available variants.,6.6
TKT004709,2018-11-01,90015144,A1718150201,Norway,Delivery,negative,Medium,Delivery is taking longer than expected and this is affecting our purchase decision.,4.3
TKT004710,2019-06-01,90002015,A2821150804,India,Positive,positive,Medium,The product is performing well and we are considering another order.,3.4
TKT004711,2019-11-01,90021087,A1420150502,United Kingdom,Quality,neutral,Low,We need clarification about the product quality and warranty.,6.6
TKT004712,2020-06-01,90011191,A1521150603,France,Product information,neutral,Low,Please provide more information about the product and available variants.,6.4
TKT004713,2021-02-01,90016174,A0620150303,Poland,Positive,positive,High,The product is performing well and we are considering another order.,10.1
TKT004714,2020-09-01,70006157,A1018150102,Philiphines,Product information,neutral,Low,Please provide more information about the product and available variants.,14.4
TKT004715,2020-08-01,70009134,A0118150102,Newzealand,Positive,positive,Medium,The product is performing well and we are considering another order.,6.3
TKT004716,2018-12-01,90017057,A7321160301,Portugal,Positive,positive,Low,The product is performing well and we are considering another order.,4.4
TKT004717,2020-01-01,70014143,A3420150602,Netherlands,Delivery,negative,Medium,Delivery is taking longer than expected and this is affecting our purchase decision.,4.9
TKT004718,2019-08-01,90004063,A6720160103,Japan,Product information,neutral,Low,Please provide more information about the product and available variants.,9.1
TKT004719,2019-09-01,90018110,A4419110404,Spain,Delivery,negative,Medium,Delivery is taking longer than expected and this is affecting our purchase decision.,3.5
TKT004720,2020-04-01,90018107,A3019150206,Spain,Positive,positive,Medium,The product is performing well and we are considering another order.,2.7
TKT004721,2020-04-01,90010044,A1018150102,Bangladesh,Positive,positive,Medium,The product is performing well and we are considering another order.,8.0
TKT004722,2021-08-01,90022078,A3320150501,USA,Product information,neutral,Low,Please provide more information about the product and available variants.,2.6
TKT004723,2019-11-01,90002003,A4821110805,India,Positive,positive,Low,The product is performing well and we are considering another order.,4.4
TKT004724,2020-02-01,90015147,A4419110401,Norway,Delivery,negative,Medium,Delivery is taking longer than expected and this is affecting our purchase decision.,6.8
TKT004725,2021-04-01,90011185,A4520110505,France,Quality,neutral,Low,We need clarification about the product quality and warranty.,2.2
TKT004726,2021-07-01,90023029,A0418150105,Canada,Positive,positive,Medium,The product is performing well and we are considering another order.,3.6
TKT004727,2020-04-01,90022081,A4721110704,USA,Positive,positive,Low,The product is performing well and we are considering another order.,5.0
TKT004728,2019-11-01,70007198,A6218160101,South Korea,Delivery,negative,Low,Delivery is taking longer than expected and this is affecting our purchase decision.,0.9
TKT004729,2019-10-01,70015151,A3819150203,Norway,Positive,positive,Low,The product is performing well and we are considering another order.,8.0
TKT004730,2021-05-01,90020097,A6919160302,Austria,Quality,neutral,Medium,We need clarification about the product quality and warranty.,1.2
TKT004731,2020-02-01,70021096,A2620150601,United Kingdom,Quality,neutral,Medium,We need clarification about the product quality and warranty.,7.1
TKT004732,2019-11-01,90022078,A2219150204,USA,Quality,neutral,Low,We need clarification about the product quality and warranty.,11.4
TKT004733,2019-12-01,90001020,A7018160402,China,Delivery,negative,High,Delivery is taking longer than expected and this is affecting our purchase decision.,4.3
TKT004734,2020-08-01,80006154,A3018150201,Philiphines,Positive,positive,Medium,The product is performing well and we are considering another order.,2.4
TKT004735,2020-06-01,90017056,A5419110208,Portugal,Product information,neutral,Medium,Please provide more information about the product and available variants.,16.9
TKT004736,2021-08-01,90022081,A1118150201,USA,Positive,positive,Medium,The product is performing well and we are considering another order.,4.0
TKT004737,2020-06-01,90001021,A4821110804,China,Quality,neutral,Low,We need clarification about the product quality and warranty.,5.5
TKT004738,2021-04-01,90019200,A2821150801,Sweden,Positive,positive,Medium,The product is performing well and we are considering another order.,10.6
TKT004739,2019-01-01,90008165,A4318110301,Australia,Delivery,negative,Medium,Delivery is taking longer than expected and this is affecting our purchase decision.,5.9
TKT004740,2021-02-01,90021089,A4218110201,United Kingdom,Positive,positive,Low,The product is performing well and we are considering another order.,1.4
TKT004741,2018-10-01,70019204,A1718150201,Sweden,Quality,neutral,Medium,We need clarification about the product quality and warranty.,3.2
TKT004742,2020-10-01,90023025,A2319150304,Canada,Quality,neutral,Low,We need clarification about the product quality and warranty.,0.8
TKT004743,2021-06-01,90009129,A4118110104,Newzealand,Product information,neutral,Low,Please provide more information about the product and available variants.,4.8
TKT004744,2021-01-01,90018108,A5520110307,Spain,Positive,positive,Medium,The product is performing well and we are considering another order.,5.1
TKT004745,2019-06-01,90010046,A3420150601,Bangladesh,Positive,positive,Low,The product is performing well and we are considering another order.,11.1
TKT004746,2021-03-01,90004065,A0821150501,Japan,Delivery,negative,Low,Delivery is taking longer than expected and this is affecting our purchase decision.,16.1
TKT004747,2020-03-01,70008170,A6621160503,Australia,Delivery,negative,Low,Delivery is taking longer than expected and this is affecting our purchase decision.,14.6
TKT004748,2019-05-01,90017059,A0821150504,Portugal,Delivery,negative,Low,Delivery is taking longer than expected and this is affecting our purchase decision.,4.0
TKT004749,2020-09-01,90004067,A5621110407,Japan,Positive,positive,Medium,The product is performing well and we are considering another order.,6.1
TKT004750,2019-09-01,70018115,A0118150102,Spain,Quality,neutral,Medium,We need clarification about the product quality and warranty.,2.4
TKT004751,2020-06-01,90017057,A6019110107,Portugal,Positive,positive,Medium,The product is performing well and we are considering another order.,8.0
TKT004752,2020-01-01,90007197,A6319160202,South Korea,Delivery,negative,High,Delivery is taking longer than expected and this is affecting our purchase decision.,4.4
TKT004753,2019-05-01,90002010,A2020150501,India,Positive,positive,High,The product is performing well and we are considering another order.,2.9
TKT004754,2020-03-01,90014140,A4118110105,Netherlands,Product information,neutral,Low,Please provide more information about the product and available variants.,2.8
TKT004755,2019-06-01,90003179,A5318110102,Indonesia,Delivery,negative,Low,Delivery is taking longer than expected and this is affecting our purchase decision.,4.6
TKT004756,2021-08-01,90005160,A1420150501,Pakistan,Delivery,negative,Medium,Delivery is taking longer than expected and this is affecting our purchase decision.,1.6
TKT004757,2019-08-01,90015144,A4520110506,Norway,Quality,neutral,Medium,We need clarification about the product quality and warranty.,11.8
TKT004758,2020-12-01,70006158,A6120110207,Philiphines,Product information,neutral,Low,Please provide more information about the product and available variants.,3.2
TKT004759,2020-12-01,70008170,A6818160202,Australia,Delivery,negative,Low,Delivery is taking longer than expected and this is affecting our purchase decision.,8.5
TKT004760,2020-11-01,90013124,A4821110805,Italy,Delivery,negative,Low,Delivery is taking longer than expected and this is affecting our purchase decision.,0.9
TKT004761,2019-05-01,90019202,A3718150101,Sweden,Positive,positive,Low,The product is performing well and we are considering another order.,9.8
TKT004762,2020-09-01,70023032,A5620110402,Canada,Product information,neutral,High,Please provide more information about the product and available variants.,3.1
TKT004763,2021-06-01,70003182,A2520150501,Indonesia,Delivery,negative,Low,Delivery is taking longer than expected and this is affecting our purchase decision.,5.3
TKT004764,2018-09-01,90013121,A4319110304,Italy,Positive,positive,Medium,The product is performing well and we are considering another order.,0.4
TKT004765,2019-04-01,90015144,A6319160202,Norway,Positive,positive,Low,The product is performing well and we are considering another order.,2.1
TKT004766,2020-04-01,90014140,A5318110102,Netherlands,Quality,neutral,Medium,We need clarification about the product quality and warranty.,7.1
TKT004767,2021-04-01,90003179,A2319150306,Indonesia,Positive,positive,Low,The product is performing well and we are considering another order.,15.6
TKT004768,2020-07-01,90013119,A2319150302,Italy,Quality,neutral,Medium,We need clarification about the product quality and warranty.,16.7
TKT004769,2021-03-01,90008167,A0721150403,Australia,Delivery,negative,Medium,Delivery is taking longer than expected and this is affecting our purchase decision.,3.6
TKT004770,2020-02-01,90014141,A6720160103,Netherlands,Positive,positive,Medium,The product is performing well and we are considering another order.,10.6
TKT004771,2021-05-01,90005162,A3718150105,Pakistan,Product information,neutral,Low,Please provide more information about the product and available variants.,8.7
TKT004772,2020-01-01,90023028,A4620110607,Canada,Product information,neutral,Low,Please provide more information about the product and available variants.,3.1
TKT004773,2019-06-01,90020099,A6218160101,Austria,Delivery,negative,Medium,Delivery is taking longer than expected and this is affecting our purchase decision.,6.1
TKT004774,2020-07-01,90012034,A6319160203,Germany,Quality,neutral,Medium,We need clarification about the product quality and warranty.,4.4
TKT004775,2020-02-01,90012033,A3521150701,Germany,Positive,positive,High,The product is performing well and we are considering another order.,3.9
TKT004776,2019-01-01,90005161,A4118110101,Pakistan,Product information,neutral,Low,Please provide more information about the product and available variants.,4.6
TKT004777,2021-06-01,90005162,A2821150804,Pakistan,Quality,neutral,High,We need clarification about the product quality and warranty.,4.1
TKT004778,2019-01-01,90007197,A5620110402,South Korea,Product information,neutral,High,Please provide more information about the product and available variants.,8.9
TKT004779,2020-11-01,70012043,A3621150805,Germany,Product information,neutral,High,Please provide more information about the product and available variants.,3.0
TKT004780,2020-08-01,90019203,A5318110103,Sweden,Delivery,negative,Medium,Delivery is taking longer than expected and this is affecting our purchase decision.,12.1
TKT004781,2019-08-01,70019204,A6720160103,Sweden,Delivery,negative,Low,Delivery is taking longer than expected and this is affecting our purchase decision.,6.0
TKT004782,2020-02-01,90009132,A4218110206,Newzealand,Positive,positive,Low,The product is performing well and we are considering another order.,6.2
TKT004783,2019-11-01,70010048,A1018150101,Bangladesh,Positive,positive,Medium,The product is performing well and we are considering another order.,8.3
TKT004784,2019-09-01,90021087,A4720110701,United Kingdom,Quality,neutral,Low,We need clarification about the product quality and warranty.,3.8
TKT004785,2021-03-01,90006156,A2218150202,Philiphines,Delivery,negative,Medium,Delivery is taking longer than expected and this is affecting our purchase decision.,7.4
TKT004786,2019-06-01,90007197,A4118110102,South Korea,Delivery,negative,Medium,Delivery is taking longer than expected and this is affecting our purchase decision.,12.8
TKT004787,2018-12-01,90009128,A4620110602,Newzealand,Product information,neutral,Low,Please provide more information about the product and available variants.,4.6
TKT004788,2019-05-01,90002009,A1618150101,India,Product information,neutral,Low,Please provide more information about the product and available variants.,3.6
TKT004789,2018-09-01,90009127,A4118110101,Newzealand,Quality,neutral,Low,We need clarification about the product quality and warranty.,6.5
TKT004790,2018-12-01,70006157,A3018150202,Philiphines,Quality,neutral,High,We need clarification about the product quality and warranty.,12.8
TKT004791,2021-03-01,70005163,A4419110405,Pakistan,Product information,neutral,High,Please provide more information about the product and available variants.,3.1
TKT004792,2020-05-01,90009127,A5318110108,Newzealand,Product information,neutral,Low,Please provide more information about the product and available variants.,10.1
TKT004793,2021-05-01,90017054,A4318110301,Portugal,Delivery,negative,Low,Delivery is taking longer than expected and this is affecting our purchase decision.,5.6
TKT004794,2019-01-01,90022073,A5419110201,USA,Positive,positive,Low,The product is performing well and we are considering another order.,5.8
TKT004795,2021-08-01,90011186,A4218110205,France,Product information,neutral,High,Please provide more information about the product and available variants.,1.4
TKT004796,2021-01-01,90002001,A2118150105,India,Product information,neutral,High,Please provide more information about the product and available variants.,12.3
TKT004797,2021-04-01,70008170,A2721150706,Australia,Product information,neutral,Low,Please provide more information about the product and available variants.,5.3
TKT004798,2020-02-01,90017059,A1018150102,Portugal,Positive,positive,Medium,The product is performing well and we are considering another order.,13.5
TKT004799,2019-10-01,70010047,A0621150307,Bangladesh,Delivery,negative,Medium,Delivery is taking longer than expected and this is affecting our purchase decision.,3.8
TKT004800,2019-10-01,70007199,A5621110404,South Korea,Delivery,negative,Medium,Delivery is taking longer than expected and this is affecting our purchase decision.,9.1
TKT004801,2019-01-01,70014143,A0418150103,Netherlands,Delivery,negative,Medium,Delivery is taking longer than expected and this is affecting our purchase decision.,3.8
TKT004802,2019-10-01,90017054,A2620150601,Portugal,Positive,positive,Low,The product is performing well and we are considering another order.,12.9
TKT004803,2021-04-01,90001020,A0320150301,China,Positive,positive,Medium,The product is performing well and we are considering another order.,6.4
TKT004804,2020-11-01,90016171,A5620110402,Poland,Product information,neutral,Low,Please provide more information about the product and available variants.,9.4
TKT004805,2019-04-01,90009128,A1219150301,Newzealand,Positive,positive,Low,The product is performing well and we are considering another order.,0.9
TKT004806,2020-07-01,70003181,A1320150403,Indonesia,Positive,positive,Medium,The product is performing well and we are considering another order.,9.9
TKT004807,2021-08-01,90003180,A0519150202,Indonesia,Quality,neutral,Medium,We need clarification about the product quality and warranty.,12.2
TKT004808,2019-04-01,90017051,A0219150201,Portugal,Delivery,negative,Low,Delivery is taking longer than expected and this is affecting our purchase decision.,8.1
TKT004809,2019-08-01,90015148,A2520150504,Norway,Quality,neutral,Medium,We need clarification about the product quality and warranty.,0.8
TKT004810,2020-05-01,90011188,A5620110402,France,Positive,positive,Medium,The product is performing well and we are considering another order.,2.9
TKT004811,2019-09-01,90017051,A0418150107,Portugal,Product information,neutral,Low,Please provide more information about the product and available variants.,18.8
TKT004812,2021-04-01,90005161,A3120150305,Pakistan,Positive,positive,Low,The product is performing well and we are considering another order.,1.8
TKT004813,2021-03-01,90009132,A2020150501,Newzealand,Positive,positive,Low,The product is performing well and we are considering another order.,1.4
TKT004814,2019-03-01,90008165,A1618150104,Australia,Delivery,negative,Low,Delivery is taking longer than expected and this is affecting our purchase decision.,13.8
TKT004815,2020-04-01,90019201,A1018150102,Sweden,Delivery,negative,Low,Delivery is taking longer than expected and this is affecting our purchase decision.,2.3
TKT004816,2021-07-01,90017053,A4620110605,Portugal,Product information,neutral,Low,Please provide more information about the product and available variants.,6.8
TKT004817,2021-03-01,90012034,A2918150101,Germany,Quality,neutral,Low,We need clarification about the product quality and warranty.,2.9
TKT004818,2018-11-01,70007199,A3420150602,South Korea,Product information,neutral,Medium,Please provide more information about the product and available variants.,5.2
TKT004819,2021-05-01,90019201,A2918150106,Sweden,Product information,neutral,High,Please provide more information about the product and available variants.,2.0
TKT004820,2019-07-01,70007198,A3621150804,South Korea,Product information,neutral,Low,Please provide more information about the product and available variants.,1.5
TKT004821,2019-01-01,90002006,A2620150602,India,Quality,neutral,Medium,We need clarification about the product quality and warranty.,19.8
TKT004822,2020-05-01,90021091,A5318110105,United Kingdom,Product information,neutral,High,Please provide more information about the product and available variants.,2.8
TKT004823,2020-03-01,70012043,A6119110202,Germany,Positive,positive,Medium,The product is performing well and we are considering another order.,1.5
TKT004824,2018-09-01,90023026,A5318110101,Canada,Delivery,negative,Low,Delivery is taking longer than expected and this is affecting our purchase decision.,1.6
TKT004825,2021-06-01,90018114,A4620110604,Spain,Positive,positive,Medium,The product is performing well and we are considering another order.,1.2
TKT004826,2019-10-01,70016178,A4520110506,Poland,Positive,positive,Low,The product is performing well and we are considering another order.,15.4
TKT004827,2019-11-01,70009133,A7321160301,Newzealand,Quality,neutral,Medium,We need clarification about the product quality and warranty.,13.7
TKT004828,2021-03-01,90021089,A5318110108,United Kingdom,Quality,neutral,Medium,We need clarification about the product quality and warranty.,6.2
TKT004829,2018-09-01,90015149,A2918150101,Norway,Quality,neutral,Medium,We need clarification about the product quality and warranty.,8.4
TKT004830,2020-06-01,90013122,A3220150406,Italy,Positive,positive,Low,The product is performing well and we are considering another order.,8.2
TKT004831,2019-08-01,90022071,A3120150305,USA,Product information,neutral,Medium,Please provide more information about the product and available variants.,3.8
TKT004832,2020-05-01,90021086,A5721110501,United Kingdom,Positive,positive,Medium,The product is performing well and we are considering another order.,5.7
TKT004833,2021-05-01,90002008,A6119110202,India,Quality,neutral,Medium,We need clarification about the product quality and warranty.,11.8
TKT004834,2021-08-01,70017060,A2419150404,Portugal,Quality,neutral,Medium,We need clarification about the product quality and warranty.,3.1
TKT004835,2019-09-01,90002001,A3120150306,India,Product information,neutral,Medium,Please provide more information about the product and available variants.,10.8
TKT004836,2021-07-01,90023024,A2620150604,Canada,Delivery,negative,Low,Delivery is taking longer than expected and this is affecting our purchase decision.,6.2
TKT004837,2019-12-01,90001020,A6019110108,China,Delivery,negative,Low,Delivery is taking longer than expected and this is affecting our purchase decision.,7.0
TKT004838,2018-12-01,80001019,A7018160402,China,Quality,neutral,Medium,We need clarification about the product quality and warranty.,10.0
TKT004839,2018-11-01,70008170,A4419110406,Australia,Delivery,negative,Medium,Delivery is taking longer than expected and this is affecting our purchase decision.,5.0
TKT004840,2021-06-01,90022083,A2218150201,USA,Product information,neutral,Medium,Please provide more information about the product and available variants.,6.0
TKT004841,2018-11-01,70016177,A3220150406,Poland,Positive,positive,Low,The product is performing well and we are considering another order.,1.5
TKT004842,2019-08-01,90013123,A5721110501,Italy,Quality,neutral,Low,We need clarification about the product quality and warranty.,2.4
TKT004843,2019-12-01,90015149,A2319150306,Norway,Product information,neutral,Medium,Please provide more information about the product and available variants.,5.3
TKT004844,2019-10-01,90012041,A1118150202,Germany,Quality,neutral,Medium,We need clarification about the product quality and warranty.,12.7
TKT004845,2019-04-01,70017060,A0418150107,Portugal,Quality,neutral,Medium,We need clarification about the product quality and warranty.,6.7
TKT004846,2019-01-01,80001019,A1819150304,China,Quality,neutral,Medium,We need clarification about the product quality and warranty.,3.6
TKT004847,2021-02-01,70010048,A7321160301,Bangladesh,Quality,neutral,Medium,We need clarification about the product quality and warranty.,6.0
TKT004848,2021-01-01,90005161,A7321160301,Pakistan,Quality,neutral,Medium,We need clarification about the product quality and warranty.,5.8
TKT004849,2019-09-01,70007198,A6018110103,South Korea,Positive,positive,Medium,The product is performing well and we are considering another order.,3.2
TKT004850,2019-05-01,90018105,A2918150101,Spain,Delivery,negative,Medium,Delivery is taking longer than expected and this is affecting our purchase decision.,6.1
TKT004851,2021-05-01,90004067,A1919150403,Japan,Product information,neutral,High,Please provide more information about the product and available variants.,11.8
TKT004852,2020-08-01,70005163,A0418150105,Pakistan,Quality,neutral,Medium,We need clarification about the product quality and warranty.,8.8
TKT004853,2018-10-01,80007195,A1018150101,South Korea,Positive,positive,Medium,The product is performing well and we are considering another order.,4.2
TKT004854,2020-12-01,90019203,A3521150701,Sweden,Quality,neutral,Medium,We need clarification about the product quality and warranty.,12.1
TKT004855,2020-05-01,70023031,A3320150504,Canada,Delivery,negative,Medium,Delivery is taking longer than expected and this is affecting our purchase decision.,5.2
TKT004856,2020-03-01,90005161,A4821110801,Pakistan,Delivery,negative,Low,Delivery is taking longer than expected and this is affecting our purchase decision.,3.2
TKT004857,2018-12-01,70006158,A2821150802,Philiphines,Product information,neutral,Low,Please provide more information about the product and available variants.,5.4
TKT004858,2021-08-01,90002010,A5621110407,India,Delivery,negative,Low,Delivery is taking longer than expected and this is affecting our purchase decision.,4.7
TKT004859,2019-05-01,90023026,A4721110707,Canada,Product information,neutral,Low,Please provide more information about the product and available variants.,9.9
TKT004860,2019-08-01,90014140,A3320150506,Netherlands,Positive,positive,Low,The product is performing well and we are considering another order.,0.8
TKT004861,2020-03-01,90017059,A2620150605,Portugal,Delivery,negative,Low,Delivery is taking longer than expected and this is affecting our purchase decision.,16.9
TKT004862,2020-06-01,80006154,A6018110105,Philiphines,Positive,positive,High,The product is performing well and we are considering another order.,7.1
TKT004863,2021-05-01,90021087,A2520150506,United Kingdom,Delivery,negative,Medium,Delivery is taking longer than expected and this is affecting our purchase decision.,11.7
TKT004864,2020-03-01,90019201,A0721150401,Sweden,Product information,neutral,Medium,Please provide more information about the product and available variants.,12.4
TKT004865,2020-02-01,90013118,A1618150101,Italy,Quality,neutral,Low,We need clarification about the product quality and warranty.,1.7
TKT004866,2021-08-01,90020103,A3718150101,Austria,Product information,neutral,Low,Please provide more information about the product and available variants.,11.8
TKT004867,2020-02-01,90017054,A6119110203,Portugal,Quality,neutral,Low,We need clarification about the product quality and warranty.,5.0
TKT004868,2020-12-01,90016175,A7119160102,Poland,Product information,neutral,Low,Please provide more information about the product and available variants.,4.4
TKT004869,2020-09-01,70015151,A0721150401,Norway,Positive,positive,Medium,The product is performing well and we are considering another order.,1.8
TKT004870,2021-02-01,90014135,A0519150202,Netherlands,Product information,neutral,Low,Please provide more information about the product and available variants.,8.2
TKT004871,2018-11-01,90013120,A3718150105,Italy,Delivery,negative,Medium,Delivery is taking longer than expected and this is affecting our purchase decision.,4.3
TKT004872,2019-04-01,90010044,A0519150205,Bangladesh,Delivery,negative,Low,Delivery is taking longer than expected and this is affecting our purchase decision.,9.6
TKT004873,2020-12-01,90002005,A2319150302,India,Positive,positive,Low,The product is performing well and we are considering another order.,10.2
TKT004874,2020-06-01,90022078,A0219150202,USA,Delivery,negative,Medium,Delivery is taking longer than expected and this is affecting our purchase decision.,9.5
TKT004875,2020-06-01,90021086,A2620150605,United Kingdom,Quality,neutral,Low,We need clarification about the product quality and warranty.,12.8
TKT004876,2020-08-01,90018112,A1618150104,Spain,Product information,neutral,Low,Please provide more information about the product and available variants.,3.7
TKT004877,2020-12-01,90022081,A6419160303,USA,Product information,neutral,Low,Please provide more information about the product and available variants.,10.1
TKT004878,2021-06-01,90018114,A2520150506,Spain,Delivery,negative,Low,Delivery is taking longer than expected and this is affecting our purchase decision.,2.2
TKT004879,2019-11-01,90019203,A2319150301,Sweden,Positive,positive,Low,The product is performing well and we are considering another order.,0.9
TKT004880,2019-10-01,90014135,A0620150305,Netherlands,Product information,neutral,Low,Please provide more information about the product and available variants.,5.6
TKT004881,2020-10-01,90009129,A0220150203,Newzealand,Positive,positive,Low,The product is performing well and we are considering another order.,4.4
TKT004882,2020-02-01,90022079,A6019110107,USA,Product information,neutral,Low,Please provide more information about the product and available variants.,7.4
TKT004883,2021-07-01,90002003,A0519150203,India,Positive,positive,Low,The product is performing well and we are considering another order.,7.3
TKT004884,2020-02-01,70007198,A3521150704,South Korea,Positive,positive,High,The product is performing well and we are considering another order.,5.3
TKT004885,2020-09-01,70017060,A5721110508,Portugal,Delivery,negative,Medium,Delivery is taking longer than expected and this is affecting our purchase decision.,6.2
TKT004886,2020-04-01,90005160,A4118110101,Pakistan,Positive,positive,Low,The product is performing well and we are considering another order.,4.7
TKT004887,2020-05-01,90016174,A3621150805,Poland,Delivery,negative,Low,Delivery is taking longer than expected and this is affecting our purchase decision.,5.8
TKT004888,2020-11-01,90003179,A4720110701,Indonesia,Positive,positive,Low,The product is performing well and we are considering another order.,2.2
TKT004889,2020-06-01,90016173,A6720160103,Poland,Positive,positive,Low,The product is performing well and we are considering another order.,5.3
TKT004890,2019-11-01,90021087,A1420150502,United Kingdom,Delivery,negative,High,Delivery is taking longer than expected and this is affecting our purchase decision.,3.6
TKT004891,2019-12-01,90019202,A4318110301,Sweden,Product information,neutral,Medium,Please provide more information about the product and available variants.,2.5
TKT004892,2019-05-01,90008166,A4620110601,Australia,Quality,neutral,Medium,We need clarification about the product quality and warranty.,8.1
TKT004893,2018-11-01,90001021,A5721110502,China,Product information,neutral,Medium,Please provide more information about the product and available variants.,2.3
TKT004894,2020-05-01,90023022,A6121110208,Canada,Delivery,negative,Medium,Delivery is taking longer than expected and this is affecting our purchase decision.,2.8
TKT004895,2019-06-01,90018114,A5519110301,Spain,Quality,neutral,Low,We need clarification about the product quality and warranty.,7.0
TKT004896,2021-01-01,90012034,A4520110508,Germany,Product information,neutral,Medium,Please provide more information about the product and available variants.,2.2
TKT004897,2018-10-01,70014143,A5519110302,Netherlands,Delivery,negative,Medium,Delivery is taking longer than expected and this is affecting our purchase decision.,12.2
TKT004898,2019-05-01,90012034,A0321150303,Germany,Positive,positive,Medium,The product is performing well and we are considering another order.,11.8
TKT004899,2020-04-01,70016178,A3920150305,Poland,Product information,neutral,Medium,Please provide more information about the product and available variants.,6.0
TKT004900,2019-11-01,90002007,A2520150501,India,Delivery,negative,Medium,Delivery is taking longer than expected and this is affecting our purchase decision.,11.3
TKT004901,2020-09-01,80001019,A5318110102,China,Delivery,negative,Medium,Delivery is taking longer than expected and this is affecting our purchase decision.,1.6
TKT004902,2019-10-01,90012039,A2620150602,Germany,Positive,positive,High,The product is performing well and we are considering another order.,0.9
TKT004903,2020-04-01,90017054,A6121110208,Portugal,Positive,positive,Low,The product is performing well and we are considering another order.,2.1
TKT004904,2019-10-01,90019202,A6119110201,Sweden,Delivery,negative,High,Delivery is taking longer than expected and this is affecting our purchase decision.,14.3
TKT004905,2019-10-01,90010044,A4021150405,Bangladesh,Positive,positive,Low,The product is performing well and we are considering another order.,2.0
TKT004906,2021-08-01,90009130,A1119150203,Newzealand,Delivery,negative,Low,Delivery is taking longer than expected and this is affecting our purchase decision.,7.5
TKT004907,2019-12-01,70008170,A5620110401,Australia,Quality,neutral,Low,We need clarification about the product quality and warranty.,3.9
TKT004908,2020-08-01,90005162,A7219160201,Pakistan,Quality,neutral,Low,We need clarification about the product quality and warranty.,4.3
TKT004909,2019-07-01,90020103,A5721110502,Austria,Delivery,negative,Low,Delivery is taking longer than expected and this is affecting our purchase decision.,8.0
TKT004910,2021-05-01,70010048,A4620110601,Bangladesh,Product information,neutral,Low,Please provide more information about the product and available variants.,6.7
TKT004911,2021-08-01,90013122,A2821150804,Italy,Quality,neutral,Low,We need clarification about the product quality and warranty.,3.2
TKT004912,2021-07-01,90015144,A1618150104,Norway,Positive,positive,Low,The product is performing well and we are considering another order.,5.8
TKT004913,2021-01-01,90005159,A4319110304,Pakistan,Delivery,negative,Medium,Delivery is taking longer than expected and this is affecting our purchase decision.,5.4
TKT004914,2021-01-01,90019202,A5721110504,Sweden,Quality,neutral,Low,We need clarification about the product quality and warranty.,4.2
TKT004915,2020-09-01,70017060,A2219150206,Portugal,Product information,neutral,Low,Please provide more information about the product and available variants.,1.9
TKT004916,2019-04-01,80007195,A2720150701,South Korea,Delivery,negative,Medium,Delivery is taking longer than expected and this is affecting our purchase decision.,2.0
TKT004917,2019-10-01,80007196,A2319150302,South Korea,Quality,neutral,Medium,We need clarification about the product quality and warranty.,3.0
TKT004918,2020-12-01,90022073,A6319160202,USA,Positive,positive,Low,The product is performing well and we are considering another order.,5.1
TKT004919,2020-05-01,90020103,A1819150304,Austria,Delivery,negative,Low,Delivery is taking longer than expected and this is affecting our purchase decision.,15.2
TKT004920,2020-02-01,90018109,A6218160102,Spain,Positive,positive,Medium,The product is performing well and we are considering another order.,9.2
TKT004921,2020-02-01,90014135,A3119150302,Netherlands,Positive,positive,Low,The product is performing well and we are considering another order.,6.6
TKT004922,2020-07-01,90015148,A5419110208,Norway,Positive,positive,Low,The product is performing well and we are considering another order.,1.2
TKT004923,2018-12-01,90012041,A0118150101,Germany,Positive,positive,Medium,The product is performing well and we are considering another order.,0.8
TKT004924,2021-01-01,70022085,A5621110408,USA,Quality,neutral,Low,We need clarification about the product quality and warranty.,13.4
TKT004925,2019-12-01,90011189,A2721150706,France,Positive,positive,Low,The product is performing well and we are considering another order.,3.7
TKT004926,2019-08-01,70010047,A5318110102,Bangladesh,Product information,neutral,Low,Please provide more information about the product and available variants.,4.1
TKT004927,2021-03-01,90005162,A1521150601,Pakistan,Product information,neutral,Low,Please provide more information about the product and available variants.,7.8
TKT004928,2020-02-01,90019202,A6919160302,Sweden,Delivery,negative,Low,Delivery is taking longer than expected and this is affecting our purchase decision.,8.5
TKT004929,2018-12-01,70006158,A4419110407,Philiphines,Delivery,negative,High,Delivery is taking longer than expected and this is affecting our purchase decision.,8.9
TKT004930,2020-12-01,90021094,A4218110208,United Kingdom,Product information,neutral,Medium,Please provide more information about the product and available variants.,19.5
TKT004931,2021-07-01,90023030,A4520110504,Canada,Delivery,negative,Medium,Delivery is taking longer than expected and this is affecting our purchase decision.,8.5
TKT004932,2019-02-01,90019200,A3421150606,Sweden,Delivery,negative,Medium,Delivery is taking longer than expected and this is affecting our purchase decision.,7.7
TKT004933,2021-06-01,90004064,A4821110806,Japan,Product information,neutral,Low,Please provide more information about the product and available variants.,15.0
TKT004934,2019-12-01,80007196,A4319110304,South Korea,Delivery,negative,Medium,Delivery is taking longer than expected and this is affecting our purchase decision.,15.6
TKT004935,2018-10-01,90002003,A6319160201,India,Quality,neutral,Low,We need clarification about the product quality and warranty.,5.1
TKT004936,2019-09-01,70003181,A5318110101,Indonesia,Positive,positive,Low,The product is performing well and we are considering another order.,5.2
TKT004937,2018-10-01,90010044,A4721110706,Bangladesh,Quality,neutral,High,We need clarification about the product quality and warranty.,9.0
TKT004938,2019-04-01,90021095,A5419110203,United Kingdom,Delivery,negative,Medium,Delivery is taking longer than expected and this is affecting our purchase decision.,4.5
TKT004939,2020-11-01,90013123,A2419150402,Italy,Product information,neutral,Low,Please provide more information about the product and available variants.,6.6
TKT004940,2020-11-01,90017055,A4519110502,Portugal,Quality,neutral,Low,We need clarification about the product quality and warranty.,11.1
TKT004941,2021-04-01,90004065,A4218110201,Japan,Quality,neutral,Medium,We need clarification about the product quality and warranty.,19.2
TKT004942,2019-06-01,90008167,A4520110506,Australia,Positive,positive,Low,The product is performing well and we are considering another order.,4.3
TKT004943,2020-05-01,90018109,A3320150502,Spain,Quality,neutral,Low,We need clarification about the product quality and warranty.,1.7
TKT004944,2018-11-01,90013124,A1718150204,Italy,Quality,neutral,Medium,We need clarification about the product quality and warranty.,2.9
TKT004945,2020-02-01,90019201,A0721150403,Sweden,Delivery,negative,Low,Delivery is taking longer than expected and this is affecting our purchase decision.,12.9
TKT004946,2019-12-01,70003182,A0620150305,Indonesia,Quality,neutral,High,We need clarification about the product quality and warranty.,10.0
TKT004947,2021-01-01,90019201,A5318110108,Sweden,Delivery,negative,Low,Delivery is taking longer than expected and this is affecting our purchase decision.,3.3
TKT004948,2019-06-01,90022071,A2319150306,USA,Delivery,negative,Low,Delivery is taking longer than expected and this is affecting our purchase decision.,7.9
TKT004949,2019-06-01,90014136,A2420150406,Netherlands,Positive,positive,High,The product is performing well and we are considering another order.,0.3
TKT004950,2021-01-01,90012035,A0519150205,Germany,Quality,neutral,Medium,We need clarification about the product quality and warranty.,5.6
TKT004951,2018-10-01,70012042,A2620150604,Germany,Positive,positive,Low,The product is performing well and we are considering another order.,1.1
TKT004952,2018-10-01,90010046,A2620150606,Bangladesh,Quality,neutral,Low,We need clarification about the product quality and warranty.,4.2
TKT004953,2021-02-01,90008166,A3018150201,Australia,Delivery,negative,Medium,Delivery is taking longer than expected and this is affecting our purchase decision.,4.9
TKT004954,2019-12-01,80007196,A4620110606,South Korea,Delivery,negative,Medium,Delivery is taking longer than expected and this is affecting our purchase decision.,6.1
TKT004955,2021-03-01,90002003,A0321150302,India,Positive,positive,Medium,The product is performing well and we are considering another order.,11.4
TKT004956,2020-05-01,70005163,A3521150705,Pakistan,Product information,neutral,Low,Please provide more information about the product and available variants.,11.4
TKT004957,2020-09-01,90009132,A6319160203,Newzealand,Product information,neutral,Low,Please provide more information about the product and available variants.,4.7
TKT004958,2020-12-01,90014141,A7119160103,Netherlands,Quality,neutral,Low,We need clarification about the product quality and warranty.,3.8
TKT004959,2021-05-01,70004070,A4419110406,Japan,Positive,positive,Medium,The product is performing well and we are considering another order.,7.8
TKT004960,2019-07-01,90004061,A4218110202,Japan,Product information,neutral,Medium,Please provide more information about the product and available variants.,1.8
TKT004961,2019-06-01,90022078,A3120150304,USA,Quality,neutral,Medium,We need clarification about the product quality and warranty.,5.2
TKT004962,2018-12-01,90011191,A5721110501,France,Quality,neutral,Low,We need clarification about the product quality and warranty.,3.6
TKT004963,2019-11-01,90010045,A4821110802,Bangladesh,Delivery,negative,Medium,Delivery is taking longer than expected and this is affecting our purchase decision.,5.8
TKT004964,2021-04-01,90002010,A4821110804,India,Positive,positive,High,The product is performing well and we are considering another order.,6.7
TKT004965,2018-11-01,90013123,A6819160203,Italy,Positive,positive,Low,The product is performing well and we are considering another order.,6.8
TKT004966,2020-02-01,70005163,A6218160102,Pakistan,Product information,neutral,High,Please provide more information about the product and available variants.,8.1
TKT004967,2021-04-01,90002011,A0519150203,India,Delivery,negative,Low,Delivery is taking longer than expected and this is affecting our purchase decision.,10.3
TKT004968,2019-01-01,80006154,A3420150602,Philiphines,Quality,neutral,Medium,We need clarification about the product quality and warranty.,8.0
TKT004969,2020-06-01,90009127,A6921160301,Newzealand,Quality,neutral,Medium,We need clarification about the product quality and warranty.,5.8
TKT004970,2019-03-01,70017060,A2721150702,Portugal,Quality,neutral,Low,We need clarification about the product quality and warranty.,4.5
TKT004971,2019-02-01,90009130,A4218110208,Newzealand,Quality,neutral,High,We need clarification about the product quality and warranty.,9.9
TKT004972,2021-07-01,90014139,A2721150706,Netherlands,Quality,neutral,Low,We need clarification about the product quality and warranty.,1.1
TKT004973,2019-04-01,90005159,A6718160102,Pakistan,Quality,neutral,Medium,We need clarification about the product quality and warranty.,7.8
TKT004974,2021-01-01,90018114,A3621150801,Spain,Product information,neutral,Medium,Please provide more information about the product and available variants.,9.0
TKT004975,2018-09-01,90014136,A0620150303,Netherlands,Quality,neutral,Low,We need clarification about the product quality and warranty.,7.6
TKT004976,2019-11-01,90022073,A6018110101,USA,Product information,neutral,Low,Please provide more information about the product and available variants.,1.1
TKT004977,2021-02-01,90002003,A0519150202,India,Delivery,negative,Medium,Delivery is taking longer than expected and this is affecting our purchase decision.,4.2
TKT004978,2019-10-01,90009128,A2918150106,Newzealand,Quality,neutral,Medium,We need clarification about the product quality and warranty.,9.8
TKT004979,2019-10-01,90017050,A2118150105,Portugal,Quality,neutral,Medium,We need clarification about the product quality and warranty.,9.2
TKT004980,2021-04-01,90005160,A0721150404,Pakistan,Positive,positive,Low,The product is performing well and we are considering another order.,5.1
TKT004981,2021-04-01,70006158,A5520110308,Philiphines,Quality,neutral,Low,We need clarification about the product quality and warranty.,6.5
TKT004982,2018-09-01,90010044,A6319160201,Bangladesh,Delivery,negative,Low,Delivery is taking longer than expected and this is affecting our purchase decision.,5.2
TKT004983,2019-10-01,90019200,A2118150104,Sweden,Product information,neutral,Low,Please provide more information about the product and available variants.,7.4
TKT004984,2021-08-01,90009129,A5419110201,Newzealand,Positive,positive,Medium,The product is performing well and we are considering another order.,10.2
TKT004985,2021-06-01,90022074,A2520150502,USA,Product information,neutral,Low,Please provide more information about the product and available variants.,0.5
TKT004986,2021-07-01,90020100,A2118150101,Austria,Delivery,negative,Low,Delivery is taking longer than expected and this is affecting our purchase decision.,8.0
TKT004987,2019-07-01,90001021,A4720110702,China,Delivery,negative,Medium,Delivery is taking longer than expected and this is affecting our purchase decision.,9.5
TKT004988,2021-05-01,90017059,A5520110308,Portugal,Delivery,negative,Low,Delivery is taking longer than expected and this is affecting our purchase decision.,13.1
TKT004989,2020-03-01,90002015,A2118150105,India,Delivery,negative,High,Delivery is taking longer than expected and this is affecting our purchase decision.,8.9
TKT004990,2021-08-01,90002002,A3920150301,India,Positive,positive,Medium,The product is performing well and we are considering another order.,3.5
TKT004991,2019-11-01,90009132,A4218110208,Newzealand,Delivery,negative,High,Delivery is taking longer than expected and this is affecting our purchase decision.,3.2
TKT004992,2019-09-01,90012037,A0721150401,Germany,Product information,neutral,Medium,Please provide more information about the product and available variants.,4.4
TKT004993,2019-12-01,90013122,A4721110706,Italy,Quality,neutral,Medium,We need clarification about the product quality and warranty.,1.4
TKT004994,2020-03-01,70008169,A4319110305,Australia,Delivery,negative,Low,Delivery is taking longer than expected and this is affecting our purchase decision.,6.3
TKT004995,2019-08-01,90012035,A2419150402,Germany,Positive,positive,Low,The product is performing well and we are considering another order.,2.0
TKT004996,2021-06-01,70008170,A0118150101,Australia,Delivery,negative,Low,Delivery is taking longer than expected and this is affecting our purchase decision.,5.1
TKT004997,2020-02-01,90021092,A2620150605,United Kingdom,Positive,positive,Low,The product is performing well and we are considering another order.,1.5
TKT004998,2019-05-01,70008169,A4520110504,Australia,Quality,neutral,Low,We need clarification about the product quality and warranty.,5.3
TKT004999,2020-04-01,90011192,A4821110804,France,Positive,positive,Medium,The product is performing well and we are considering another order.,3.4
TKT005000,2018-10-01,90009129,A3019150204,Newzealand,Positive,positive,Medium,The product is performing well and we are considering another order.,2.7
