call_id,date,customer_code,product_code,market,sales_rep,duration_minutes,transcript,outcome
CALL000001,2019-01-01,90005159,A2118150102,Pakistan,Rep-25,7,"Sales Rep: Are you satisfied with the product? Customer: Yes, the product is performing well. Sales Rep: Would you consider increasing the order? Customer: We are evaluating the next purchase.",Follow-up required
CALL000002,2019-01-01,90023029,A0418150103,Canada,Rep-29,15,"Sales Rep: Are you satisfied with the product? Customer: Yes, the product is performing well. Sales Rep: Would you consider increasing the order? Customer: We are evaluating the next purchase.",Follow-up required
CALL000003,2019-11-01,90014135,A3420150601,Netherlands,Rep-22,7,"Sales Rep: Are you satisfied with the product? Customer: Yes, the product is performing well. Sales Rep: Would you consider increasing the order? Customer: We are evaluating the next purchase.",Follow-up required
CALL000004,2020-06-01,70010048,A5519110303,Bangladesh,Rep-28,11,"Sales Rep: Are you satisfied with the product? Customer: Yes, the product is performing well. Sales Rep: Would you consider increasing the order? Customer: We are evaluating the next purchase.",Follow-up required
CALL000005,2020-02-01,90010045,A6818160201,Bangladesh,Rep-07,19,"Sales Rep: Are you satisfied with the product? Customer: Yes, the product is performing well. Sales Rep: Would you consider increasing the order? Customer: We are evaluating the next purchase.",Follow-up required
CALL000006,2020-07-01,90020097,A5621110405,Austria,Rep-02,7,"Sales Rep: Are you satisfied with the product? Customer: Yes, the product is performing well. Sales Rep: Would you consider increasing the order? Customer: We are evaluating the next purchase.",Follow-up required
CALL000007,2019-05-01,90023025,A4419110405,Canada,Rep-01,7,"Sales Rep: Are you satisfied with the product? Customer: Yes, the product is performing well. Sales Rep: Would you consider increasing the order? Customer: We are evaluating the next purchase.",Follow-up required
CALL000008,2020-07-01,70023032,A7321160302,Canada,Rep-01,7,"Sales Rep: Are you satisfied with the product? Customer: Yes, the product is performing well. Sales Rep: Would you consider increasing the order? Customer: We are evaluating the next purchase.",Follow-up required
CALL000009,2020-01-01,90017057,A3920150305,Portugal,Rep-14,25,"Sales Rep: Are you satisfied with the product? Customer: Yes, the product is performing well. Sales Rep: Would you consider increasing the order? Customer: We are evaluating the next purchase.",Follow-up required
CALL000010,2020-02-01,90012037,A6319160202,Germany,Rep-11,19,"Sales Rep: Are you satisfied with the product? Customer: Yes, the product is performing well. Sales Rep: Would you consider increasing the order? Customer: We are evaluating the next purchase.",Follow-up required
CALL000011,2020-05-01,90014140,A6219160103,Netherlands,Rep-16,12,"Sales Rep: Are you satisfied with the product? Customer: Yes, the product is performing well. Sales Rep: Would you consider increasing the order? Customer: We are evaluating the next purchase.",Follow-up required
CALL000012,2020-02-01,90015144,A4218110206,Norway,Rep-12,5,"Sales Rep: Are you satisfied with the product? Customer: Yes, the product is performing well. Sales Rep: Would you consider increasing the order? Customer: We are evaluating the next purchase.",Follow-up required
CALL000013,2020-05-01,90019202,A0118150102,Sweden,Rep-22,22,"Sales Rep: Are you satisfied with the product? Customer: Yes, the product is performing well. Sales Rep: Would you consider increasing the order? Customer: We are evaluating the next purchase.",Follow-up required
CALL000014,2021-01-01,70009134,A2520150505,Newzealand,Rep-22,16,"Sales Rep: Are you satisfied with the product? Customer: Yes, the product is performing well. Sales Rep: Would you consider increasing the order? Customer: We are evaluating the next purchase.",Follow-up required
CALL000015,2019-02-01,90017055,A4218110208,Portugal,Rep-18,16,"Sales Rep: Are you satisfied with the product? Customer: Yes, the product is performing well. Sales Rep: Would you consider increasing the order? Customer: We are evaluating the next purchase.",Follow-up required
CALL000016,2019-09-01,90006153,A3420150602,Philiphines,Rep-23,22,"Sales Rep: Are you satisfied with the product? Customer: Yes, the product is performing well. Sales Rep: Would you consider increasing the order? Customer: We are evaluating the next purchase.",Follow-up required
CALL000017,2019-01-01,90008166,A5419110207,Australia,Rep-07,4,"Sales Rep: Are you satisfied with the product? Customer: Yes, the product is performing well. Sales Rep: Would you consider increasing the order? Customer: We are evaluating the next purchase.",Follow-up required
CALL000018,2021-06-01,90003180,A2319150306,Indonesia,Rep-01,21,"Sales Rep: Are you satisfied with the product? Customer: Yes, the product is performing well. Sales Rep: Would you consider increasing the order? Customer: We are evaluating the next purchase.",Follow-up required
CALL000019,2019-05-01,80001019,A4419110405,China,Rep-18,24,"Sales Rep: Are you satisfied with the product? Customer: Yes, the product is performing well. Sales Rep: Would you consider increasing the order? Customer: We are evaluating the next purchase.",Follow-up required
CALL000020,2021-04-01,90021091,A2721150706,United Kingdom,Rep-14,27,"Sales Rep: Are you satisfied with the product? Customer: Yes, the product is performing well. Sales Rep: Would you consider increasing the order? Customer: We are evaluating the next purchase.",Follow-up required
CALL000021,2020-12-01,90014139,A0619150301,Netherlands,Rep-01,14,"Sales Rep: Are you satisfied with the product? Customer: Yes, the product is performing well. Sales Rep: Would you consider increasing the order? Customer: We are evaluating the next purchase.",Follow-up required
CALL000022,2020-08-01,90012039,A2118150106,Germany,Rep-22,22,"Sales Rep: Are you satisfied with the product? Customer: Yes, the product is performing well. Sales Rep: Would you consider increasing the order? Customer: We are evaluating the next purchase.",Follow-up required
CALL000023,2020-04-01,80001019,A4118110105,China,Rep-28,27,"Sales Rep: Are you satisfied with the product? Customer: Yes, the product is performing well. Sales Rep: Would you consider increasing the order? Customer: We are evaluating the next purchase.",Follow-up required
CALL000024,2019-03-01,90008167,A4519110501,Australia,Rep-12,24,"Sales Rep: Are you satisfied with the product? Customer: Yes, the product is performing well. Sales Rep: Would you consider increasing the order? Customer: We are evaluating the next purchase.",Follow-up required
CALL000025,2021-06-01,70007199,A4218110207,South Korea,Rep-16,12,"Sales Rep: Are you satisfied with the product? Customer: Yes, the product is performing well. Sales Rep: Would you consider increasing the order? Customer: We are evaluating the next purchase.",Follow-up required
CALL000026,2020-05-01,90022079,A7321160302,USA,Rep-28,27,"Sales Rep: Are you satisfied with the product? Customer: Yes, the product is performing well. Sales Rep: Would you consider increasing the order? Customer: We are evaluating the next purchase.",Follow-up required
CALL000027,2020-07-01,90020100,A2918150105,Austria,Rep-17,5,"Sales Rep: Are you satisfied with the product? Customer: Yes, the product is performing well. Sales Rep: Would you consider increasing the order? Customer: We are evaluating the next purchase.",Follow-up required
CALL000028,2019-12-01,90018113,A2620150601,Spain,Rep-27,18,"Sales Rep: Are you satisfied with the product? Customer: Yes, the product is performing well. Sales Rep: Would you consider increasing the order? Customer: We are evaluating the next purchase.",Follow-up required
CALL000029,2019-05-01,70010047,A5419110201,Bangladesh,Rep-23,22,"Sales Rep: Are you satisfied with the product? Customer: Yes, the product is performing well. Sales Rep: Would you consider increasing the order? Customer: We are evaluating the next purchase.",Follow-up required
CALL000030,2018-12-01,90014136,A4821110804,Netherlands,Rep-11,28,"Sales Rep: Are you satisfied with the product? Customer: Yes, the product is performing well. Sales Rep: Would you consider increasing the order? Customer: We are evaluating the next purchase.",Follow-up required
CALL000031,2019-11-01,90002002,A5519110304,India,Rep-17,27,"Sales Rep: Are you satisfied with the product? Customer: Yes, the product is performing well. Sales Rep: Would you consider increasing the order? Customer: We are evaluating the next purchase.",Follow-up required
CALL000032,2020-11-01,70016178,A5519110301,Poland,Rep-20,24,"Sales Rep: Are you satisfied with the product? Customer: Yes, the product is performing well. Sales Rep: Would you consider increasing the order? Customer: We are evaluating the next purchase.",Follow-up required
CALL000033,2018-11-01,90009132,A5519110304,Newzealand,Rep-14,6,"Sales Rep: Are you satisfied with the product? Customer: Yes, the product is performing well. Sales Rep: Would you consider increasing the order? Customer: We are evaluating the next purchase.",Follow-up required
CALL000034,2018-11-01,90022082,A5621110408,USA,Rep-02,7,"Sales Rep: Are you satisfied with the product? Customer: Yes, the product is performing well. Sales Rep: Would you consider increasing the order? Customer: We are evaluating the next purchase.",Follow-up required
CALL000035,2020-03-01,90019202,A5621110404,Sweden,Rep-19,25,"Sales Rep: Are you satisfied with the product? Customer: Yes, the product is performing well. Sales Rep: Would you consider increasing the order? Customer: We are evaluating the next purchase.",Follow-up required
CALL000036,2021-01-01,90022071,A5318110104,USA,Rep-12,12,"Sales Rep: Are you satisfied with the product? Customer: Yes, the product is performing well. Sales Rep: Would you consider increasing the order? Customer: We are evaluating the next purchase.",Follow-up required
CALL000037,2019-03-01,90018107,A3920150301,Spain,Rep-05,9,"Sales Rep: Are you satisfied with the product? Customer: Yes, the product is performing well. Sales Rep: Would you consider increasing the order? Customer: We are evaluating the next purchase.",Follow-up required
CALL000038,2020-04-01,70022085,A6219160103,USA,Rep-28,24,"Sales Rep: Are you satisfied with the product? Customer: Yes, the product is performing well. Sales Rep: Would you consider increasing the order? Customer: We are evaluating the next purchase.",Follow-up required
CALL000039,2021-07-01,90015148,A1819150301,Norway,Rep-13,27,"Sales Rep: Are you satisfied with the product? Customer: Yes, the product is performing well. Sales Rep: Would you consider increasing the order? Customer: We are evaluating the next purchase.",Follow-up required
CALL000040,2019-10-01,90022081,A5721110505,USA,Rep-26,4,"Sales Rep: Are you satisfied with the product? Customer: Yes, the product is performing well. Sales Rep: Would you consider increasing the order? Customer: We are evaluating the next purchase.",Follow-up required
CALL000041,2021-05-01,90002015,A5520110305,India,Rep-13,22,"Sales Rep: Are you satisfied with the product? Customer: Yes, the product is performing well. Sales Rep: Would you consider increasing the order? Customer: We are evaluating the next purchase.",Follow-up required
CALL000042,2020-05-01,90008165,A2721150705,Australia,Rep-18,23,"Sales Rep: Are you satisfied with the product? Customer: Yes, the product is performing well. Sales Rep: Would you consider increasing the order? Customer: We are evaluating the next purchase.",Follow-up required
CALL000043,2021-01-01,90014140,A5621110408,Netherlands,Rep-20,7,"Sales Rep: Are you satisfied with the product? Customer: Yes, the product is performing well. Sales Rep: Would you consider increasing the order? Customer: We are evaluating the next purchase.",Follow-up required
CALL000044,2021-04-01,70008170,A3521150701,Australia,Rep-04,18,"Sales Rep: Are you satisfied with the product? Customer: Yes, the product is performing well. Sales Rep: Would you consider increasing the order? Customer: We are evaluating the next purchase.",Follow-up required
CALL000045,2019-09-01,90002007,A3120150304,India,Rep-17,21,"Sales Rep: Are you satisfied with the product? Customer: Yes, the product is performing well. Sales Rep: Would you consider increasing the order? Customer: We are evaluating the next purchase.",Follow-up required
CALL000046,2019-11-01,90022078,A2420150406,USA,Rep-01,19,"Sales Rep: Are you satisfied with the product? Customer: Yes, the product is performing well. Sales Rep: Would you consider increasing the order? Customer: We are evaluating the next purchase.",Follow-up required
CALL000047,2018-10-01,90016171,A1919150403,Poland,Rep-19,14,"Sales Rep: Are you satisfied with the product? Customer: Yes, the product is performing well. Sales Rep: Would you consider increasing the order? Customer: We are evaluating the next purchase.",Follow-up required
CALL000048,2020-02-01,90016171,A6718160102,Poland,Rep-06,16,"Sales Rep: Are you satisfied with the product? Customer: Yes, the product is performing well. Sales Rep: Would you consider increasing the order? Customer: We are evaluating the next purchase.",Follow-up required
CALL000049,2021-03-01,90009128,A4419110407,Newzealand,Rep-19,17,"Sales Rep: Are you satisfied with the product? Customer: Yes, the product is performing well. Sales Rep: Would you consider increasing the order? Customer: We are evaluating the next purchase.",Follow-up required
CALL000050,2021-03-01,90011189,A6019110108,France,Rep-16,14,"Sales Rep: Are you satisfied with the product? Customer: Yes, the product is performing well. Sales Rep: Would you consider increasing the order? Customer: We are evaluating the next purchase.",Follow-up required
CALL000051,2021-01-01,90023027,A4218110201,Canada,Rep-12,9,"Sales Rep: Are you satisfied with the product? Customer: Yes, the product is performing well. Sales Rep: Would you consider increasing the order? Customer: We are evaluating the next purchase.",Follow-up required
CALL000052,2020-05-01,90019200,A0721150404,Sweden,Rep-29,19,"Sales Rep: Are you satisfied with the product? Customer: Yes, the product is performing well. Sales Rep: Would you consider increasing the order? Customer: We are evaluating the next purchase.",Follow-up required
CALL000053,2021-06-01,70022084,A5318110107,USA,Rep-25,14,"Sales Rep: Are you satisfied with the product? Customer: Yes, the product is performing well. Sales Rep: Would you consider increasing the order? Customer: We are evaluating the next purchase.",Follow-up required
CALL000054,2020-06-01,80006154,A5721110508,Philiphines,Rep-21,29,"Sales Rep: Are you satisfied with the product? Customer: Yes, the product is performing well. Sales Rep: Would you consider increasing the order? Customer: We are evaluating the next purchase.",Follow-up required
CALL000055,2019-10-01,90010045,A3320150504,Bangladesh,Rep-03,19,"Sales Rep: Are you satisfied with the product? Customer: Yes, the product is performing well. Sales Rep: Would you consider increasing the order? Customer: We are evaluating the next purchase.",Follow-up required
CALL000056,2019-10-01,90019202,A4218110202,Sweden,Rep-23,22,"Sales Rep: Are you satisfied with the product? Customer: Yes, the product is performing well. Sales Rep: Would you consider increasing the order? Customer: We are evaluating the next purchase.",Follow-up required
CALL000057,2019-12-01,70009133,A6419160301,Newzealand,Rep-30,6,"Sales Rep: Are you satisfied with the product? Customer: Yes, the product is performing well. Sales Rep: Would you consider increasing the order? Customer: We are evaluating the next purchase.",Follow-up required
CALL000058,2020-11-01,90008166,A0921150603,Australia,Rep-21,6,"Sales Rep: Are you satisfied with the product? Customer: Yes, the product is performing well. Sales Rep: Would you consider increasing the order? Customer: We are evaluating the next purchase.",Follow-up required
CALL000059,2020-08-01,90023028,A3920150301,Canada,Rep-28,30,"Sales Rep: Are you satisfied with the product? Customer: Yes, the product is performing well. Sales Rep: Would you consider increasing the order? Customer: We are evaluating the next purchase.",Follow-up required
CALL000060,2020-02-01,70002017,A2721150704,India,Rep-11,23,"Sales Rep: Are you satisfied with the product? Customer: Yes, the product is performing well. Sales Rep: Would you consider increasing the order? Customer: We are evaluating the next purchase.",Follow-up required
CALL000061,2018-12-01,90012033,A2419150402,Germany,Rep-14,20,"Sales Rep: Are you satisfied with the product? Customer: Yes, the product is performing well. Sales Rep: Would you consider increasing the order? Customer: We are evaluating the next purchase.",Follow-up required
CALL000062,2020-12-01,90004064,A4821110801,Japan,Rep-23,28,"Sales Rep: Are you satisfied with the product? Customer: Yes, the product is performing well. Sales Rep: Would you consider increasing the order? Customer: We are evaluating the next purchase.",Follow-up required
CALL000063,2020-06-01,70015151,A0620150305,Norway,Rep-10,23,"Sales Rep: Are you satisfied with the product? Customer: Yes, the product is performing well. Sales Rep: Would you consider increasing the order? Customer: We are evaluating the next purchase.",Follow-up required
CALL000064,2020-03-01,90023028,A0721150403,Canada,Rep-02,15,"Sales Rep: Are you satisfied with the product? Customer: Yes, the product is performing well. Sales Rep: Would you consider increasing the order? Customer: We are evaluating the next purchase.",Follow-up required
CALL000065,2019-11-01,70015152,A4520110506,Norway,Rep-18,7,"Sales Rep: Are you satisfied with the product? Customer: Yes, the product is performing well. Sales Rep: Would you consider increasing the order? Customer: We are evaluating the next purchase.",Follow-up required
CALL000066,2021-03-01,70007199,A6119110201,South Korea,Rep-08,13,"Sales Rep: Are you satisfied with the product? Customer: Yes, the product is performing well. Sales Rep: Would you consider increasing the order? Customer: We are evaluating the next purchase.",Follow-up required
CALL000067,2020-05-01,90014135,A0621150307,Netherlands,Rep-11,18,"Sales Rep: Are you satisfied with the product? Customer: Yes, the product is performing well. Sales Rep: Would you consider increasing the order? Customer: We are evaluating the next purchase.",Follow-up required
CALL000068,2021-03-01,90022077,A0320150301,USA,Rep-20,7,"Sales Rep: Are you satisfied with the product? Customer: Yes, the product is performing well. Sales Rep: Would you consider increasing the order? Customer: We are evaluating the next purchase.",Follow-up required
CALL000069,2019-09-01,80001019,A3320150505,China,Rep-14,16,"Sales Rep: Are you satisfied with the product? Customer: Yes, the product is performing well. Sales Rep: Would you consider increasing the order? Customer: We are evaluating the next purchase.",Follow-up required
CALL000070,2020-04-01,90004067,A5520110308,Japan,Rep-20,25,"Sales Rep: Are you satisfied with the product? Customer: Yes, the product is performing well. Sales Rep: Would you consider increasing the order? Customer: We are evaluating the next purchase.",Follow-up required
CALL000071,2021-05-01,90004061,A0418150103,Japan,Rep-06,28,"Sales Rep: Are you satisfied with the product? Customer: Yes, the product is performing well. Sales Rep: Would you consider increasing the order? Customer: We are evaluating the next purchase.",Follow-up required
CALL000072,2019-04-01,70006158,A3920150301,Philiphines,Rep-17,14,"Sales Rep: Are you satisfied with the product? Customer: Yes, the product is performing well. Sales Rep: Would you consider increasing the order? Customer: We are evaluating the next purchase.",Follow-up required
CALL000073,2020-07-01,80006155,A7119160102,Philiphines,Rep-23,6,"Sales Rep: Are you satisfied with the product? Customer: Yes, the product is performing well. Sales Rep: Would you consider increasing the order? Customer: We are evaluating the next purchase.",Follow-up required
CALL000074,2019-04-01,90001021,A4520110507,China,Rep-24,27,"Sales Rep: Are you satisfied with the product? Customer: Yes, the product is performing well. Sales Rep: Would you consider increasing the order? Customer: We are evaluating the next purchase.",Follow-up required
CALL000075,2021-07-01,90001021,A5419110207,China,Rep-03,27,"Sales Rep: Are you satisfied with the product? Customer: Yes, the product is performing well. Sales Rep: Would you consider increasing the order? Customer: We are evaluating the next purchase.",Follow-up required
CALL000076,2021-05-01,90023030,A4419110408,Canada,Rep-23,23,"Sales Rep: Are you satisfied with the product? Customer: Yes, the product is performing well. Sales Rep: Would you consider increasing the order? Customer: We are evaluating the next purchase.",Follow-up required
CALL000077,2021-05-01,90006156,A1219150303,Philiphines,Rep-17,5,"Sales Rep: Are you satisfied with the product? Customer: Yes, the product is performing well. Sales Rep: Would you consider increasing the order? Customer: We are evaluating the next purchase.",Follow-up required
CALL000078,2020-06-01,90022079,A0321150303,USA,Rep-06,10,"Sales Rep: Are you satisfied with the product? Customer: Yes, the product is performing well. Sales Rep: Would you consider increasing the order? Customer: We are evaluating the next purchase.",Follow-up required
CALL000079,2020-12-01,70020104,A3220150401,Austria,Rep-23,4,"Sales Rep: Are you satisfied with the product? Customer: Yes, the product is performing well. Sales Rep: Would you consider increasing the order? Customer: We are evaluating the next purchase.",Follow-up required
CALL000080,2021-03-01,90003180,A1521150602,Indonesia,Rep-20,15,"Sales Rep: Are you satisfied with the product? Customer: Yes, the product is performing well. Sales Rep: Would you consider increasing the order? Customer: We are evaluating the next purchase.",Follow-up required
CALL000081,2020-09-01,90023030,A4620110604,Canada,Rep-07,10,"Sales Rep: Are you satisfied with the product? Customer: Yes, the product is performing well. Sales Rep: Would you consider increasing the order? Customer: We are evaluating the next purchase.",Follow-up required
CALL000082,2020-07-01,80001019,A6719160101,China,Rep-28,24,"Sales Rep: Are you satisfied with the product? Customer: Yes, the product is performing well. Sales Rep: Would you consider increasing the order? Customer: We are evaluating the next purchase.",Follow-up required
CALL000083,2020-11-01,90023029,A0219150201,Canada,Rep-24,25,"Sales Rep: Are you satisfied with the product? Customer: Yes, the product is performing well. Sales Rep: Would you consider increasing the order? Customer: We are evaluating the next purchase.",Follow-up required
CALL000084,2018-11-01,70021096,A3220150404,United Kingdom,Rep-10,6,"Sales Rep: Are you satisfied with the product? Customer: Yes, the product is performing well. Sales Rep: Would you consider increasing the order? Customer: We are evaluating the next purchase.",Follow-up required
CALL000085,2021-06-01,90011185,A6120110205,France,Rep-21,24,"Sales Rep: Are you satisfied with the product? Customer: Yes, the product is performing well. Sales Rep: Would you consider increasing the order? Customer: We are evaluating the next purchase.",Follow-up required
CALL000086,2020-03-01,90016176,A6019110107,Poland,Rep-21,5,"Sales Rep: Are you satisfied with the product? Customer: Yes, the product is performing well. Sales Rep: Would you consider increasing the order? Customer: We are evaluating the next purchase.",Follow-up required
CALL000087,2020-07-01,90010046,A2918150102,Bangladesh,Rep-19,14,"Sales Rep: Are you satisfied with the product? Customer: Yes, the product is performing well. Sales Rep: Would you consider increasing the order? Customer: We are evaluating the next purchase.",Follow-up required
CALL000088,2019-09-01,90003179,A0721150403,Indonesia,Rep-08,23,"Sales Rep: Are you satisfied with the product? Customer: Yes, the product is performing well. Sales Rep: Would you consider increasing the order? Customer: We are evaluating the next purchase.",Follow-up required
CALL000089,2019-01-01,70005163,A2821150805,Pakistan,Rep-16,19,"Sales Rep: Are you satisfied with the product? Customer: Yes, the product is performing well. Sales Rep: Would you consider increasing the order? Customer: We are evaluating the next purchase.",Follow-up required
CALL000090,2020-07-01,90020103,A0821150501,Austria,Rep-18,16,"Sales Rep: Are you satisfied with the product? Customer: Yes, the product is performing well. Sales Rep: Would you consider increasing the order? Customer: We are evaluating the next purchase.",Follow-up required
CALL000091,2019-12-01,90009128,A6120110207,Newzealand,Rep-30,30,"Sales Rep: Are you satisfied with the product? Customer: Yes, the product is performing well. Sales Rep: Would you consider increasing the order? Customer: We are evaluating the next purchase.",Follow-up required
CALL000092,2020-02-01,70013125,A5419110208,Italy,Rep-11,8,"Sales Rep: Are you satisfied with the product? Customer: Yes, the product is performing well. Sales Rep: Would you consider increasing the order? Customer: We are evaluating the next purchase.",Follow-up required
CALL000093,2019-11-01,70005163,A5419110208,Pakistan,Rep-25,19,"Sales Rep: Are you satisfied with the product? Customer: Yes, the product is performing well. Sales Rep: Would you consider increasing the order? Customer: We are evaluating the next purchase.",Follow-up required
CALL000094,2019-08-01,80006155,A5419110204,Philiphines,Rep-05,11,"Sales Rep: Are you satisfied with the product? Customer: Yes, the product is performing well. Sales Rep: Would you consider increasing the order? Customer: We are evaluating the next purchase.",Follow-up required
CALL000095,2021-07-01,80006154,A2419150401,Philiphines,Rep-29,27,"Sales Rep: Are you satisfied with the product? Customer: Yes, the product is performing well. Sales Rep: Would you consider increasing the order? Customer: We are evaluating the next purchase.",Follow-up required
CALL000096,2019-02-01,90020102,A3621150806,Austria,Rep-25,28,"Sales Rep: Are you satisfied with the product? Customer: Yes, the product is performing well. Sales Rep: Would you consider increasing the order? Customer: We are evaluating the next purchase.",Follow-up required
CALL000097,2019-08-01,70008170,A6818160201,Australia,Rep-01,18,"Sales Rep: Are you satisfied with the product? Customer: Yes, the product is performing well. Sales Rep: Would you consider increasing the order? Customer: We are evaluating the next purchase.",Follow-up required
CALL000098,2021-08-01,90008164,A4419110404,Australia,Rep-26,13,"Sales Rep: Are you satisfied with the product? Customer: Yes, the product is performing well. Sales Rep: Would you consider increasing the order? Customer: We are evaluating the next purchase.",Follow-up required
CALL000099,2021-06-01,90005162,A5519110303,Pakistan,Rep-21,26,"Sales Rep: Are you satisfied with the product? Customer: Yes, the product is performing well. Sales Rep: Would you consider increasing the order? Customer: We are evaluating the next purchase.",Follow-up required
CALL000100,2019-11-01,90009132,A3018150201,Newzealand,Rep-01,13,"Sales Rep: Are you satisfied with the product? Customer: Yes, the product is performing well. Sales Rep: Would you consider increasing the order? Customer: We are evaluating the next purchase.",Follow-up required
CALL000101,2021-08-01,90018105,A2319150304,Spain,Rep-05,30,"Sales Rep: Are you satisfied with the product? Customer: Yes, the product is performing well. Sales Rep: Would you consider increasing the order? Customer: We are evaluating the next purchase.",Follow-up required
CALL000102,2021-01-01,90002010,A4419110404,India,Rep-17,8,"Sales Rep: Are you satisfied with the product? Customer: Yes, the product is performing well. Sales Rep: Would you consider increasing the order? Customer: We are evaluating the next purchase.",Follow-up required
CALL000103,2020-07-01,90011188,A0219150202,France,Rep-18,5,"Sales Rep: Are you satisfied with the product? Customer: Yes, the product is performing well. Sales Rep: Would you consider increasing the order? Customer: We are evaluating the next purchase.",Follow-up required
CALL000104,2019-08-01,90015147,A4520110507,Norway,Rep-28,18,"Sales Rep: Are you satisfied with the product? Customer: Yes, the product is performing well. Sales Rep: Would you consider increasing the order? Customer: We are evaluating the next purchase.",Follow-up required
CALL000105,2021-07-01,90017053,A3019150205,Portugal,Rep-20,28,"Sales Rep: Are you satisfied with the product? Customer: Yes, the product is performing well. Sales Rep: Would you consider increasing the order? Customer: We are evaluating the next purchase.",Follow-up required
CALL000106,2021-05-01,90003180,A2721150704,Indonesia,Rep-28,6,"Sales Rep: Are you satisfied with the product? Customer: Yes, the product is performing well. Sales Rep: Would you consider increasing the order? Customer: We are evaluating the next purchase.",Follow-up required
CALL000107,2021-05-01,70007198,A4721110704,South Korea,Rep-25,11,"Sales Rep: Are you satisfied with the product? Customer: Yes, the product is performing well. Sales Rep: Would you consider increasing the order? Customer: We are evaluating the next purchase.",Follow-up required
CALL000108,2020-04-01,70022085,A3621150804,USA,Rep-23,28,"Sales Rep: Are you satisfied with the product? Customer: Yes, the product is performing well. Sales Rep: Would you consider increasing the order? Customer: We are evaluating the next purchase.",Follow-up required
CALL000109,2020-09-01,70017060,A2218150201,Portugal,Rep-02,10,"Sales Rep: Are you satisfied with the product? Customer: Yes, the product is performing well. Sales Rep: Would you consider increasing the order? Customer: We are evaluating the next purchase.",Follow-up required
CALL000110,2020-08-01,90011188,A5419110208,France,Rep-30,25,"Sales Rep: Are you satisfied with the product? Customer: Yes, the product is performing well. Sales Rep: Would you consider increasing the order? Customer: We are evaluating the next purchase.",Follow-up required
CALL000111,2021-06-01,90022071,A4318110301,USA,Rep-08,27,"Sales Rep: Are you satisfied with the product? Customer: Yes, the product is performing well. Sales Rep: Would you consider increasing the order? Customer: We are evaluating the next purchase.",Follow-up required
CALL000112,2020-07-01,90012040,A3818150201,Germany,Rep-13,7,"Sales Rep: Are you satisfied with the product? Customer: Yes, the product is performing well. Sales Rep: Would you consider increasing the order? Customer: We are evaluating the next purchase.",Follow-up required
CALL000113,2020-10-01,90020097,A2319150301,Austria,Rep-09,26,"Sales Rep: Are you satisfied with the product? Customer: Yes, the product is performing well. Sales Rep: Would you consider increasing the order? Customer: We are evaluating the next purchase.",Follow-up required
CALL000114,2019-05-01,70009134,A2620150605,Newzealand,Rep-20,28,"Sales Rep: Are you satisfied with the product? Customer: Yes, the product is performing well. Sales Rep: Would you consider increasing the order? Customer: We are evaluating the next purchase.",Follow-up required
CALL000115,2019-06-01,90008167,A5621110405,Australia,Rep-30,21,"Sales Rep: Are you satisfied with the product? Customer: Yes, the product is performing well. Sales Rep: Would you consider increasing the order? Customer: We are evaluating the next purchase.",Follow-up required
CALL000116,2020-12-01,90009127,A4419110402,Newzealand,Rep-08,12,"Sales Rep: Are you satisfied with the product? Customer: Yes, the product is performing well. Sales Rep: Would you consider increasing the order? Customer: We are evaluating the next purchase.",Follow-up required
CALL000117,2018-09-01,90008167,A2419150401,Australia,Rep-26,22,"Sales Rep: Are you satisfied with the product? Customer: Yes, the product is performing well. Sales Rep: Would you consider increasing the order? Customer: We are evaluating the next purchase.",Follow-up required
CALL000118,2021-08-01,70019204,A4720110702,Sweden,Rep-17,15,"Sales Rep: Are you satisfied with the product? Customer: Yes, the product is performing well. Sales Rep: Would you consider increasing the order? Customer: We are evaluating the next purchase.",Follow-up required
CALL000119,2020-05-01,90003180,A0619150301,Indonesia,Rep-27,26,"Sales Rep: Are you satisfied with the product? Customer: Yes, the product is performing well. Sales Rep: Would you consider increasing the order? Customer: We are evaluating the next purchase.",Follow-up required
CALL000120,2019-06-01,90002007,A5419110203,India,Rep-13,23,"Sales Rep: Are you satisfied with the product? Customer: Yes, the product is performing well. Sales Rep: Would you consider increasing the order? Customer: We are evaluating the next purchase.",Follow-up required
CALL000121,2019-04-01,90018114,A2520150506,Spain,Rep-16,10,"Sales Rep: Are you satisfied with the product? Customer: Yes, the product is performing well. Sales Rep: Would you consider increasing the order? Customer: We are evaluating the next purchase.",Follow-up required
CALL000122,2019-06-01,90019200,A1618150103,Sweden,Rep-01,20,"Sales Rep: Are you satisfied with the product? Customer: Yes, the product is performing well. Sales Rep: Would you consider increasing the order? Customer: We are evaluating the next purchase.",Follow-up required
CALL000123,2019-05-01,70009133,A2319150302,Newzealand,Rep-21,13,"Sales Rep: Are you satisfied with the product? Customer: Yes, the product is performing well. Sales Rep: Would you consider increasing the order? Customer: We are evaluating the next purchase.",Follow-up required
CALL000124,2019-04-01,70014143,A4721110706,Netherlands,Rep-26,26,"Sales Rep: Are you satisfied with the product? Customer: Yes, the product is performing well. Sales Rep: Would you consider increasing the order? Customer: We are evaluating the next purchase.",Follow-up required
CALL000125,2021-06-01,90019203,A7118160101,Sweden,Rep-23,30,"Sales Rep: Are you satisfied with the product? Customer: Yes, the product is performing well. Sales Rep: Would you consider increasing the order? Customer: We are evaluating the next purchase.",Follow-up required
CALL000126,2018-10-01,90017055,A5721110503,Portugal,Rep-15,23,"Sales Rep: Are you satisfied with the product? Customer: Yes, the product is performing well. Sales Rep: Would you consider increasing the order? Customer: We are evaluating the next purchase.",Follow-up required
CALL000127,2019-05-01,90017056,A0921150604,Portugal,Rep-07,7,"Sales Rep: Are you satisfied with the product? Customer: Yes, the product is performing well. Sales Rep: Would you consider increasing the order? Customer: We are evaluating the next purchase.",Follow-up required
CALL000128,2021-04-01,90018106,A5419110208,Spain,Rep-20,26,"Sales Rep: Are you satisfied with the product? Customer: Yes, the product is performing well. Sales Rep: Would you consider increasing the order? Customer: We are evaluating the next purchase.",Follow-up required
CALL000129,2019-03-01,90010045,A5519110302,Bangladesh,Rep-29,24,"Sales Rep: Are you satisfied with the product? Customer: Yes, the product is performing well. Sales Rep: Would you consider increasing the order? Customer: We are evaluating the next purchase.",Follow-up required
CALL000130,2021-04-01,80007196,A0320150301,South Korea,Rep-05,11,"Sales Rep: Are you satisfied with the product? Customer: Yes, the product is performing well. Sales Rep: Would you consider increasing the order? Customer: We are evaluating the next purchase.",Follow-up required
CALL000131,2019-03-01,90001020,A3718150103,China,Rep-12,17,"Sales Rep: Are you satisfied with the product? Customer: Yes, the product is performing well. Sales Rep: Would you consider increasing the order? Customer: We are evaluating the next purchase.",Follow-up required
CALL000132,2020-03-01,90014135,A6120110207,Netherlands,Rep-16,11,"Sales Rep: Are you satisfied with the product? Customer: Yes, the product is performing well. Sales Rep: Would you consider increasing the order? Customer: We are evaluating the next purchase.",Follow-up required
CALL000133,2019-06-01,70015152,A2319150305,Norway,Rep-07,28,"Sales Rep: Are you satisfied with the product? Customer: Yes, the product is performing well. Sales Rep: Would you consider increasing the order? Customer: We are evaluating the next purchase.",Follow-up required
CALL000134,2019-10-01,90009129,A2020150501,Newzealand,Rep-11,7,"Sales Rep: Are you satisfied with the product? Customer: Yes, the product is performing well. Sales Rep: Would you consider increasing the order? Customer: We are evaluating the next purchase.",Follow-up required
CALL000135,2019-01-01,90018110,A5721110503,Spain,Rep-30,4,"Sales Rep: Are you satisfied with the product? Customer: Yes, the product is performing well. Sales Rep: Would you consider increasing the order? Customer: We are evaluating the next purchase.",Follow-up required
CALL000136,2019-08-01,90009130,A1919150401,Newzealand,Rep-15,10,"Sales Rep: Are you satisfied with the product? Customer: Yes, the product is performing well. Sales Rep: Would you consider increasing the order? Customer: We are evaluating the next purchase.",Follow-up required
CALL000137,2020-09-01,70007199,A2620150606,South Korea,Rep-12,29,"Sales Rep: Are you satisfied with the product? Customer: Yes, the product is performing well. Sales Rep: Would you consider increasing the order? Customer: We are evaluating the next purchase.",Follow-up required
CALL000138,2020-09-01,90020100,A7018160402,Austria,Rep-25,26,"Sales Rep: Are you satisfied with the product? Customer: Yes, the product is performing well. Sales Rep: Would you consider increasing the order? Customer: We are evaluating the next purchase.",Follow-up required
CALL000139,2020-08-01,70004069,A3019150205,Japan,Rep-02,4,"Sales Rep: Are you satisfied with the product? Customer: Yes, the product is performing well. Sales Rep: Would you consider increasing the order? Customer: We are evaluating the next purchase.",Follow-up required
CALL000140,2020-11-01,90020098,A6818160201,Austria,Rep-30,15,"Sales Rep: Are you satisfied with the product? Customer: Yes, the product is performing well. Sales Rep: Would you consider increasing the order? Customer: We are evaluating the next purchase.",Follow-up required
CALL000141,2020-05-01,90005160,A0118150102,Pakistan,Rep-16,17,"Sales Rep: Are you satisfied with the product? Customer: Yes, the product is performing well. Sales Rep: Would you consider increasing the order? Customer: We are evaluating the next purchase.",Follow-up required
CALL000142,2021-08-01,90010046,A5721110503,Bangladesh,Rep-10,26,"Sales Rep: Are you satisfied with the product? Customer: Yes, the product is performing well. Sales Rep: Would you consider increasing the order? Customer: We are evaluating the next purchase.",Follow-up required
CALL000143,2019-09-01,90022073,A2219150204,USA,Rep-25,21,"Sales Rep: Are you satisfied with the product? Customer: Yes, the product is performing well. Sales Rep: Would you consider increasing the order? Customer: We are evaluating the next purchase.",Follow-up required
CALL000144,2018-12-01,90002005,A2821150805,India,Rep-03,13,"Sales Rep: Are you satisfied with the product? Customer: Yes, the product is performing well. Sales Rep: Would you consider increasing the order? Customer: We are evaluating the next purchase.",Follow-up required
CALL000145,2021-01-01,90012037,A6621160503,Germany,Rep-11,15,"Sales Rep: Are you satisfied with the product? Customer: Yes, the product is performing well. Sales Rep: Would you consider increasing the order? Customer: We are evaluating the next purchase.",Follow-up required
CALL000146,2021-07-01,90017056,A3019150204,Portugal,Rep-24,25,"Sales Rep: Are you satisfied with the product? Customer: Yes, the product is performing well. Sales Rep: Would you consider increasing the order? Customer: We are evaluating the next purchase.",Follow-up required
CALL000147,2020-07-01,90014136,A2419150402,Netherlands,Rep-16,27,"Sales Rep: Are you satisfied with the product? Customer: Yes, the product is performing well. Sales Rep: Would you consider increasing the order? Customer: We are evaluating the next purchase.",Follow-up required
CALL000148,2019-07-01,90021092,A6719160101,United Kingdom,Rep-12,25,"Sales Rep: Are you satisfied with the product? Customer: Yes, the product is performing well. Sales Rep: Would you consider increasing the order? Customer: We are evaluating the next purchase.",Follow-up required
CALL000149,2019-08-01,90003180,A4319110302,Indonesia,Rep-09,26,"Sales Rep: Are you satisfied with the product? Customer: Yes, the product is performing well. Sales Rep: Would you consider increasing the order? Customer: We are evaluating the next purchase.",Follow-up required
CALL000150,2018-12-01,90001021,A5318110101,China,Rep-16,22,"Sales Rep: Are you satisfied with the product? Customer: Yes, the product is performing well. Sales Rep: Would you consider increasing the order? Customer: We are evaluating the next purchase.",Follow-up required
CALL000151,2020-12-01,90017059,A4319110304,Portugal,Rep-04,29,"Sales Rep: Are you satisfied with the product? Customer: Yes, the product is performing well. Sales Rep: Would you consider increasing the order? Customer: We are evaluating the next purchase.",Follow-up required
CALL000152,2020-10-01,90009130,A4118110105,Newzealand,Rep-20,20,"Sales Rep: Are you satisfied with the product? Customer: Yes, the product is performing well. Sales Rep: Would you consider increasing the order? Customer: We are evaluating the next purchase.",Follow-up required
CALL000153,2021-02-01,90021094,A3220150404,United Kingdom,Rep-28,22,"Sales Rep: Are you satisfied with the product? Customer: Yes, the product is performing well. Sales Rep: Would you consider increasing the order? Customer: We are evaluating the next purchase.",Follow-up required
CALL000154,2020-03-01,70007199,A4821110808,South Korea,Rep-28,10,"Sales Rep: Are you satisfied with the product? Customer: Yes, the product is performing well. Sales Rep: Would you consider increasing the order? Customer: We are evaluating the next purchase.",Follow-up required
CALL000155,2018-09-01,90022082,A6519160401,USA,Rep-14,28,"Sales Rep: Are you satisfied with the product? Customer: Yes, the product is performing well. Sales Rep: Would you consider increasing the order? Customer: We are evaluating the next purchase.",Follow-up required
CALL000156,2019-05-01,70003182,A7220160203,Indonesia,Rep-03,16,"Sales Rep: Are you satisfied with the product? Customer: Yes, the product is performing well. Sales Rep: Would you consider increasing the order? Customer: We are evaluating the next purchase.",Follow-up required
CALL000157,2020-06-01,90005162,A6121110208,Pakistan,Rep-18,27,"Sales Rep: Are you satisfied with the product? Customer: Yes, the product is performing well. Sales Rep: Would you consider increasing the order? Customer: We are evaluating the next purchase.",Follow-up required
CALL000158,2020-11-01,90006153,A4218110208,Philiphines,Rep-29,18,"Sales Rep: Are you satisfied with the product? Customer: Yes, the product is performing well. Sales Rep: Would you consider increasing the order? Customer: We are evaluating the next purchase.",Follow-up required
CALL000159,2019-09-01,90020101,A5519110302,Austria,Rep-03,23,"Sales Rep: Are you satisfied with the product? Customer: Yes, the product is performing well. Sales Rep: Would you consider increasing the order? Customer: We are evaluating the next purchase.",Follow-up required
CALL000160,2019-01-01,90016171,A6519160401,Poland,Rep-08,20,"Sales Rep: Are you satisfied with the product? Customer: Yes, the product is performing well. Sales Rep: Would you consider increasing the order? Customer: We are evaluating the next purchase.",Follow-up required
CALL000161,2020-06-01,90019200,A5621110405,Sweden,Rep-25,19,"Sales Rep: Are you satisfied with the product? Customer: Yes, the product is performing well. Sales Rep: Would you consider increasing the order? Customer: We are evaluating the next purchase.",Follow-up required
CALL000162,2021-04-01,90013124,A3119150302,Italy,Rep-22,17,"Sales Rep: Are you satisfied with the product? Customer: Yes, the product is performing well. Sales Rep: Would you consider increasing the order? Customer: We are evaluating the next purchase.",Follow-up required
CALL000163,2019-12-01,90014135,A3920150301,Netherlands,Rep-15,17,"Sales Rep: Are you satisfied with the product? Customer: Yes, the product is performing well. Sales Rep: Would you consider increasing the order? Customer: We are evaluating the next purchase.",Follow-up required
CALL000164,2021-05-01,90001020,A1618150101,China,Rep-20,27,"Sales Rep: Are you satisfied with the product? Customer: Yes, the product is performing well. Sales Rep: Would you consider increasing the order? Customer: We are evaluating the next purchase.",Follow-up required
CALL000165,2018-12-01,90001021,A0721150404,China,Rep-28,21,"Sales Rep: Are you satisfied with the product? Customer: Yes, the product is performing well. Sales Rep: Would you consider increasing the order? Customer: We are evaluating the next purchase.",Follow-up required
CALL000166,2019-06-01,90001021,A5721110504,China,Rep-30,4,"Sales Rep: Are you satisfied with the product? Customer: Yes, the product is performing well. Sales Rep: Would you consider increasing the order? Customer: We are evaluating the next purchase.",Follow-up required
CALL000167,2019-05-01,90014140,A0921150603,Netherlands,Rep-06,26,"Sales Rep: Are you satisfied with the product? Customer: Yes, the product is performing well. Sales Rep: Would you consider increasing the order? Customer: We are evaluating the next purchase.",Follow-up required
CALL000168,2018-12-01,70009133,A3220150401,Newzealand,Rep-04,10,"Sales Rep: Are you satisfied with the product? Customer: Yes, the product is performing well. Sales Rep: Would you consider increasing the order? Customer: We are evaluating the next purchase.",Follow-up required
CALL000169,2021-04-01,90010046,A1919150401,Bangladesh,Rep-25,8,"Sales Rep: Are you satisfied with the product? Customer: Yes, the product is performing well. Sales Rep: Would you consider increasing the order? Customer: We are evaluating the next purchase.",Follow-up required
CALL000170,2019-09-01,90020098,A7018160402,Austria,Rep-23,14,"Sales Rep: Are you satisfied with the product? Customer: Yes, the product is performing well. Sales Rep: Would you consider increasing the order? Customer: We are evaluating the next purchase.",Follow-up required
CALL000171,2021-01-01,90021094,A0418150102,United Kingdom,Rep-02,17,"Sales Rep: Are you satisfied with the product? Customer: Yes, the product is performing well. Sales Rep: Would you consider increasing the order? Customer: We are evaluating the next purchase.",Follow-up required
CALL000172,2019-06-01,90004066,A5721110505,Japan,Rep-08,18,"Sales Rep: Are you satisfied with the product? Customer: Yes, the product is performing well. Sales Rep: Would you consider increasing the order? Customer: We are evaluating the next purchase.",Follow-up required
CALL000173,2019-08-01,70007199,A2219150204,South Korea,Rep-14,25,"Sales Rep: Are you satisfied with the product? Customer: Yes, the product is performing well. Sales Rep: Would you consider increasing the order? Customer: We are evaluating the next purchase.",Follow-up required
CALL000174,2020-01-01,70022084,A0921150603,USA,Rep-05,8,"Sales Rep: Are you satisfied with the product? Customer: Yes, the product is performing well. Sales Rep: Would you consider increasing the order? Customer: We are evaluating the next purchase.",Follow-up required
CALL000175,2019-09-01,90023027,A2319150301,Canada,Rep-19,4,"Sales Rep: Are you satisfied with the product? Customer: Yes, the product is performing well. Sales Rep: Would you consider increasing the order? Customer: We are evaluating the next purchase.",Follow-up required
CALL000176,2021-01-01,90014140,A3621150805,Netherlands,Rep-11,6,"Sales Rep: Are you satisfied with the product? Customer: Yes, the product is performing well. Sales Rep: Would you consider increasing the order? Customer: We are evaluating the next purchase.",Follow-up required
CALL000177,2019-11-01,90019201,A0519150208,Sweden,Rep-19,27,"Sales Rep: Are you satisfied with the product? Customer: Yes, the product is performing well. Sales Rep: Would you consider increasing the order? Customer: We are evaluating the next purchase.",Follow-up required
CALL000178,2020-03-01,70005163,A3718150105,Pakistan,Rep-09,18,"Sales Rep: Are you satisfied with the product? Customer: Yes, the product is performing well. Sales Rep: Would you consider increasing the order? Customer: We are evaluating the next purchase.",Follow-up required
CALL000179,2020-05-01,90013121,A3018150201,Italy,Rep-25,30,"Sales Rep: Are you satisfied with the product? Customer: Yes, the product is performing well. Sales Rep: Would you consider increasing the order? Customer: We are evaluating the next purchase.",Follow-up required
CALL000180,2020-06-01,80001019,A4721110707,China,Rep-14,16,"Sales Rep: Are you satisfied with the product? Customer: Yes, the product is performing well. Sales Rep: Would you consider increasing the order? Customer: We are evaluating the next purchase.",Follow-up required
CALL000181,2020-10-01,90020097,A6018110105,Austria,Rep-09,5,"Sales Rep: Are you satisfied with the product? Customer: Yes, the product is performing well. Sales Rep: Would you consider increasing the order? Customer: We are evaluating the next purchase.",Follow-up required
CALL000182,2018-09-01,90023027,A2419150404,Canada,Rep-04,10,"Sales Rep: Are you satisfied with the product? Customer: Yes, the product is performing well. Sales Rep: Would you consider increasing the order? Customer: We are evaluating the next purchase.",Follow-up required
CALL000183,2018-12-01,90022083,A2218150202,USA,Rep-05,8,"Sales Rep: Are you satisfied with the product? Customer: Yes, the product is performing well. Sales Rep: Would you consider increasing the order? Customer: We are evaluating the next purchase.",Follow-up required
CALL000184,2019-10-01,90020099,A4118110105,Austria,Rep-25,16,"Sales Rep: Are you satisfied with the product? Customer: Yes, the product is performing well. Sales Rep: Would you consider increasing the order? Customer: We are evaluating the next purchase.",Follow-up required
CALL000185,2021-01-01,90009127,A0519150208,Newzealand,Rep-28,9,"Sales Rep: Are you satisfied with the product? Customer: Yes, the product is performing well. Sales Rep: Would you consider increasing the order? Customer: We are evaluating the next purchase.",Follow-up required
CALL000186,2019-07-01,90013122,A4519110501,Italy,Rep-30,29,"Sales Rep: Are you satisfied with the product? Customer: Yes, the product is performing well. Sales Rep: Would you consider increasing the order? Customer: We are evaluating the next purchase.",Follow-up required
CALL000187,2020-07-01,90005160,A3019150205,Pakistan,Rep-24,13,"Sales Rep: Are you satisfied with the product? Customer: Yes, the product is performing well. Sales Rep: Would you consider increasing the order? Customer: We are evaluating the next purchase.",Follow-up required
CALL000188,2021-03-01,70009134,A5318110104,Newzealand,Rep-29,4,"Sales Rep: Are you satisfied with the product? Customer: Yes, the product is performing well. Sales Rep: Would you consider increasing the order? Customer: We are evaluating the next purchase.",Follow-up required
CALL000189,2021-05-01,90015148,A0219150202,Norway,Rep-18,7,"Sales Rep: Are you satisfied with the product? Customer: Yes, the product is performing well. Sales Rep: Would you consider increasing the order? Customer: We are evaluating the next purchase.",Follow-up required
CALL000190,2021-06-01,90001020,A5721110505,China,Rep-14,25,"Sales Rep: Are you satisfied with the product? Customer: Yes, the product is performing well. Sales Rep: Would you consider increasing the order? Customer: We are evaluating the next purchase.",Follow-up required
CALL000191,2018-09-01,70006158,A1618150104,Philiphines,Rep-12,26,"Sales Rep: Are you satisfied with the product? Customer: Yes, the product is performing well. Sales Rep: Would you consider increasing the order? Customer: We are evaluating the next purchase.",Follow-up required
CALL000192,2020-09-01,90015149,A6718160102,Norway,Rep-09,7,"Sales Rep: Are you satisfied with the product? Customer: Yes, the product is performing well. Sales Rep: Would you consider increasing the order? Customer: We are evaluating the next purchase.",Follow-up required
CALL000193,2020-04-01,90018108,A0418150102,Spain,Rep-30,7,"Sales Rep: Are you satisfied with the product? Customer: Yes, the product is performing well. Sales Rep: Would you consider increasing the order? Customer: We are evaluating the next purchase.",Follow-up required
CALL000194,2019-08-01,90017059,A4520110505,Portugal,Rep-17,21,"Sales Rep: Are you satisfied with the product? Customer: Yes, the product is performing well. Sales Rep: Would you consider increasing the order? Customer: We are evaluating the next purchase.",Follow-up required
CALL000195,2018-10-01,90020100,A5520110307,Austria,Rep-07,8,"Sales Rep: Are you satisfied with the product? Customer: Yes, the product is performing well. Sales Rep: Would you consider increasing the order? Customer: We are evaluating the next purchase.",Follow-up required
CALL000196,2018-10-01,90012038,A4821110808,Germany,Rep-20,12,"Sales Rep: Are you satisfied with the product? Customer: Yes, the product is performing well. Sales Rep: Would you consider increasing the order? Customer: We are evaluating the next purchase.",Follow-up required
CALL000197,2021-04-01,90001020,A4419110407,China,Rep-01,9,"Sales Rep: Are you satisfied with the product? Customer: Yes, the product is performing well. Sales Rep: Would you consider increasing the order? Customer: We are evaluating the next purchase.",Follow-up required
CALL000198,2018-11-01,90020098,A4821110801,Austria,Rep-13,8,"Sales Rep: Are you satisfied with the product? Customer: Yes, the product is performing well. Sales Rep: Would you consider increasing the order? Customer: We are evaluating the next purchase.",Follow-up required
CALL000199,2021-08-01,90002015,A4520110507,India,Rep-18,8,"Sales Rep: Are you satisfied with the product? Customer: Yes, the product is performing well. Sales Rep: Would you consider increasing the order? Customer: We are evaluating the next purchase.",Follow-up required
CALL000200,2018-12-01,90013118,A3421150606,Italy,Rep-08,23,"Sales Rep: Are you satisfied with the product? Customer: Yes, the product is performing well. Sales Rep: Would you consider increasing the order? Customer: We are evaluating the next purchase.",Follow-up required
CALL000201,2021-04-01,90019201,A3220150402,Sweden,Rep-21,23,"Sales Rep: Are you satisfied with the product? Customer: Yes, the product is performing well. Sales Rep: Would you consider increasing the order? Customer: We are evaluating the next purchase.",Follow-up required
CALL000202,2019-07-01,90010045,A0418150103,Bangladesh,Rep-08,16,"Sales Rep: Are you satisfied with the product? Customer: Yes, the product is performing well. Sales Rep: Would you consider increasing the order? Customer: We are evaluating the next purchase.",Follow-up required
CALL000203,2019-01-01,90011192,A0621150307,France,Rep-06,8,"Sales Rep: Are you satisfied with the product? Customer: Yes, the product is performing well. Sales Rep: Would you consider increasing the order? Customer: We are evaluating the next purchase.",Follow-up required
CALL000204,2019-04-01,70013126,A2918150106,Italy,Rep-08,23,"Sales Rep: Are you satisfied with the product? Customer: Yes, the product is performing well. Sales Rep: Would you consider increasing the order? Customer: We are evaluating the next purchase.",Follow-up required
CALL000205,2020-06-01,90023022,A2319150305,Canada,Rep-22,16,"Sales Rep: Are you satisfied with the product? Customer: Yes, the product is performing well. Sales Rep: Would you consider increasing the order? Customer: We are evaluating the next purchase.",Follow-up required
CALL000206,2018-10-01,70006158,A1320150402,Philiphines,Rep-11,25,"Sales Rep: Are you satisfied with the product? Customer: Yes, the product is performing well. Sales Rep: Would you consider increasing the order? Customer: We are evaluating the next purchase.",Follow-up required
CALL000207,2021-05-01,90002003,A1219150301,India,Rep-27,4,"Sales Rep: Are you satisfied with the product? Customer: Yes, the product is performing well. Sales Rep: Would you consider increasing the order? Customer: We are evaluating the next purchase.",Follow-up required
CALL000208,2019-06-01,90021094,A3018150201,United Kingdom,Rep-23,20,"Sales Rep: Are you satisfied with the product? Customer: Yes, the product is performing well. Sales Rep: Would you consider increasing the order? Customer: We are evaluating the next purchase.",Follow-up required
CALL000209,2020-08-01,90021086,A2319150301,United Kingdom,Rep-03,14,"Sales Rep: Are you satisfied with the product? Customer: Yes, the product is performing well. Sales Rep: Would you consider increasing the order? Customer: We are evaluating the next purchase.",Follow-up required
CALL000210,2021-06-01,90014135,A4519110501,Netherlands,Rep-19,9,"Sales Rep: Are you satisfied with the product? Customer: Yes, the product is performing well. Sales Rep: Would you consider increasing the order? Customer: We are evaluating the next purchase.",Follow-up required
CALL000211,2019-03-01,90021091,A2620150601,United Kingdom,Rep-18,29,"Sales Rep: Are you satisfied with the product? Customer: Yes, the product is performing well. Sales Rep: Would you consider increasing the order? Customer: We are evaluating the next purchase.",Follow-up required
CALL000212,2021-05-01,70020104,A1119150203,Austria,Rep-02,21,"Sales Rep: Are you satisfied with the product? Customer: Yes, the product is performing well. Sales Rep: Would you consider increasing the order? Customer: We are evaluating the next purchase.",Follow-up required
CALL000213,2020-01-01,90001021,A4620110606,China,Rep-12,11,"Sales Rep: Are you satisfied with the product? Customer: Yes, the product is performing well. Sales Rep: Would you consider increasing the order? Customer: We are evaluating the next purchase.",Follow-up required
CALL000214,2020-06-01,70007199,A7321160301,South Korea,Rep-09,5,"Sales Rep: Are you satisfied with the product? Customer: Yes, the product is performing well. Sales Rep: Would you consider increasing the order? Customer: We are evaluating the next purchase.",Follow-up required
CALL000215,2020-01-01,70009133,A1521150602,Newzealand,Rep-22,30,"Sales Rep: Are you satisfied with the product? Customer: Yes, the product is performing well. Sales Rep: Would you consider increasing the order? Customer: We are evaluating the next purchase.",Follow-up required
CALL000216,2019-09-01,90010046,A5318110105,Bangladesh,Rep-22,29,"Sales Rep: Are you satisfied with the product? Customer: Yes, the product is performing well. Sales Rep: Would you consider increasing the order? Customer: We are evaluating the next purchase.",Follow-up required
CALL000217,2019-01-01,90017057,A3621150806,Portugal,Rep-17,18,"Sales Rep: Are you satisfied with the product? Customer: Yes, the product is performing well. Sales Rep: Would you consider increasing the order? Customer: We are evaluating the next purchase.",Follow-up required
CALL000218,2020-01-01,80001019,A2021150504,China,Rep-02,7,"Sales Rep: Are you satisfied with the product? Customer: Yes, the product is performing well. Sales Rep: Would you consider increasing the order? Customer: We are evaluating the next purchase.",Follow-up required
CALL000219,2018-12-01,70003181,A4118110106,Indonesia,Rep-14,6,"Sales Rep: Are you satisfied with the product? Customer: Yes, the product is performing well. Sales Rep: Would you consider increasing the order? Customer: We are evaluating the next purchase.",Follow-up required
CALL000220,2020-05-01,90013122,A0219150202,Italy,Rep-17,22,"Sales Rep: Are you satisfied with the product? Customer: Yes, the product is performing well. Sales Rep: Would you consider increasing the order? Customer: We are evaluating the next purchase.",Follow-up required
CALL000221,2020-03-01,90017051,A1320150402,Portugal,Rep-03,28,"Sales Rep: Are you satisfied with the product? Customer: Yes, the product is performing well. Sales Rep: Would you consider increasing the order? Customer: We are evaluating the next purchase.",Follow-up required
CALL000222,2018-11-01,90021095,A2520150502,United Kingdom,Rep-12,28,"Sales Rep: Are you satisfied with the product? Customer: Yes, the product is performing well. Sales Rep: Would you consider increasing the order? Customer: We are evaluating the next purchase.",Follow-up required
CALL000223,2019-04-01,90021091,A4419110408,United Kingdom,Rep-18,14,"Sales Rep: Are you satisfied with the product? Customer: Yes, the product is performing well. Sales Rep: Would you consider increasing the order? Customer: We are evaluating the next purchase.",Follow-up required
CALL000224,2021-07-01,70009134,A6319160202,Newzealand,Rep-23,6,"Sales Rep: Are you satisfied with the product? Customer: Yes, the product is performing well. Sales Rep: Would you consider increasing the order? Customer: We are evaluating the next purchase.",Follow-up required
CALL000225,2021-07-01,90013118,A4620110607,Italy,Rep-03,19,"Sales Rep: Are you satisfied with the product? Customer: Yes, the product is performing well. Sales Rep: Would you consider increasing the order? Customer: We are evaluating the next purchase.",Follow-up required
CALL000226,2020-07-01,90004064,A1618150104,Japan,Rep-19,25,"Sales Rep: Are you satisfied with the product? Customer: Yes, the product is performing well. Sales Rep: Would you consider increasing the order? Customer: We are evaluating the next purchase.",Follow-up required
CALL000227,2019-04-01,90013124,A0821150504,Italy,Rep-29,23,"Sales Rep: Are you satisfied with the product? Customer: Yes, the product is performing well. Sales Rep: Would you consider increasing the order? Customer: We are evaluating the next purchase.",Follow-up required
CALL000228,2018-09-01,90021091,A2520150501,United Kingdom,Rep-20,8,"Sales Rep: Are you satisfied with the product? Customer: Yes, the product is performing well. Sales Rep: Would you consider increasing the order? Customer: We are evaluating the next purchase.",Follow-up required
CALL000229,2020-12-01,90003179,A3119150302,Indonesia,Rep-18,14,"Sales Rep: Are you satisfied with the product? Customer: Yes, the product is performing well. Sales Rep: Would you consider increasing the order? Customer: We are evaluating the next purchase.",Follow-up required
CALL000230,2020-03-01,90017049,A1819150303,Portugal,Rep-05,16,"Sales Rep: Are you satisfied with the product? Customer: Yes, the product is performing well. Sales Rep: Would you consider increasing the order? Customer: We are evaluating the next purchase.",Follow-up required
CALL000231,2019-02-01,90015144,A5519110301,Norway,Rep-04,14,"Sales Rep: Are you satisfied with the product? Customer: Yes, the product is performing well. Sales Rep: Would you consider increasing the order? Customer: We are evaluating the next purchase.",Follow-up required
CALL000232,2019-07-01,90011191,A3320150501,France,Rep-25,24,"Sales Rep: Are you satisfied with the product? Customer: Yes, the product is performing well. Sales Rep: Would you consider increasing the order? Customer: We are evaluating the next purchase.",Follow-up required
CALL000233,2021-01-01,90011189,A5620110402,France,Rep-01,11,"Sales Rep: Are you satisfied with the product? Customer: Yes, the product is performing well. Sales Rep: Would you consider increasing the order? Customer: We are evaluating the next purchase.",Follow-up required
CALL000234,2019-11-01,90019201,A4118110102,Sweden,Rep-01,23,"Sales Rep: Are you satisfied with the product? Customer: Yes, the product is performing well. Sales Rep: Would you consider increasing the order? Customer: We are evaluating the next purchase.",Follow-up required
CALL000235,2020-12-01,90020101,A5318110108,Austria,Rep-27,20,"Sales Rep: Are you satisfied with the product? Customer: Yes, the product is performing well. Sales Rep: Would you consider increasing the order? Customer: We are evaluating the next purchase.",Follow-up required
CALL000236,2019-01-01,90018107,A3420150602,Spain,Rep-10,13,"Sales Rep: Are you satisfied with the product? Customer: Yes, the product is performing well. Sales Rep: Would you consider increasing the order? Customer: We are evaluating the next purchase.",Follow-up required
CALL000237,2020-06-01,90001020,A4520110504,China,Rep-17,10,"Sales Rep: Are you satisfied with the product? Customer: Yes, the product is performing well. Sales Rep: Would you consider increasing the order? Customer: We are evaluating the next purchase.",Follow-up required
CALL000238,2021-07-01,70009134,A4620110606,Newzealand,Rep-23,11,"Sales Rep: Are you satisfied with the product? Customer: Yes, the product is performing well. Sales Rep: Would you consider increasing the order? Customer: We are evaluating the next purchase.",Follow-up required
CALL000239,2021-04-01,90011185,A3120150304,France,Rep-11,4,"Sales Rep: Are you satisfied with the product? Customer: Yes, the product is performing well. Sales Rep: Would you consider increasing the order? Customer: We are evaluating the next purchase.",Follow-up required
CALL000240,2019-06-01,90020103,A1320150402,Austria,Rep-22,27,"Sales Rep: Are you satisfied with the product? Customer: Yes, the product is performing well. Sales Rep: Would you consider increasing the order? Customer: We are evaluating the next purchase.",Follow-up required
CALL000241,2020-02-01,70006157,A2821150805,Philiphines,Rep-11,14,"Sales Rep: Are you satisfied with the product? Customer: Yes, the product is performing well. Sales Rep: Would you consider increasing the order? Customer: We are evaluating the next purchase.",Follow-up required
CALL000242,2019-05-01,90021091,A4821110806,United Kingdom,Rep-08,12,"Sales Rep: Are you satisfied with the product? Customer: Yes, the product is performing well. Sales Rep: Would you consider increasing the order? Customer: We are evaluating the next purchase.",Follow-up required
CALL000243,2019-11-01,80001019,A1420150502,China,Rep-17,17,"Sales Rep: Are you satisfied with the product? Customer: Yes, the product is performing well. Sales Rep: Would you consider increasing the order? Customer: We are evaluating the next purchase.",Follow-up required
CALL000244,2019-03-01,90017053,A4218110206,Portugal,Rep-27,12,"Sales Rep: Are you satisfied with the product? Customer: Yes, the product is performing well. Sales Rep: Would you consider increasing the order? Customer: We are evaluating the next purchase.",Follow-up required
CALL000245,2020-05-01,90021092,A5621110407,United Kingdom,Rep-10,24,"Sales Rep: Are you satisfied with the product? Customer: Yes, the product is performing well. Sales Rep: Would you consider increasing the order? Customer: We are evaluating the next purchase.",Follow-up required
CALL000246,2019-05-01,90013122,A5721110503,Italy,Rep-30,19,"Sales Rep: Are you satisfied with the product? Customer: Yes, the product is performing well. Sales Rep: Would you consider increasing the order? Customer: We are evaluating the next purchase.",Follow-up required
CALL000247,2020-11-01,90019203,A2918150106,Sweden,Rep-14,7,"Sales Rep: Are you satisfied with the product? Customer: Yes, the product is performing well. Sales Rep: Would you consider increasing the order? Customer: We are evaluating the next purchase.",Follow-up required
CALL000248,2021-05-01,70016178,A2520150504,Poland,Rep-06,9,"Sales Rep: Are you satisfied with the product? Customer: Yes, the product is performing well. Sales Rep: Would you consider increasing the order? Customer: We are evaluating the next purchase.",Follow-up required
CALL000249,2020-10-01,90002012,A6120110205,India,Rep-28,10,"Sales Rep: Are you satisfied with the product? Customer: Yes, the product is performing well. Sales Rep: Would you consider increasing the order? Customer: We are evaluating the next purchase.",Follow-up required
CALL000250,2018-10-01,90022074,A2821150804,USA,Rep-18,9,"Sales Rep: Are you satisfied with the product? Customer: Yes, the product is performing well. Sales Rep: Would you consider increasing the order? Customer: We are evaluating the next purchase.",Follow-up required
CALL000251,2019-01-01,70018115,A5721110501,Spain,Rep-11,4,"Sales Rep: Are you satisfied with the product? Customer: Yes, the product is performing well. Sales Rep: Would you consider increasing the order? Customer: We are evaluating the next purchase.",Follow-up required
CALL000252,2019-05-01,90009130,A2020150501,Newzealand,Rep-20,28,"Sales Rep: Are you satisfied with the product? Customer: Yes, the product is performing well. Sales Rep: Would you consider increasing the order? Customer: We are evaluating the next purchase.",Follow-up required
CALL000253,2021-08-01,90001021,A4821110805,China,Rep-30,19,"Sales Rep: Are you satisfied with the product? Customer: Yes, the product is performing well. Sales Rep: Would you consider increasing the order? Customer: We are evaluating the next purchase.",Follow-up required
CALL000254,2019-07-01,90021092,A5620110402,United Kingdom,Rep-08,23,"Sales Rep: Are you satisfied with the product? Customer: Yes, the product is performing well. Sales Rep: Would you consider increasing the order? Customer: We are evaluating the next purchase.",Follow-up required
CALL000255,2018-10-01,70018115,A1919150401,Spain,Rep-07,12,"Sales Rep: Are you satisfied with the product? Customer: Yes, the product is performing well. Sales Rep: Would you consider increasing the order? Customer: We are evaluating the next purchase.",Follow-up required
CALL000256,2019-06-01,90005162,A6520160403,Pakistan,Rep-28,22,"Sales Rep: Are you satisfied with the product? Customer: Yes, the product is performing well. Sales Rep: Would you consider increasing the order? Customer: We are evaluating the next purchase.",Follow-up required
CALL000257,2020-11-01,90015145,A2520150504,Norway,Rep-08,26,"Sales Rep: Are you satisfied with the product? Customer: Yes, the product is performing well. Sales Rep: Would you consider increasing the order? Customer: We are evaluating the next purchase.",Follow-up required
CALL000258,2020-03-01,90017055,A6818160201,Portugal,Rep-15,18,"Sales Rep: Are you satisfied with the product? Customer: Yes, the product is performing well. Sales Rep: Would you consider increasing the order? Customer: We are evaluating the next purchase.",Follow-up required
CALL000259,2021-05-01,90014140,A6620160502,Netherlands,Rep-21,24,"Sales Rep: Are you satisfied with the product? Customer: Yes, the product is performing well. Sales Rep: Would you consider increasing the order? Customer: We are evaluating the next purchase.",Follow-up required
CALL000260,2020-06-01,90010044,A4620110604,Bangladesh,Rep-13,7,"Sales Rep: Are you satisfied with the product? Customer: Yes, the product is performing well. Sales Rep: Would you consider increasing the order? Customer: We are evaluating the next purchase.",Follow-up required
CALL000261,2019-04-01,70012042,A6719160101,Germany,Rep-10,11,"Sales Rep: Are you satisfied with the product? Customer: Yes, the product is performing well. Sales Rep: Would you consider increasing the order? Customer: We are evaluating the next purchase.",Follow-up required
CALL000262,2020-11-01,90004068,A1819150304,Japan,Rep-05,23,"Sales Rep: Are you satisfied with the product? Customer: Yes, the product is performing well. Sales Rep: Would you consider increasing the order? Customer: We are evaluating the next purchase.",Follow-up required
CALL000263,2021-07-01,90017055,A5721110501,Portugal,Rep-07,12,"Sales Rep: Are you satisfied with the product? Customer: Yes, the product is performing well. Sales Rep: Would you consider increasing the order? Customer: We are evaluating the next purchase.",Follow-up required
CALL000264,2020-05-01,90007197,A6218160101,South Korea,Rep-03,16,"Sales Rep: Are you satisfied with the product? Customer: Yes, the product is performing well. Sales Rep: Would you consider increasing the order? Customer: We are evaluating the next purchase.",Follow-up required
CALL000265,2019-08-01,90005159,A6218160101,Pakistan,Rep-18,28,"Sales Rep: Are you satisfied with the product? Customer: Yes, the product is performing well. Sales Rep: Would you consider increasing the order? Customer: We are evaluating the next purchase.",Follow-up required
CALL000266,2019-05-01,90004064,A4118110104,Japan,Rep-26,14,"Sales Rep: Are you satisfied with the product? Customer: Yes, the product is performing well. Sales Rep: Would you consider increasing the order? Customer: We are evaluating the next purchase.",Follow-up required
CALL000267,2019-07-01,90004061,A4821110807,Japan,Rep-23,22,"Sales Rep: Are you satisfied with the product? Customer: Yes, the product is performing well. Sales Rep: Would you consider increasing the order? Customer: We are evaluating the next purchase.",Follow-up required
CALL000268,2020-02-01,90017057,A4218110205,Portugal,Rep-23,29,"Sales Rep: Are you satisfied with the product? Customer: Yes, the product is performing well. Sales Rep: Would you consider increasing the order? Customer: We are evaluating the next purchase.",Follow-up required
CALL000269,2021-06-01,90017049,A1819150304,Portugal,Rep-07,11,"Sales Rep: Are you satisfied with the product? Customer: Yes, the product is performing well. Sales Rep: Would you consider increasing the order? Customer: We are evaluating the next purchase.",Follow-up required
CALL000270,2019-06-01,70014143,A2118150105,Netherlands,Rep-07,9,"Sales Rep: Are you satisfied with the product? Customer: Yes, the product is performing well. Sales Rep: Would you consider increasing the order? Customer: We are evaluating the next purchase.",Follow-up required
CALL000271,2021-03-01,90023024,A3621150804,Canada,Rep-17,13,"Sales Rep: Are you satisfied with the product? Customer: Yes, the product is performing well. Sales Rep: Would you consider increasing the order? Customer: We are evaluating the next purchase.",Follow-up required
CALL000272,2019-11-01,90016173,A5519110302,Poland,Rep-08,15,"Sales Rep: Are you satisfied with the product? Customer: Yes, the product is performing well. Sales Rep: Would you consider increasing the order? Customer: We are evaluating the next purchase.",Follow-up required
CALL000273,2020-05-01,70008170,A3019150204,Australia,Rep-02,10,"Sales Rep: Are you satisfied with the product? Customer: Yes, the product is performing well. Sales Rep: Would you consider increasing the order? Customer: We are evaluating the next purchase.",Follow-up required
CALL000274,2020-08-01,90021092,A2520150501,United Kingdom,Rep-27,8,"Sales Rep: Are you satisfied with the product? Customer: Yes, the product is performing well. Sales Rep: Would you consider increasing the order? Customer: We are evaluating the next purchase.",Follow-up required
CALL000275,2020-03-01,70014142,A4021150405,Netherlands,Rep-28,13,"Sales Rep: Are you satisfied with the product? Customer: Yes, the product is performing well. Sales Rep: Would you consider increasing the order? Customer: We are evaluating the next purchase.",Follow-up required
CALL000276,2021-02-01,90021089,A3521150706,United Kingdom,Rep-08,16,"Sales Rep: Are you satisfied with the product? Customer: Yes, the product is performing well. Sales Rep: Would you consider increasing the order? Customer: We are evaluating the next purchase.",Follow-up required
CALL000277,2020-02-01,90012033,A6919160302,Germany,Rep-29,12,"Sales Rep: Are you satisfied with the product? Customer: Yes, the product is performing well. Sales Rep: Would you consider increasing the order? Customer: We are evaluating the next purchase.",Follow-up required
CALL000278,2019-11-01,90013117,A5721110504,Italy,Rep-03,8,"Sales Rep: Are you satisfied with the product? Customer: Yes, the product is performing well. Sales Rep: Would you consider increasing the order? Customer: We are evaluating the next purchase.",Follow-up required
CALL000279,2021-01-01,80006154,A2918150102,Philiphines,Rep-03,21,"Sales Rep: Are you satisfied with the product? Customer: Yes, the product is performing well. Sales Rep: Would you consider increasing the order? Customer: We are evaluating the next purchase.",Follow-up required
CALL000280,2020-10-01,70009133,A5318110105,Newzealand,Rep-02,21,"Sales Rep: Are you satisfied with the product? Customer: Yes, the product is performing well. Sales Rep: Would you consider increasing the order? Customer: We are evaluating the next purchase.",Follow-up required
CALL000281,2020-01-01,90021086,A4419110408,United Kingdom,Rep-05,14,"Sales Rep: Are you satisfied with the product? Customer: Yes, the product is performing well. Sales Rep: Would you consider increasing the order? Customer: We are evaluating the next purchase.",Follow-up required
CALL000282,2018-11-01,80006155,A5721110501,Philiphines,Rep-21,21,"Sales Rep: Are you satisfied with the product? Customer: Yes, the product is performing well. Sales Rep: Would you consider increasing the order? Customer: We are evaluating the next purchase.",Follow-up required
CALL000283,2021-08-01,90023027,A6719160101,Canada,Rep-09,17,"Sales Rep: Are you satisfied with the product? Customer: Yes, the product is performing well. Sales Rep: Would you consider increasing the order? Customer: We are evaluating the next purchase.",Follow-up required
CALL000284,2020-11-01,70003181,A5621110408,Indonesia,Rep-29,21,"Sales Rep: Are you satisfied with the product? Customer: Yes, the product is performing well. Sales Rep: Would you consider increasing the order? Customer: We are evaluating the next purchase.",Follow-up required
CALL000285,2019-02-01,90002008,A1718150204,India,Rep-13,17,"Sales Rep: Are you satisfied with the product? Customer: Yes, the product is performing well. Sales Rep: Would you consider increasing the order? Customer: We are evaluating the next purchase.",Follow-up required
CALL000286,2020-12-01,90005160,A4319110304,Pakistan,Rep-30,12,"Sales Rep: Are you satisfied with the product? Customer: Yes, the product is performing well. Sales Rep: Would you consider increasing the order? Customer: We are evaluating the next purchase.",Follow-up required
CALL000287,2021-02-01,70015152,A4218110201,Norway,Rep-19,24,"Sales Rep: Are you satisfied with the product? Customer: Yes, the product is performing well. Sales Rep: Would you consider increasing the order? Customer: We are evaluating the next purchase.",Follow-up required
CALL000288,2019-09-01,90019203,A0219150201,Sweden,Rep-28,26,"Sales Rep: Are you satisfied with the product? Customer: Yes, the product is performing well. Sales Rep: Would you consider increasing the order? Customer: We are evaluating the next purchase.",Follow-up required
CALL000289,2019-10-01,90004067,A2520150504,Japan,Rep-19,18,"Sales Rep: Are you satisfied with the product? Customer: Yes, the product is performing well. Sales Rep: Would you consider increasing the order? Customer: We are evaluating the next purchase.",Follow-up required
CALL000290,2020-10-01,90013118,A3119150301,Italy,Rep-12,11,"Sales Rep: Are you satisfied with the product? Customer: Yes, the product is performing well. Sales Rep: Would you consider increasing the order? Customer: We are evaluating the next purchase.",Follow-up required
CALL000291,2019-12-01,90015144,A5519110302,Norway,Rep-14,23,"Sales Rep: Are you satisfied with the product? Customer: Yes, the product is performing well. Sales Rep: Would you consider increasing the order? Customer: We are evaluating the next purchase.",Follow-up required
CALL000292,2020-07-01,90004063,A5318110107,Japan,Rep-03,25,"Sales Rep: Are you satisfied with the product? Customer: Yes, the product is performing well. Sales Rep: Would you consider increasing the order? Customer: We are evaluating the next purchase.",Follow-up required
CALL000293,2018-11-01,90023023,A2419150402,Canada,Rep-17,24,"Sales Rep: Are you satisfied with the product? Customer: Yes, the product is performing well. Sales Rep: Would you consider increasing the order? Customer: We are evaluating the next purchase.",Follow-up required
CALL000294,2020-01-01,90003180,A6319160202,Indonesia,Rep-21,15,"Sales Rep: Are you satisfied with the product? Customer: Yes, the product is performing well. Sales Rep: Would you consider increasing the order? Customer: We are evaluating the next purchase.",Follow-up required
CALL000295,2021-04-01,90023027,A6019110108,Canada,Rep-12,21,"Sales Rep: Are you satisfied with the product? Customer: Yes, the product is performing well. Sales Rep: Would you consider increasing the order? Customer: We are evaluating the next purchase.",Follow-up required
CALL000296,2020-05-01,70020104,A6119110202,Austria,Rep-20,15,"Sales Rep: Are you satisfied with the product? Customer: Yes, the product is performing well. Sales Rep: Would you consider increasing the order? Customer: We are evaluating the next purchase.",Follow-up required
CALL000297,2020-07-01,90017057,A2218150201,Portugal,Rep-05,6,"Sales Rep: Are you satisfied with the product? Customer: Yes, the product is performing well. Sales Rep: Would you consider increasing the order? Customer: We are evaluating the next purchase.",Follow-up required
CALL000298,2019-06-01,90009130,A5721110505,Newzealand,Rep-29,26,"Sales Rep: Are you satisfied with the product? Customer: Yes, the product is performing well. Sales Rep: Would you consider increasing the order? Customer: We are evaluating the next purchase.",Follow-up required
CALL000299,2021-03-01,90014141,A4620110606,Netherlands,Rep-28,14,"Sales Rep: Are you satisfied with the product? Customer: Yes, the product is performing well. Sales Rep: Would you consider increasing the order? Customer: We are evaluating the next purchase.",Follow-up required
CALL000300,2021-05-01,90023030,A5419110204,Canada,Rep-07,16,"Sales Rep: Are you satisfied with the product? Customer: Yes, the product is performing well. Sales Rep: Would you consider increasing the order? Customer: We are evaluating the next purchase.",Follow-up required
CALL000301,2019-05-01,90002011,A4821110806,India,Rep-15,18,"Sales Rep: Are you satisfied with the product? Customer: Yes, the product is performing well. Sales Rep: Would you consider increasing the order? Customer: We are evaluating the next purchase.",Follow-up required
CALL000302,2020-09-01,90008168,A4519110502,Australia,Rep-10,30,"Sales Rep: Are you satisfied with the product? Customer: Yes, the product is performing well. Sales Rep: Would you consider increasing the order? Customer: We are evaluating the next purchase.",Follow-up required
CALL000303,2020-11-01,90019201,A2620150604,Sweden,Rep-15,14,"Sales Rep: Are you satisfied with the product? Customer: Yes, the product is performing well. Sales Rep: Would you consider increasing the order? Customer: We are evaluating the next purchase.",Follow-up required
CALL000304,2021-07-01,70010047,A5721110508,Bangladesh,Rep-12,20,"Sales Rep: Are you satisfied with the product? Customer: Yes, the product is performing well. Sales Rep: Would you consider increasing the order? Customer: We are evaluating the next purchase.",Follow-up required
CALL000305,2021-01-01,70008169,A2620150606,Australia,Rep-29,25,"Sales Rep: Are you satisfied with the product? Customer: Yes, the product is performing well. Sales Rep: Would you consider increasing the order? Customer: We are evaluating the next purchase.",Follow-up required
CALL000306,2021-03-01,90001020,A5318110103,China,Rep-30,17,"Sales Rep: Are you satisfied with the product? Customer: Yes, the product is performing well. Sales Rep: Would you consider increasing the order? Customer: We are evaluating the next purchase.",Follow-up required
CALL000307,2020-03-01,80007195,A2118150106,South Korea,Rep-21,14,"Sales Rep: Are you satisfied with the product? Customer: Yes, the product is performing well. Sales Rep: Would you consider increasing the order? Customer: We are evaluating the next purchase.",Follow-up required
CALL000308,2020-07-01,90009127,A2821150801,Newzealand,Rep-29,7,"Sales Rep: Are you satisfied with the product? Customer: Yes, the product is performing well. Sales Rep: Would you consider increasing the order? Customer: We are evaluating the next purchase.",Follow-up required
CALL000309,2020-03-01,90012040,A6018110102,Germany,Rep-13,13,"Sales Rep: Are you satisfied with the product? Customer: Yes, the product is performing well. Sales Rep: Would you consider increasing the order? Customer: We are evaluating the next purchase.",Follow-up required
CALL000310,2020-08-01,90019203,A0418150107,Sweden,Rep-29,20,"Sales Rep: Are you satisfied with the product? Customer: Yes, the product is performing well. Sales Rep: Would you consider increasing the order? Customer: We are evaluating the next purchase.",Follow-up required
CALL000311,2019-03-01,90008166,A2918150101,Australia,Rep-01,18,"Sales Rep: Are you satisfied with the product? Customer: Yes, the product is performing well. Sales Rep: Would you consider increasing the order? Customer: We are evaluating the next purchase.",Follow-up required
CALL000312,2020-12-01,90014135,A3621150804,Netherlands,Rep-08,19,"Sales Rep: Are you satisfied with the product? Customer: Yes, the product is performing well. Sales Rep: Would you consider increasing the order? Customer: We are evaluating the next purchase.",Follow-up required
CALL000313,2020-07-01,90004063,A5519110303,Japan,Rep-16,17,"Sales Rep: Are you satisfied with the product? Customer: Yes, the product is performing well. Sales Rep: Would you consider increasing the order? Customer: We are evaluating the next purchase.",Follow-up required
CALL000314,2020-06-01,90006153,A4118110105,Philiphines,Rep-06,5,"Sales Rep: Are you satisfied with the product? Customer: Yes, the product is performing well. Sales Rep: Would you consider increasing the order? Customer: We are evaluating the next purchase.",Follow-up required
CALL000315,2021-07-01,90009130,A2420150406,Newzealand,Rep-02,9,"Sales Rep: Are you satisfied with the product? Customer: Yes, the product is performing well. Sales Rep: Would you consider increasing the order? Customer: We are evaluating the next purchase.",Follow-up required
CALL000316,2020-10-01,90001021,A3119150302,China,Rep-03,16,"Sales Rep: Are you satisfied with the product? Customer: Yes, the product is performing well. Sales Rep: Would you consider increasing the order? Customer: We are evaluating the next purchase.",Follow-up required
CALL000317,2019-01-01,90010045,A1919150401,Bangladesh,Rep-19,23,"Sales Rep: Are you satisfied with the product? Customer: Yes, the product is performing well. Sales Rep: Would you consider increasing the order? Customer: We are evaluating the next purchase.",Follow-up required
CALL000318,2021-02-01,70013126,A4620110604,Italy,Rep-10,25,"Sales Rep: Are you satisfied with the product? Customer: Yes, the product is performing well. Sales Rep: Would you consider increasing the order? Customer: We are evaluating the next purchase.",Follow-up required
CALL000319,2019-10-01,90005159,A7321160301,Pakistan,Rep-14,21,"Sales Rep: Are you satisfied with the product? Customer: Yes, the product is performing well. Sales Rep: Would you consider increasing the order? Customer: We are evaluating the next purchase.",Follow-up required
CALL000320,2020-08-01,80001019,A2918150102,China,Rep-07,14,"Sales Rep: Are you satisfied with the product? Customer: Yes, the product is performing well. Sales Rep: Would you consider increasing the order? Customer: We are evaluating the next purchase.",Follow-up required
CALL000321,2019-06-01,80001019,A3320150501,China,Rep-19,14,"Sales Rep: Are you satisfied with the product? Customer: Yes, the product is performing well. Sales Rep: Would you consider increasing the order? Customer: We are evaluating the next purchase.",Follow-up required
CALL000322,2020-04-01,90001020,A5318110105,China,Rep-16,20,"Sales Rep: Are you satisfied with the product? Customer: Yes, the product is performing well. Sales Rep: Would you consider increasing the order? Customer: We are evaluating the next purchase.",Follow-up required
CALL000323,2021-01-01,70020104,A7119160102,Austria,Rep-08,12,"Sales Rep: Are you satisfied with the product? Customer: Yes, the product is performing well. Sales Rep: Would you consider increasing the order? Customer: We are evaluating the next purchase.",Follow-up required
CALL000324,2019-10-01,90002008,A3521150701,India,Rep-28,12,"Sales Rep: Are you satisfied with the product? Customer: Yes, the product is performing well. Sales Rep: Would you consider increasing the order? Customer: We are evaluating the next purchase.",Follow-up required
CALL000325,2020-12-01,90022079,A2720150701,USA,Rep-20,16,"Sales Rep: Are you satisfied with the product? Customer: Yes, the product is performing well. Sales Rep: Would you consider increasing the order? Customer: We are evaluating the next purchase.",Follow-up required
CALL000326,2020-02-01,90012041,A6419160301,Germany,Rep-17,13,"Sales Rep: Are you satisfied with the product? Customer: Yes, the product is performing well. Sales Rep: Would you consider increasing the order? Customer: We are evaluating the next purchase.",Follow-up required
CALL000327,2021-04-01,80007195,A5721110502,South Korea,Rep-09,28,"Sales Rep: Are you satisfied with the product? Customer: Yes, the product is performing well. Sales Rep: Would you consider increasing the order? Customer: We are evaluating the next purchase.",Follow-up required
CALL000328,2021-05-01,90016176,A5721110507,Poland,Rep-29,20,"Sales Rep: Are you satisfied with the product? Customer: Yes, the product is performing well. Sales Rep: Would you consider increasing the order? Customer: We are evaluating the next purchase.",Follow-up required
CALL000329,2019-01-01,90002004,A2520150505,India,Rep-25,14,"Sales Rep: Are you satisfied with the product? Customer: Yes, the product is performing well. Sales Rep: Would you consider increasing the order? Customer: We are evaluating the next purchase.",Follow-up required
CALL000330,2020-10-01,90020103,A1421150503,Austria,Rep-26,27,"Sales Rep: Are you satisfied with the product? Customer: Yes, the product is performing well. Sales Rep: Would you consider increasing the order? Customer: We are evaluating the next purchase.",Follow-up required
CALL000331,2021-07-01,90023026,A0821150501,Canada,Rep-13,22,"Sales Rep: Are you satisfied with the product? Customer: Yes, the product is performing well. Sales Rep: Would you consider increasing the order? Customer: We are evaluating the next purchase.",Follow-up required
CALL000332,2020-09-01,90005161,A6718160102,Pakistan,Rep-13,13,"Sales Rep: Are you satisfied with the product? Customer: Yes, the product is performing well. Sales Rep: Would you consider increasing the order? Customer: We are evaluating the next purchase.",Follow-up required
CALL000333,2020-11-01,90020103,A2721150704,Austria,Rep-29,18,"Sales Rep: Are you satisfied with the product? Customer: Yes, the product is performing well. Sales Rep: Would you consider increasing the order? Customer: We are evaluating the next purchase.",Follow-up required
CALL000334,2019-11-01,70023031,A4218110207,Canada,Rep-26,7,"Sales Rep: Are you satisfied with the product? Customer: Yes, the product is performing well. Sales Rep: Would you consider increasing the order? Customer: We are evaluating the next purchase.",Follow-up required
CALL000335,2019-06-01,90001021,A0619150301,China,Rep-12,13,"Sales Rep: Are you satisfied with the product? Customer: Yes, the product is performing well. Sales Rep: Would you consider increasing the order? Customer: We are evaluating the next purchase.",Follow-up required
CALL000336,2021-01-01,90020098,A7018160402,Austria,Rep-09,5,"Sales Rep: Are you satisfied with the product? Customer: Yes, the product is performing well. Sales Rep: Would you consider increasing the order? Customer: We are evaluating the next purchase.",Follow-up required
CALL000337,2021-07-01,90001020,A2821150806,China,Rep-24,18,"Sales Rep: Are you satisfied with the product? Customer: Yes, the product is performing well. Sales Rep: Would you consider increasing the order? Customer: We are evaluating the next purchase.",Follow-up required
CALL000338,2020-02-01,90015145,A2021150503,Norway,Rep-19,28,"Sales Rep: Are you satisfied with the product? Customer: Yes, the product is performing well. Sales Rep: Would you consider increasing the order? Customer: We are evaluating the next purchase.",Follow-up required
CALL000339,2019-11-01,90016171,A0721150403,Poland,Rep-04,7,"Sales Rep: Are you satisfied with the product? Customer: Yes, the product is performing well. Sales Rep: Would you consider increasing the order? Customer: We are evaluating the next purchase.",Follow-up required
CALL000340,2019-04-01,90022074,A2620150605,USA,Rep-30,18,"Sales Rep: Are you satisfied with the product? Customer: Yes, the product is performing well. Sales Rep: Would you consider increasing the order? Customer: We are evaluating the next purchase.",Follow-up required
CALL000341,2019-11-01,90018105,A2620150604,Spain,Rep-10,4,"Sales Rep: Are you satisfied with the product? Customer: Yes, the product is performing well. Sales Rep: Would you consider increasing the order? Customer: We are evaluating the next purchase.",Follow-up required
CALL000342,2018-09-01,90008165,A3718150103,Australia,Rep-29,12,"Sales Rep: Are you satisfied with the product? Customer: Yes, the product is performing well. Sales Rep: Would you consider increasing the order? Customer: We are evaluating the next purchase.",Follow-up required
CALL000343,2020-07-01,90002016,A2118150105,India,Rep-14,13,"Sales Rep: Are you satisfied with the product? Customer: Yes, the product is performing well. Sales Rep: Would you consider increasing the order? Customer: We are evaluating the next purchase.",Follow-up required
CALL000344,2019-06-01,90003179,A5318110103,Indonesia,Rep-30,24,"Sales Rep: Are you satisfied with the product? Customer: Yes, the product is performing well. Sales Rep: Would you consider increasing the order? Customer: We are evaluating the next purchase.",Follow-up required
CALL000345,2021-06-01,90013124,A3420150601,Italy,Rep-25,13,"Sales Rep: Are you satisfied with the product? Customer: Yes, the product is performing well. Sales Rep: Would you consider increasing the order? Customer: We are evaluating the next purchase.",Follow-up required
CALL000346,2018-09-01,70008169,A1521150603,Australia,Rep-07,9,"Sales Rep: Are you satisfied with the product? Customer: Yes, the product is performing well. Sales Rep: Would you consider increasing the order? Customer: We are evaluating the next purchase.",Follow-up required
CALL000347,2018-09-01,90021088,A5318110102,United Kingdom,Rep-03,11,"Sales Rep: Are you satisfied with the product? Customer: Yes, the product is performing well. Sales Rep: Would you consider increasing the order? Customer: We are evaluating the next purchase.",Follow-up required
CALL000348,2020-03-01,90011185,A6520160403,France,Rep-12,16,"Sales Rep: Are you satisfied with the product? Customer: Yes, the product is performing well. Sales Rep: Would you consider increasing the order? Customer: We are evaluating the next purchase.",Follow-up required
CALL000349,2020-05-01,90016175,A4118110104,Poland,Rep-09,22,"Sales Rep: Are you satisfied with the product? Customer: Yes, the product is performing well. Sales Rep: Would you consider increasing the order? Customer: We are evaluating the next purchase.",Follow-up required
CALL000350,2020-12-01,90003179,A2319150304,Indonesia,Rep-22,21,"Sales Rep: Are you satisfied with the product? Customer: Yes, the product is performing well. Sales Rep: Would you consider increasing the order? Customer: We are evaluating the next purchase.",Follow-up required
CALL000351,2020-11-01,90023030,A0519150205,Canada,Rep-22,26,"Sales Rep: Are you satisfied with the product? Customer: Yes, the product is performing well. Sales Rep: Would you consider increasing the order? Customer: We are evaluating the next purchase.",Follow-up required
CALL000352,2020-04-01,70007198,A2821150804,South Korea,Rep-28,27,"Sales Rep: Are you satisfied with the product? Customer: Yes, the product is performing well. Sales Rep: Would you consider increasing the order? Customer: We are evaluating the next purchase.",Follow-up required
CALL000353,2020-03-01,90017051,A1319150401,Portugal,Rep-14,11,"Sales Rep: Are you satisfied with the product? Customer: Yes, the product is performing well. Sales Rep: Would you consider increasing the order? Customer: We are evaluating the next purchase.",Follow-up required
CALL000354,2018-12-01,70013126,A0418150108,Italy,Rep-25,8,"Sales Rep: Are you satisfied with the product? Customer: Yes, the product is performing well. Sales Rep: Would you consider increasing the order? Customer: We are evaluating the next purchase.",Follow-up required
CALL000355,2018-12-01,90011189,A7321160301,France,Rep-08,25,"Sales Rep: Are you satisfied with the product? Customer: Yes, the product is performing well. Sales Rep: Would you consider increasing the order? Customer: We are evaluating the next purchase.",Follow-up required
CALL000356,2019-10-01,90023030,A5419110204,Canada,Rep-04,9,"Sales Rep: Are you satisfied with the product? Customer: Yes, the product is performing well. Sales Rep: Would you consider increasing the order? Customer: We are evaluating the next purchase.",Follow-up required
CALL000357,2018-12-01,90008166,A6818160201,Australia,Rep-27,16,"Sales Rep: Are you satisfied with the product? Customer: Yes, the product is performing well. Sales Rep: Would you consider increasing the order? Customer: We are evaluating the next purchase.",Follow-up required
CALL000358,2020-09-01,90001020,A3819150203,China,Rep-23,5,"Sales Rep: Are you satisfied with the product? Customer: Yes, the product is performing well. Sales Rep: Would you consider increasing the order? Customer: We are evaluating the next purchase.",Follow-up required
CALL000359,2018-09-01,90005159,A3320150504,Pakistan,Rep-17,16,"Sales Rep: Are you satisfied with the product? Customer: Yes, the product is performing well. Sales Rep: Would you consider increasing the order? Customer: We are evaluating the next purchase.",Follow-up required
CALL000360,2019-01-01,80001019,A4218110202,China,Rep-15,22,"Sales Rep: Are you satisfied with the product? Customer: Yes, the product is performing well. Sales Rep: Would you consider increasing the order? Customer: We are evaluating the next purchase.",Follow-up required
CALL000361,2019-05-01,90004068,A4721110705,Japan,Rep-20,28,"Sales Rep: Are you satisfied with the product? Customer: Yes, the product is performing well. Sales Rep: Would you consider increasing the order? Customer: We are evaluating the next purchase.",Follow-up required
CALL000362,2019-07-01,90014139,A1420150501,Netherlands,Rep-18,11,"Sales Rep: Are you satisfied with the product? Customer: Yes, the product is performing well. Sales Rep: Would you consider increasing the order? Customer: We are evaluating the next purchase.",Follow-up required
CALL000363,2020-06-01,90022077,A1118150202,USA,Rep-14,28,"Sales Rep: Are you satisfied with the product? Customer: Yes, the product is performing well. Sales Rep: Would you consider increasing the order? Customer: We are evaluating the next purchase.",Follow-up required
CALL000364,2019-09-01,90010046,A2620150601,Bangladesh,Rep-15,8,"Sales Rep: Are you satisfied with the product? Customer: Yes, the product is performing well. Sales Rep: Would you consider increasing the order? Customer: We are evaluating the next purchase.",Follow-up required
CALL000365,2021-06-01,90002012,A3521150706,India,Rep-05,9,"Sales Rep: Are you satisfied with the product? Customer: Yes, the product is performing well. Sales Rep: Would you consider increasing the order? Customer: We are evaluating the next purchase.",Follow-up required
CALL000366,2020-08-01,90015144,A6121110208,Norway,Rep-02,27,"Sales Rep: Are you satisfied with the product? Customer: Yes, the product is performing well. Sales Rep: Would you consider increasing the order? Customer: We are evaluating the next purchase.",Follow-up required
CALL000367,2019-01-01,90009132,A3819150203,Newzealand,Rep-16,4,"Sales Rep: Are you satisfied with the product? Customer: Yes, the product is performing well. Sales Rep: Would you consider increasing the order? Customer: We are evaluating the next purchase.",Follow-up required
CALL000368,2019-05-01,80007195,A0821150504,South Korea,Rep-10,12,"Sales Rep: Are you satisfied with the product? Customer: Yes, the product is performing well. Sales Rep: Would you consider increasing the order? Customer: We are evaluating the next purchase.",Follow-up required
CALL000369,2020-12-01,90008167,A0418150107,Australia,Rep-07,19,"Sales Rep: Are you satisfied with the product? Customer: Yes, the product is performing well. Sales Rep: Would you consider increasing the order? Customer: We are evaluating the next purchase.",Follow-up required
CALL000370,2019-07-01,70006158,A4519110502,Philiphines,Rep-20,28,"Sales Rep: Are you satisfied with the product? Customer: Yes, the product is performing well. Sales Rep: Would you consider increasing the order? Customer: We are evaluating the next purchase.",Follow-up required
CALL000371,2020-11-01,90005160,A0321150303,Pakistan,Rep-08,13,"Sales Rep: Are you satisfied with the product? Customer: Yes, the product is performing well. Sales Rep: Would you consider increasing the order? Customer: We are evaluating the next purchase.",Follow-up required
CALL000372,2020-08-01,70014142,A3421150605,Netherlands,Rep-08,23,"Sales Rep: Are you satisfied with the product? Customer: Yes, the product is performing well. Sales Rep: Would you consider increasing the order? Customer: We are evaluating the next purchase.",Follow-up required
CALL000373,2018-10-01,90005161,A3521150704,Pakistan,Rep-27,9,"Sales Rep: Are you satisfied with the product? Customer: Yes, the product is performing well. Sales Rep: Would you consider increasing the order? Customer: We are evaluating the next purchase.",Follow-up required
CALL000374,2021-06-01,70013125,A7118160101,Italy,Rep-28,26,"Sales Rep: Are you satisfied with the product? Customer: Yes, the product is performing well. Sales Rep: Would you consider increasing the order? Customer: We are evaluating the next purchase.",Follow-up required
CALL000375,2020-01-01,90003179,A0220150203,Indonesia,Rep-03,17,"Sales Rep: Are you satisfied with the product? Customer: Yes, the product is performing well. Sales Rep: Would you consider increasing the order? Customer: We are evaluating the next purchase.",Follow-up required
CALL000376,2019-02-01,90021090,A1919150401,United Kingdom,Rep-15,6,"Sales Rep: Are you satisfied with the product? Customer: Yes, the product is performing well. Sales Rep: Would you consider increasing the order? Customer: We are evaluating the next purchase.",Follow-up required
CALL000377,2020-05-01,70006157,A5419110208,Philiphines,Rep-10,4,"Sales Rep: Are you satisfied with the product? Customer: Yes, the product is performing well. Sales Rep: Would you consider increasing the order? Customer: We are evaluating the next purchase.",Follow-up required
CALL000378,2021-08-01,90002012,A4520110508,India,Rep-20,7,"Sales Rep: Are you satisfied with the product? Customer: Yes, the product is performing well. Sales Rep: Would you consider increasing the order? Customer: We are evaluating the next purchase.",Follow-up required
CALL000379,2020-05-01,90011191,A5621110408,France,Rep-08,25,"Sales Rep: Are you satisfied with the product? Customer: Yes, the product is performing well. Sales Rep: Would you consider increasing the order? Customer: We are evaluating the next purchase.",Follow-up required
CALL000380,2020-12-01,90017059,A3621150804,Portugal,Rep-03,24,"Sales Rep: Are you satisfied with the product? Customer: Yes, the product is performing well. Sales Rep: Would you consider increasing the order? Customer: We are evaluating the next purchase.",Follow-up required
CALL000381,2020-08-01,90018108,A0620150303,Spain,Rep-09,24,"Sales Rep: Are you satisfied with the product? Customer: Yes, the product is performing well. Sales Rep: Would you consider increasing the order? Customer: We are evaluating the next purchase.",Follow-up required
CALL000382,2019-02-01,90006156,A4720110702,Philiphines,Rep-28,6,"Sales Rep: Are you satisfied with the product? Customer: Yes, the product is performing well. Sales Rep: Would you consider increasing the order? Customer: We are evaluating the next purchase.",Follow-up required
CALL000383,2019-01-01,70016178,A6119110201,Poland,Rep-27,18,"Sales Rep: Are you satisfied with the product? Customer: Yes, the product is performing well. Sales Rep: Would you consider increasing the order? Customer: We are evaluating the next purchase.",Follow-up required
CALL000384,2019-09-01,90023024,A6921160301,Canada,Rep-29,5,"Sales Rep: Are you satisfied with the product? Customer: Yes, the product is performing well. Sales Rep: Would you consider increasing the order? Customer: We are evaluating the next purchase.",Follow-up required
CALL000385,2018-09-01,90013123,A1521150603,Italy,Rep-29,22,"Sales Rep: Are you satisfied with the product? Customer: Yes, the product is performing well. Sales Rep: Would you consider increasing the order? Customer: We are evaluating the next purchase.",Follow-up required
CALL000386,2019-08-01,70011193,A4519110501,France,Rep-06,26,"Sales Rep: Are you satisfied with the product? Customer: Yes, the product is performing well. Sales Rep: Would you consider increasing the order? Customer: We are evaluating the next purchase.",Follow-up required
CALL000387,2020-06-01,90019203,A7219160201,Sweden,Rep-22,5,"Sales Rep: Are you satisfied with the product? Customer: Yes, the product is performing well. Sales Rep: Would you consider increasing the order? Customer: We are evaluating the next purchase.",Follow-up required
CALL000388,2019-12-01,90008168,A6819160203,Australia,Rep-05,30,"Sales Rep: Are you satisfied with the product? Customer: Yes, the product is performing well. Sales Rep: Would you consider increasing the order? Customer: We are evaluating the next purchase.",Follow-up required
CALL000389,2020-05-01,70013125,A3621150804,Italy,Rep-07,7,"Sales Rep: Are you satisfied with the product? Customer: Yes, the product is performing well. Sales Rep: Would you consider increasing the order? Customer: We are evaluating the next purchase.",Follow-up required
CALL000390,2019-12-01,90002001,A2918150104,India,Rep-02,22,"Sales Rep: Are you satisfied with the product? Customer: Yes, the product is performing well. Sales Rep: Would you consider increasing the order? Customer: We are evaluating the next purchase.",Follow-up required
CALL000391,2018-10-01,70017060,A3320150505,Portugal,Rep-01,10,"Sales Rep: Are you satisfied with the product? Customer: Yes, the product is performing well. Sales Rep: Would you consider increasing the order? Customer: We are evaluating the next purchase.",Follow-up required
CALL000392,2020-06-01,90015148,A5419110203,Norway,Rep-04,25,"Sales Rep: Are you satisfied with the product? Customer: Yes, the product is performing well. Sales Rep: Would you consider increasing the order? Customer: We are evaluating the next purchase.",Follow-up required
CALL000393,2020-05-01,90014140,A3019150205,Netherlands,Rep-25,16,"Sales Rep: Are you satisfied with the product? Customer: Yes, the product is performing well. Sales Rep: Would you consider increasing the order? Customer: We are evaluating the next purchase.",Follow-up required
CALL000394,2020-10-01,90004066,A5721110503,Japan,Rep-22,26,"Sales Rep: Are you satisfied with the product? Customer: Yes, the product is performing well. Sales Rep: Would you consider increasing the order? Customer: We are evaluating the next purchase.",Follow-up required
CALL000395,2019-01-01,80006155,A2118150106,Philiphines,Rep-21,7,"Sales Rep: Are you satisfied with the product? Customer: Yes, the product is performing well. Sales Rep: Would you consider increasing the order? Customer: We are evaluating the next purchase.",Follow-up required
CALL000396,2018-11-01,70016177,A4821110808,Poland,Rep-27,13,"Sales Rep: Are you satisfied with the product? Customer: Yes, the product is performing well. Sales Rep: Would you consider increasing the order? Customer: We are evaluating the next purchase.",Follow-up required
CALL000397,2018-12-01,90021087,A5721110501,United Kingdom,Rep-06,16,"Sales Rep: Are you satisfied with the product? Customer: Yes, the product is performing well. Sales Rep: Would you consider increasing the order? Customer: We are evaluating the next purchase.",Follow-up required
CALL000398,2018-09-01,70019204,A6319160202,Sweden,Rep-28,29,"Sales Rep: Are you satisfied with the product? Customer: Yes, the product is performing well. Sales Rep: Would you consider increasing the order? Customer: We are evaluating the next purchase.",Follow-up required
CALL000399,2020-12-01,90004061,A4021150403,Japan,Rep-15,23,"Sales Rep: Are you satisfied with the product? Customer: Yes, the product is performing well. Sales Rep: Would you consider increasing the order? Customer: We are evaluating the next purchase.",Follow-up required
CALL000400,2019-09-01,90005162,A2319150304,Pakistan,Rep-30,17,"Sales Rep: Are you satisfied with the product? Customer: Yes, the product is performing well. Sales Rep: Would you consider increasing the order? Customer: We are evaluating the next purchase.",Follow-up required
CALL000401,2019-11-01,90023027,A4821110801,Canada,Rep-22,22,"Sales Rep: Are you satisfied with the product? Customer: Yes, the product is performing well. Sales Rep: Would you consider increasing the order? Customer: We are evaluating the next purchase.",Follow-up required
CALL000402,2021-06-01,90021094,A3920150305,United Kingdom,Rep-11,17,"Sales Rep: Are you satisfied with the product? Customer: Yes, the product is performing well. Sales Rep: Would you consider increasing the order? Customer: We are evaluating the next purchase.",Follow-up required
CALL000403,2020-02-01,90017051,A5721110502,Portugal,Rep-15,30,"Sales Rep: Are you satisfied with the product? Customer: Yes, the product is performing well. Sales Rep: Would you consider increasing the order? Customer: We are evaluating the next purchase.",Follow-up required
CALL000404,2018-10-01,70014142,A1919150401,Netherlands,Rep-01,26,"Sales Rep: Are you satisfied with the product? Customer: Yes, the product is performing well. Sales Rep: Would you consider increasing the order? Customer: We are evaluating the next purchase.",Follow-up required
CALL000405,2021-07-01,90003179,A2721150704,Indonesia,Rep-18,15,"Sales Rep: Are you satisfied with the product? Customer: Yes, the product is performing well. Sales Rep: Would you consider increasing the order? Customer: We are evaluating the next purchase.",Follow-up required
CALL000406,2021-05-01,70023031,A5318110104,Canada,Rep-02,5,"Sales Rep: Are you satisfied with the product? Customer: Yes, the product is performing well. Sales Rep: Would you consider increasing the order? Customer: We are evaluating the next purchase.",Follow-up required
CALL000407,2021-04-01,90018113,A5621110404,Spain,Rep-30,7,"Sales Rep: Are you satisfied with the product? Customer: Yes, the product is performing well. Sales Rep: Would you consider increasing the order? Customer: We are evaluating the next purchase.",Follow-up required
CALL000408,2020-11-01,90016173,A2219150206,Poland,Rep-21,27,"Sales Rep: Are you satisfied with the product? Customer: Yes, the product is performing well. Sales Rep: Would you consider increasing the order? Customer: We are evaluating the next purchase.",Follow-up required
CALL000409,2019-12-01,70005163,A5721110502,Pakistan,Rep-09,13,"Sales Rep: Are you satisfied with the product? Customer: Yes, the product is performing well. Sales Rep: Would you consider increasing the order? Customer: We are evaluating the next purchase.",Follow-up required
CALL000410,2020-05-01,70010047,A5419110208,Bangladesh,Rep-09,5,"Sales Rep: Are you satisfied with the product? Customer: Yes, the product is performing well. Sales Rep: Would you consider increasing the order? Customer: We are evaluating the next purchase.",Follow-up required
CALL000411,2020-03-01,90005161,A6120110205,Pakistan,Rep-01,5,"Sales Rep: Are you satisfied with the product? Customer: Yes, the product is performing well. Sales Rep: Would you consider increasing the order? Customer: We are evaluating the next purchase.",Follow-up required
CALL000412,2020-02-01,90021087,A0418150107,United Kingdom,Rep-05,6,"Sales Rep: Are you satisfied with the product? Customer: Yes, the product is performing well. Sales Rep: Would you consider increasing the order? Customer: We are evaluating the next purchase.",Follow-up required
CALL000413,2020-09-01,90022075,A4319110306,USA,Rep-25,7,"Sales Rep: Are you satisfied with the product? Customer: Yes, the product is performing well. Sales Rep: Would you consider increasing the order? Customer: We are evaluating the next purchase.",Follow-up required
CALL000414,2019-09-01,90019200,A1819150304,Sweden,Rep-19,12,"Sales Rep: Are you satisfied with the product? Customer: Yes, the product is performing well. Sales Rep: Would you consider increasing the order? Customer: We are evaluating the next purchase.",Follow-up required
CALL000415,2020-02-01,70015152,A1819150304,Norway,Rep-03,8,"Sales Rep: Are you satisfied with the product? Customer: Yes, the product is performing well. Sales Rep: Would you consider increasing the order? Customer: We are evaluating the next purchase.",Follow-up required
CALL000416,2021-02-01,90013122,A2118150105,Italy,Rep-29,20,"Sales Rep: Are you satisfied with the product? Customer: Yes, the product is performing well. Sales Rep: Would you consider increasing the order? Customer: We are evaluating the next purchase.",Follow-up required
CALL000417,2019-12-01,90010044,A4821110805,Bangladesh,Rep-01,26,"Sales Rep: Are you satisfied with the product? Customer: Yes, the product is performing well. Sales Rep: Would you consider increasing the order? Customer: We are evaluating the next purchase.",Follow-up required
CALL000418,2019-01-01,90002012,A4021150403,India,Rep-14,11,"Sales Rep: Are you satisfied with the product? Customer: Yes, the product is performing well. Sales Rep: Would you consider increasing the order? Customer: We are evaluating the next purchase.",Follow-up required
CALL000419,2018-12-01,90020103,A3120150306,Austria,Rep-30,14,"Sales Rep: Are you satisfied with the product? Customer: Yes, the product is performing well. Sales Rep: Would you consider increasing the order? Customer: We are evaluating the next purchase.",Follow-up required
CALL000420,2019-02-01,90010045,A1618150103,Bangladesh,Rep-24,30,"Sales Rep: Are you satisfied with the product? Customer: Yes, the product is performing well. Sales Rep: Would you consider increasing the order? Customer: We are evaluating the next purchase.",Follow-up required
CALL000421,2020-09-01,90021088,A6218160101,United Kingdom,Rep-16,28,"Sales Rep: Are you satisfied with the product? Customer: Yes, the product is performing well. Sales Rep: Would you consider increasing the order? Customer: We are evaluating the next purchase.",Follow-up required
CALL000422,2019-03-01,90014139,A7321160301,Netherlands,Rep-20,18,"Sales Rep: Are you satisfied with the product? Customer: Yes, the product is performing well. Sales Rep: Would you consider increasing the order? Customer: We are evaluating the next purchase.",Follow-up required
CALL000423,2019-09-01,70015151,A2419150405,Norway,Rep-21,12,"Sales Rep: Are you satisfied with the product? Customer: Yes, the product is performing well. Sales Rep: Would you consider increasing the order? Customer: We are evaluating the next purchase.",Follow-up required
CALL000424,2018-11-01,90012037,A4118110102,Germany,Rep-10,30,"Sales Rep: Are you satisfied with the product? Customer: Yes, the product is performing well. Sales Rep: Would you consider increasing the order? Customer: We are evaluating the next purchase.",Follow-up required
CALL000425,2018-12-01,90001021,A6620160502,China,Rep-15,29,"Sales Rep: Are you satisfied with the product? Customer: Yes, the product is performing well. Sales Rep: Would you consider increasing the order? Customer: We are evaluating the next purchase.",Follow-up required
CALL000426,2020-01-01,90005161,A3019150206,Pakistan,Rep-27,18,"Sales Rep: Are you satisfied with the product? Customer: Yes, the product is performing well. Sales Rep: Would you consider increasing the order? Customer: We are evaluating the next purchase.",Follow-up required
CALL000427,2019-09-01,90011186,A1219150301,France,Rep-01,11,"Sales Rep: Are you satisfied with the product? Customer: Yes, the product is performing well. Sales Rep: Would you consider increasing the order? Customer: We are evaluating the next purchase.",Follow-up required
CALL000428,2020-01-01,90018114,A3621150805,Spain,Rep-09,26,"Sales Rep: Are you satisfied with the product? Customer: Yes, the product is performing well. Sales Rep: Would you consider increasing the order? Customer: We are evaluating the next purchase.",Follow-up required
CALL000429,2018-11-01,70016177,A4821110805,Poland,Rep-29,24,"Sales Rep: Are you satisfied with the product? Customer: Yes, the product is performing well. Sales Rep: Would you consider increasing the order? Customer: We are evaluating the next purchase.",Follow-up required
CALL000430,2020-12-01,90012040,A6018110103,Germany,Rep-25,11,"Sales Rep: Are you satisfied with the product? Customer: Yes, the product is performing well. Sales Rep: Would you consider increasing the order? Customer: We are evaluating the next purchase.",Follow-up required
CALL000431,2019-06-01,90016171,A3220150405,Poland,Rep-02,6,"Sales Rep: Are you satisfied with the product? Customer: Yes, the product is performing well. Sales Rep: Would you consider increasing the order? Customer: We are evaluating the next purchase.",Follow-up required
CALL000432,2018-11-01,90017053,A3220150401,Portugal,Rep-01,11,"Sales Rep: Are you satisfied with the product? Customer: Yes, the product is performing well. Sales Rep: Would you consider increasing the order? Customer: We are evaluating the next purchase.",Follow-up required
CALL000433,2019-03-01,90022074,A0821150501,USA,Rep-27,11,"Sales Rep: Are you satisfied with the product? Customer: Yes, the product is performing well. Sales Rep: Would you consider increasing the order? Customer: We are evaluating the next purchase.",Follow-up required
CALL000434,2020-04-01,90002012,A6120110205,India,Rep-14,19,"Sales Rep: Are you satisfied with the product? Customer: Yes, the product is performing well. Sales Rep: Would you consider increasing the order? Customer: We are evaluating the next purchase.",Follow-up required
CALL000435,2020-04-01,90002004,A5621110405,India,Rep-30,5,"Sales Rep: Are you satisfied with the product? Customer: Yes, the product is performing well. Sales Rep: Would you consider increasing the order? Customer: We are evaluating the next purchase.",Follow-up required
CALL000436,2020-06-01,90012034,A4419110402,Germany,Rep-08,26,"Sales Rep: Are you satisfied with the product? Customer: Yes, the product is performing well. Sales Rep: Would you consider increasing the order? Customer: We are evaluating the next purchase.",Follow-up required
CALL000437,2021-01-01,90021090,A1118150202,United Kingdom,Rep-30,25,"Sales Rep: Are you satisfied with the product? Customer: Yes, the product is performing well. Sales Rep: Would you consider increasing the order? Customer: We are evaluating the next purchase.",Follow-up required
CALL000438,2019-06-01,90013119,A1618150103,Italy,Rep-20,11,"Sales Rep: Are you satisfied with the product? Customer: Yes, the product is performing well. Sales Rep: Would you consider increasing the order? Customer: We are evaluating the next purchase.",Follow-up required
CALL000439,2021-04-01,90001020,A5419110208,China,Rep-03,24,"Sales Rep: Are you satisfied with the product? Customer: Yes, the product is performing well. Sales Rep: Would you consider increasing the order? Customer: We are evaluating the next purchase.",Follow-up required
CALL000440,2020-12-01,70008169,A6121110208,Australia,Rep-17,20,"Sales Rep: Are you satisfied with the product? Customer: Yes, the product is performing well. Sales Rep: Would you consider increasing the order? Customer: We are evaluating the next purchase.",Follow-up required
CALL000441,2021-03-01,70007198,A2319150305,South Korea,Rep-11,7,"Sales Rep: Are you satisfied with the product? Customer: Yes, the product is performing well. Sales Rep: Would you consider increasing the order? Customer: We are evaluating the next purchase.",Follow-up required
CALL000442,2020-10-01,90021087,A0620150305,United Kingdom,Rep-13,11,"Sales Rep: Are you satisfied with the product? Customer: Yes, the product is performing well. Sales Rep: Would you consider increasing the order? Customer: We are evaluating the next purchase.",Follow-up required
CALL000443,2021-08-01,70022084,A3220150406,USA,Rep-11,10,"Sales Rep: Are you satisfied with the product? Customer: Yes, the product is performing well. Sales Rep: Would you consider increasing the order? Customer: We are evaluating the next purchase.",Follow-up required
CALL000444,2020-03-01,90017057,A3120150304,Portugal,Rep-08,28,"Sales Rep: Are you satisfied with the product? Customer: Yes, the product is performing well. Sales Rep: Would you consider increasing the order? Customer: We are evaluating the next purchase.",Follow-up required
CALL000445,2020-02-01,90011185,A4021150405,France,Rep-29,6,"Sales Rep: Are you satisfied with the product? Customer: Yes, the product is performing well. Sales Rep: Would you consider increasing the order? Customer: We are evaluating the next purchase.",Follow-up required
CALL000446,2020-06-01,90014135,A2918150102,Netherlands,Rep-14,30,"Sales Rep: Are you satisfied with the product? Customer: Yes, the product is performing well. Sales Rep: Would you consider increasing the order? Customer: We are evaluating the next purchase.",Follow-up required
CALL000447,2020-07-01,90012033,A4419110407,Germany,Rep-29,23,"Sales Rep: Are you satisfied with the product? Customer: Yes, the product is performing well. Sales Rep: Would you consider increasing the order? Customer: We are evaluating the next purchase.",Follow-up required
CALL000448,2020-11-01,90009129,A3521150706,Newzealand,Rep-04,30,"Sales Rep: Are you satisfied with the product? Customer: Yes, the product is performing well. Sales Rep: Would you consider increasing the order? Customer: We are evaluating the next purchase.",Follow-up required
CALL000449,2019-10-01,90011185,A3120150305,France,Rep-08,23,"Sales Rep: Are you satisfied with the product? Customer: Yes, the product is performing well. Sales Rep: Would you consider increasing the order? Customer: We are evaluating the next purchase.",Follow-up required
CALL000450,2021-01-01,90001021,A0519150203,China,Rep-23,12,"Sales Rep: Are you satisfied with the product? Customer: Yes, the product is performing well. Sales Rep: Would you consider increasing the order? Customer: We are evaluating the next purchase.",Follow-up required
CALL000451,2020-04-01,80001019,A2419150405,China,Rep-16,11,"Sales Rep: Are you satisfied with the product? Customer: Yes, the product is performing well. Sales Rep: Would you consider increasing the order? Customer: We are evaluating the next purchase.",Follow-up required
CALL000452,2018-09-01,70013125,A6218160102,Italy,Rep-09,5,"Sales Rep: Are you satisfied with the product? Customer: Yes, the product is performing well. Sales Rep: Would you consider increasing the order? Customer: We are evaluating the next purchase.",Follow-up required
CALL000453,2021-08-01,70003181,A6319160202,Indonesia,Rep-01,10,"Sales Rep: Are you satisfied with the product? Customer: Yes, the product is performing well. Sales Rep: Would you consider increasing the order? Customer: We are evaluating the next purchase.",Follow-up required
CALL000454,2020-06-01,70015151,A0519150202,Norway,Rep-26,5,"Sales Rep: Are you satisfied with the product? Customer: Yes, the product is performing well. Sales Rep: Would you consider increasing the order? Customer: We are evaluating the next purchase.",Follow-up required
CALL000455,2020-01-01,90015145,A0519150208,Norway,Rep-14,15,"Sales Rep: Are you satisfied with the product? Customer: Yes, the product is performing well. Sales Rep: Would you consider increasing the order? Customer: We are evaluating the next purchase.",Follow-up required
CALL000456,2021-05-01,70012043,A4419110405,Germany,Rep-05,14,"Sales Rep: Are you satisfied with the product? Customer: Yes, the product is performing well. Sales Rep: Would you consider increasing the order? Customer: We are evaluating the next purchase.",Follow-up required
CALL000457,2020-09-01,90020103,A4021150405,Austria,Rep-04,28,"Sales Rep: Are you satisfied with the product? Customer: Yes, the product is performing well. Sales Rep: Would you consider increasing the order? Customer: We are evaluating the next purchase.",Follow-up required
CALL000458,2020-10-01,90014135,A5419110208,Netherlands,Rep-07,21,"Sales Rep: Are you satisfied with the product? Customer: Yes, the product is performing well. Sales Rep: Would you consider increasing the order? Customer: We are evaluating the next purchase.",Follow-up required
CALL000459,2020-05-01,80007196,A1219150302,South Korea,Rep-07,8,"Sales Rep: Are you satisfied with the product? Customer: Yes, the product is performing well. Sales Rep: Would you consider increasing the order? Customer: We are evaluating the next purchase.",Follow-up required
CALL000460,2019-12-01,90006153,A4419110407,Philiphines,Rep-03,6,"Sales Rep: Are you satisfied with the product? Customer: Yes, the product is performing well. Sales Rep: Would you consider increasing the order? Customer: We are evaluating the next purchase.",Follow-up required
CALL000461,2020-09-01,90020098,A2821150801,Austria,Rep-20,24,"Sales Rep: Are you satisfied with the product? Customer: Yes, the product is performing well. Sales Rep: Would you consider increasing the order? Customer: We are evaluating the next purchase.",Follow-up required
CALL000462,2019-03-01,70006157,A6419160303,Philiphines,Rep-17,9,"Sales Rep: Are you satisfied with the product? Customer: Yes, the product is performing well. Sales Rep: Would you consider increasing the order? Customer: We are evaluating the next purchase.",Follow-up required
CALL000463,2018-12-01,90015144,A4218110202,Norway,Rep-25,11,"Sales Rep: Are you satisfied with the product? Customer: Yes, the product is performing well. Sales Rep: Would you consider increasing the order? Customer: We are evaluating the next purchase.",Follow-up required
CALL000464,2020-01-01,90022071,A0619150302,USA,Rep-26,11,"Sales Rep: Are you satisfied with the product? Customer: Yes, the product is performing well. Sales Rep: Would you consider increasing the order? Customer: We are evaluating the next purchase.",Follow-up required
CALL000465,2021-08-01,90017050,A5419110205,Portugal,Rep-17,7,"Sales Rep: Are you satisfied with the product? Customer: Yes, the product is performing well. Sales Rep: Would you consider increasing the order? Customer: We are evaluating the next purchase.",Follow-up required
CALL000466,2021-07-01,90017051,A4118110106,Portugal,Rep-23,4,"Sales Rep: Are you satisfied with the product? Customer: Yes, the product is performing well. Sales Rep: Would you consider increasing the order? Customer: We are evaluating the next purchase.",Follow-up required
CALL000467,2020-06-01,90023028,A1819150303,Canada,Rep-08,24,"Sales Rep: Are you satisfied with the product? Customer: Yes, the product is performing well. Sales Rep: Would you consider increasing the order? Customer: We are evaluating the next purchase.",Follow-up required
CALL000468,2021-06-01,70021096,A2721150702,United Kingdom,Rep-01,14,"Sales Rep: Are you satisfied with the product? Customer: Yes, the product is performing well. Sales Rep: Would you consider increasing the order? Customer: We are evaluating the next purchase.",Follow-up required
CALL000469,2019-01-01,90002003,A0619150302,India,Rep-25,6,"Sales Rep: Are you satisfied with the product? Customer: Yes, the product is performing well. Sales Rep: Would you consider increasing the order? Customer: We are evaluating the next purchase.",Follow-up required
CALL000470,2021-06-01,90004068,A1420150502,Japan,Rep-02,25,"Sales Rep: Are you satisfied with the product? Customer: Yes, the product is performing well. Sales Rep: Would you consider increasing the order? Customer: We are evaluating the next purchase.",Follow-up required
CALL000471,2020-01-01,90018105,A3018150202,Spain,Rep-06,14,"Sales Rep: Are you satisfied with the product? Customer: Yes, the product is performing well. Sales Rep: Would you consider increasing the order? Customer: We are evaluating the next purchase.",Follow-up required
CALL000472,2019-03-01,90013121,A5721110507,Italy,Rep-22,30,"Sales Rep: Are you satisfied with the product? Customer: Yes, the product is performing well. Sales Rep: Would you consider increasing the order? Customer: We are evaluating the next purchase.",Follow-up required
CALL000473,2018-12-01,90002008,A3621150805,India,Rep-13,8,"Sales Rep: Are you satisfied with the product? Customer: Yes, the product is performing well. Sales Rep: Would you consider increasing the order? Customer: We are evaluating the next purchase.",Follow-up required
CALL000474,2019-10-01,70015151,A6520160402,Norway,Rep-27,5,"Sales Rep: Are you satisfied with the product? Customer: Yes, the product is performing well. Sales Rep: Would you consider increasing the order? Customer: We are evaluating the next purchase.",Follow-up required
CALL000475,2018-10-01,70005163,A1018150101,Pakistan,Rep-22,17,"Sales Rep: Are you satisfied with the product? Customer: Yes, the product is performing well. Sales Rep: Would you consider increasing the order? Customer: We are evaluating the next purchase.",Follow-up required
CALL000476,2020-05-01,90018106,A6218160101,Spain,Rep-13,20,"Sales Rep: Are you satisfied with the product? Customer: Yes, the product is performing well. Sales Rep: Would you consider increasing the order? Customer: We are evaluating the next purchase.",Follow-up required
CALL000477,2021-06-01,90009128,A4118110107,Newzealand,Rep-24,11,"Sales Rep: Are you satisfied with the product? Customer: Yes, the product is performing well. Sales Rep: Would you consider increasing the order? Customer: We are evaluating the next purchase.",Follow-up required
CALL000478,2021-02-01,90002016,A6319160201,India,Rep-17,4,"Sales Rep: Are you satisfied with the product? Customer: Yes, the product is performing well. Sales Rep: Would you consider increasing the order? Customer: We are evaluating the next purchase.",Follow-up required
CALL000479,2020-12-01,90023022,A2319150305,Canada,Rep-21,29,"Sales Rep: Are you satisfied with the product? Customer: Yes, the product is performing well. Sales Rep: Would you consider increasing the order? Customer: We are evaluating the next purchase.",Follow-up required
CALL000480,2021-05-01,90002001,A4620110607,India,Rep-10,17,"Sales Rep: Are you satisfied with the product? Customer: Yes, the product is performing well. Sales Rep: Would you consider increasing the order? Customer: We are evaluating the next purchase.",Follow-up required
CALL000481,2019-06-01,70003181,A3018150202,Indonesia,Rep-23,14,"Sales Rep: Are you satisfied with the product? Customer: Yes, the product is performing well. Sales Rep: Would you consider increasing the order? Customer: We are evaluating the next purchase.",Follow-up required
CALL000482,2021-07-01,80001019,A0921150603,China,Rep-20,5,"Sales Rep: Are you satisfied with the product? Customer: Yes, the product is performing well. Sales Rep: Would you consider increasing the order? Customer: We are evaluating the next purchase.",Follow-up required
CALL000483,2019-02-01,90014135,A0118150101,Netherlands,Rep-10,27,"Sales Rep: Are you satisfied with the product? Customer: Yes, the product is performing well. Sales Rep: Would you consider increasing the order? Customer: We are evaluating the next purchase.",Follow-up required
CALL000484,2018-10-01,90001021,A1420150502,China,Rep-18,23,"Sales Rep: Are you satisfied with the product? Customer: Yes, the product is performing well. Sales Rep: Would you consider increasing the order? Customer: We are evaluating the next purchase.",Follow-up required
CALL000485,2021-07-01,90022082,A0619150302,USA,Rep-12,17,"Sales Rep: Are you satisfied with the product? Customer: Yes, the product is performing well. Sales Rep: Would you consider increasing the order? Customer: We are evaluating the next purchase.",Follow-up required
CALL000486,2019-03-01,90021088,A3120150305,United Kingdom,Rep-28,9,"Sales Rep: Are you satisfied with the product? Customer: Yes, the product is performing well. Sales Rep: Would you consider increasing the order? Customer: We are evaluating the next purchase.",Follow-up required
CALL000487,2018-12-01,70004069,A1219150303,Japan,Rep-19,7,"Sales Rep: Are you satisfied with the product? Customer: Yes, the product is performing well. Sales Rep: Would you consider increasing the order? Customer: We are evaluating the next purchase.",Follow-up required
CALL000488,2020-03-01,90003180,A7018160402,Indonesia,Rep-27,17,"Sales Rep: Are you satisfied with the product? Customer: Yes, the product is performing well. Sales Rep: Would you consider increasing the order? Customer: We are evaluating the next purchase.",Follow-up required
CALL000489,2018-11-01,70015151,A5318110102,Norway,Rep-09,11,"Sales Rep: Are you satisfied with the product? Customer: Yes, the product is performing well. Sales Rep: Would you consider increasing the order? Customer: We are evaluating the next purchase.",Follow-up required
CALL000490,2019-02-01,90018105,A4218110202,Spain,Rep-15,30,"Sales Rep: Are you satisfied with the product? Customer: Yes, the product is performing well. Sales Rep: Would you consider increasing the order? Customer: We are evaluating the next purchase.",Follow-up required
CALL000491,2018-11-01,90021087,A5419110208,United Kingdom,Rep-19,5,"Sales Rep: Are you satisfied with the product? Customer: Yes, the product is performing well. Sales Rep: Would you consider increasing the order? Customer: We are evaluating the next purchase.",Follow-up required
CALL000492,2021-08-01,90002014,A5519110302,India,Rep-13,17,"Sales Rep: Are you satisfied with the product? Customer: Yes, the product is performing well. Sales Rep: Would you consider increasing the order? Customer: We are evaluating the next purchase.",Follow-up required
CALL000493,2020-10-01,70019204,A7019160401,Sweden,Rep-18,27,"Sales Rep: Are you satisfied with the product? Customer: Yes, the product is performing well. Sales Rep: Would you consider increasing the order? Customer: We are evaluating the next purchase.",Follow-up required
CALL000494,2020-01-01,90018112,A2821150804,Spain,Rep-17,23,"Sales Rep: Are you satisfied with the product? Customer: Yes, the product is performing well. Sales Rep: Would you consider increasing the order? Customer: We are evaluating the next purchase.",Follow-up required
CALL000495,2020-02-01,90009130,A3718150101,Newzealand,Rep-10,9,"Sales Rep: Are you satisfied with the product? Customer: Yes, the product is performing well. Sales Rep: Would you consider increasing the order? Customer: We are evaluating the next purchase.",Follow-up required
CALL000496,2021-06-01,90002013,A5621110405,India,Rep-19,13,"Sales Rep: Are you satisfied with the product? Customer: Yes, the product is performing well. Sales Rep: Would you consider increasing the order? Customer: We are evaluating the next purchase.",Follow-up required
CALL000497,2020-10-01,90004062,A1219150301,Japan,Rep-27,12,"Sales Rep: Are you satisfied with the product? Customer: Yes, the product is performing well. Sales Rep: Would you consider increasing the order? Customer: We are evaluating the next purchase.",Follow-up required
CALL000498,2018-12-01,70003182,A3521150705,Indonesia,Rep-21,15,"Sales Rep: Are you satisfied with the product? Customer: Yes, the product is performing well. Sales Rep: Would you consider increasing the order? Customer: We are evaluating the next purchase.",Follow-up required
CALL000499,2021-07-01,90008165,A2319150306,Australia,Rep-14,25,"Sales Rep: Are you satisfied with the product? Customer: Yes, the product is performing well. Sales Rep: Would you consider increasing the order? Customer: We are evaluating the next purchase.",Follow-up required
CALL000500,2020-07-01,90005159,A2721150705,Pakistan,Rep-04,23,"Sales Rep: Are you satisfied with the product? Customer: Yes, the product is performing well. Sales Rep: Would you consider increasing the order? Customer: We are evaluating the next purchase.",Follow-up required
CALL000501,2019-04-01,70006158,A5419110203,Philiphines,Rep-23,9,"Sales Rep: Are you satisfied with the product? Customer: Yes, the product is performing well. Sales Rep: Would you consider increasing the order? Customer: We are evaluating the next purchase.",Follow-up required
CALL000502,2019-06-01,90021092,A2620150606,United Kingdom,Rep-16,23,"Sales Rep: Are you satisfied with the product? Customer: Yes, the product is performing well. Sales Rep: Would you consider increasing the order? Customer: We are evaluating the next purchase.",Follow-up required
CALL000503,2019-02-01,90018108,A0418150108,Spain,Rep-28,9,"Sales Rep: Are you satisfied with the product? Customer: Yes, the product is performing well. Sales Rep: Would you consider increasing the order? Customer: We are evaluating the next purchase.",Follow-up required
CALL000504,2018-10-01,90021091,A5318110103,United Kingdom,Rep-28,21,"Sales Rep: Are you satisfied with the product? Customer: Yes, the product is performing well. Sales Rep: Would you consider increasing the order? Customer: We are evaluating the next purchase.",Follow-up required
CALL000505,2021-06-01,90010044,A4118110101,Bangladesh,Rep-18,6,"Sales Rep: Are you satisfied with the product? Customer: Yes, the product is performing well. Sales Rep: Would you consider increasing the order? Customer: We are evaluating the next purchase.",Follow-up required
CALL000506,2020-02-01,90015144,A3320150501,Norway,Rep-11,30,"Sales Rep: Are you satisfied with the product? Customer: Yes, the product is performing well. Sales Rep: Would you consider increasing the order? Customer: We are evaluating the next purchase.",Follow-up required
CALL000507,2019-01-01,90010045,A7119160102,Bangladesh,Rep-16,16,"Sales Rep: Are you satisfied with the product? Customer: Yes, the product is performing well. Sales Rep: Would you consider increasing the order? Customer: We are evaluating the next purchase.",Follow-up required
CALL000508,2019-09-01,90002005,A5721110508,India,Rep-21,10,"Sales Rep: Are you satisfied with the product? Customer: Yes, the product is performing well. Sales Rep: Would you consider increasing the order? Customer: We are evaluating the next purchase.",Follow-up required
CALL000509,2020-03-01,90023027,A2620150602,Canada,Rep-03,8,"Sales Rep: Are you satisfied with the product? Customer: Yes, the product is performing well. Sales Rep: Would you consider increasing the order? Customer: We are evaluating the next purchase.",Follow-up required
CALL000510,2019-11-01,70011193,A3320150501,France,Rep-07,22,"Sales Rep: Are you satisfied with the product? Customer: Yes, the product is performing well. Sales Rep: Would you consider increasing the order? Customer: We are evaluating the next purchase.",Follow-up required
CALL000511,2020-09-01,90023025,A7018160402,Canada,Rep-03,24,"Sales Rep: Are you satisfied with the product? Customer: Yes, the product is performing well. Sales Rep: Would you consider increasing the order? Customer: We are evaluating the next purchase.",Follow-up required
CALL000512,2020-04-01,90002001,A4218110202,India,Rep-04,20,"Sales Rep: Are you satisfied with the product? Customer: Yes, the product is performing well. Sales Rep: Would you consider increasing the order? Customer: We are evaluating the next purchase.",Follow-up required
CALL000513,2019-04-01,90015147,A1618150103,Norway,Rep-05,16,"Sales Rep: Are you satisfied with the product? Customer: Yes, the product is performing well. Sales Rep: Would you consider increasing the order? Customer: We are evaluating the next purchase.",Follow-up required
CALL000514,2019-01-01,90022071,A2520150505,USA,Rep-03,24,"Sales Rep: Are you satisfied with the product? Customer: Yes, the product is performing well. Sales Rep: Would you consider increasing the order? Customer: We are evaluating the next purchase.",Follow-up required
CALL000515,2021-01-01,90008164,A5721110502,Australia,Rep-28,10,"Sales Rep: Are you satisfied with the product? Customer: Yes, the product is performing well. Sales Rep: Would you consider increasing the order? Customer: We are evaluating the next purchase.",Follow-up required
CALL000516,2018-09-01,70008170,A4118110105,Australia,Rep-25,27,"Sales Rep: Are you satisfied with the product? Customer: Yes, the product is performing well. Sales Rep: Would you consider increasing the order? Customer: We are evaluating the next purchase.",Follow-up required
CALL000517,2021-07-01,90009128,A0321150303,Newzealand,Rep-15,20,"Sales Rep: Are you satisfied with the product? Customer: Yes, the product is performing well. Sales Rep: Would you consider increasing the order? Customer: We are evaluating the next purchase.",Follow-up required
CALL000518,2019-11-01,90018109,A4419110407,Spain,Rep-19,12,"Sales Rep: Are you satisfied with the product? Customer: Yes, the product is performing well. Sales Rep: Would you consider increasing the order? Customer: We are evaluating the next purchase.",Follow-up required
CALL000519,2020-04-01,90002005,A5621110407,India,Rep-16,29,"Sales Rep: Are you satisfied with the product? Customer: Yes, the product is performing well. Sales Rep: Would you consider increasing the order? Customer: We are evaluating the next purchase.",Follow-up required
CALL000520,2020-03-01,70020104,A1919150403,Austria,Rep-21,20,"Sales Rep: Are you satisfied with the product? Customer: Yes, the product is performing well. Sales Rep: Would you consider increasing the order? Customer: We are evaluating the next purchase.",Follow-up required
CALL000521,2021-01-01,90015144,A1219150301,Norway,Rep-20,14,"Sales Rep: Are you satisfied with the product? Customer: Yes, the product is performing well. Sales Rep: Would you consider increasing the order? Customer: We are evaluating the next purchase.",Follow-up required
CALL000522,2020-12-01,90008167,A6818160201,Australia,Rep-10,23,"Sales Rep: Are you satisfied with the product? Customer: Yes, the product is performing well. Sales Rep: Would you consider increasing the order? Customer: We are evaluating the next purchase.",Follow-up required
CALL000523,2021-08-01,70009133,A0921150604,Newzealand,Rep-24,16,"Sales Rep: Are you satisfied with the product? Customer: Yes, the product is performing well. Sales Rep: Would you consider increasing the order? Customer: We are evaluating the next purchase.",Follow-up required
CALL000524,2020-01-01,70019204,A5621110405,Sweden,Rep-14,18,"Sales Rep: Are you satisfied with the product? Customer: Yes, the product is performing well. Sales Rep: Would you consider increasing the order? Customer: We are evaluating the next purchase.",Follow-up required
CALL000525,2018-09-01,70003181,A5318110101,Indonesia,Rep-09,8,"Sales Rep: Are you satisfied with the product? Customer: Yes, the product is performing well. Sales Rep: Would you consider increasing the order? Customer: We are evaluating the next purchase.",Follow-up required
CALL000526,2020-04-01,70016177,A6419160302,Poland,Rep-04,19,"Sales Rep: Are you satisfied with the product? Customer: Yes, the product is performing well. Sales Rep: Would you consider increasing the order? Customer: We are evaluating the next purchase.",Follow-up required
CALL000527,2018-11-01,90017057,A1219150301,Portugal,Rep-17,30,"Sales Rep: Are you satisfied with the product? Customer: Yes, the product is performing well. Sales Rep: Would you consider increasing the order? Customer: We are evaluating the next purchase.",Follow-up required
CALL000528,2020-11-01,90005160,A2319150305,Pakistan,Rep-12,27,"Sales Rep: Are you satisfied with the product? Customer: Yes, the product is performing well. Sales Rep: Would you consider increasing the order? Customer: We are evaluating the next purchase.",Follow-up required
CALL000529,2021-05-01,90009127,A4218110208,Newzealand,Rep-01,19,"Sales Rep: Are you satisfied with the product? Customer: Yes, the product is performing well. Sales Rep: Would you consider increasing the order? Customer: We are evaluating the next purchase.",Follow-up required
CALL000530,2019-06-01,80006154,A6621160503,Philiphines,Rep-10,14,"Sales Rep: Are you satisfied with the product? Customer: Yes, the product is performing well. Sales Rep: Would you consider increasing the order? Customer: We are evaluating the next purchase.",Follow-up required
CALL000531,2020-06-01,90003180,A6818160201,Indonesia,Rep-21,9,"Sales Rep: Are you satisfied with the product? Customer: Yes, the product is performing well. Sales Rep: Would you consider increasing the order? Customer: We are evaluating the next purchase.",Follow-up required
CALL000532,2019-01-01,90021086,A3819150203,United Kingdom,Rep-08,27,"Sales Rep: Are you satisfied with the product? Customer: Yes, the product is performing well. Sales Rep: Would you consider increasing the order? Customer: We are evaluating the next purchase.",Follow-up required
CALL000533,2020-07-01,90018109,A3718150101,Spain,Rep-08,16,"Sales Rep: Are you satisfied with the product? Customer: Yes, the product is performing well. Sales Rep: Would you consider increasing the order? Customer: We are evaluating the next purchase.",Follow-up required
CALL000534,2020-06-01,70010047,A7020160403,Bangladesh,Rep-03,22,"Sales Rep: Are you satisfied with the product? Customer: Yes, the product is performing well. Sales Rep: Would you consider increasing the order? Customer: We are evaluating the next purchase.",Follow-up required
CALL000535,2019-01-01,90019203,A3521150705,Sweden,Rep-07,15,"Sales Rep: Are you satisfied with the product? Customer: Yes, the product is performing well. Sales Rep: Would you consider increasing the order? Customer: We are evaluating the next purchase.",Follow-up required
CALL000536,2019-01-01,90002004,A6019110107,India,Rep-16,15,"Sales Rep: Are you satisfied with the product? Customer: Yes, the product is performing well. Sales Rep: Would you consider increasing the order? Customer: We are evaluating the next purchase.",Follow-up required
CALL000537,2019-08-01,70006158,A3018150202,Philiphines,Rep-08,15,"Sales Rep: Are you satisfied with the product? Customer: Yes, the product is performing well. Sales Rep: Would you consider increasing the order? Customer: We are evaluating the next purchase.",Follow-up required
CALL000538,2019-01-01,90020099,A1118150201,Austria,Rep-16,19,"Sales Rep: Are you satisfied with the product? Customer: Yes, the product is performing well. Sales Rep: Would you consider increasing the order? Customer: We are evaluating the next purchase.",Follow-up required
CALL000539,2020-06-01,90015149,A2821150806,Norway,Rep-20,14,"Sales Rep: Are you satisfied with the product? Customer: Yes, the product is performing well. Sales Rep: Would you consider increasing the order? Customer: We are evaluating the next purchase.",Follow-up required
CALL000540,2018-12-01,90019200,A1920150404,Sweden,Rep-26,7,"Sales Rep: Are you satisfied with the product? Customer: Yes, the product is performing well. Sales Rep: Would you consider increasing the order? Customer: We are evaluating the next purchase.",Follow-up required
CALL000541,2020-03-01,90017055,A4118110104,Portugal,Rep-24,19,"Sales Rep: Are you satisfied with the product? Customer: Yes, the product is performing well. Sales Rep: Would you consider increasing the order? Customer: We are evaluating the next purchase.",Follow-up required
CALL000542,2021-08-01,90020098,A3019150204,Austria,Rep-23,23,"Sales Rep: Are you satisfied with the product? Customer: Yes, the product is performing well. Sales Rep: Would you consider increasing the order? Customer: We are evaluating the next purchase.",Follow-up required
CALL000543,2019-01-01,70003182,A4319110306,Indonesia,Rep-08,16,"Sales Rep: Are you satisfied with the product? Customer: Yes, the product is performing well. Sales Rep: Would you consider increasing the order? Customer: We are evaluating the next purchase.",Follow-up required
CALL000544,2020-04-01,90017050,A3920150303,Portugal,Rep-29,13,"Sales Rep: Are you satisfied with the product? Customer: Yes, the product is performing well. Sales Rep: Would you consider increasing the order? Customer: We are evaluating the next purchase.",Follow-up required
CALL000545,2020-04-01,70004070,A0619150301,Japan,Rep-26,10,"Sales Rep: Are you satisfied with the product? Customer: Yes, the product is performing well. Sales Rep: Would you consider increasing the order? Customer: We are evaluating the next purchase.",Follow-up required
CALL000546,2021-07-01,90004068,A5419110207,Japan,Rep-18,26,"Sales Rep: Are you satisfied with the product? Customer: Yes, the product is performing well. Sales Rep: Would you consider increasing the order? Customer: We are evaluating the next purchase.",Follow-up required
CALL000547,2021-05-01,70018115,A1420150502,Spain,Rep-06,20,"Sales Rep: Are you satisfied with the product? Customer: Yes, the product is performing well. Sales Rep: Would you consider increasing the order? Customer: We are evaluating the next purchase.",Follow-up required
CALL000548,2019-04-01,70015151,A5520110307,Norway,Rep-05,11,"Sales Rep: Are you satisfied with the product? Customer: Yes, the product is performing well. Sales Rep: Would you consider increasing the order? Customer: We are evaluating the next purchase.",Follow-up required
CALL000549,2020-07-01,90011185,A1018150103,France,Rep-18,8,"Sales Rep: Are you satisfied with the product? Customer: Yes, the product is performing well. Sales Rep: Would you consider increasing the order? Customer: We are evaluating the next purchase.",Follow-up required
CALL000550,2020-04-01,70017060,A0519150203,Portugal,Rep-17,29,"Sales Rep: Are you satisfied with the product? Customer: Yes, the product is performing well. Sales Rep: Would you consider increasing the order? Customer: We are evaluating the next purchase.",Follow-up required
CALL000551,2019-03-01,90013121,A3920150301,Italy,Rep-03,16,"Sales Rep: Are you satisfied with the product? Customer: Yes, the product is performing well. Sales Rep: Would you consider increasing the order? Customer: We are evaluating the next purchase.",Follow-up required
CALL000552,2020-09-01,90002009,A2419150402,India,Rep-11,28,"Sales Rep: Are you satisfied with the product? Customer: Yes, the product is performing well. Sales Rep: Would you consider increasing the order? Customer: We are evaluating the next purchase.",Follow-up required
CALL000553,2019-09-01,70016177,A5621110405,Poland,Rep-06,9,"Sales Rep: Are you satisfied with the product? Customer: Yes, the product is performing well. Sales Rep: Would you consider increasing the order? Customer: We are evaluating the next purchase.",Follow-up required
CALL000554,2018-12-01,90023025,A0220150203,Canada,Rep-11,15,"Sales Rep: Are you satisfied with the product? Customer: Yes, the product is performing well. Sales Rep: Would you consider increasing the order? Customer: We are evaluating the next purchase.",Follow-up required
CALL000555,2020-07-01,70021096,A6218160101,United Kingdom,Rep-12,23,"Sales Rep: Are you satisfied with the product? Customer: Yes, the product is performing well. Sales Rep: Would you consider increasing the order? Customer: We are evaluating the next purchase.",Follow-up required
CALL000556,2020-01-01,70006158,A3220150406,Philiphines,Rep-17,7,"Sales Rep: Are you satisfied with the product? Customer: Yes, the product is performing well. Sales Rep: Would you consider increasing the order? Customer: We are evaluating the next purchase.",Follow-up required
CALL000557,2020-02-01,90023028,A1421150503,Canada,Rep-04,20,"Sales Rep: Are you satisfied with the product? Customer: Yes, the product is performing well. Sales Rep: Would you consider increasing the order? Customer: We are evaluating the next purchase.",Follow-up required
CALL000558,2020-10-01,90013122,A2821150806,Italy,Rep-25,8,"Sales Rep: Are you satisfied with the product? Customer: Yes, the product is performing well. Sales Rep: Would you consider increasing the order? Customer: We are evaluating the next purchase.",Follow-up required
CALL000559,2019-08-01,90022074,A1919150401,USA,Rep-03,6,"Sales Rep: Are you satisfied with the product? Customer: Yes, the product is performing well. Sales Rep: Would you consider increasing the order? Customer: We are evaluating the next purchase.",Follow-up required
CALL000560,2019-11-01,90015144,A2319150302,Norway,Rep-06,7,"Sales Rep: Are you satisfied with the product? Customer: Yes, the product is performing well. Sales Rep: Would you consider increasing the order? Customer: We are evaluating the next purchase.",Follow-up required
CALL000561,2021-07-01,90011186,A1819150304,France,Rep-25,21,"Sales Rep: Are you satisfied with the product? Customer: Yes, the product is performing well. Sales Rep: Would you consider increasing the order? Customer: We are evaluating the next purchase.",Follow-up required
CALL000562,2019-04-01,90022073,A6419160301,USA,Rep-11,11,"Sales Rep: Are you satisfied with the product? Customer: Yes, the product is performing well. Sales Rep: Would you consider increasing the order? Customer: We are evaluating the next purchase.",Follow-up required
CALL000563,2021-04-01,90014135,A2721150704,Netherlands,Rep-18,27,"Sales Rep: Are you satisfied with the product? Customer: Yes, the product is performing well. Sales Rep: Would you consider increasing the order? Customer: We are evaluating the next purchase.",Follow-up required
CALL000564,2020-02-01,70010047,A6919160302,Bangladesh,Rep-13,4,"Sales Rep: Are you satisfied with the product? Customer: Yes, the product is performing well. Sales Rep: Would you consider increasing the order? Customer: We are evaluating the next purchase.",Follow-up required
CALL000565,2019-01-01,90008168,A5318110103,Australia,Rep-25,19,"Sales Rep: Are you satisfied with the product? Customer: Yes, the product is performing well. Sales Rep: Would you consider increasing the order? Customer: We are evaluating the next purchase.",Follow-up required
CALL000566,2019-07-01,90017049,A3320150504,Portugal,Rep-01,24,"Sales Rep: Are you satisfied with the product? Customer: Yes, the product is performing well. Sales Rep: Would you consider increasing the order? Customer: We are evaluating the next purchase.",Follow-up required
CALL000567,2021-04-01,80007195,A4620110605,South Korea,Rep-14,28,"Sales Rep: Are you satisfied with the product? Customer: Yes, the product is performing well. Sales Rep: Would you consider increasing the order? Customer: We are evaluating the next purchase.",Follow-up required
CALL000568,2020-10-01,90004064,A6519160401,Japan,Rep-06,8,"Sales Rep: Are you satisfied with the product? Customer: Yes, the product is performing well. Sales Rep: Would you consider increasing the order? Customer: We are evaluating the next purchase.",Follow-up required
CALL000569,2020-10-01,90018105,A3119150302,Spain,Rep-30,16,"Sales Rep: Are you satisfied with the product? Customer: Yes, the product is performing well. Sales Rep: Would you consider increasing the order? Customer: We are evaluating the next purchase.",Follow-up required
CALL000570,2018-09-01,80006155,A1819150303,Philiphines,Rep-26,6,"Sales Rep: Are you satisfied with the product? Customer: Yes, the product is performing well. Sales Rep: Would you consider increasing the order? Customer: We are evaluating the next purchase.",Follow-up required
CALL000571,2020-12-01,90014136,A5419110208,Netherlands,Rep-21,28,"Sales Rep: Are you satisfied with the product? Customer: Yes, the product is performing well. Sales Rep: Would you consider increasing the order? Customer: We are evaluating the next purchase.",Follow-up required
CALL000572,2019-02-01,70011194,A2620150604,France,Rep-29,30,"Sales Rep: Are you satisfied with the product? Customer: Yes, the product is performing well. Sales Rep: Would you consider increasing the order? Customer: We are evaluating the next purchase.",Follow-up required
CALL000573,2021-03-01,70017060,A2419150401,Portugal,Rep-14,28,"Sales Rep: Are you satisfied with the product? Customer: Yes, the product is performing well. Sales Rep: Would you consider increasing the order? Customer: We are evaluating the next purchase.",Follow-up required
CALL000574,2019-09-01,90019203,A2118150104,Sweden,Rep-02,10,"Sales Rep: Are you satisfied with the product? Customer: Yes, the product is performing well. Sales Rep: Would you consider increasing the order? Customer: We are evaluating the next purchase.",Follow-up required
CALL000575,2019-03-01,90018110,A1118150202,Spain,Rep-04,17,"Sales Rep: Are you satisfied with the product? Customer: Yes, the product is performing well. Sales Rep: Would you consider increasing the order? Customer: We are evaluating the next purchase.",Follow-up required
CALL000576,2020-03-01,90018106,A6918160303,Spain,Rep-06,9,"Sales Rep: Are you satisfied with the product? Customer: Yes, the product is performing well. Sales Rep: Would you consider increasing the order? Customer: We are evaluating the next purchase.",Follow-up required
CALL000577,2020-03-01,70003181,A6620160502,Indonesia,Rep-24,17,"Sales Rep: Are you satisfied with the product? Customer: Yes, the product is performing well. Sales Rep: Would you consider increasing the order? Customer: We are evaluating the next purchase.",Follow-up required
CALL000578,2019-06-01,70014143,A4218110201,Netherlands,Rep-12,24,"Sales Rep: Are you satisfied with the product? Customer: Yes, the product is performing well. Sales Rep: Would you consider increasing the order? Customer: We are evaluating the next purchase.",Follow-up required
CALL000579,2020-08-01,90012033,A3320150504,Germany,Rep-19,29,"Sales Rep: Are you satisfied with the product? Customer: Yes, the product is performing well. Sales Rep: Would you consider increasing the order? Customer: We are evaluating the next purchase.",Follow-up required
CALL000580,2019-04-01,90023025,A3521150702,Canada,Rep-13,11,"Sales Rep: Are you satisfied with the product? Customer: Yes, the product is performing well. Sales Rep: Would you consider increasing the order? Customer: We are evaluating the next purchase.",Follow-up required
CALL000581,2020-01-01,90009128,A2520150504,Newzealand,Rep-22,17,"Sales Rep: Are you satisfied with the product? Customer: Yes, the product is performing well. Sales Rep: Would you consider increasing the order? Customer: We are evaluating the next purchase.",Follow-up required
CALL000582,2018-12-01,90013120,A2918150105,Italy,Rep-07,20,"Sales Rep: Are you satisfied with the product? Customer: Yes, the product is performing well. Sales Rep: Would you consider increasing the order? Customer: We are evaluating the next purchase.",Follow-up required
CALL000583,2021-02-01,70011194,A2620150602,France,Rep-28,6,"Sales Rep: Are you satisfied with the product? Customer: Yes, the product is performing well. Sales Rep: Would you consider increasing the order? Customer: We are evaluating the next purchase.",Follow-up required
CALL000584,2018-12-01,90019202,A5520110305,Sweden,Rep-20,10,"Sales Rep: Are you satisfied with the product? Customer: Yes, the product is performing well. Sales Rep: Would you consider increasing the order? Customer: We are evaluating the next purchase.",Follow-up required
CALL000585,2019-10-01,90017056,A7119160103,Portugal,Rep-04,26,"Sales Rep: Are you satisfied with the product? Customer: Yes, the product is performing well. Sales Rep: Would you consider increasing the order? Customer: We are evaluating the next purchase.",Follow-up required
CALL000586,2020-07-01,90013117,A5520110307,Italy,Rep-26,16,"Sales Rep: Are you satisfied with the product? Customer: Yes, the product is performing well. Sales Rep: Would you consider increasing the order? Customer: We are evaluating the next purchase.",Follow-up required
CALL000587,2020-04-01,90002011,A7220160203,India,Rep-10,24,"Sales Rep: Are you satisfied with the product? Customer: Yes, the product is performing well. Sales Rep: Would you consider increasing the order? Customer: We are evaluating the next purchase.",Follow-up required
CALL000588,2018-11-01,70018115,A3019150206,Spain,Rep-16,21,"Sales Rep: Are you satisfied with the product? Customer: Yes, the product is performing well. Sales Rep: Would you consider increasing the order? Customer: We are evaluating the next purchase.",Follow-up required
CALL000589,2020-07-01,90022077,A2419150404,USA,Rep-01,29,"Sales Rep: Are you satisfied with the product? Customer: Yes, the product is performing well. Sales Rep: Would you consider increasing the order? Customer: We are evaluating the next purchase.",Follow-up required
CALL000590,2020-06-01,80006154,A5721110507,Philiphines,Rep-16,7,"Sales Rep: Are you satisfied with the product? Customer: Yes, the product is performing well. Sales Rep: Would you consider increasing the order? Customer: We are evaluating the next purchase.",Follow-up required
CALL000591,2019-06-01,70007199,A6121110208,South Korea,Rep-06,13,"Sales Rep: Are you satisfied with the product? Customer: Yes, the product is performing well. Sales Rep: Would you consider increasing the order? Customer: We are evaluating the next purchase.",Follow-up required
CALL000592,2020-06-01,90001020,A3320150506,China,Rep-24,14,"Sales Rep: Are you satisfied with the product? Customer: Yes, the product is performing well. Sales Rep: Would you consider increasing the order? Customer: We are evaluating the next purchase.",Follow-up required
CALL000593,2021-03-01,70006158,A2118150104,Philiphines,Rep-24,14,"Sales Rep: Are you satisfied with the product? Customer: Yes, the product is performing well. Sales Rep: Would you consider increasing the order? Customer: We are evaluating the next purchase.",Follow-up required
CALL000594,2020-11-01,90001020,A6818160201,China,Rep-14,26,"Sales Rep: Are you satisfied with the product? Customer: Yes, the product is performing well. Sales Rep: Would you consider increasing the order? Customer: We are evaluating the next purchase.",Follow-up required
CALL000595,2020-07-01,70019204,A0519150205,Sweden,Rep-05,8,"Sales Rep: Are you satisfied with the product? Customer: Yes, the product is performing well. Sales Rep: Would you consider increasing the order? Customer: We are evaluating the next purchase.",Follow-up required
CALL000596,2019-12-01,90023030,A5318110104,Canada,Rep-06,27,"Sales Rep: Are you satisfied with the product? Customer: Yes, the product is performing well. Sales Rep: Would you consider increasing the order? Customer: We are evaluating the next purchase.",Follow-up required
CALL000597,2020-07-01,90016174,A5419110202,Poland,Rep-22,15,"Sales Rep: Are you satisfied with the product? Customer: Yes, the product is performing well. Sales Rep: Would you consider increasing the order? Customer: We are evaluating the next purchase.",Follow-up required
CALL000598,2020-04-01,90022080,A4118110105,USA,Rep-14,4,"Sales Rep: Are you satisfied with the product? Customer: Yes, the product is performing well. Sales Rep: Would you consider increasing the order? Customer: We are evaluating the next purchase.",Follow-up required
CALL000599,2020-09-01,90001021,A3920150303,China,Rep-19,27,"Sales Rep: Are you satisfied with the product? Customer: Yes, the product is performing well. Sales Rep: Would you consider increasing the order? Customer: We are evaluating the next purchase.",Follow-up required
CALL000600,2020-04-01,90022083,A4821110805,USA,Rep-09,24,"Sales Rep: Are you satisfied with the product? Customer: Yes, the product is performing well. Sales Rep: Would you consider increasing the order? Customer: We are evaluating the next purchase.",Follow-up required
CALL000601,2020-10-01,90011189,A2118150102,France,Rep-26,10,"Sales Rep: Are you satisfied with the product? Customer: Yes, the product is performing well. Sales Rep: Would you consider increasing the order? Customer: We are evaluating the next purchase.",Follow-up required
CALL000602,2018-12-01,90001021,A2620150602,China,Rep-17,24,"Sales Rep: Are you satisfied with the product? Customer: Yes, the product is performing well. Sales Rep: Would you consider increasing the order? Customer: We are evaluating the next purchase.",Follow-up required
CALL000603,2020-01-01,70007198,A2620150604,South Korea,Rep-12,21,"Sales Rep: Are you satisfied with the product? Customer: Yes, the product is performing well. Sales Rep: Would you consider increasing the order? Customer: We are evaluating the next purchase.",Follow-up required
CALL000604,2020-09-01,70011194,A0418150101,France,Rep-12,16,"Sales Rep: Are you satisfied with the product? Customer: Yes, the product is performing well. Sales Rep: Would you consider increasing the order? Customer: We are evaluating the next purchase.",Follow-up required
CALL000605,2021-07-01,80006154,A1919150403,Philiphines,Rep-15,8,"Sales Rep: Are you satisfied with the product? Customer: Yes, the product is performing well. Sales Rep: Would you consider increasing the order? Customer: We are evaluating the next purchase.",Follow-up required
CALL000606,2019-03-01,90022071,A5419110205,USA,Rep-04,7,"Sales Rep: Are you satisfied with the product? Customer: Yes, the product is performing well. Sales Rep: Would you consider increasing the order? Customer: We are evaluating the next purchase.",Follow-up required
CALL000607,2021-03-01,90020097,A4218110206,Austria,Rep-28,10,"Sales Rep: Are you satisfied with the product? Customer: Yes, the product is performing well. Sales Rep: Would you consider increasing the order? Customer: We are evaluating the next purchase.",Follow-up required
CALL000608,2021-04-01,90015148,A4821110806,Norway,Rep-08,26,"Sales Rep: Are you satisfied with the product? Customer: Yes, the product is performing well. Sales Rep: Would you consider increasing the order? Customer: We are evaluating the next purchase.",Follow-up required
CALL000609,2020-10-01,90014136,A4118110102,Netherlands,Rep-05,5,"Sales Rep: Are you satisfied with the product? Customer: Yes, the product is performing well. Sales Rep: Would you consider increasing the order? Customer: We are evaluating the next purchase.",Follow-up required
CALL000610,2019-11-01,90019203,A5721110503,Sweden,Rep-07,9,"Sales Rep: Are you satisfied with the product? Customer: Yes, the product is performing well. Sales Rep: Would you consider increasing the order? Customer: We are evaluating the next purchase.",Follow-up required
CALL000611,2021-07-01,90020099,A4519110502,Austria,Rep-21,26,"Sales Rep: Are you satisfied with the product? Customer: Yes, the product is performing well. Sales Rep: Would you consider increasing the order? Customer: We are evaluating the next purchase.",Follow-up required
CALL000612,2021-06-01,70005163,A5721110505,Pakistan,Rep-14,30,"Sales Rep: Are you satisfied with the product? Customer: Yes, the product is performing well. Sales Rep: Would you consider increasing the order? Customer: We are evaluating the next purchase.",Follow-up required
CALL000613,2019-02-01,90018106,A3819150203,Spain,Rep-22,5,"Sales Rep: Are you satisfied with the product? Customer: Yes, the product is performing well. Sales Rep: Would you consider increasing the order? Customer: We are evaluating the next purchase.",Follow-up required
CALL000614,2019-06-01,70014143,A7321160301,Netherlands,Rep-24,23,"Sales Rep: Are you satisfied with the product? Customer: Yes, the product is performing well. Sales Rep: Would you consider increasing the order? Customer: We are evaluating the next purchase.",Follow-up required
CALL000615,2019-03-01,90009127,A4821110802,Newzealand,Rep-12,11,"Sales Rep: Are you satisfied with the product? Customer: Yes, the product is performing well. Sales Rep: Would you consider increasing the order? Customer: We are evaluating the next purchase.",Follow-up required
CALL000616,2020-12-01,70003181,A0619150301,Indonesia,Rep-11,24,"Sales Rep: Are you satisfied with the product? Customer: Yes, the product is performing well. Sales Rep: Would you consider increasing the order? Customer: We are evaluating the next purchase.",Follow-up required
CALL000617,2021-05-01,70004070,A4821110808,Japan,Rep-26,4,"Sales Rep: Are you satisfied with the product? Customer: Yes, the product is performing well. Sales Rep: Would you consider increasing the order? Customer: We are evaluating the next purchase.",Follow-up required
CALL000618,2019-07-01,90023024,A1420150501,Canada,Rep-13,20,"Sales Rep: Are you satisfied with the product? Customer: Yes, the product is performing well. Sales Rep: Would you consider increasing the order? Customer: We are evaluating the next purchase.",Follow-up required
CALL000619,2021-02-01,90019200,A3018150202,Sweden,Rep-24,5,"Sales Rep: Are you satisfied with the product? Customer: Yes, the product is performing well. Sales Rep: Would you consider increasing the order? Customer: We are evaluating the next purchase.",Follow-up required
CALL000620,2020-11-01,90005161,A1420150502,Pakistan,Rep-02,13,"Sales Rep: Are you satisfied with the product? Customer: Yes, the product is performing well. Sales Rep: Would you consider increasing the order? Customer: We are evaluating the next purchase.",Follow-up required
CALL000621,2019-06-01,80006154,A4218110204,Philiphines,Rep-29,16,"Sales Rep: Are you satisfied with the product? Customer: Yes, the product is performing well. Sales Rep: Would you consider increasing the order? Customer: We are evaluating the next purchase.",Follow-up required
CALL000622,2021-08-01,70004070,A4021150405,Japan,Rep-09,21,"Sales Rep: Are you satisfied with the product? Customer: Yes, the product is performing well. Sales Rep: Would you consider increasing the order? Customer: We are evaluating the next purchase.",Follow-up required
CALL000623,2019-07-01,90021093,A4319110306,United Kingdom,Rep-22,19,"Sales Rep: Are you satisfied with the product? Customer: Yes, the product is performing well. Sales Rep: Would you consider increasing the order? Customer: We are evaluating the next purchase.",Follow-up required
CALL000624,2019-10-01,70013125,A3120150304,Italy,Rep-01,10,"Sales Rep: Are you satisfied with the product? Customer: Yes, the product is performing well. Sales Rep: Would you consider increasing the order? Customer: We are evaluating the next purchase.",Follow-up required
CALL000625,2019-03-01,90021093,A0220150203,United Kingdom,Rep-21,26,"Sales Rep: Are you satisfied with the product? Customer: Yes, the product is performing well. Sales Rep: Would you consider increasing the order? Customer: We are evaluating the next purchase.",Follow-up required
CALL000626,2019-12-01,90007197,A6018110103,South Korea,Rep-16,16,"Sales Rep: Are you satisfied with the product? Customer: Yes, the product is performing well. Sales Rep: Would you consider increasing the order? Customer: We are evaluating the next purchase.",Follow-up required
CALL000627,2021-05-01,90012038,A4821110806,Germany,Rep-30,17,"Sales Rep: Are you satisfied with the product? Customer: Yes, the product is performing well. Sales Rep: Would you consider increasing the order? Customer: We are evaluating the next purchase.",Follow-up required
CALL000628,2020-02-01,90011186,A4021150405,France,Rep-04,4,"Sales Rep: Are you satisfied with the product? Customer: Yes, the product is performing well. Sales Rep: Would you consider increasing the order? Customer: We are evaluating the next purchase.",Follow-up required
CALL000629,2020-10-01,70007198,A3421150605,South Korea,Rep-15,25,"Sales Rep: Are you satisfied with the product? Customer: Yes, the product is performing well. Sales Rep: Would you consider increasing the order? Customer: We are evaluating the next purchase.",Follow-up required
CALL000630,2019-06-01,70016178,A4620110604,Poland,Rep-11,29,"Sales Rep: Are you satisfied with the product? Customer: Yes, the product is performing well. Sales Rep: Would you consider increasing the order? Customer: We are evaluating the next purchase.",Follow-up required
CALL000631,2020-01-01,90009128,A6018110101,Newzealand,Rep-15,21,"Sales Rep: Are you satisfied with the product? Customer: Yes, the product is performing well. Sales Rep: Would you consider increasing the order? Customer: We are evaluating the next purchase.",Follow-up required
CALL000632,2019-11-01,70020104,A0320150301,Austria,Rep-17,7,"Sales Rep: Are you satisfied with the product? Customer: Yes, the product is performing well. Sales Rep: Would you consider increasing the order? Customer: We are evaluating the next purchase.",Follow-up required
CALL000633,2020-08-01,90020102,A0519150203,Austria,Rep-22,14,"Sales Rep: Are you satisfied with the product? Customer: Yes, the product is performing well. Sales Rep: Would you consider increasing the order? Customer: We are evaluating the next purchase.",Follow-up required
CALL000634,2021-07-01,90001021,A0418150101,China,Rep-15,28,"Sales Rep: Are you satisfied with the product? Customer: Yes, the product is performing well. Sales Rep: Would you consider increasing the order? Customer: We are evaluating the next purchase.",Follow-up required
CALL000635,2021-06-01,90005160,A2319150304,Pakistan,Rep-10,23,"Sales Rep: Are you satisfied with the product? Customer: Yes, the product is performing well. Sales Rep: Would you consider increasing the order? Customer: We are evaluating the next purchase.",Follow-up required
CALL000636,2020-07-01,90005162,A2918150106,Pakistan,Rep-11,27,"Sales Rep: Are you satisfied with the product? Customer: Yes, the product is performing well. Sales Rep: Would you consider increasing the order? Customer: We are evaluating the next purchase.",Follow-up required
CALL000637,2021-03-01,70018115,A6419160301,Spain,Rep-07,22,"Sales Rep: Are you satisfied with the product? Customer: Yes, the product is performing well. Sales Rep: Would you consider increasing the order? Customer: We are evaluating the next purchase.",Follow-up required
CALL000638,2018-09-01,70007198,A2319150301,South Korea,Rep-11,12,"Sales Rep: Are you satisfied with the product? Customer: Yes, the product is performing well. Sales Rep: Would you consider increasing the order? Customer: We are evaluating the next purchase.",Follow-up required
CALL000639,2018-09-01,90020099,A2520150501,Austria,Rep-12,18,"Sales Rep: Are you satisfied with the product? Customer: Yes, the product is performing well. Sales Rep: Would you consider increasing the order? Customer: We are evaluating the next purchase.",Follow-up required
CALL000640,2019-02-01,90018105,A2319150306,Spain,Rep-26,4,"Sales Rep: Are you satisfied with the product? Customer: Yes, the product is performing well. Sales Rep: Would you consider increasing the order? Customer: We are evaluating the next purchase.",Follow-up required
CALL000641,2020-08-01,90011189,A6718160102,France,Rep-13,14,"Sales Rep: Are you satisfied with the product? Customer: Yes, the product is performing well. Sales Rep: Would you consider increasing the order? Customer: We are evaluating the next purchase.",Follow-up required
CALL000642,2019-12-01,90022071,A5621110405,USA,Rep-27,22,"Sales Rep: Are you satisfied with the product? Customer: Yes, the product is performing well. Sales Rep: Would you consider increasing the order? Customer: We are evaluating the next purchase.",Follow-up required
CALL000643,2019-11-01,90015145,A5419110202,Norway,Rep-06,28,"Sales Rep: Are you satisfied with the product? Customer: Yes, the product is performing well. Sales Rep: Would you consider increasing the order? Customer: We are evaluating the next purchase.",Follow-up required
CALL000644,2019-10-01,90014139,A4021150403,Netherlands,Rep-17,7,"Sales Rep: Are you satisfied with the product? Customer: Yes, the product is performing well. Sales Rep: Would you consider increasing the order? Customer: We are evaluating the next purchase.",Follow-up required
CALL000645,2020-11-01,70003181,A1420150501,Indonesia,Rep-15,7,"Sales Rep: Are you satisfied with the product? Customer: Yes, the product is performing well. Sales Rep: Would you consider increasing the order? Customer: We are evaluating the next purchase.",Follow-up required
CALL000646,2020-08-01,90016175,A4821110801,Poland,Rep-22,30,"Sales Rep: Are you satisfied with the product? Customer: Yes, the product is performing well. Sales Rep: Would you consider increasing the order? Customer: We are evaluating the next purchase.",Follow-up required
CALL000647,2021-04-01,90009132,A4520110507,Newzealand,Rep-22,7,"Sales Rep: Are you satisfied with the product? Customer: Yes, the product is performing well. Sales Rep: Would you consider increasing the order? Customer: We are evaluating the next purchase.",Follow-up required
CALL000648,2019-12-01,90011185,A4218110204,France,Rep-21,25,"Sales Rep: Are you satisfied with the product? Customer: Yes, the product is performing well. Sales Rep: Would you consider increasing the order? Customer: We are evaluating the next purchase.",Follow-up required
CALL000649,2019-01-01,90009130,A5620110401,Newzealand,Rep-01,25,"Sales Rep: Are you satisfied with the product? Customer: Yes, the product is performing well. Sales Rep: Would you consider increasing the order? Customer: We are evaluating the next purchase.",Follow-up required
CALL000650,2021-01-01,90018107,A2821150805,Spain,Rep-22,22,"Sales Rep: Are you satisfied with the product? Customer: Yes, the product is performing well. Sales Rep: Would you consider increasing the order? Customer: We are evaluating the next purchase.",Follow-up required
CALL000651,2020-10-01,80001019,A3621150802,China,Rep-26,12,"Sales Rep: Are you satisfied with the product? Customer: Yes, the product is performing well. Sales Rep: Would you consider increasing the order? Customer: We are evaluating the next purchase.",Follow-up required
CALL000652,2020-08-01,90003180,A2020150501,Indonesia,Rep-20,9,"Sales Rep: Are you satisfied with the product? Customer: Yes, the product is performing well. Sales Rep: Would you consider increasing the order? Customer: We are evaluating the next purchase.",Follow-up required
CALL000653,2018-11-01,90021089,A7220160202,United Kingdom,Rep-21,22,"Sales Rep: Are you satisfied with the product? Customer: Yes, the product is performing well. Sales Rep: Would you consider increasing the order? Customer: We are evaluating the next purchase.",Follow-up required
CALL000654,2019-08-01,90015147,A3320150505,Norway,Rep-01,29,"Sales Rep: Are you satisfied with the product? Customer: Yes, the product is performing well. Sales Rep: Would you consider increasing the order? Customer: We are evaluating the next purchase.",Follow-up required
CALL000655,2020-07-01,90008166,A0321150303,Australia,Rep-19,12,"Sales Rep: Are you satisfied with the product? Customer: Yes, the product is performing well. Sales Rep: Would you consider increasing the order? Customer: We are evaluating the next purchase.",Follow-up required
CALL000656,2018-12-01,90004061,A4620110601,Japan,Rep-25,5,"Sales Rep: Are you satisfied with the product? Customer: Yes, the product is performing well. Sales Rep: Would you consider increasing the order? Customer: We are evaluating the next purchase.",Follow-up required
CALL000657,2020-12-01,90001020,A2918150102,China,Rep-07,7,"Sales Rep: Are you satisfied with the product? Customer: Yes, the product is performing well. Sales Rep: Would you consider increasing the order? Customer: We are evaluating the next purchase.",Follow-up required
CALL000658,2019-10-01,70009133,A0921150603,Newzealand,Rep-05,24,"Sales Rep: Are you satisfied with the product? Customer: Yes, the product is performing well. Sales Rep: Would you consider increasing the order? Customer: We are evaluating the next purchase.",Follow-up required
CALL000659,2018-10-01,70009134,A4319110302,Newzealand,Rep-09,7,"Sales Rep: Are you satisfied with the product? Customer: Yes, the product is performing well. Sales Rep: Would you consider increasing the order? Customer: We are evaluating the next purchase.",Follow-up required
CALL000660,2021-07-01,90019200,A6520160403,Sweden,Rep-03,27,"Sales Rep: Are you satisfied with the product? Customer: Yes, the product is performing well. Sales Rep: Would you consider increasing the order? Customer: We are evaluating the next purchase.",Follow-up required
CALL000661,2020-12-01,90001021,A0418150102,China,Rep-09,12,"Sales Rep: Are you satisfied with the product? Customer: Yes, the product is performing well. Sales Rep: Would you consider increasing the order? Customer: We are evaluating the next purchase.",Follow-up required
CALL000662,2019-07-01,80001019,A3220150401,China,Rep-22,25,"Sales Rep: Are you satisfied with the product? Customer: Yes, the product is performing well. Sales Rep: Would you consider increasing the order? Customer: We are evaluating the next purchase.",Follow-up required
CALL000663,2019-09-01,90021089,A1521150602,United Kingdom,Rep-30,7,"Sales Rep: Are you satisfied with the product? Customer: Yes, the product is performing well. Sales Rep: Would you consider increasing the order? Customer: We are evaluating the next purchase.",Follow-up required
CALL000664,2020-08-01,90004063,A3920150301,Japan,Rep-21,15,"Sales Rep: Are you satisfied with the product? Customer: Yes, the product is performing well. Sales Rep: Would you consider increasing the order? Customer: We are evaluating the next purchase.",Follow-up required
CALL000665,2018-11-01,90004062,A6919160302,Japan,Rep-20,15,"Sales Rep: Are you satisfied with the product? Customer: Yes, the product is performing well. Sales Rep: Would you consider increasing the order? Customer: We are evaluating the next purchase.",Follow-up required
CALL000666,2019-08-01,90014140,A2520150505,Netherlands,Rep-05,20,"Sales Rep: Are you satisfied with the product? Customer: Yes, the product is performing well. Sales Rep: Would you consider increasing the order? Customer: We are evaluating the next purchase.",Follow-up required
CALL000667,2021-06-01,90015144,A5721110507,Norway,Rep-24,16,"Sales Rep: Are you satisfied with the product? Customer: Yes, the product is performing well. Sales Rep: Would you consider increasing the order? Customer: We are evaluating the next purchase.",Follow-up required
CALL000668,2021-05-01,90018108,A1319150401,Spain,Rep-01,30,"Sales Rep: Are you satisfied with the product? Customer: Yes, the product is performing well. Sales Rep: Would you consider increasing the order? Customer: We are evaluating the next purchase.",Follow-up required
CALL000669,2021-07-01,90008166,A1320150403,Australia,Rep-19,4,"Sales Rep: Are you satisfied with the product? Customer: Yes, the product is performing well. Sales Rep: Would you consider increasing the order? Customer: We are evaluating the next purchase.",Follow-up required
CALL000670,2018-12-01,90002009,A1319150401,India,Rep-23,15,"Sales Rep: Are you satisfied with the product? Customer: Yes, the product is performing well. Sales Rep: Would you consider increasing the order? Customer: We are evaluating the next purchase.",Follow-up required
CALL000671,2019-11-01,90013122,A6319160201,Italy,Rep-04,28,"Sales Rep: Are you satisfied with the product? Customer: Yes, the product is performing well. Sales Rep: Would you consider increasing the order? Customer: We are evaluating the next purchase.",Follow-up required
CALL000672,2021-06-01,90014135,A2020150501,Netherlands,Rep-10,26,"Sales Rep: Are you satisfied with the product? Customer: Yes, the product is performing well. Sales Rep: Would you consider increasing the order? Customer: We are evaluating the next purchase.",Follow-up required
CALL000673,2020-04-01,90005160,A2520150502,Pakistan,Rep-10,17,"Sales Rep: Are you satisfied with the product? Customer: Yes, the product is performing well. Sales Rep: Would you consider increasing the order? Customer: We are evaluating the next purchase.",Follow-up required
CALL000674,2021-03-01,90022080,A5318110104,USA,Rep-30,7,"Sales Rep: Are you satisfied with the product? Customer: Yes, the product is performing well. Sales Rep: Would you consider increasing the order? Customer: We are evaluating the next purchase.",Follow-up required
CALL000675,2021-02-01,90002006,A4519110502,India,Rep-14,7,"Sales Rep: Are you satisfied with the product? Customer: Yes, the product is performing well. Sales Rep: Would you consider increasing the order? Customer: We are evaluating the next purchase.",Follow-up required
CALL000676,2020-06-01,90016174,A1119150203,Poland,Rep-29,18,"Sales Rep: Are you satisfied with the product? Customer: Yes, the product is performing well. Sales Rep: Would you consider increasing the order? Customer: We are evaluating the next purchase.",Follow-up required
CALL000677,2019-05-01,90017050,A0519150208,Portugal,Rep-23,9,"Sales Rep: Are you satisfied with the product? Customer: Yes, the product is performing well. Sales Rep: Would you consider increasing the order? Customer: We are evaluating the next purchase.",Follow-up required
CALL000678,2018-11-01,90005160,A7219160201,Pakistan,Rep-06,24,"Sales Rep: Are you satisfied with the product? Customer: Yes, the product is performing well. Sales Rep: Would you consider increasing the order? Customer: We are evaluating the next purchase.",Follow-up required
CALL000679,2021-02-01,90012040,A5520110307,Germany,Rep-07,23,"Sales Rep: Are you satisfied with the product? Customer: Yes, the product is performing well. Sales Rep: Would you consider increasing the order? Customer: We are evaluating the next purchase.",Follow-up required
CALL000680,2020-05-01,80007196,A2319150306,South Korea,Rep-07,27,"Sales Rep: Are you satisfied with the product? Customer: Yes, the product is performing well. Sales Rep: Would you consider increasing the order? Customer: We are evaluating the next purchase.",Follow-up required
CALL000681,2019-10-01,90017059,A5419110205,Portugal,Rep-06,9,"Sales Rep: Are you satisfied with the product? Customer: Yes, the product is performing well. Sales Rep: Would you consider increasing the order? Customer: We are evaluating the next purchase.",Follow-up required
CALL000682,2019-09-01,90019201,A2520150501,Sweden,Rep-23,9,"Sales Rep: Are you satisfied with the product? Customer: Yes, the product is performing well. Sales Rep: Would you consider increasing the order? Customer: We are evaluating the next purchase.",Follow-up required
CALL000683,2021-07-01,90012040,A3320150506,Germany,Rep-08,21,"Sales Rep: Are you satisfied with the product? Customer: Yes, the product is performing well. Sales Rep: Would you consider increasing the order? Customer: We are evaluating the next purchase.",Follow-up required
CALL000684,2021-05-01,70006157,A1320150402,Philiphines,Rep-16,30,"Sales Rep: Are you satisfied with the product? Customer: Yes, the product is performing well. Sales Rep: Would you consider increasing the order? Customer: We are evaluating the next purchase.",Follow-up required
CALL000685,2020-09-01,70018115,A6119110202,Spain,Rep-11,28,"Sales Rep: Are you satisfied with the product? Customer: Yes, the product is performing well. Sales Rep: Would you consider increasing the order? Customer: We are evaluating the next purchase.",Follow-up required
CALL000686,2021-03-01,90021091,A1521150601,United Kingdom,Rep-29,10,"Sales Rep: Are you satisfied with the product? Customer: Yes, the product is performing well. Sales Rep: Would you consider increasing the order? Customer: We are evaluating the next purchase.",Follow-up required
CALL000687,2019-09-01,70003181,A3819150203,Indonesia,Rep-30,30,"Sales Rep: Are you satisfied with the product? Customer: Yes, the product is performing well. Sales Rep: Would you consider increasing the order? Customer: We are evaluating the next purchase.",Follow-up required
CALL000688,2021-06-01,90005161,A5519110303,Pakistan,Rep-13,20,"Sales Rep: Are you satisfied with the product? Customer: Yes, the product is performing well. Sales Rep: Would you consider increasing the order? Customer: We are evaluating the next purchase.",Follow-up required
CALL000689,2018-12-01,90013118,A5318110108,Italy,Rep-28,5,"Sales Rep: Are you satisfied with the product? Customer: Yes, the product is performing well. Sales Rep: Would you consider increasing the order? Customer: We are evaluating the next purchase.",Follow-up required
CALL000690,2020-05-01,70008170,A4419110401,Australia,Rep-19,13,"Sales Rep: Are you satisfied with the product? Customer: Yes, the product is performing well. Sales Rep: Would you consider increasing the order? Customer: We are evaluating the next purchase.",Follow-up required
CALL000691,2018-10-01,90015150,A0621150308,Norway,Rep-02,28,"Sales Rep: Are you satisfied with the product? Customer: Yes, the product is performing well. Sales Rep: Would you consider increasing the order? Customer: We are evaluating the next purchase.",Follow-up required
CALL000692,2019-12-01,90021095,A0620150303,United Kingdom,Rep-16,7,"Sales Rep: Are you satisfied with the product? Customer: Yes, the product is performing well. Sales Rep: Would you consider increasing the order? Customer: We are evaluating the next purchase.",Follow-up required
CALL000693,2019-08-01,90023025,A4118110101,Canada,Rep-13,17,"Sales Rep: Are you satisfied with the product? Customer: Yes, the product is performing well. Sales Rep: Would you consider increasing the order? Customer: We are evaluating the next purchase.",Follow-up required
CALL000694,2018-10-01,90012039,A1319150401,Germany,Rep-02,16,"Sales Rep: Are you satisfied with the product? Customer: Yes, the product is performing well. Sales Rep: Would you consider increasing the order? Customer: We are evaluating the next purchase.",Follow-up required
CALL000695,2020-07-01,90011188,A3621150802,France,Rep-06,19,"Sales Rep: Are you satisfied with the product? Customer: Yes, the product is performing well. Sales Rep: Would you consider increasing the order? Customer: We are evaluating the next purchase.",Follow-up required
CALL000696,2020-09-01,90004065,A5721110503,Japan,Rep-30,12,"Sales Rep: Are you satisfied with the product? Customer: Yes, the product is performing well. Sales Rep: Would you consider increasing the order? Customer: We are evaluating the next purchase.",Follow-up required
CALL000697,2019-11-01,70014143,A4419110404,Netherlands,Rep-03,30,"Sales Rep: Are you satisfied with the product? Customer: Yes, the product is performing well. Sales Rep: Would you consider increasing the order? Customer: We are evaluating the next purchase.",Follow-up required
CALL000698,2020-11-01,90012037,A1521150603,Germany,Rep-12,24,"Sales Rep: Are you satisfied with the product? Customer: Yes, the product is performing well. Sales Rep: Would you consider increasing the order? Customer: We are evaluating the next purchase.",Follow-up required
CALL000699,2019-08-01,90011189,A4519110501,France,Rep-27,27,"Sales Rep: Are you satisfied with the product? Customer: Yes, the product is performing well. Sales Rep: Would you consider increasing the order? Customer: We are evaluating the next purchase.",Follow-up required
CALL000700,2019-04-01,90006153,A4118110105,Philiphines,Rep-10,27,"Sales Rep: Are you satisfied with the product? Customer: Yes, the product is performing well. Sales Rep: Would you consider increasing the order? Customer: We are evaluating the next purchase.",Follow-up required
CALL000701,2020-01-01,70006157,A4821110804,Philiphines,Rep-20,9,"Sales Rep: Are you satisfied with the product? Customer: Yes, the product is performing well. Sales Rep: Would you consider increasing the order? Customer: We are evaluating the next purchase.",Follow-up required
CALL000702,2019-06-01,90016174,A3621150801,Poland,Rep-22,29,"Sales Rep: Are you satisfied with the product? Customer: Yes, the product is performing well. Sales Rep: Would you consider increasing the order? Customer: We are evaluating the next purchase.",Follow-up required
CALL000703,2021-05-01,90018110,A2419150402,Spain,Rep-30,21,"Sales Rep: Are you satisfied with the product? Customer: Yes, the product is performing well. Sales Rep: Would you consider increasing the order? Customer: We are evaluating the next purchase.",Follow-up required
CALL000704,2018-12-01,90005160,A1421150503,Pakistan,Rep-19,9,"Sales Rep: Are you satisfied with the product? Customer: Yes, the product is performing well. Sales Rep: Would you consider increasing the order? Customer: We are evaluating the next purchase.",Follow-up required
CALL000705,2020-01-01,70008170,A2118150104,Australia,Rep-13,8,"Sales Rep: Are you satisfied with the product? Customer: Yes, the product is performing well. Sales Rep: Would you consider increasing the order? Customer: We are evaluating the next purchase.",Follow-up required
CALL000706,2020-02-01,90005159,A4218110205,Pakistan,Rep-12,14,"Sales Rep: Are you satisfied with the product? Customer: Yes, the product is performing well. Sales Rep: Would you consider increasing the order? Customer: We are evaluating the next purchase.",Follow-up required
CALL000707,2020-08-01,90014136,A3220150401,Netherlands,Rep-27,6,"Sales Rep: Are you satisfied with the product? Customer: Yes, the product is performing well. Sales Rep: Would you consider increasing the order? Customer: We are evaluating the next purchase.",Follow-up required
CALL000708,2021-06-01,90022080,A1420150502,USA,Rep-24,26,"Sales Rep: Are you satisfied with the product? Customer: Yes, the product is performing well. Sales Rep: Would you consider increasing the order? Customer: We are evaluating the next purchase.",Follow-up required
CALL000709,2020-10-01,90012033,A2720150701,Germany,Rep-19,23,"Sales Rep: Are you satisfied with the product? Customer: Yes, the product is performing well. Sales Rep: Would you consider increasing the order? Customer: We are evaluating the next purchase.",Follow-up required
CALL000710,2019-07-01,70021096,A6621160503,United Kingdom,Rep-25,20,"Sales Rep: Are you satisfied with the product? Customer: Yes, the product is performing well. Sales Rep: Would you consider increasing the order? Customer: We are evaluating the next purchase.",Follow-up required
CALL000711,2019-03-01,90017053,A5620110401,Portugal,Rep-02,19,"Sales Rep: Are you satisfied with the product? Customer: Yes, the product is performing well. Sales Rep: Would you consider increasing the order? Customer: We are evaluating the next purchase.",Follow-up required
CALL000712,2019-02-01,90017056,A1219150302,Portugal,Rep-06,15,"Sales Rep: Are you satisfied with the product? Customer: Yes, the product is performing well. Sales Rep: Would you consider increasing the order? Customer: We are evaluating the next purchase.",Follow-up required
CALL000713,2021-06-01,70006157,A4419110407,Philiphines,Rep-01,28,"Sales Rep: Are you satisfied with the product? Customer: Yes, the product is performing well. Sales Rep: Would you consider increasing the order? Customer: We are evaluating the next purchase.",Follow-up required
CALL000714,2020-04-01,90016175,A4021150405,Poland,Rep-05,5,"Sales Rep: Are you satisfied with the product? Customer: Yes, the product is performing well. Sales Rep: Would you consider increasing the order? Customer: We are evaluating the next purchase.",Follow-up required
CALL000715,2020-03-01,90021090,A4319110302,United Kingdom,Rep-08,22,"Sales Rep: Are you satisfied with the product? Customer: Yes, the product is performing well. Sales Rep: Would you consider increasing the order? Customer: We are evaluating the next purchase.",Follow-up required
CALL000716,2019-06-01,90014141,A5621110405,Netherlands,Rep-28,19,"Sales Rep: Are you satisfied with the product? Customer: Yes, the product is performing well. Sales Rep: Would you consider increasing the order? Customer: We are evaluating the next purchase.",Follow-up required
CALL000717,2020-06-01,70014142,A5419110204,Netherlands,Rep-23,9,"Sales Rep: Are you satisfied with the product? Customer: Yes, the product is performing well. Sales Rep: Would you consider increasing the order? Customer: We are evaluating the next purchase.",Follow-up required
CALL000718,2018-11-01,90012034,A6219160103,Germany,Rep-19,12,"Sales Rep: Are you satisfied with the product? Customer: Yes, the product is performing well. Sales Rep: Would you consider increasing the order? Customer: We are evaluating the next purchase.",Follow-up required
CALL000719,2021-05-01,90021087,A4118110105,United Kingdom,Rep-10,26,"Sales Rep: Are you satisfied with the product? Customer: Yes, the product is performing well. Sales Rep: Would you consider increasing the order? Customer: We are evaluating the next purchase.",Follow-up required
CALL000720,2021-03-01,90004061,A6019110107,Japan,Rep-04,18,"Sales Rep: Are you satisfied with the product? Customer: Yes, the product is performing well. Sales Rep: Would you consider increasing the order? Customer: We are evaluating the next purchase.",Follow-up required
CALL000721,2020-07-01,90003179,A2219150204,Indonesia,Rep-19,23,"Sales Rep: Are you satisfied with the product? Customer: Yes, the product is performing well. Sales Rep: Would you consider increasing the order? Customer: We are evaluating the next purchase.",Follow-up required
CALL000722,2018-11-01,90017055,A0418150103,Portugal,Rep-14,24,"Sales Rep: Are you satisfied with the product? Customer: Yes, the product is performing well. Sales Rep: Would you consider increasing the order? Customer: We are evaluating the next purchase.",Follow-up required
CALL000723,2018-09-01,90012033,A0620150305,Germany,Rep-30,4,"Sales Rep: Are you satisfied with the product? Customer: Yes, the product is performing well. Sales Rep: Would you consider increasing the order? Customer: We are evaluating the next purchase.",Follow-up required
CALL000724,2021-03-01,90022071,A1219150301,USA,Rep-30,11,"Sales Rep: Are you satisfied with the product? Customer: Yes, the product is performing well. Sales Rep: Would you consider increasing the order? Customer: We are evaluating the next purchase.",Follow-up required
CALL000725,2021-01-01,90005159,A5520110307,Pakistan,Rep-11,30,"Sales Rep: Are you satisfied with the product? Customer: Yes, the product is performing well. Sales Rep: Would you consider increasing the order? Customer: We are evaluating the next purchase.",Follow-up required
CALL000726,2020-10-01,70012043,A4720110701,Germany,Rep-30,29,"Sales Rep: Are you satisfied with the product? Customer: Yes, the product is performing well. Sales Rep: Would you consider increasing the order? Customer: We are evaluating the next purchase.",Follow-up required
CALL000727,2021-08-01,70021096,A2319150306,United Kingdom,Rep-18,5,"Sales Rep: Are you satisfied with the product? Customer: Yes, the product is performing well. Sales Rep: Would you consider increasing the order? Customer: We are evaluating the next purchase.",Follow-up required
CALL000728,2019-11-01,90017055,A0321150303,Portugal,Rep-22,27,"Sales Rep: Are you satisfied with the product? Customer: Yes, the product is performing well. Sales Rep: Would you consider increasing the order? Customer: We are evaluating the next purchase.",Follow-up required
CALL000729,2020-11-01,90013123,A5620110402,Italy,Rep-22,23,"Sales Rep: Are you satisfied with the product? Customer: Yes, the product is performing well. Sales Rep: Would you consider increasing the order? Customer: We are evaluating the next purchase.",Follow-up required
CALL000730,2020-07-01,70007199,A3521150701,South Korea,Rep-29,20,"Sales Rep: Are you satisfied with the product? Customer: Yes, the product is performing well. Sales Rep: Would you consider increasing the order? Customer: We are evaluating the next purchase.",Follow-up required
CALL000731,2019-03-01,70016178,A4520110508,Poland,Rep-05,19,"Sales Rep: Are you satisfied with the product? Customer: Yes, the product is performing well. Sales Rep: Would you consider increasing the order? Customer: We are evaluating the next purchase.",Follow-up required
CALL000732,2020-03-01,90015150,A6319160202,Norway,Rep-03,12,"Sales Rep: Are you satisfied with the product? Customer: Yes, the product is performing well. Sales Rep: Would you consider increasing the order? Customer: We are evaluating the next purchase.",Follow-up required
CALL000733,2019-02-01,90014141,A7220160203,Netherlands,Rep-06,20,"Sales Rep: Are you satisfied with the product? Customer: Yes, the product is performing well. Sales Rep: Would you consider increasing the order? Customer: We are evaluating the next purchase.",Follow-up required
CALL000734,2018-12-01,70011193,A2420150406,France,Rep-07,7,"Sales Rep: Are you satisfied with the product? Customer: Yes, the product is performing well. Sales Rep: Would you consider increasing the order? Customer: We are evaluating the next purchase.",Follow-up required
CALL000735,2020-07-01,70004069,A2520150501,Japan,Rep-07,10,"Sales Rep: Are you satisfied with the product? Customer: Yes, the product is performing well. Sales Rep: Would you consider increasing the order? Customer: We are evaluating the next purchase.",Follow-up required
CALL000736,2019-07-01,90022075,A3421150605,USA,Rep-11,18,"Sales Rep: Are you satisfied with the product? Customer: Yes, the product is performing well. Sales Rep: Would you consider increasing the order? Customer: We are evaluating the next purchase.",Follow-up required
CALL000737,2021-08-01,90004068,A2020150501,Japan,Rep-13,14,"Sales Rep: Are you satisfied with the product? Customer: Yes, the product is performing well. Sales Rep: Would you consider increasing the order? Customer: We are evaluating the next purchase.",Follow-up required
CALL000738,2019-08-01,90011191,A6919160302,France,Rep-26,19,"Sales Rep: Are you satisfied with the product? Customer: Yes, the product is performing well. Sales Rep: Would you consider increasing the order? Customer: We are evaluating the next purchase.",Follow-up required
CALL000739,2018-09-01,70015152,A4721110706,Norway,Rep-02,15,"Sales Rep: Are you satisfied with the product? Customer: Yes, the product is performing well. Sales Rep: Would you consider increasing the order? Customer: We are evaluating the next purchase.",Follow-up required
CALL000740,2020-03-01,90002007,A4821110802,India,Rep-23,10,"Sales Rep: Are you satisfied with the product? Customer: Yes, the product is performing well. Sales Rep: Would you consider increasing the order? Customer: We are evaluating the next purchase.",Follow-up required
CALL000741,2021-02-01,90017053,A2319150306,Portugal,Rep-29,12,"Sales Rep: Are you satisfied with the product? Customer: Yes, the product is performing well. Sales Rep: Would you consider increasing the order? Customer: We are evaluating the next purchase.",Follow-up required
CALL000742,2020-01-01,90014139,A7321160301,Netherlands,Rep-16,16,"Sales Rep: Are you satisfied with the product? Customer: Yes, the product is performing well. Sales Rep: Would you consider increasing the order? Customer: We are evaluating the next purchase.",Follow-up required
CALL000743,2019-11-01,90011192,A6019110108,France,Rep-26,12,"Sales Rep: Are you satisfied with the product? Customer: Yes, the product is performing well. Sales Rep: Would you consider increasing the order? Customer: We are evaluating the next purchase.",Follow-up required
CALL000744,2018-11-01,90020098,A4218110208,Austria,Rep-16,14,"Sales Rep: Are you satisfied with the product? Customer: Yes, the product is performing well. Sales Rep: Would you consider increasing the order? Customer: We are evaluating the next purchase.",Follow-up required
CALL000745,2021-02-01,90017054,A7020160403,Portugal,Rep-15,12,"Sales Rep: Are you satisfied with the product? Customer: Yes, the product is performing well. Sales Rep: Would you consider increasing the order? Customer: We are evaluating the next purchase.",Follow-up required
CALL000746,2020-07-01,90010045,A4218110202,Bangladesh,Rep-21,15,"Sales Rep: Are you satisfied with the product? Customer: Yes, the product is performing well. Sales Rep: Would you consider increasing the order? Customer: We are evaluating the next purchase.",Follow-up required
CALL000747,2021-02-01,90017050,A4720110702,Portugal,Rep-22,15,"Sales Rep: Are you satisfied with the product? Customer: Yes, the product is performing well. Sales Rep: Would you consider increasing the order? Customer: We are evaluating the next purchase.",Follow-up required
CALL000748,2021-02-01,90001020,A1521150603,China,Rep-15,19,"Sales Rep: Are you satisfied with the product? Customer: Yes, the product is performing well. Sales Rep: Would you consider increasing the order? Customer: We are evaluating the next purchase.",Follow-up required
CALL000749,2019-05-01,90003180,A2918150105,Indonesia,Rep-29,18,"Sales Rep: Are you satisfied with the product? Customer: Yes, the product is performing well. Sales Rep: Would you consider increasing the order? Customer: We are evaluating the next purchase.",Follow-up required
CALL000750,2021-07-01,70021096,A1119150203,United Kingdom,Rep-26,8,"Sales Rep: Are you satisfied with the product? Customer: Yes, the product is performing well. Sales Rep: Would you consider increasing the order? Customer: We are evaluating the next purchase.",Follow-up required
CALL000751,2019-07-01,90021092,A3621150806,United Kingdom,Rep-17,26,"Sales Rep: Are you satisfied with the product? Customer: Yes, the product is performing well. Sales Rep: Would you consider increasing the order? Customer: We are evaluating the next purchase.",Follow-up required
CALL000752,2021-07-01,90002016,A0118150101,India,Rep-28,27,"Sales Rep: Are you satisfied with the product? Customer: Yes, the product is performing well. Sales Rep: Would you consider increasing the order? Customer: We are evaluating the next purchase.",Follow-up required
CALL000753,2018-11-01,70023032,A0921150601,Canada,Rep-24,9,"Sales Rep: Are you satisfied with the product? Customer: Yes, the product is performing well. Sales Rep: Would you consider increasing the order? Customer: We are evaluating the next purchase.",Follow-up required
CALL000754,2018-09-01,90005160,A6419160302,Pakistan,Rep-06,22,"Sales Rep: Are you satisfied with the product? Customer: Yes, the product is performing well. Sales Rep: Would you consider increasing the order? Customer: We are evaluating the next purchase.",Follow-up required
CALL000755,2018-12-01,90021091,A2721150706,United Kingdom,Rep-14,16,"Sales Rep: Are you satisfied with the product? Customer: Yes, the product is performing well. Sales Rep: Would you consider increasing the order? Customer: We are evaluating the next purchase.",Follow-up required
CALL000756,2020-06-01,90002016,A3420150601,India,Rep-20,27,"Sales Rep: Are you satisfied with the product? Customer: Yes, the product is performing well. Sales Rep: Would you consider increasing the order? Customer: We are evaluating the next purchase.",Follow-up required
CALL000757,2021-06-01,90022074,A0418150107,USA,Rep-25,7,"Sales Rep: Are you satisfied with the product? Customer: Yes, the product is performing well. Sales Rep: Would you consider increasing the order? Customer: We are evaluating the next purchase.",Follow-up required
CALL000758,2019-12-01,70022085,A2218150201,USA,Rep-08,23,"Sales Rep: Are you satisfied with the product? Customer: Yes, the product is performing well. Sales Rep: Would you consider increasing the order? Customer: We are evaluating the next purchase.",Follow-up required
CALL000759,2019-08-01,90022083,A2118150106,USA,Rep-15,29,"Sales Rep: Are you satisfied with the product? Customer: Yes, the product is performing well. Sales Rep: Would you consider increasing the order? Customer: We are evaluating the next purchase.",Follow-up required
CALL000760,2019-08-01,90004068,A0219150202,Japan,Rep-18,9,"Sales Rep: Are you satisfied with the product? Customer: Yes, the product is performing well. Sales Rep: Would you consider increasing the order? Customer: We are evaluating the next purchase.",Follow-up required
CALL000761,2020-03-01,70008170,A5519110303,Australia,Rep-28,5,"Sales Rep: Are you satisfied with the product? Customer: Yes, the product is performing well. Sales Rep: Would you consider increasing the order? Customer: We are evaluating the next purchase.",Follow-up required
CALL000762,2019-08-01,90023029,A0418150101,Canada,Rep-30,29,"Sales Rep: Are you satisfied with the product? Customer: Yes, the product is performing well. Sales Rep: Would you consider increasing the order? Customer: We are evaluating the next purchase.",Follow-up required
CALL000763,2018-09-01,90004062,A6520160402,Japan,Rep-12,8,"Sales Rep: Are you satisfied with the product? Customer: Yes, the product is performing well. Sales Rep: Would you consider increasing the order? Customer: We are evaluating the next purchase.",Follow-up required
CALL000764,2020-04-01,90017055,A6419160303,Portugal,Rep-28,10,"Sales Rep: Are you satisfied with the product? Customer: Yes, the product is performing well. Sales Rep: Would you consider increasing the order? Customer: We are evaluating the next purchase.",Follow-up required
CALL000765,2021-02-01,70012043,A5419110203,Germany,Rep-01,11,"Sales Rep: Are you satisfied with the product? Customer: Yes, the product is performing well. Sales Rep: Would you consider increasing the order? Customer: We are evaluating the next purchase.",Follow-up required
CALL000766,2021-04-01,90002012,A3718150101,India,Rep-18,23,"Sales Rep: Are you satisfied with the product? Customer: Yes, the product is performing well. Sales Rep: Would you consider increasing the order? Customer: We are evaluating the next purchase.",Follow-up required
CALL000767,2019-08-01,70010048,A5620110402,Bangladesh,Rep-05,6,"Sales Rep: Are you satisfied with the product? Customer: Yes, the product is performing well. Sales Rep: Would you consider increasing the order? Customer: We are evaluating the next purchase.",Follow-up required
CALL000768,2019-11-01,70023031,A6819160203,Canada,Rep-22,5,"Sales Rep: Are you satisfied with the product? Customer: Yes, the product is performing well. Sales Rep: Would you consider increasing the order? Customer: We are evaluating the next purchase.",Follow-up required
CALL000769,2021-08-01,90008167,A4520110504,Australia,Rep-12,7,"Sales Rep: Are you satisfied with the product? Customer: Yes, the product is performing well. Sales Rep: Would you consider increasing the order? Customer: We are evaluating the next purchase.",Follow-up required
CALL000770,2020-12-01,90013118,A5721110501,Italy,Rep-04,25,"Sales Rep: Are you satisfied with the product? Customer: Yes, the product is performing well. Sales Rep: Would you consider increasing the order? Customer: We are evaluating the next purchase.",Follow-up required
CALL000771,2020-09-01,90013117,A6419160303,Italy,Rep-15,17,"Sales Rep: Are you satisfied with the product? Customer: Yes, the product is performing well. Sales Rep: Would you consider increasing the order? Customer: We are evaluating the next purchase.",Follow-up required
CALL000772,2019-03-01,90009129,A5620110402,Newzealand,Rep-21,29,"Sales Rep: Are you satisfied with the product? Customer: Yes, the product is performing well. Sales Rep: Would you consider increasing the order? Customer: We are evaluating the next purchase.",Follow-up required
CALL000773,2019-07-01,70013125,A3320150501,Italy,Rep-20,29,"Sales Rep: Are you satisfied with the product? Customer: Yes, the product is performing well. Sales Rep: Would you consider increasing the order? Customer: We are evaluating the next purchase.",Follow-up required
CALL000774,2018-10-01,90019203,A7219160201,Sweden,Rep-13,7,"Sales Rep: Are you satisfied with the product? Customer: Yes, the product is performing well. Sales Rep: Would you consider increasing the order? Customer: We are evaluating the next purchase.",Follow-up required
CALL000775,2020-07-01,70005163,A3421150605,Pakistan,Rep-10,29,"Sales Rep: Are you satisfied with the product? Customer: Yes, the product is performing well. Sales Rep: Would you consider increasing the order? Customer: We are evaluating the next purchase.",Follow-up required
CALL000776,2021-06-01,90002001,A5519110304,India,Rep-02,10,"Sales Rep: Are you satisfied with the product? Customer: Yes, the product is performing well. Sales Rep: Would you consider increasing the order? Customer: We are evaluating the next purchase.",Follow-up required
CALL000777,2020-09-01,90016171,A7321160302,Poland,Rep-14,5,"Sales Rep: Are you satisfied with the product? Customer: Yes, the product is performing well. Sales Rep: Would you consider increasing the order? Customer: We are evaluating the next purchase.",Follow-up required
CALL000778,2020-02-01,90012034,A5419110201,Germany,Rep-04,14,"Sales Rep: Are you satisfied with the product? Customer: Yes, the product is performing well. Sales Rep: Would you consider increasing the order? Customer: We are evaluating the next purchase.",Follow-up required
CALL000779,2019-06-01,90011187,A3420150601,France,Rep-07,27,"Sales Rep: Are you satisfied with the product? Customer: Yes, the product is performing well. Sales Rep: Would you consider increasing the order? Customer: We are evaluating the next purchase.",Follow-up required
CALL000780,2020-05-01,70007199,A1320150403,South Korea,Rep-22,9,"Sales Rep: Are you satisfied with the product? Customer: Yes, the product is performing well. Sales Rep: Would you consider increasing the order? Customer: We are evaluating the next purchase.",Follow-up required
CALL000781,2019-03-01,90022080,A2520150506,USA,Rep-28,25,"Sales Rep: Are you satisfied with the product? Customer: Yes, the product is performing well. Sales Rep: Would you consider increasing the order? Customer: We are evaluating the next purchase.",Follow-up required
CALL000782,2020-09-01,90021086,A4020150401,United Kingdom,Rep-18,26,"Sales Rep: Are you satisfied with the product? Customer: Yes, the product is performing well. Sales Rep: Would you consider increasing the order? Customer: We are evaluating the next purchase.",Follow-up required
CALL000783,2020-04-01,90023023,A6121110208,Canada,Rep-24,8,"Sales Rep: Are you satisfied with the product? Customer: Yes, the product is performing well. Sales Rep: Would you consider increasing the order? Customer: We are evaluating the next purchase.",Follow-up required
CALL000784,2019-12-01,90010044,A2520150501,Bangladesh,Rep-22,8,"Sales Rep: Are you satisfied with the product? Customer: Yes, the product is performing well. Sales Rep: Would you consider increasing the order? Customer: We are evaluating the next purchase.",Follow-up required
CALL000785,2020-07-01,90022071,A2620150606,USA,Rep-24,22,"Sales Rep: Are you satisfied with the product? Customer: Yes, the product is performing well. Sales Rep: Would you consider increasing the order? Customer: We are evaluating the next purchase.",Follow-up required
CALL000786,2020-07-01,90015149,A6319160201,Norway,Rep-19,10,"Sales Rep: Are you satisfied with the product? Customer: Yes, the product is performing well. Sales Rep: Would you consider increasing the order? Customer: We are evaluating the next purchase.",Follow-up required
CALL000787,2020-04-01,90008166,A4519110502,Australia,Rep-04,28,"Sales Rep: Are you satisfied with the product? Customer: Yes, the product is performing well. Sales Rep: Would you consider increasing the order? Customer: We are evaluating the next purchase.",Follow-up required
CALL000788,2019-11-01,90004065,A6319160202,Japan,Rep-20,18,"Sales Rep: Are you satisfied with the product? Customer: Yes, the product is performing well. Sales Rep: Would you consider increasing the order? Customer: We are evaluating the next purchase.",Follow-up required
CALL000789,2019-02-01,90021087,A0418150102,United Kingdom,Rep-07,27,"Sales Rep: Are you satisfied with the product? Customer: Yes, the product is performing well. Sales Rep: Would you consider increasing the order? Customer: We are evaluating the next purchase.",Follow-up required
CALL000790,2019-02-01,90005160,A5721110502,Pakistan,Rep-24,29,"Sales Rep: Are you satisfied with the product? Customer: Yes, the product is performing well. Sales Rep: Would you consider increasing the order? Customer: We are evaluating the next purchase.",Follow-up required
CALL000791,2020-08-01,90018106,A3920150301,Spain,Rep-25,27,"Sales Rep: Are you satisfied with the product? Customer: Yes, the product is performing well. Sales Rep: Would you consider increasing the order? Customer: We are evaluating the next purchase.",Follow-up required
CALL000792,2018-09-01,90014140,A6120110207,Netherlands,Rep-28,28,"Sales Rep: Are you satisfied with the product? Customer: Yes, the product is performing well. Sales Rep: Would you consider increasing the order? Customer: We are evaluating the next purchase.",Follow-up required
CALL000793,2020-12-01,90022083,A0418150102,USA,Rep-18,24,"Sales Rep: Are you satisfied with the product? Customer: Yes, the product is performing well. Sales Rep: Would you consider increasing the order? Customer: We are evaluating the next purchase.",Follow-up required
CALL000794,2021-06-01,70010048,A5419110208,Bangladesh,Rep-25,17,"Sales Rep: Are you satisfied with the product? Customer: Yes, the product is performing well. Sales Rep: Would you consider increasing the order? Customer: We are evaluating the next purchase.",Follow-up required
CALL000795,2019-08-01,90001021,A4720110702,China,Rep-26,28,"Sales Rep: Are you satisfied with the product? Customer: Yes, the product is performing well. Sales Rep: Would you consider increasing the order? Customer: We are evaluating the next purchase.",Follow-up required
CALL000796,2019-10-01,80006155,A4520110505,Philiphines,Rep-01,29,"Sales Rep: Are you satisfied with the product? Customer: Yes, the product is performing well. Sales Rep: Would you consider increasing the order? Customer: We are evaluating the next purchase.",Follow-up required
CALL000797,2020-04-01,90022081,A4821110808,USA,Rep-11,4,"Sales Rep: Are you satisfied with the product? Customer: Yes, the product is performing well. Sales Rep: Would you consider increasing the order? Customer: We are evaluating the next purchase.",Follow-up required
CALL000798,2021-03-01,90022083,A6921160301,USA,Rep-16,24,"Sales Rep: Are you satisfied with the product? Customer: Yes, the product is performing well. Sales Rep: Would you consider increasing the order? Customer: We are evaluating the next purchase.",Follow-up required
CALL000799,2019-05-01,90010044,A5318110101,Bangladesh,Rep-24,24,"Sales Rep: Are you satisfied with the product? Customer: Yes, the product is performing well. Sales Rep: Would you consider increasing the order? Customer: We are evaluating the next purchase.",Follow-up required
CALL000800,2019-11-01,90010046,A7219160201,Bangladesh,Rep-13,27,"Sales Rep: Are you satisfied with the product? Customer: Yes, the product is performing well. Sales Rep: Would you consider increasing the order? Customer: We are evaluating the next purchase.",Follow-up required
CALL000801,2020-04-01,90014139,A3621150802,Netherlands,Rep-05,5,"Sales Rep: Are you satisfied with the product? Customer: Yes, the product is performing well. Sales Rep: Would you consider increasing the order? Customer: We are evaluating the next purchase.",Follow-up required
CALL000802,2021-03-01,90019200,A4520110505,Sweden,Rep-11,29,"Sales Rep: Are you satisfied with the product? Customer: Yes, the product is performing well. Sales Rep: Would you consider increasing the order? Customer: We are evaluating the next purchase.",Follow-up required
CALL000803,2019-12-01,70003182,A4419110407,Indonesia,Rep-15,19,"Sales Rep: Are you satisfied with the product? Customer: Yes, the product is performing well. Sales Rep: Would you consider increasing the order? Customer: We are evaluating the next purchase.",Follow-up required
CALL000804,2020-04-01,90001021,A4218110205,China,Rep-26,20,"Sales Rep: Are you satisfied with the product? Customer: Yes, the product is performing well. Sales Rep: Would you consider increasing the order? Customer: We are evaluating the next purchase.",Follow-up required
CALL000805,2021-05-01,90008164,A1919150403,Australia,Rep-03,8,"Sales Rep: Are you satisfied with the product? Customer: Yes, the product is performing well. Sales Rep: Would you consider increasing the order? Customer: We are evaluating the next purchase.",Follow-up required
CALL000806,2020-07-01,90015148,A3621150802,Norway,Rep-26,9,"Sales Rep: Are you satisfied with the product? Customer: Yes, the product is performing well. Sales Rep: Would you consider increasing the order? Customer: We are evaluating the next purchase.",Follow-up required
CALL000807,2020-10-01,90010044,A4419110408,Bangladesh,Rep-02,30,"Sales Rep: Are you satisfied with the product? Customer: Yes, the product is performing well. Sales Rep: Would you consider increasing the order? Customer: We are evaluating the next purchase.",Follow-up required
CALL000808,2020-09-01,90016176,A2219150204,Poland,Rep-18,21,"Sales Rep: Are you satisfied with the product? Customer: Yes, the product is performing well. Sales Rep: Would you consider increasing the order? Customer: We are evaluating the next purchase.",Follow-up required
CALL000809,2021-07-01,70008170,A2620150605,Australia,Rep-20,10,"Sales Rep: Are you satisfied with the product? Customer: Yes, the product is performing well. Sales Rep: Would you consider increasing the order? Customer: We are evaluating the next purchase.",Follow-up required
CALL000810,2021-03-01,70008170,A2918150104,Australia,Rep-14,24,"Sales Rep: Are you satisfied with the product? Customer: Yes, the product is performing well. Sales Rep: Would you consider increasing the order? Customer: We are evaluating the next purchase.",Follow-up required
CALL000811,2019-06-01,70006158,A6319160201,Philiphines,Rep-10,22,"Sales Rep: Are you satisfied with the product? Customer: Yes, the product is performing well. Sales Rep: Would you consider increasing the order? Customer: We are evaluating the next purchase.",Follow-up required
CALL000812,2019-02-01,90018105,A4520110506,Spain,Rep-10,26,"Sales Rep: Are you satisfied with the product? Customer: Yes, the product is performing well. Sales Rep: Would you consider increasing the order? Customer: We are evaluating the next purchase.",Follow-up required
CALL000813,2019-06-01,90011185,A1018150103,France,Rep-23,9,"Sales Rep: Are you satisfied with the product? Customer: Yes, the product is performing well. Sales Rep: Would you consider increasing the order? Customer: We are evaluating the next purchase.",Follow-up required
CALL000814,2019-05-01,90016173,A6119110202,Poland,Rep-21,24,"Sales Rep: Are you satisfied with the product? Customer: Yes, the product is performing well. Sales Rep: Would you consider increasing the order? Customer: We are evaluating the next purchase.",Follow-up required
CALL000815,2019-12-01,70007199,A1618150103,South Korea,Rep-15,8,"Sales Rep: Are you satisfied with the product? Customer: Yes, the product is performing well. Sales Rep: Would you consider increasing the order? Customer: We are evaluating the next purchase.",Follow-up required
CALL000816,2020-03-01,90008166,A7220160203,Australia,Rep-02,8,"Sales Rep: Are you satisfied with the product? Customer: Yes, the product is performing well. Sales Rep: Would you consider increasing the order? Customer: We are evaluating the next purchase.",Follow-up required
CALL000817,2020-07-01,90017049,A6818160202,Portugal,Rep-03,20,"Sales Rep: Are you satisfied with the product? Customer: Yes, the product is performing well. Sales Rep: Would you consider increasing the order? Customer: We are evaluating the next purchase.",Follow-up required
CALL000818,2019-01-01,70011194,A1618150101,France,Rep-08,29,"Sales Rep: Are you satisfied with the product? Customer: Yes, the product is performing well. Sales Rep: Would you consider increasing the order? Customer: We are evaluating the next purchase.",Follow-up required
CALL000819,2019-12-01,90015150,A1219150301,Norway,Rep-21,24,"Sales Rep: Are you satisfied with the product? Customer: Yes, the product is performing well. Sales Rep: Would you consider increasing the order? Customer: We are evaluating the next purchase.",Follow-up required
CALL000820,2019-02-01,90019202,A2419150405,Sweden,Rep-22,19,"Sales Rep: Are you satisfied with the product? Customer: Yes, the product is performing well. Sales Rep: Would you consider increasing the order? Customer: We are evaluating the next purchase.",Follow-up required
CALL000821,2021-06-01,90008168,A6120110205,Australia,Rep-05,21,"Sales Rep: Are you satisfied with the product? Customer: Yes, the product is performing well. Sales Rep: Would you consider increasing the order? Customer: We are evaluating the next purchase.",Follow-up required
CALL000822,2021-06-01,90019202,A6419160303,Sweden,Rep-17,17,"Sales Rep: Are you satisfied with the product? Customer: Yes, the product is performing well. Sales Rep: Would you consider increasing the order? Customer: We are evaluating the next purchase.",Follow-up required
CALL000823,2021-08-01,70013125,A5318110105,Italy,Rep-08,7,"Sales Rep: Are you satisfied with the product? Customer: Yes, the product is performing well. Sales Rep: Would you consider increasing the order? Customer: We are evaluating the next purchase.",Follow-up required
CALL000824,2018-10-01,90020098,A4821110808,Austria,Rep-16,21,"Sales Rep: Are you satisfied with the product? Customer: Yes, the product is performing well. Sales Rep: Would you consider increasing the order? Customer: We are evaluating the next purchase.",Follow-up required
CALL000825,2019-05-01,90001020,A3019150205,China,Rep-06,14,"Sales Rep: Are you satisfied with the product? Customer: Yes, the product is performing well. Sales Rep: Would you consider increasing the order? Customer: We are evaluating the next purchase.",Follow-up required
CALL000826,2021-01-01,80006154,A6120110205,Philiphines,Rep-24,5,"Sales Rep: Are you satisfied with the product? Customer: Yes, the product is performing well. Sales Rep: Would you consider increasing the order? Customer: We are evaluating the next purchase.",Follow-up required
CALL000827,2021-08-01,90001021,A6720160103,China,Rep-18,26,"Sales Rep: Are you satisfied with the product? Customer: Yes, the product is performing well. Sales Rep: Would you consider increasing the order? Customer: We are evaluating the next purchase.",Follow-up required
CALL000828,2020-03-01,70020104,A2918150105,Austria,Rep-09,11,"Sales Rep: Are you satisfied with the product? Customer: Yes, the product is performing well. Sales Rep: Would you consider increasing the order? Customer: We are evaluating the next purchase.",Follow-up required
CALL000829,2019-06-01,90017059,A6819160203,Portugal,Rep-23,15,"Sales Rep: Are you satisfied with the product? Customer: Yes, the product is performing well. Sales Rep: Would you consider increasing the order? Customer: We are evaluating the next purchase.",Follow-up required
CALL000830,2021-04-01,90018113,A4620110607,Spain,Rep-22,11,"Sales Rep: Are you satisfied with the product? Customer: Yes, the product is performing well. Sales Rep: Would you consider increasing the order? Customer: We are evaluating the next purchase.",Follow-up required
CALL000831,2019-03-01,90001021,A4218110207,China,Rep-19,18,"Sales Rep: Are you satisfied with the product? Customer: Yes, the product is performing well. Sales Rep: Would you consider increasing the order? Customer: We are evaluating the next purchase.",Follow-up required
CALL000832,2021-02-01,90014139,A2520150501,Netherlands,Rep-09,18,"Sales Rep: Are you satisfied with the product? Customer: Yes, the product is performing well. Sales Rep: Would you consider increasing the order? Customer: We are evaluating the next purchase.",Follow-up required
CALL000833,2020-12-01,90019201,A0619150301,Sweden,Rep-07,30,"Sales Rep: Are you satisfied with the product? Customer: Yes, the product is performing well. Sales Rep: Would you consider increasing the order? Customer: We are evaluating the next purchase.",Follow-up required
CALL000834,2019-02-01,90018106,A4319110306,Spain,Rep-04,12,"Sales Rep: Are you satisfied with the product? Customer: Yes, the product is performing well. Sales Rep: Would you consider increasing the order? Customer: We are evaluating the next purchase.",Follow-up required
CALL000835,2020-06-01,80006155,A0921150601,Philiphines,Rep-26,21,"Sales Rep: Are you satisfied with the product? Customer: Yes, the product is performing well. Sales Rep: Would you consider increasing the order? Customer: We are evaluating the next purchase.",Follow-up required
CALL000836,2020-12-01,90013120,A5621110404,Italy,Rep-26,16,"Sales Rep: Are you satisfied with the product? Customer: Yes, the product is performing well. Sales Rep: Would you consider increasing the order? Customer: We are evaluating the next purchase.",Follow-up required
CALL000837,2020-07-01,90006153,A3019150205,Philiphines,Rep-29,22,"Sales Rep: Are you satisfied with the product? Customer: Yes, the product is performing well. Sales Rep: Would you consider increasing the order? Customer: We are evaluating the next purchase.",Follow-up required
CALL000838,2020-01-01,90005160,A2620150605,Pakistan,Rep-02,24,"Sales Rep: Are you satisfied with the product? Customer: Yes, the product is performing well. Sales Rep: Would you consider increasing the order? Customer: We are evaluating the next purchase.",Follow-up required
CALL000839,2019-03-01,70010047,A7219160201,Bangladesh,Rep-21,16,"Sales Rep: Are you satisfied with the product? Customer: Yes, the product is performing well. Sales Rep: Would you consider increasing the order? Customer: We are evaluating the next purchase.",Follow-up required
CALL000840,2020-07-01,70013125,A4419110407,Italy,Rep-03,21,"Sales Rep: Are you satisfied with the product? Customer: Yes, the product is performing well. Sales Rep: Would you consider increasing the order? Customer: We are evaluating the next purchase.",Follow-up required
CALL000841,2020-09-01,90004068,A4821110801,Japan,Rep-06,13,"Sales Rep: Are you satisfied with the product? Customer: Yes, the product is performing well. Sales Rep: Would you consider increasing the order? Customer: We are evaluating the next purchase.",Follow-up required
CALL000842,2020-03-01,90022075,A5318110108,USA,Rep-19,28,"Sales Rep: Are you satisfied with the product? Customer: Yes, the product is performing well. Sales Rep: Would you consider increasing the order? Customer: We are evaluating the next purchase.",Follow-up required
CALL000843,2019-06-01,70014143,A4118110106,Netherlands,Rep-18,16,"Sales Rep: Are you satisfied with the product? Customer: Yes, the product is performing well. Sales Rep: Would you consider increasing the order? Customer: We are evaluating the next purchase.",Follow-up required
CALL000844,2020-03-01,80007196,A4720110702,South Korea,Rep-01,13,"Sales Rep: Are you satisfied with the product? Customer: Yes, the product is performing well. Sales Rep: Would you consider increasing the order? Customer: We are evaluating the next purchase.",Follow-up required
CALL000845,2021-08-01,70011194,A2319150302,France,Rep-12,28,"Sales Rep: Are you satisfied with the product? Customer: Yes, the product is performing well. Sales Rep: Would you consider increasing the order? Customer: We are evaluating the next purchase.",Follow-up required
CALL000846,2019-02-01,90023027,A2721150704,Canada,Rep-27,12,"Sales Rep: Are you satisfied with the product? Customer: Yes, the product is performing well. Sales Rep: Would you consider increasing the order? Customer: We are evaluating the next purchase.",Follow-up required
CALL000847,2020-03-01,90004066,A0418150103,Japan,Rep-12,7,"Sales Rep: Are you satisfied with the product? Customer: Yes, the product is performing well. Sales Rep: Would you consider increasing the order? Customer: We are evaluating the next purchase.",Follow-up required
CALL000848,2021-01-01,90010046,A4821110802,Bangladesh,Rep-18,5,"Sales Rep: Are you satisfied with the product? Customer: Yes, the product is performing well. Sales Rep: Would you consider increasing the order? Customer: We are evaluating the next purchase.",Follow-up required
CALL000849,2019-01-01,90010044,A1018150102,Bangladesh,Rep-24,16,"Sales Rep: Are you satisfied with the product? Customer: Yes, the product is performing well. Sales Rep: Would you consider increasing the order? Customer: We are evaluating the next purchase.",Follow-up required
CALL000850,2018-10-01,90010044,A0821150503,Bangladesh,Rep-29,14,"Sales Rep: Are you satisfied with the product? Customer: Yes, the product is performing well. Sales Rep: Would you consider increasing the order? Customer: We are evaluating the next purchase.",Follow-up required
CALL000851,2019-08-01,70009134,A6019110108,Newzealand,Rep-18,24,"Sales Rep: Are you satisfied with the product? Customer: Yes, the product is performing well. Sales Rep: Would you consider increasing the order? Customer: We are evaluating the next purchase.",Follow-up required
CALL000852,2018-11-01,90018107,A1320150403,Spain,Rep-25,6,"Sales Rep: Are you satisfied with the product? Customer: Yes, the product is performing well. Sales Rep: Would you consider increasing the order? Customer: We are evaluating the next purchase.",Follow-up required
CALL000853,2018-11-01,90019201,A1420150501,Sweden,Rep-02,21,"Sales Rep: Are you satisfied with the product? Customer: Yes, the product is performing well. Sales Rep: Would you consider increasing the order? Customer: We are evaluating the next purchase.",Follow-up required
CALL000854,2021-07-01,90005159,A2821150801,Pakistan,Rep-06,29,"Sales Rep: Are you satisfied with the product? Customer: Yes, the product is performing well. Sales Rep: Would you consider increasing the order? Customer: We are evaluating the next purchase.",Follow-up required
CALL000855,2020-08-01,90011185,A3018150201,France,Rep-29,25,"Sales Rep: Are you satisfied with the product? Customer: Yes, the product is performing well. Sales Rep: Would you consider increasing the order? Customer: We are evaluating the next purchase.",Follow-up required
CALL000856,2021-01-01,90002001,A6018110101,India,Rep-04,10,"Sales Rep: Are you satisfied with the product? Customer: Yes, the product is performing well. Sales Rep: Would you consider increasing the order? Customer: We are evaluating the next purchase.",Follow-up required
CALL000857,2018-12-01,70014142,A4721110707,Netherlands,Rep-13,8,"Sales Rep: Are you satisfied with the product? Customer: Yes, the product is performing well. Sales Rep: Would you consider increasing the order? Customer: We are evaluating the next purchase.",Follow-up required
CALL000858,2018-10-01,70008170,A5318110104,Australia,Rep-04,16,"Sales Rep: Are you satisfied with the product? Customer: Yes, the product is performing well. Sales Rep: Would you consider increasing the order? Customer: We are evaluating the next purchase.",Follow-up required
CALL000859,2021-06-01,90023029,A2620150606,Canada,Rep-20,28,"Sales Rep: Are you satisfied with the product? Customer: Yes, the product is performing well. Sales Rep: Would you consider increasing the order? Customer: We are evaluating the next purchase.",Follow-up required
CALL000860,2018-09-01,90021094,A4721110704,United Kingdom,Rep-13,27,"Sales Rep: Are you satisfied with the product? Customer: Yes, the product is performing well. Sales Rep: Would you consider increasing the order? Customer: We are evaluating the next purchase.",Follow-up required
CALL000861,2021-06-01,90018110,A4620110608,Spain,Rep-10,4,"Sales Rep: Are you satisfied with the product? Customer: Yes, the product is performing well. Sales Rep: Would you consider increasing the order? Customer: We are evaluating the next purchase.",Follow-up required
CALL000862,2020-09-01,90002003,A1421150503,India,Rep-06,24,"Sales Rep: Are you satisfied with the product? Customer: Yes, the product is performing well. Sales Rep: Would you consider increasing the order? Customer: We are evaluating the next purchase.",Follow-up required
CALL000863,2019-10-01,90002012,A0321150302,India,Rep-07,20,"Sales Rep: Are you satisfied with the product? Customer: Yes, the product is performing well. Sales Rep: Would you consider increasing the order? Customer: We are evaluating the next purchase.",Follow-up required
CALL000864,2018-10-01,90011186,A3119150301,France,Rep-21,7,"Sales Rep: Are you satisfied with the product? Customer: Yes, the product is performing well. Sales Rep: Would you consider increasing the order? Customer: We are evaluating the next purchase.",Follow-up required
CALL000865,2018-12-01,90008166,A5621110405,Australia,Rep-30,13,"Sales Rep: Are you satisfied with the product? Customer: Yes, the product is performing well. Sales Rep: Would you consider increasing the order? Customer: We are evaluating the next purchase.",Follow-up required
CALL000866,2019-05-01,90004067,A2918150106,Japan,Rep-15,23,"Sales Rep: Are you satisfied with the product? Customer: Yes, the product is performing well. Sales Rep: Would you consider increasing the order? Customer: We are evaluating the next purchase.",Follow-up required
CALL000867,2021-01-01,90014140,A2118150106,Netherlands,Rep-05,27,"Sales Rep: Are you satisfied with the product? Customer: Yes, the product is performing well. Sales Rep: Would you consider increasing the order? Customer: We are evaluating the next purchase.",Follow-up required
CALL000868,2020-10-01,90003180,A7220160203,Indonesia,Rep-29,11,"Sales Rep: Are you satisfied with the product? Customer: Yes, the product is performing well. Sales Rep: Would you consider increasing the order? Customer: We are evaluating the next purchase.",Follow-up required
CALL000869,2019-02-01,90020099,A0118150104,Austria,Rep-24,27,"Sales Rep: Are you satisfied with the product? Customer: Yes, the product is performing well. Sales Rep: Would you consider increasing the order? Customer: We are evaluating the next purchase.",Follow-up required
CALL000870,2020-06-01,70012043,A3220150405,Germany,Rep-09,26,"Sales Rep: Are you satisfied with the product? Customer: Yes, the product is performing well. Sales Rep: Would you consider increasing the order? Customer: We are evaluating the next purchase.",Follow-up required
CALL000871,2020-07-01,90020097,A4620110601,Austria,Rep-01,17,"Sales Rep: Are you satisfied with the product? Customer: Yes, the product is performing well. Sales Rep: Would you consider increasing the order? Customer: We are evaluating the next purchase.",Follow-up required
CALL000872,2020-07-01,90004067,A6519160401,Japan,Rep-05,13,"Sales Rep: Are you satisfied with the product? Customer: Yes, the product is performing well. Sales Rep: Would you consider increasing the order? Customer: We are evaluating the next purchase.",Follow-up required
CALL000873,2021-02-01,70006158,A4821110802,Philiphines,Rep-14,27,"Sales Rep: Are you satisfied with the product? Customer: Yes, the product is performing well. Sales Rep: Would you consider increasing the order? Customer: We are evaluating the next purchase.",Follow-up required
CALL000874,2019-09-01,70018115,A4319110306,Spain,Rep-14,16,"Sales Rep: Are you satisfied with the product? Customer: Yes, the product is performing well. Sales Rep: Would you consider increasing the order? Customer: We are evaluating the next purchase.",Follow-up required
CALL000875,2019-05-01,90008164,A2620150601,Australia,Rep-12,12,"Sales Rep: Are you satisfied with the product? Customer: Yes, the product is performing well. Sales Rep: Would you consider increasing the order? Customer: We are evaluating the next purchase.",Follow-up required
CALL000876,2019-01-01,90004064,A6818160202,Japan,Rep-02,6,"Sales Rep: Are you satisfied with the product? Customer: Yes, the product is performing well. Sales Rep: Would you consider increasing the order? Customer: We are evaluating the next purchase.",Follow-up required
CALL000877,2021-06-01,90021090,A5318110101,United Kingdom,Rep-03,9,"Sales Rep: Are you satisfied with the product? Customer: Yes, the product is performing well. Sales Rep: Would you consider increasing the order? Customer: We are evaluating the next purchase.",Follow-up required
CALL000878,2021-01-01,80006155,A0321150302,Philiphines,Rep-10,9,"Sales Rep: Are you satisfied with the product? Customer: Yes, the product is performing well. Sales Rep: Would you consider increasing the order? Customer: We are evaluating the next purchase.",Follow-up required
CALL000879,2020-07-01,70005163,A0921150601,Pakistan,Rep-29,11,"Sales Rep: Are you satisfied with the product? Customer: Yes, the product is performing well. Sales Rep: Would you consider increasing the order? Customer: We are evaluating the next purchase.",Follow-up required
CALL000880,2018-09-01,80006155,A0321150302,Philiphines,Rep-11,6,"Sales Rep: Are you satisfied with the product? Customer: Yes, the product is performing well. Sales Rep: Would you consider increasing the order? Customer: We are evaluating the next purchase.",Follow-up required
CALL000881,2021-03-01,90013124,A5721110502,Italy,Rep-06,19,"Sales Rep: Are you satisfied with the product? Customer: Yes, the product is performing well. Sales Rep: Would you consider increasing the order? Customer: We are evaluating the next purchase.",Follow-up required
CALL000882,2019-11-01,90005159,A2419150402,Pakistan,Rep-15,15,"Sales Rep: Are you satisfied with the product? Customer: Yes, the product is performing well. Sales Rep: Would you consider increasing the order? Customer: We are evaluating the next purchase.",Follow-up required
CALL000883,2021-01-01,90010044,A0821150503,Bangladesh,Rep-04,22,"Sales Rep: Are you satisfied with the product? Customer: Yes, the product is performing well. Sales Rep: Would you consider increasing the order? Customer: We are evaluating the next purchase.",Follow-up required
CALL000884,2018-12-01,90017057,A2520150502,Portugal,Rep-24,18,"Sales Rep: Are you satisfied with the product? Customer: Yes, the product is performing well. Sales Rep: Would you consider increasing the order? Customer: We are evaluating the next purchase.",Follow-up required
CALL000885,2019-09-01,90002015,A4218110206,India,Rep-22,19,"Sales Rep: Are you satisfied with the product? Customer: Yes, the product is performing well. Sales Rep: Would you consider increasing the order? Customer: We are evaluating the next purchase.",Follow-up required
CALL000886,2021-02-01,90008167,A4319110305,Australia,Rep-20,29,"Sales Rep: Are you satisfied with the product? Customer: Yes, the product is performing well. Sales Rep: Would you consider increasing the order? Customer: We are evaluating the next purchase.",Follow-up required
CALL000887,2018-11-01,90009130,A5620110402,Newzealand,Rep-18,23,"Sales Rep: Are you satisfied with the product? Customer: Yes, the product is performing well. Sales Rep: Would you consider increasing the order? Customer: We are evaluating the next purchase.",Follow-up required
CALL000888,2019-08-01,90002011,A2821150806,India,Rep-20,17,"Sales Rep: Are you satisfied with the product? Customer: Yes, the product is performing well. Sales Rep: Would you consider increasing the order? Customer: We are evaluating the next purchase.",Follow-up required
CALL000889,2020-01-01,90020100,A2918150102,Austria,Rep-23,22,"Sales Rep: Are you satisfied with the product? Customer: Yes, the product is performing well. Sales Rep: Would you consider increasing the order? Customer: We are evaluating the next purchase.",Follow-up required
CALL000890,2021-06-01,90014141,A0519150207,Netherlands,Rep-07,28,"Sales Rep: Are you satisfied with the product? Customer: Yes, the product is performing well. Sales Rep: Would you consider increasing the order? Customer: We are evaluating the next purchase.",Follow-up required
CALL000891,2020-10-01,70008169,A0620150303,Australia,Rep-18,13,"Sales Rep: Are you satisfied with the product? Customer: Yes, the product is performing well. Sales Rep: Would you consider increasing the order? Customer: We are evaluating the next purchase.",Follow-up required
CALL000892,2021-02-01,90020100,A5721110505,Austria,Rep-20,7,"Sales Rep: Are you satisfied with the product? Customer: Yes, the product is performing well. Sales Rep: Would you consider increasing the order? Customer: We are evaluating the next purchase.",Follow-up required
CALL000893,2021-05-01,70003182,A7219160201,Indonesia,Rep-05,4,"Sales Rep: Are you satisfied with the product? Customer: Yes, the product is performing well. Sales Rep: Would you consider increasing the order? Customer: We are evaluating the next purchase.",Follow-up required
CALL000894,2021-06-01,90023022,A5318110101,Canada,Rep-17,10,"Sales Rep: Are you satisfied with the product? Customer: Yes, the product is performing well. Sales Rep: Would you consider increasing the order? Customer: We are evaluating the next purchase.",Follow-up required
CALL000895,2021-06-01,90007197,A4419110405,South Korea,Rep-21,7,"Sales Rep: Are you satisfied with the product? Customer: Yes, the product is performing well. Sales Rep: Would you consider increasing the order? Customer: We are evaluating the next purchase.",Follow-up required
CALL000896,2019-09-01,90018113,A4721110706,Spain,Rep-01,13,"Sales Rep: Are you satisfied with the product? Customer: Yes, the product is performing well. Sales Rep: Would you consider increasing the order? Customer: We are evaluating the next purchase.",Follow-up required
CALL000897,2019-02-01,70005163,A0821150503,Pakistan,Rep-01,24,"Sales Rep: Are you satisfied with the product? Customer: Yes, the product is performing well. Sales Rep: Would you consider increasing the order? Customer: We are evaluating the next purchase.",Follow-up required
CALL000898,2021-03-01,90006156,A2821150806,Philiphines,Rep-22,14,"Sales Rep: Are you satisfied with the product? Customer: Yes, the product is performing well. Sales Rep: Would you consider increasing the order? Customer: We are evaluating the next purchase.",Follow-up required
CALL000899,2019-02-01,80007196,A1118150202,South Korea,Rep-15,18,"Sales Rep: Are you satisfied with the product? Customer: Yes, the product is performing well. Sales Rep: Would you consider increasing the order? Customer: We are evaluating the next purchase.",Follow-up required
CALL000900,2019-05-01,70020104,A3621150801,Austria,Rep-27,12,"Sales Rep: Are you satisfied with the product? Customer: Yes, the product is performing well. Sales Rep: Would you consider increasing the order? Customer: We are evaluating the next purchase.",Follow-up required
CALL000901,2019-05-01,90002002,A5721110503,India,Rep-11,21,"Sales Rep: Are you satisfied with the product? Customer: Yes, the product is performing well. Sales Rep: Would you consider increasing the order? Customer: We are evaluating the next purchase.",Follow-up required
CALL000902,2019-03-01,90021092,A2520150504,United Kingdom,Rep-25,25,"Sales Rep: Are you satisfied with the product? Customer: Yes, the product is performing well. Sales Rep: Would you consider increasing the order? Customer: We are evaluating the next purchase.",Follow-up required
CALL000903,2021-04-01,90017051,A3421150606,Portugal,Rep-27,6,"Sales Rep: Are you satisfied with the product? Customer: Yes, the product is performing well. Sales Rep: Would you consider increasing the order? Customer: We are evaluating the next purchase.",Follow-up required
CALL000904,2020-12-01,90010044,A3120150306,Bangladesh,Rep-05,29,"Sales Rep: Are you satisfied with the product? Customer: Yes, the product is performing well. Sales Rep: Would you consider increasing the order? Customer: We are evaluating the next purchase.",Follow-up required
CALL000905,2021-01-01,70006158,A6119110203,Philiphines,Rep-26,24,"Sales Rep: Are you satisfied with the product? Customer: Yes, the product is performing well. Sales Rep: Would you consider increasing the order? Customer: We are evaluating the next purchase.",Follow-up required
CALL000906,2019-03-01,80001019,A3120150304,China,Rep-29,28,"Sales Rep: Are you satisfied with the product? Customer: Yes, the product is performing well. Sales Rep: Would you consider increasing the order? Customer: We are evaluating the next purchase.",Follow-up required
CALL000907,2018-12-01,90019203,A1920150404,Sweden,Rep-09,19,"Sales Rep: Are you satisfied with the product? Customer: Yes, the product is performing well. Sales Rep: Would you consider increasing the order? Customer: We are evaluating the next purchase.",Follow-up required
CALL000908,2019-02-01,90012041,A0118150102,Germany,Rep-03,6,"Sales Rep: Are you satisfied with the product? Customer: Yes, the product is performing well. Sales Rep: Would you consider increasing the order? Customer: We are evaluating the next purchase.",Follow-up required
CALL000909,2019-04-01,90017057,A6720160103,Portugal,Rep-05,15,"Sales Rep: Are you satisfied with the product? Customer: Yes, the product is performing well. Sales Rep: Would you consider increasing the order? Customer: We are evaluating the next purchase.",Follow-up required
CALL000910,2020-10-01,90002011,A0321150303,India,Rep-26,6,"Sales Rep: Are you satisfied with the product? Customer: Yes, the product is performing well. Sales Rep: Would you consider increasing the order? Customer: We are evaluating the next purchase.",Follow-up required
CALL000911,2019-02-01,90004063,A3019150205,Japan,Rep-09,26,"Sales Rep: Are you satisfied with the product? Customer: Yes, the product is performing well. Sales Rep: Would you consider increasing the order? Customer: We are evaluating the next purchase.",Follow-up required
CALL000912,2019-03-01,90023022,A3521150706,Canada,Rep-20,29,"Sales Rep: Are you satisfied with the product? Customer: Yes, the product is performing well. Sales Rep: Would you consider increasing the order? Customer: We are evaluating the next purchase.",Follow-up required
CALL000913,2021-08-01,90019203,A2420150406,Sweden,Rep-28,9,"Sales Rep: Are you satisfied with the product? Customer: Yes, the product is performing well. Sales Rep: Would you consider increasing the order? Customer: We are evaluating the next purchase.",Follow-up required
CALL000914,2019-07-01,80006155,A6818160201,Philiphines,Rep-24,25,"Sales Rep: Are you satisfied with the product? Customer: Yes, the product is performing well. Sales Rep: Would you consider increasing the order? Customer: We are evaluating the next purchase.",Follow-up required
CALL000915,2020-09-01,90004067,A2419150402,Japan,Rep-26,17,"Sales Rep: Are you satisfied with the product? Customer: Yes, the product is performing well. Sales Rep: Would you consider increasing the order? Customer: We are evaluating the next purchase.",Follow-up required
CALL000916,2020-10-01,90021086,A2020150501,United Kingdom,Rep-04,28,"Sales Rep: Are you satisfied with the product? Customer: Yes, the product is performing well. Sales Rep: Would you consider increasing the order? Customer: We are evaluating the next purchase.",Follow-up required
CALL000917,2021-08-01,90003180,A2419150402,Indonesia,Rep-18,4,"Sales Rep: Are you satisfied with the product? Customer: Yes, the product is performing well. Sales Rep: Would you consider increasing the order? Customer: We are evaluating the next purchase.",Follow-up required
CALL000918,2020-09-01,90018113,A1118150201,Spain,Rep-22,9,"Sales Rep: Are you satisfied with the product? Customer: Yes, the product is performing well. Sales Rep: Would you consider increasing the order? Customer: We are evaluating the next purchase.",Follow-up required
CALL000919,2019-04-01,90019203,A2821150801,Sweden,Rep-18,22,"Sales Rep: Are you satisfied with the product? Customer: Yes, the product is performing well. Sales Rep: Would you consider increasing the order? Customer: We are evaluating the next purchase.",Follow-up required
CALL000920,2020-09-01,70012042,A5620110401,Germany,Rep-17,21,"Sales Rep: Are you satisfied with the product? Customer: Yes, the product is performing well. Sales Rep: Would you consider increasing the order? Customer: We are evaluating the next purchase.",Follow-up required
CALL000921,2019-09-01,90022073,A4519110502,USA,Rep-03,13,"Sales Rep: Are you satisfied with the product? Customer: Yes, the product is performing well. Sales Rep: Would you consider increasing the order? Customer: We are evaluating the next purchase.",Follow-up required
CALL000922,2021-05-01,90022079,A5318110103,USA,Rep-02,9,"Sales Rep: Are you satisfied with the product? Customer: Yes, the product is performing well. Sales Rep: Would you consider increasing the order? Customer: We are evaluating the next purchase.",Follow-up required
CALL000923,2019-09-01,80007195,A2918150101,South Korea,Rep-09,13,"Sales Rep: Are you satisfied with the product? Customer: Yes, the product is performing well. Sales Rep: Would you consider increasing the order? Customer: We are evaluating the next purchase.",Follow-up required
CALL000924,2021-04-01,90015148,A3421150605,Norway,Rep-04,14,"Sales Rep: Are you satisfied with the product? Customer: Yes, the product is performing well. Sales Rep: Would you consider increasing the order? Customer: We are evaluating the next purchase.",Follow-up required
CALL000925,2019-11-01,90009129,A4821110805,Newzealand,Rep-02,15,"Sales Rep: Are you satisfied with the product? Customer: Yes, the product is performing well. Sales Rep: Would you consider increasing the order? Customer: We are evaluating the next purchase.",Follow-up required
CALL000926,2020-09-01,90011185,A6319160201,France,Rep-29,20,"Sales Rep: Are you satisfied with the product? Customer: Yes, the product is performing well. Sales Rep: Would you consider increasing the order? Customer: We are evaluating the next purchase.",Follow-up required
CALL000927,2021-01-01,90012034,A1618150101,Germany,Rep-05,10,"Sales Rep: Are you satisfied with the product? Customer: Yes, the product is performing well. Sales Rep: Would you consider increasing the order? Customer: We are evaluating the next purchase.",Follow-up required
CALL000928,2020-12-01,90005161,A7220160203,Pakistan,Rep-15,29,"Sales Rep: Are you satisfied with the product? Customer: Yes, the product is performing well. Sales Rep: Would you consider increasing the order? Customer: We are evaluating the next purchase.",Follow-up required
CALL000929,2020-03-01,90019203,A0519150201,Sweden,Rep-04,28,"Sales Rep: Are you satisfied with the product? Customer: Yes, the product is performing well. Sales Rep: Would you consider increasing the order? Customer: We are evaluating the next purchase.",Follow-up required
CALL000930,2019-02-01,90016174,A6519160401,Poland,Rep-02,4,"Sales Rep: Are you satisfied with the product? Customer: Yes, the product is performing well. Sales Rep: Would you consider increasing the order? Customer: We are evaluating the next purchase.",Follow-up required
CALL000931,2020-06-01,90013121,A1319150401,Italy,Rep-17,24,"Sales Rep: Are you satisfied with the product? Customer: Yes, the product is performing well. Sales Rep: Would you consider increasing the order? Customer: We are evaluating the next purchase.",Follow-up required
CALL000932,2018-09-01,90010045,A1919150401,Bangladesh,Rep-25,20,"Sales Rep: Are you satisfied with the product? Customer: Yes, the product is performing well. Sales Rep: Would you consider increasing the order? Customer: We are evaluating the next purchase.",Follow-up required
CALL000933,2018-10-01,90004061,A6120110207,Japan,Rep-28,20,"Sales Rep: Are you satisfied with the product? Customer: Yes, the product is performing well. Sales Rep: Would you consider increasing the order? Customer: We are evaluating the next purchase.",Follow-up required
CALL000934,2020-08-01,90010045,A5621110403,Bangladesh,Rep-21,5,"Sales Rep: Are you satisfied with the product? Customer: Yes, the product is performing well. Sales Rep: Would you consider increasing the order? Customer: We are evaluating the next purchase.",Follow-up required
CALL000935,2020-07-01,90018113,A6818160201,Spain,Rep-28,30,"Sales Rep: Are you satisfied with the product? Customer: Yes, the product is performing well. Sales Rep: Would you consider increasing the order? Customer: We are evaluating the next purchase.",Follow-up required
CALL000936,2019-04-01,90019201,A6419160303,Sweden,Rep-08,12,"Sales Rep: Are you satisfied with the product? Customer: Yes, the product is performing well. Sales Rep: Would you consider increasing the order? Customer: We are evaluating the next purchase.",Follow-up required
CALL000937,2021-07-01,90018112,A0321150303,Spain,Rep-22,22,"Sales Rep: Are you satisfied with the product? Customer: Yes, the product is performing well. Sales Rep: Would you consider increasing the order? Customer: We are evaluating the next purchase.",Follow-up required
CALL000938,2019-07-01,90022077,A0220150203,USA,Rep-21,15,"Sales Rep: Are you satisfied with the product? Customer: Yes, the product is performing well. Sales Rep: Would you consider increasing the order? Customer: We are evaluating the next purchase.",Follow-up required
CALL000939,2021-07-01,90003180,A5721110504,Indonesia,Rep-08,17,"Sales Rep: Are you satisfied with the product? Customer: Yes, the product is performing well. Sales Rep: Would you consider increasing the order? Customer: We are evaluating the next purchase.",Follow-up required
CALL000940,2020-11-01,70003181,A2520150504,Indonesia,Rep-22,27,"Sales Rep: Are you satisfied with the product? Customer: Yes, the product is performing well. Sales Rep: Would you consider increasing the order? Customer: We are evaluating the next purchase.",Follow-up required
CALL000941,2018-11-01,70014143,A1420150502,Netherlands,Rep-06,15,"Sales Rep: Are you satisfied with the product? Customer: Yes, the product is performing well. Sales Rep: Would you consider increasing the order? Customer: We are evaluating the next purchase.",Follow-up required
CALL000942,2021-03-01,90010045,A3718150103,Bangladesh,Rep-01,9,"Sales Rep: Are you satisfied with the product? Customer: Yes, the product is performing well. Sales Rep: Would you consider increasing the order? Customer: We are evaluating the next purchase.",Follow-up required
CALL000943,2020-08-01,90005159,A4319110302,Pakistan,Rep-28,18,"Sales Rep: Are you satisfied with the product? Customer: Yes, the product is performing well. Sales Rep: Would you consider increasing the order? Customer: We are evaluating the next purchase.",Follow-up required
CALL000944,2020-11-01,70004070,A5520110307,Japan,Rep-28,11,"Sales Rep: Are you satisfied with the product? Customer: Yes, the product is performing well. Sales Rep: Would you consider increasing the order? Customer: We are evaluating the next purchase.",Follow-up required
CALL000945,2019-06-01,90016174,A6620160502,Poland,Rep-26,30,"Sales Rep: Are you satisfied with the product? Customer: Yes, the product is performing well. Sales Rep: Would you consider increasing the order? Customer: We are evaluating the next purchase.",Follow-up required
CALL000946,2021-05-01,80001019,A6018110103,China,Rep-09,25,"Sales Rep: Are you satisfied with the product? Customer: Yes, the product is performing well. Sales Rep: Would you consider increasing the order? Customer: We are evaluating the next purchase.",Follow-up required
CALL000947,2020-07-01,90003179,A5419110201,Indonesia,Rep-10,6,"Sales Rep: Are you satisfied with the product? Customer: Yes, the product is performing well. Sales Rep: Would you consider increasing the order? Customer: We are evaluating the next purchase.",Follow-up required
CALL000948,2019-10-01,90022083,A4620110607,USA,Rep-30,25,"Sales Rep: Are you satisfied with the product? Customer: Yes, the product is performing well. Sales Rep: Would you consider increasing the order? Customer: We are evaluating the next purchase.",Follow-up required
CALL000949,2021-08-01,70003182,A0219150202,Indonesia,Rep-18,5,"Sales Rep: Are you satisfied with the product? Customer: Yes, the product is performing well. Sales Rep: Would you consider increasing the order? Customer: We are evaluating the next purchase.",Follow-up required
CALL000950,2018-09-01,90023023,A6019110107,Canada,Rep-25,6,"Sales Rep: Are you satisfied with the product? Customer: Yes, the product is performing well. Sales Rep: Would you consider increasing the order? Customer: We are evaluating the next purchase.",Follow-up required
CALL000951,2019-08-01,90008165,A4720110701,Australia,Rep-23,12,"Sales Rep: Are you satisfied with the product? Customer: Yes, the product is performing well. Sales Rep: Would you consider increasing the order? Customer: We are evaluating the next purchase.",Follow-up required
CALL000952,2019-04-01,90015147,A0418150101,Norway,Rep-17,27,"Sales Rep: Are you satisfied with the product? Customer: Yes, the product is performing well. Sales Rep: Would you consider increasing the order? Customer: We are evaluating the next purchase.",Follow-up required
CALL000953,2020-09-01,90013119,A2821150802,Italy,Rep-21,4,"Sales Rep: Are you satisfied with the product? Customer: Yes, the product is performing well. Sales Rep: Would you consider increasing the order? Customer: We are evaluating the next purchase.",Follow-up required
CALL000954,2020-03-01,90021093,A3220150406,United Kingdom,Rep-20,6,"Sales Rep: Are you satisfied with the product? Customer: Yes, the product is performing well. Sales Rep: Would you consider increasing the order? Customer: We are evaluating the next purchase.",Follow-up required
CALL000955,2021-03-01,90004061,A3019150206,Japan,Rep-18,29,"Sales Rep: Are you satisfied with the product? Customer: Yes, the product is performing well. Sales Rep: Would you consider increasing the order? Customer: We are evaluating the next purchase.",Follow-up required
CALL000956,2021-07-01,90001021,A3019150204,China,Rep-08,8,"Sales Rep: Are you satisfied with the product? Customer: Yes, the product is performing well. Sales Rep: Would you consider increasing the order? Customer: We are evaluating the next purchase.",Follow-up required
CALL000957,2021-05-01,90012040,A2420150406,Germany,Rep-08,13,"Sales Rep: Are you satisfied with the product? Customer: Yes, the product is performing well. Sales Rep: Would you consider increasing the order? Customer: We are evaluating the next purchase.",Follow-up required
CALL000958,2018-09-01,90021089,A3920150301,United Kingdom,Rep-01,30,"Sales Rep: Are you satisfied with the product? Customer: Yes, the product is performing well. Sales Rep: Would you consider increasing the order? Customer: We are evaluating the next purchase.",Follow-up required
CALL000959,2020-01-01,90011185,A4319110304,France,Rep-01,28,"Sales Rep: Are you satisfied with the product? Customer: Yes, the product is performing well. Sales Rep: Would you consider increasing the order? Customer: We are evaluating the next purchase.",Follow-up required
CALL000960,2021-08-01,90006153,A3220150402,Philiphines,Rep-28,27,"Sales Rep: Are you satisfied with the product? Customer: Yes, the product is performing well. Sales Rep: Would you consider increasing the order? Customer: We are evaluating the next purchase.",Follow-up required
CALL000961,2019-06-01,90002001,A1421150503,India,Rep-15,24,"Sales Rep: Are you satisfied with the product? Customer: Yes, the product is performing well. Sales Rep: Would you consider increasing the order? Customer: We are evaluating the next purchase.",Follow-up required
CALL000962,2018-12-01,90012040,A4720110702,Germany,Rep-14,15,"Sales Rep: Are you satisfied with the product? Customer: Yes, the product is performing well. Sales Rep: Would you consider increasing the order? Customer: We are evaluating the next purchase.",Follow-up required
CALL000963,2018-09-01,90018112,A4118110102,Spain,Rep-20,22,"Sales Rep: Are you satisfied with the product? Customer: Yes, the product is performing well. Sales Rep: Would you consider increasing the order? Customer: We are evaluating the next purchase.",Follow-up required
CALL000964,2019-01-01,90002015,A3819150203,India,Rep-18,4,"Sales Rep: Are you satisfied with the product? Customer: Yes, the product is performing well. Sales Rep: Would you consider increasing the order? Customer: We are evaluating the next purchase.",Follow-up required
CALL000965,2018-12-01,90021095,A2520150505,United Kingdom,Rep-18,9,"Sales Rep: Are you satisfied with the product? Customer: Yes, the product is performing well. Sales Rep: Would you consider increasing the order? Customer: We are evaluating the next purchase.",Follow-up required
CALL000966,2020-09-01,90017050,A0721150403,Portugal,Rep-26,10,"Sales Rep: Are you satisfied with the product? Customer: Yes, the product is performing well. Sales Rep: Would you consider increasing the order? Customer: We are evaluating the next purchase.",Follow-up required
CALL000967,2021-01-01,90010044,A4218110205,Bangladesh,Rep-09,20,"Sales Rep: Are you satisfied with the product? Customer: Yes, the product is performing well. Sales Rep: Would you consider increasing the order? Customer: We are evaluating the next purchase.",Follow-up required
CALL000968,2019-05-01,90015150,A6119110203,Norway,Rep-18,30,"Sales Rep: Are you satisfied with the product? Customer: Yes, the product is performing well. Sales Rep: Would you consider increasing the order? Customer: We are evaluating the next purchase.",Follow-up required
CALL000969,2021-01-01,90002011,A0418150101,India,Rep-19,26,"Sales Rep: Are you satisfied with the product? Customer: Yes, the product is performing well. Sales Rep: Would you consider increasing the order? Customer: We are evaluating the next purchase.",Follow-up required
CALL000970,2020-02-01,90009130,A3920150303,Newzealand,Rep-23,30,"Sales Rep: Are you satisfied with the product? Customer: Yes, the product is performing well. Sales Rep: Would you consider increasing the order? Customer: We are evaluating the next purchase.",Follow-up required
CALL000971,2019-05-01,90020097,A2918150101,Austria,Rep-13,11,"Sales Rep: Are you satisfied with the product? Customer: Yes, the product is performing well. Sales Rep: Would you consider increasing the order? Customer: We are evaluating the next purchase.",Follow-up required
CALL000972,2020-06-01,90022083,A3220150405,USA,Rep-18,9,"Sales Rep: Are you satisfied with the product? Customer: Yes, the product is performing well. Sales Rep: Would you consider increasing the order? Customer: We are evaluating the next purchase.",Follow-up required
CALL000973,2019-07-01,70016178,A3421150606,Poland,Rep-08,15,"Sales Rep: Are you satisfied with the product? Customer: Yes, the product is performing well. Sales Rep: Would you consider increasing the order? Customer: We are evaluating the next purchase.",Follow-up required
CALL000974,2020-12-01,70008169,A2021150503,Australia,Rep-26,6,"Sales Rep: Are you satisfied with the product? Customer: Yes, the product is performing well. Sales Rep: Would you consider increasing the order? Customer: We are evaluating the next purchase.",Follow-up required
CALL000975,2019-05-01,90004066,A2721150706,Japan,Rep-12,21,"Sales Rep: Are you satisfied with the product? Customer: Yes, the product is performing well. Sales Rep: Would you consider increasing the order? Customer: We are evaluating the next purchase.",Follow-up required
CALL000976,2019-10-01,90002007,A2918150102,India,Rep-16,25,"Sales Rep: Are you satisfied with the product? Customer: Yes, the product is performing well. Sales Rep: Would you consider increasing the order? Customer: We are evaluating the next purchase.",Follow-up required
CALL000977,2020-03-01,80007196,A3220150405,South Korea,Rep-01,28,"Sales Rep: Are you satisfied with the product? Customer: Yes, the product is performing well. Sales Rep: Would you consider increasing the order? Customer: We are evaluating the next purchase.",Follow-up required
CALL000978,2019-02-01,70010048,A0921150601,Bangladesh,Rep-27,13,"Sales Rep: Are you satisfied with the product? Customer: Yes, the product is performing well. Sales Rep: Would you consider increasing the order? Customer: We are evaluating the next purchase.",Follow-up required
CALL000979,2020-07-01,70017060,A6520160402,Portugal,Rep-30,6,"Sales Rep: Are you satisfied with the product? Customer: Yes, the product is performing well. Sales Rep: Would you consider increasing the order? Customer: We are evaluating the next purchase.",Follow-up required
CALL000980,2020-05-01,70015151,A3421150604,Norway,Rep-11,27,"Sales Rep: Are you satisfied with the product? Customer: Yes, the product is performing well. Sales Rep: Would you consider increasing the order? Customer: We are evaluating the next purchase.",Follow-up required
CALL000981,2021-02-01,90021086,A4419110408,United Kingdom,Rep-14,20,"Sales Rep: Are you satisfied with the product? Customer: Yes, the product is performing well. Sales Rep: Would you consider increasing the order? Customer: We are evaluating the next purchase.",Follow-up required
CALL000982,2019-01-01,90007197,A3521150706,South Korea,Rep-30,21,"Sales Rep: Are you satisfied with the product? Customer: Yes, the product is performing well. Sales Rep: Would you consider increasing the order? Customer: We are evaluating the next purchase.",Follow-up required
CALL000983,2019-01-01,90019200,A1421150503,Sweden,Rep-07,21,"Sales Rep: Are you satisfied with the product? Customer: Yes, the product is performing well. Sales Rep: Would you consider increasing the order? Customer: We are evaluating the next purchase.",Follow-up required
CALL000984,2019-12-01,90012040,A1718150204,Germany,Rep-18,7,"Sales Rep: Are you satisfied with the product? Customer: Yes, the product is performing well. Sales Rep: Would you consider increasing the order? Customer: We are evaluating the next purchase.",Follow-up required
CALL000985,2020-03-01,90009129,A1119150203,Newzealand,Rep-06,19,"Sales Rep: Are you satisfied with the product? Customer: Yes, the product is performing well. Sales Rep: Would you consider increasing the order? Customer: We are evaluating the next purchase.",Follow-up required
CALL000986,2018-11-01,70009133,A3421150606,Newzealand,Rep-01,9,"Sales Rep: Are you satisfied with the product? Customer: Yes, the product is performing well. Sales Rep: Would you consider increasing the order? Customer: We are evaluating the next purchase.",Follow-up required
CALL000987,2018-12-01,70012043,A4520110508,Germany,Rep-14,21,"Sales Rep: Are you satisfied with the product? Customer: Yes, the product is performing well. Sales Rep: Would you consider increasing the order? Customer: We are evaluating the next purchase.",Follow-up required
CALL000988,2019-11-01,90012033,A6219160103,Germany,Rep-29,29,"Sales Rep: Are you satisfied with the product? Customer: Yes, the product is performing well. Sales Rep: Would you consider increasing the order? Customer: We are evaluating the next purchase.",Follow-up required
CALL000989,2020-01-01,90023024,A6419160302,Canada,Rep-09,28,"Sales Rep: Are you satisfied with the product? Customer: Yes, the product is performing well. Sales Rep: Would you consider increasing the order? Customer: We are evaluating the next purchase.",Follow-up required
CALL000990,2020-08-01,90022081,A3818150201,USA,Rep-20,6,"Sales Rep: Are you satisfied with the product? Customer: Yes, the product is performing well. Sales Rep: Would you consider increasing the order? Customer: We are evaluating the next purchase.",Follow-up required
CALL000991,2021-06-01,90021094,A2020150501,United Kingdom,Rep-12,4,"Sales Rep: Are you satisfied with the product? Customer: Yes, the product is performing well. Sales Rep: Would you consider increasing the order? Customer: We are evaluating the next purchase.",Follow-up required
CALL000992,2021-01-01,90001020,A3220150405,China,Rep-13,21,"Sales Rep: Are you satisfied with the product? Customer: Yes, the product is performing well. Sales Rep: Would you consider increasing the order? Customer: We are evaluating the next purchase.",Follow-up required
CALL000993,2020-09-01,80007195,A3920150301,South Korea,Rep-23,27,"Sales Rep: Are you satisfied with the product? Customer: Yes, the product is performing well. Sales Rep: Would you consider increasing the order? Customer: We are evaluating the next purchase.",Follow-up required
CALL000994,2021-08-01,90004063,A2420150406,Japan,Rep-09,19,"Sales Rep: Are you satisfied with the product? Customer: Yes, the product is performing well. Sales Rep: Would you consider increasing the order? Customer: We are evaluating the next purchase.",Follow-up required
CALL000995,2019-05-01,70003182,A5721110504,Indonesia,Rep-17,19,"Sales Rep: Are you satisfied with the product? Customer: Yes, the product is performing well. Sales Rep: Would you consider increasing the order? Customer: We are evaluating the next purchase.",Follow-up required
CALL000996,2019-09-01,70009133,A1919150403,Newzealand,Rep-09,17,"Sales Rep: Are you satisfied with the product? Customer: Yes, the product is performing well. Sales Rep: Would you consider increasing the order? Customer: We are evaluating the next purchase.",Follow-up required
CALL000997,2020-11-01,90013117,A4118110101,Italy,Rep-12,18,"Sales Rep: Are you satisfied with the product? Customer: Yes, the product is performing well. Sales Rep: Would you consider increasing the order? Customer: We are evaluating the next purchase.",Follow-up required
CALL000998,2019-10-01,90023027,A5318110105,Canada,Rep-29,28,"Sales Rep: Are you satisfied with the product? Customer: Yes, the product is performing well. Sales Rep: Would you consider increasing the order? Customer: We are evaluating the next purchase.",Follow-up required
CALL000999,2021-05-01,90001021,A4419110401,China,Rep-01,15,"Sales Rep: Are you satisfied with the product? Customer: Yes, the product is performing well. Sales Rep: Would you consider increasing the order? Customer: We are evaluating the next purchase.",Follow-up required
CALL001000,2021-03-01,90016171,A4419110401,Poland,Rep-25,7,"Sales Rep: Are you satisfied with the product? Customer: Yes, the product is performing well. Sales Rep: Would you consider increasing the order? Customer: We are evaluating the next purchase.",Follow-up required
CALL001001,2020-09-01,90001021,A5520110307,China,Rep-30,24,"Sales Rep: Are you satisfied with the product? Customer: Yes, the product is performing well. Sales Rep: Would you consider increasing the order? Customer: We are evaluating the next purchase.",Follow-up required
CALL001002,2021-04-01,90006153,A5419110208,Philiphines,Rep-21,18,"Sales Rep: Are you satisfied with the product? Customer: Yes, the product is performing well. Sales Rep: Would you consider increasing the order? Customer: We are evaluating the next purchase.",Follow-up required
CALL001003,2018-11-01,90017059,A4218110202,Portugal,Rep-16,15,"Sales Rep: Are you satisfied with the product? Customer: Yes, the product is performing well. Sales Rep: Would you consider increasing the order? Customer: We are evaluating the next purchase.",Follow-up required
CALL001004,2021-03-01,90018112,A5519110301,Spain,Rep-20,10,"Sales Rep: Are you satisfied with the product? Customer: Yes, the product is performing well. Sales Rep: Would you consider increasing the order? Customer: We are evaluating the next purchase.",Follow-up required
CALL001005,2019-05-01,70005163,A0620150305,Pakistan,Rep-21,4,"Sales Rep: Are you satisfied with the product? Customer: Yes, the product is performing well. Sales Rep: Would you consider increasing the order? Customer: We are evaluating the next purchase.",Follow-up required
CALL001006,2020-11-01,90015145,A1219150302,Norway,Rep-23,23,"Sales Rep: Are you satisfied with the product? Customer: Yes, the product is performing well. Sales Rep: Would you consider increasing the order? Customer: We are evaluating the next purchase.",Follow-up required
CALL001007,2020-07-01,90017054,A3220150404,Portugal,Rep-22,16,"Sales Rep: Are you satisfied with the product? Customer: Yes, the product is performing well. Sales Rep: Would you consider increasing the order? Customer: We are evaluating the next purchase.",Follow-up required
CALL001008,2020-01-01,90017056,A5520110305,Portugal,Rep-06,19,"Sales Rep: Are you satisfied with the product? Customer: Yes, the product is performing well. Sales Rep: Would you consider increasing the order? Customer: We are evaluating the next purchase.",Follow-up required
CALL001009,2020-05-01,90002005,A0321150302,India,Rep-30,14,"Sales Rep: Are you satisfied with the product? Customer: Yes, the product is performing well. Sales Rep: Would you consider increasing the order? Customer: We are evaluating the next purchase.",Follow-up required
CALL001010,2018-11-01,90002002,A4821110804,India,Rep-09,23,"Sales Rep: Are you satisfied with the product? Customer: Yes, the product is performing well. Sales Rep: Would you consider increasing the order? Customer: We are evaluating the next purchase.",Follow-up required
CALL001011,2019-09-01,70014142,A3320150505,Netherlands,Rep-26,22,"Sales Rep: Are you satisfied with the product? Customer: Yes, the product is performing well. Sales Rep: Would you consider increasing the order? Customer: We are evaluating the next purchase.",Follow-up required
CALL001012,2018-12-01,90002001,A4821110806,India,Rep-15,22,"Sales Rep: Are you satisfied with the product? Customer: Yes, the product is performing well. Sales Rep: Would you consider increasing the order? Customer: We are evaluating the next purchase.",Follow-up required
CALL001013,2019-06-01,90001021,A4118110105,China,Rep-09,5,"Sales Rep: Are you satisfied with the product? Customer: Yes, the product is performing well. Sales Rep: Would you consider increasing the order? Customer: We are evaluating the next purchase.",Follow-up required
CALL001014,2019-08-01,90012035,A2520150504,Germany,Rep-13,29,"Sales Rep: Are you satisfied with the product? Customer: Yes, the product is performing well. Sales Rep: Would you consider increasing the order? Customer: We are evaluating the next purchase.",Follow-up required
CALL001015,2020-02-01,90020098,A5419110207,Austria,Rep-03,15,"Sales Rep: Are you satisfied with the product? Customer: Yes, the product is performing well. Sales Rep: Would you consider increasing the order? Customer: We are evaluating the next purchase.",Follow-up required
CALL001016,2021-02-01,90008165,A3220150401,Australia,Rep-28,11,"Sales Rep: Are you satisfied with the product? Customer: Yes, the product is performing well. Sales Rep: Would you consider increasing the order? Customer: We are evaluating the next purchase.",Follow-up required
CALL001017,2019-07-01,80007195,A4419110404,South Korea,Rep-21,8,"Sales Rep: Are you satisfied with the product? Customer: Yes, the product is performing well. Sales Rep: Would you consider increasing the order? Customer: We are evaluating the next purchase.",Follow-up required
CALL001018,2019-05-01,90014136,A5621110405,Netherlands,Rep-18,15,"Sales Rep: Are you satisfied with the product? Customer: Yes, the product is performing well. Sales Rep: Would you consider increasing the order? Customer: We are evaluating the next purchase.",Follow-up required
CALL001019,2020-02-01,90023023,A0621150308,Canada,Rep-24,7,"Sales Rep: Are you satisfied with the product? Customer: Yes, the product is performing well. Sales Rep: Would you consider increasing the order? Customer: We are evaluating the next purchase.",Follow-up required
CALL001020,2018-09-01,90002013,A4118110107,India,Rep-20,12,"Sales Rep: Are you satisfied with the product? Customer: Yes, the product is performing well. Sales Rep: Would you consider increasing the order? Customer: We are evaluating the next purchase.",Follow-up required
CALL001021,2019-11-01,90018110,A1420150502,Spain,Rep-22,7,"Sales Rep: Are you satisfied with the product? Customer: Yes, the product is performing well. Sales Rep: Would you consider increasing the order? Customer: We are evaluating the next purchase.",Follow-up required
CALL001022,2018-10-01,90002012,A0619150302,India,Rep-28,15,"Sales Rep: Are you satisfied with the product? Customer: Yes, the product is performing well. Sales Rep: Would you consider increasing the order? Customer: We are evaluating the next purchase.",Follow-up required
CALL001023,2019-03-01,70014143,A2821150801,Netherlands,Rep-04,15,"Sales Rep: Are you satisfied with the product? Customer: Yes, the product is performing well. Sales Rep: Would you consider increasing the order? Customer: We are evaluating the next purchase.",Follow-up required
CALL001024,2018-10-01,90020098,A4319110306,Austria,Rep-03,24,"Sales Rep: Are you satisfied with the product? Customer: Yes, the product is performing well. Sales Rep: Would you consider increasing the order? Customer: We are evaluating the next purchase.",Follow-up required
CALL001025,2019-02-01,70003181,A4218110204,Indonesia,Rep-01,19,"Sales Rep: Are you satisfied with the product? Customer: Yes, the product is performing well. Sales Rep: Would you consider increasing the order? Customer: We are evaluating the next purchase.",Follow-up required
CALL001026,2019-10-01,90011192,A6018110101,France,Rep-25,17,"Sales Rep: Are you satisfied with the product? Customer: Yes, the product is performing well. Sales Rep: Would you consider increasing the order? Customer: We are evaluating the next purchase.",Follow-up required
CALL001027,2021-03-01,70007198,A3019150205,South Korea,Rep-22,25,"Sales Rep: Are you satisfied with the product? Customer: Yes, the product is performing well. Sales Rep: Would you consider increasing the order? Customer: We are evaluating the next purchase.",Follow-up required
CALL001028,2019-07-01,90020101,A0220150203,Austria,Rep-04,26,"Sales Rep: Are you satisfied with the product? Customer: Yes, the product is performing well. Sales Rep: Would you consider increasing the order? Customer: We are evaluating the next purchase.",Follow-up required
CALL001029,2020-08-01,90005160,A2021150504,Pakistan,Rep-01,14,"Sales Rep: Are you satisfied with the product? Customer: Yes, the product is performing well. Sales Rep: Would you consider increasing the order? Customer: We are evaluating the next purchase.",Follow-up required
CALL001030,2020-07-01,90012038,A5620110401,Germany,Rep-11,23,"Sales Rep: Are you satisfied with the product? Customer: Yes, the product is performing well. Sales Rep: Would you consider increasing the order? Customer: We are evaluating the next purchase.",Follow-up required
CALL001031,2021-08-01,90004062,A0921150604,Japan,Rep-01,11,"Sales Rep: Are you satisfied with the product? Customer: Yes, the product is performing well. Sales Rep: Would you consider increasing the order? Customer: We are evaluating the next purchase.",Follow-up required
CALL001032,2019-07-01,70016178,A5318110101,Poland,Rep-26,23,"Sales Rep: Are you satisfied with the product? Customer: Yes, the product is performing well. Sales Rep: Would you consider increasing the order? Customer: We are evaluating the next purchase.",Follow-up required
CALL001033,2021-03-01,90019202,A1421150503,Sweden,Rep-28,6,"Sales Rep: Are you satisfied with the product? Customer: Yes, the product is performing well. Sales Rep: Would you consider increasing the order? Customer: We are evaluating the next purchase.",Follow-up required
CALL001034,2020-04-01,90023024,A6120110205,Canada,Rep-14,8,"Sales Rep: Are you satisfied with the product? Customer: Yes, the product is performing well. Sales Rep: Would you consider increasing the order? Customer: We are evaluating the next purchase.",Follow-up required
CALL001035,2019-05-01,90012040,A4721110704,Germany,Rep-22,29,"Sales Rep: Are you satisfied with the product? Customer: Yes, the product is performing well. Sales Rep: Would you consider increasing the order? Customer: We are evaluating the next purchase.",Follow-up required
CALL001036,2021-07-01,90017059,A7220160202,Portugal,Rep-13,21,"Sales Rep: Are you satisfied with the product? Customer: Yes, the product is performing well. Sales Rep: Would you consider increasing the order? Customer: We are evaluating the next purchase.",Follow-up required
CALL001037,2019-08-01,90011191,A5318110104,France,Rep-04,30,"Sales Rep: Are you satisfied with the product? Customer: Yes, the product is performing well. Sales Rep: Would you consider increasing the order? Customer: We are evaluating the next purchase.",Follow-up required
CALL001038,2020-04-01,90017051,A7321160301,Portugal,Rep-28,25,"Sales Rep: Are you satisfied with the product? Customer: Yes, the product is performing well. Sales Rep: Would you consider increasing the order? Customer: We are evaluating the next purchase.",Follow-up required
CALL001039,2020-12-01,90015147,A6520160402,Norway,Rep-29,13,"Sales Rep: Are you satisfied with the product? Customer: Yes, the product is performing well. Sales Rep: Would you consider increasing the order? Customer: We are evaluating the next purchase.",Follow-up required
CALL001040,2019-11-01,90001021,A1118150201,China,Rep-25,30,"Sales Rep: Are you satisfied with the product? Customer: Yes, the product is performing well. Sales Rep: Would you consider increasing the order? Customer: We are evaluating the next purchase.",Follow-up required
CALL001041,2019-07-01,80006154,A4821110802,Philiphines,Rep-05,18,"Sales Rep: Are you satisfied with the product? Customer: Yes, the product is performing well. Sales Rep: Would you consider increasing the order? Customer: We are evaluating the next purchase.",Follow-up required
CALL001042,2020-10-01,90017054,A4821110807,Portugal,Rep-30,7,"Sales Rep: Are you satisfied with the product? Customer: Yes, the product is performing well. Sales Rep: Would you consider increasing the order? Customer: We are evaluating the next purchase.",Follow-up required
CALL001043,2018-10-01,70016178,A7321160302,Poland,Rep-09,25,"Sales Rep: Are you satisfied with the product? Customer: Yes, the product is performing well. Sales Rep: Would you consider increasing the order? Customer: We are evaluating the next purchase.",Follow-up required
CALL001044,2021-01-01,70003182,A4218110204,Indonesia,Rep-02,6,"Sales Rep: Are you satisfied with the product? Customer: Yes, the product is performing well. Sales Rep: Would you consider increasing the order? Customer: We are evaluating the next purchase.",Follow-up required
CALL001045,2021-07-01,90011187,A0821150504,France,Rep-21,13,"Sales Rep: Are you satisfied with the product? Customer: Yes, the product is performing well. Sales Rep: Would you consider increasing the order? Customer: We are evaluating the next purchase.",Follow-up required
CALL001046,2018-11-01,70003181,A3421150604,Indonesia,Rep-26,28,"Sales Rep: Are you satisfied with the product? Customer: Yes, the product is performing well. Sales Rep: Would you consider increasing the order? Customer: We are evaluating the next purchase.",Follow-up required
CALL001047,2020-07-01,90021090,A4118110106,United Kingdom,Rep-04,8,"Sales Rep: Are you satisfied with the product? Customer: Yes, the product is performing well. Sales Rep: Would you consider increasing the order? Customer: We are evaluating the next purchase.",Follow-up required
CALL001048,2020-01-01,90017054,A6520160403,Portugal,Rep-28,17,"Sales Rep: Are you satisfied with the product? Customer: Yes, the product is performing well. Sales Rep: Would you consider increasing the order? Customer: We are evaluating the next purchase.",Follow-up required
CALL001049,2018-10-01,70002018,A6019110108,India,Rep-16,11,"Sales Rep: Are you satisfied with the product? Customer: Yes, the product is performing well. Sales Rep: Would you consider increasing the order? Customer: We are evaluating the next purchase.",Follow-up required
CALL001050,2020-01-01,90018113,A1718150203,Spain,Rep-18,30,"Sales Rep: Are you satisfied with the product? Customer: Yes, the product is performing well. Sales Rep: Would you consider increasing the order? Customer: We are evaluating the next purchase.",Follow-up required
CALL001051,2021-06-01,90006156,A5520110305,Philiphines,Rep-07,10,"Sales Rep: Are you satisfied with the product? Customer: Yes, the product is performing well. Sales Rep: Would you consider increasing the order? Customer: We are evaluating the next purchase.",Follow-up required
CALL001052,2020-02-01,70005163,A1919150401,Pakistan,Rep-16,22,"Sales Rep: Are you satisfied with the product? Customer: Yes, the product is performing well. Sales Rep: Would you consider increasing the order? Customer: We are evaluating the next purchase.",Follow-up required
CALL001053,2020-05-01,90001020,A3320150502,China,Rep-20,15,"Sales Rep: Are you satisfied with the product? Customer: Yes, the product is performing well. Sales Rep: Would you consider increasing the order? Customer: We are evaluating the next purchase.",Follow-up required
CALL001054,2019-04-01,90008167,A3920150303,Australia,Rep-22,5,"Sales Rep: Are you satisfied with the product? Customer: Yes, the product is performing well. Sales Rep: Would you consider increasing the order? Customer: We are evaluating the next purchase.",Follow-up required
CALL001055,2020-10-01,90013117,A3920150303,Italy,Rep-18,25,"Sales Rep: Are you satisfied with the product? Customer: Yes, the product is performing well. Sales Rep: Would you consider increasing the order? Customer: We are evaluating the next purchase.",Follow-up required
CALL001056,2019-03-01,90009132,A5519110304,Newzealand,Rep-04,14,"Sales Rep: Are you satisfied with the product? Customer: Yes, the product is performing well. Sales Rep: Would you consider increasing the order? Customer: We are evaluating the next purchase.",Follow-up required
CALL001057,2018-12-01,90022071,A2520150506,USA,Rep-25,17,"Sales Rep: Are you satisfied with the product? Customer: Yes, the product is performing well. Sales Rep: Would you consider increasing the order? Customer: We are evaluating the next purchase.",Follow-up required
CALL001058,2020-08-01,70015152,A0921150601,Norway,Rep-12,30,"Sales Rep: Are you satisfied with the product? Customer: Yes, the product is performing well. Sales Rep: Would you consider increasing the order? Customer: We are evaluating the next purchase.",Follow-up required
CALL001059,2021-06-01,90002013,A4620110605,India,Rep-26,22,"Sales Rep: Are you satisfied with the product? Customer: Yes, the product is performing well. Sales Rep: Would you consider increasing the order? Customer: We are evaluating the next purchase.",Follow-up required
CALL001060,2020-06-01,90006156,A6419160301,Philiphines,Rep-23,8,"Sales Rep: Are you satisfied with the product? Customer: Yes, the product is performing well. Sales Rep: Would you consider increasing the order? Customer: We are evaluating the next purchase.",Follow-up required
CALL001061,2019-05-01,90008167,A3621150801,Australia,Rep-16,10,"Sales Rep: Are you satisfied with the product? Customer: Yes, the product is performing well. Sales Rep: Would you consider increasing the order? Customer: We are evaluating the next purchase.",Follow-up required
CALL001062,2018-10-01,90020097,A4821110806,Austria,Rep-23,9,"Sales Rep: Are you satisfied with the product? Customer: Yes, the product is performing well. Sales Rep: Would you consider increasing the order? Customer: We are evaluating the next purchase.",Follow-up required
CALL001063,2020-03-01,90002010,A3019150205,India,Rep-24,15,"Sales Rep: Are you satisfied with the product? Customer: Yes, the product is performing well. Sales Rep: Would you consider increasing the order? Customer: We are evaluating the next purchase.",Follow-up required
CALL001064,2020-11-01,90004063,A4620110607,Japan,Rep-29,30,"Sales Rep: Are you satisfied with the product? Customer: Yes, the product is performing well. Sales Rep: Would you consider increasing the order? Customer: We are evaluating the next purchase.",Follow-up required
CALL001065,2019-07-01,90013121,A0519150203,Italy,Rep-14,20,"Sales Rep: Are you satisfied with the product? Customer: Yes, the product is performing well. Sales Rep: Would you consider increasing the order? Customer: We are evaluating the next purchase.",Follow-up required
CALL001066,2019-12-01,90022079,A7220160202,USA,Rep-12,8,"Sales Rep: Are you satisfied with the product? Customer: Yes, the product is performing well. Sales Rep: Would you consider increasing the order? Customer: We are evaluating the next purchase.",Follow-up required
CALL001067,2021-03-01,80007195,A4319110305,South Korea,Rep-13,15,"Sales Rep: Are you satisfied with the product? Customer: Yes, the product is performing well. Sales Rep: Would you consider increasing the order? Customer: We are evaluating the next purchase.",Follow-up required
CALL001068,2021-03-01,90012041,A4519110502,Germany,Rep-02,30,"Sales Rep: Are you satisfied with the product? Customer: Yes, the product is performing well. Sales Rep: Would you consider increasing the order? Customer: We are evaluating the next purchase.",Follow-up required
CALL001069,2021-05-01,90020099,A5520110308,Austria,Rep-13,12,"Sales Rep: Are you satisfied with the product? Customer: Yes, the product is performing well. Sales Rep: Would you consider increasing the order? Customer: We are evaluating the next purchase.",Follow-up required
CALL001070,2019-09-01,90004068,A4821110806,Japan,Rep-05,26,"Sales Rep: Are you satisfied with the product? Customer: Yes, the product is performing well. Sales Rep: Would you consider increasing the order? Customer: We are evaluating the next purchase.",Follow-up required
CALL001071,2019-03-01,90023026,A4821110805,Canada,Rep-14,14,"Sales Rep: Are you satisfied with the product? Customer: Yes, the product is performing well. Sales Rep: Would you consider increasing the order? Customer: We are evaluating the next purchase.",Follow-up required
CALL001072,2019-10-01,90017053,A1718150203,Portugal,Rep-10,26,"Sales Rep: Are you satisfied with the product? Customer: Yes, the product is performing well. Sales Rep: Would you consider increasing the order? Customer: We are evaluating the next purchase.",Follow-up required
CALL001073,2020-05-01,90016171,A6918160303,Poland,Rep-01,25,"Sales Rep: Are you satisfied with the product? Customer: Yes, the product is performing well. Sales Rep: Would you consider increasing the order? Customer: We are evaluating the next purchase.",Follow-up required
CALL001074,2019-04-01,70006157,A1618150101,Philiphines,Rep-12,7,"Sales Rep: Are you satisfied with the product? Customer: Yes, the product is performing well. Sales Rep: Would you consider increasing the order? Customer: We are evaluating the next purchase.",Follow-up required
CALL001075,2019-11-01,90017057,A0821150503,Portugal,Rep-05,7,"Sales Rep: Are you satisfied with the product? Customer: Yes, the product is performing well. Sales Rep: Would you consider increasing the order? Customer: We are evaluating the next purchase.",Follow-up required
CALL001076,2018-11-01,90008164,A2118150102,Australia,Rep-04,5,"Sales Rep: Are you satisfied with the product? Customer: Yes, the product is performing well. Sales Rep: Would you consider increasing the order? Customer: We are evaluating the next purchase.",Follow-up required
CALL001077,2020-11-01,90011189,A7220160203,France,Rep-17,8,"Sales Rep: Are you satisfied with the product? Customer: Yes, the product is performing well. Sales Rep: Would you consider increasing the order? Customer: We are evaluating the next purchase.",Follow-up required
CALL001078,2019-07-01,90023028,A6718160102,Canada,Rep-26,11,"Sales Rep: Are you satisfied with the product? Customer: Yes, the product is performing well. Sales Rep: Would you consider increasing the order? Customer: We are evaluating the next purchase.",Follow-up required
CALL001079,2019-02-01,90004067,A0821150501,Japan,Rep-26,22,"Sales Rep: Are you satisfied with the product? Customer: Yes, the product is performing well. Sales Rep: Would you consider increasing the order? Customer: We are evaluating the next purchase.",Follow-up required
CALL001080,2021-04-01,90011188,A0619150301,France,Rep-07,21,"Sales Rep: Are you satisfied with the product? Customer: Yes, the product is performing well. Sales Rep: Would you consider increasing the order? Customer: We are evaluating the next purchase.",Follow-up required
CALL001081,2020-04-01,90019203,A4319110305,Sweden,Rep-04,7,"Sales Rep: Are you satisfied with the product? Customer: Yes, the product is performing well. Sales Rep: Would you consider increasing the order? Customer: We are evaluating the next purchase.",Follow-up required
CALL001082,2019-08-01,80007196,A2419150401,South Korea,Rep-24,14,"Sales Rep: Are you satisfied with the product? Customer: Yes, the product is performing well. Sales Rep: Would you consider increasing the order? Customer: We are evaluating the next purchase.",Follow-up required
CALL001083,2020-01-01,70003182,A4821110806,Indonesia,Rep-24,29,"Sales Rep: Are you satisfied with the product? Customer: Yes, the product is performing well. Sales Rep: Would you consider increasing the order? Customer: We are evaluating the next purchase.",Follow-up required
CALL001084,2021-02-01,90023025,A7321160301,Canada,Rep-16,21,"Sales Rep: Are you satisfied with the product? Customer: Yes, the product is performing well. Sales Rep: Would you consider increasing the order? Customer: We are evaluating the next purchase.",Follow-up required
CALL001085,2021-05-01,90017050,A5621110407,Portugal,Rep-24,10,"Sales Rep: Are you satisfied with the product? Customer: Yes, the product is performing well. Sales Rep: Would you consider increasing the order? Customer: We are evaluating the next purchase.",Follow-up required
CALL001086,2020-01-01,70005163,A2118150106,Pakistan,Rep-15,6,"Sales Rep: Are you satisfied with the product? Customer: Yes, the product is performing well. Sales Rep: Would you consider increasing the order? Customer: We are evaluating the next purchase.",Follow-up required
CALL001087,2021-03-01,90021094,A5519110303,United Kingdom,Rep-22,24,"Sales Rep: Are you satisfied with the product? Customer: Yes, the product is performing well. Sales Rep: Would you consider increasing the order? Customer: We are evaluating the next purchase.",Follow-up required
CALL001088,2020-05-01,70013126,A1018150101,Italy,Rep-10,12,"Sales Rep: Are you satisfied with the product? Customer: Yes, the product is performing well. Sales Rep: Would you consider increasing the order? Customer: We are evaluating the next purchase.",Follow-up required
CALL001089,2019-09-01,90016175,A4118110104,Poland,Rep-28,17,"Sales Rep: Are you satisfied with the product? Customer: Yes, the product is performing well. Sales Rep: Would you consider increasing the order? Customer: We are evaluating the next purchase.",Follow-up required
CALL001090,2019-11-01,90008164,A4021150403,Australia,Rep-10,22,"Sales Rep: Are you satisfied with the product? Customer: Yes, the product is performing well. Sales Rep: Would you consider increasing the order? Customer: We are evaluating the next purchase.",Follow-up required
CALL001091,2019-09-01,70017060,A4118110105,Portugal,Rep-13,15,"Sales Rep: Are you satisfied with the product? Customer: Yes, the product is performing well. Sales Rep: Would you consider increasing the order? Customer: We are evaluating the next purchase.",Follow-up required
CALL001092,2019-10-01,90020102,A6819160203,Austria,Rep-12,29,"Sales Rep: Are you satisfied with the product? Customer: Yes, the product is performing well. Sales Rep: Would you consider increasing the order? Customer: We are evaluating the next purchase.",Follow-up required
CALL001093,2021-08-01,90020097,A3119150301,Austria,Rep-04,24,"Sales Rep: Are you satisfied with the product? Customer: Yes, the product is performing well. Sales Rep: Would you consider increasing the order? Customer: We are evaluating the next purchase.",Follow-up required
CALL001094,2019-09-01,90001020,A6120110205,China,Rep-01,18,"Sales Rep: Are you satisfied with the product? Customer: Yes, the product is performing well. Sales Rep: Would you consider increasing the order? Customer: We are evaluating the next purchase.",Follow-up required
CALL001095,2021-05-01,90014140,A0118150101,Netherlands,Rep-17,23,"Sales Rep: Are you satisfied with the product? Customer: Yes, the product is performing well. Sales Rep: Would you consider increasing the order? Customer: We are evaluating the next purchase.",Follow-up required
CALL001096,2019-03-01,90016175,A2319150302,Poland,Rep-09,20,"Sales Rep: Are you satisfied with the product? Customer: Yes, the product is performing well. Sales Rep: Would you consider increasing the order? Customer: We are evaluating the next purchase.",Follow-up required
CALL001097,2019-07-01,90022077,A2918150105,USA,Rep-07,22,"Sales Rep: Are you satisfied with the product? Customer: Yes, the product is performing well. Sales Rep: Would you consider increasing the order? Customer: We are evaluating the next purchase.",Follow-up required
CALL001098,2020-01-01,90023025,A2520150506,Canada,Rep-14,10,"Sales Rep: Are you satisfied with the product? Customer: Yes, the product is performing well. Sales Rep: Would you consider increasing the order? Customer: We are evaluating the next purchase.",Follow-up required
CALL001099,2019-07-01,90005161,A2419150401,Pakistan,Rep-11,25,"Sales Rep: Are you satisfied with the product? Customer: Yes, the product is performing well. Sales Rep: Would you consider increasing the order? Customer: We are evaluating the next purchase.",Follow-up required
CALL001100,2019-10-01,90006156,A4021150405,Philiphines,Rep-25,30,"Sales Rep: Are you satisfied with the product? Customer: Yes, the product is performing well. Sales Rep: Would you consider increasing the order? Customer: We are evaluating the next purchase.",Follow-up required
CALL001101,2019-06-01,70019204,A6119110203,Sweden,Rep-01,30,"Sales Rep: Are you satisfied with the product? Customer: Yes, the product is performing well. Sales Rep: Would you consider increasing the order? Customer: We are evaluating the next purchase.",Follow-up required
CALL001102,2021-05-01,90005161,A1119150203,Pakistan,Rep-10,27,"Sales Rep: Are you satisfied with the product? Customer: Yes, the product is performing well. Sales Rep: Would you consider increasing the order? Customer: We are evaluating the next purchase.",Follow-up required
CALL001103,2020-07-01,90018106,A5519110301,Spain,Rep-10,10,"Sales Rep: Are you satisfied with the product? Customer: Yes, the product is performing well. Sales Rep: Would you consider increasing the order? Customer: We are evaluating the next purchase.",Follow-up required
CALL001104,2018-11-01,90004066,A0321150302,Japan,Rep-08,8,"Sales Rep: Are you satisfied with the product? Customer: Yes, the product is performing well. Sales Rep: Would you consider increasing the order? Customer: We are evaluating the next purchase.",Follow-up required
CALL001105,2020-02-01,90018114,A0118150101,Spain,Rep-10,26,"Sales Rep: Are you satisfied with the product? Customer: Yes, the product is performing well. Sales Rep: Would you consider increasing the order? Customer: We are evaluating the next purchase.",Follow-up required
CALL001106,2019-03-01,90018110,A1718150204,Spain,Rep-08,6,"Sales Rep: Are you satisfied with the product? Customer: Yes, the product is performing well. Sales Rep: Would you consider increasing the order? Customer: We are evaluating the next purchase.",Follow-up required
CALL001107,2020-06-01,70007199,A3019150206,South Korea,Rep-10,29,"Sales Rep: Are you satisfied with the product? Customer: Yes, the product is performing well. Sales Rep: Would you consider increasing the order? Customer: We are evaluating the next purchase.",Follow-up required
CALL001108,2021-01-01,90011186,A6218160101,France,Rep-23,11,"Sales Rep: Are you satisfied with the product? Customer: Yes, the product is performing well. Sales Rep: Would you consider increasing the order? Customer: We are evaluating the next purchase.",Follow-up required
CALL001109,2019-06-01,90018106,A0219150201,Spain,Rep-01,17,"Sales Rep: Are you satisfied with the product? Customer: Yes, the product is performing well. Sales Rep: Would you consider increasing the order? Customer: We are evaluating the next purchase.",Follow-up required
CALL001110,2021-05-01,90002011,A4821110804,India,Rep-11,19,"Sales Rep: Are you satisfied with the product? Customer: Yes, the product is performing well. Sales Rep: Would you consider increasing the order? Customer: We are evaluating the next purchase.",Follow-up required
CALL001111,2019-06-01,70010048,A3220150404,Bangladesh,Rep-08,30,"Sales Rep: Are you satisfied with the product? Customer: Yes, the product is performing well. Sales Rep: Would you consider increasing the order? Customer: We are evaluating the next purchase.",Follow-up required
CALL001112,2019-01-01,90001021,A1018150102,China,Rep-30,18,"Sales Rep: Are you satisfied with the product? Customer: Yes, the product is performing well. Sales Rep: Would you consider increasing the order? Customer: We are evaluating the next purchase.",Follow-up required
CALL001113,2019-09-01,70007198,A2721150706,South Korea,Rep-12,20,"Sales Rep: Are you satisfied with the product? Customer: Yes, the product is performing well. Sales Rep: Would you consider increasing the order? Customer: We are evaluating the next purchase.",Follow-up required
CALL001114,2020-02-01,90010044,A6018110105,Bangladesh,Rep-23,11,"Sales Rep: Are you satisfied with the product? Customer: Yes, the product is performing well. Sales Rep: Would you consider increasing the order? Customer: We are evaluating the next purchase.",Follow-up required
CALL001115,2021-06-01,70010048,A6120110205,Bangladesh,Rep-24,9,"Sales Rep: Are you satisfied with the product? Customer: Yes, the product is performing well. Sales Rep: Would you consider increasing the order? Customer: We are evaluating the next purchase.",Follow-up required
CALL001116,2019-06-01,90010044,A2219150204,Bangladesh,Rep-24,23,"Sales Rep: Are you satisfied with the product? Customer: Yes, the product is performing well. Sales Rep: Would you consider increasing the order? Customer: We are evaluating the next purchase.",Follow-up required
CALL001117,2019-09-01,90017053,A0118150102,Portugal,Rep-16,4,"Sales Rep: Are you satisfied with the product? Customer: Yes, the product is performing well. Sales Rep: Would you consider increasing the order? Customer: We are evaluating the next purchase.",Follow-up required
CALL001118,2020-12-01,90005159,A5721110505,Pakistan,Rep-20,5,"Sales Rep: Are you satisfied with the product? Customer: Yes, the product is performing well. Sales Rep: Would you consider increasing the order? Customer: We are evaluating the next purchase.",Follow-up required
CALL001119,2021-03-01,90008165,A6121110208,Australia,Rep-05,20,"Sales Rep: Are you satisfied with the product? Customer: Yes, the product is performing well. Sales Rep: Would you consider increasing the order? Customer: We are evaluating the next purchase.",Follow-up required
CALL001120,2020-12-01,90009127,A6818160201,Newzealand,Rep-05,8,"Sales Rep: Are you satisfied with the product? Customer: Yes, the product is performing well. Sales Rep: Would you consider increasing the order? Customer: We are evaluating the next purchase.",Follow-up required
CALL001121,2020-11-01,90016175,A6621160503,Poland,Rep-29,21,"Sales Rep: Are you satisfied with the product? Customer: Yes, the product is performing well. Sales Rep: Would you consider increasing the order? Customer: We are evaluating the next purchase.",Follow-up required
CALL001122,2019-09-01,80007195,A7321160302,South Korea,Rep-14,19,"Sales Rep: Are you satisfied with the product? Customer: Yes, the product is performing well. Sales Rep: Would you consider increasing the order? Customer: We are evaluating the next purchase.",Follow-up required
CALL001123,2019-10-01,90006153,A5318110104,Philiphines,Rep-16,7,"Sales Rep: Are you satisfied with the product? Customer: Yes, the product is performing well. Sales Rep: Would you consider increasing the order? Customer: We are evaluating the next purchase.",Follow-up required
CALL001124,2021-03-01,90019201,A5520110308,Sweden,Rep-04,19,"Sales Rep: Are you satisfied with the product? Customer: Yes, the product is performing well. Sales Rep: Would you consider increasing the order? Customer: We are evaluating the next purchase.",Follow-up required
CALL001125,2019-03-01,80001019,A1018150103,China,Rep-10,21,"Sales Rep: Are you satisfied with the product? Customer: Yes, the product is performing well. Sales Rep: Would you consider increasing the order? Customer: We are evaluating the next purchase.",Follow-up required
CALL001126,2020-05-01,70009133,A4218110207,Newzealand,Rep-11,29,"Sales Rep: Are you satisfied with the product? Customer: Yes, the product is performing well. Sales Rep: Would you consider increasing the order? Customer: We are evaluating the next purchase.",Follow-up required
CALL001127,2018-10-01,70009134,A3320150501,Newzealand,Rep-07,29,"Sales Rep: Are you satisfied with the product? Customer: Yes, the product is performing well. Sales Rep: Would you consider increasing the order? Customer: We are evaluating the next purchase.",Follow-up required
CALL001128,2021-03-01,70015152,A4520110505,Norway,Rep-24,21,"Sales Rep: Are you satisfied with the product? Customer: Yes, the product is performing well. Sales Rep: Would you consider increasing the order? Customer: We are evaluating the next purchase.",Follow-up required
CALL001129,2020-12-01,90023023,A5419110203,Canada,Rep-15,16,"Sales Rep: Are you satisfied with the product? Customer: Yes, the product is performing well. Sales Rep: Would you consider increasing the order? Customer: We are evaluating the next purchase.",Follow-up required
CALL001130,2019-01-01,90022074,A1919150403,USA,Rep-30,11,"Sales Rep: Are you satisfied with the product? Customer: Yes, the product is performing well. Sales Rep: Would you consider increasing the order? Customer: We are evaluating the next purchase.",Follow-up required
CALL001131,2020-02-01,90017055,A4821110808,Portugal,Rep-24,6,"Sales Rep: Are you satisfied with the product? Customer: Yes, the product is performing well. Sales Rep: Would you consider increasing the order? Customer: We are evaluating the next purchase.",Follow-up required
CALL001132,2020-08-01,90016173,A6019110108,Poland,Rep-20,14,"Sales Rep: Are you satisfied with the product? Customer: Yes, the product is performing well. Sales Rep: Would you consider increasing the order? Customer: We are evaluating the next purchase.",Follow-up required
CALL001133,2020-01-01,90023030,A0619150302,Canada,Rep-06,15,"Sales Rep: Are you satisfied with the product? Customer: Yes, the product is performing well. Sales Rep: Would you consider increasing the order? Customer: We are evaluating the next purchase.",Follow-up required
CALL001134,2019-04-01,70003181,A2620150605,Indonesia,Rep-17,9,"Sales Rep: Are you satisfied with the product? Customer: Yes, the product is performing well. Sales Rep: Would you consider increasing the order? Customer: We are evaluating the next purchase.",Follow-up required
CALL001135,2019-11-01,90023026,A2620150602,Canada,Rep-29,20,"Sales Rep: Are you satisfied with the product? Customer: Yes, the product is performing well. Sales Rep: Would you consider increasing the order? Customer: We are evaluating the next purchase.",Follow-up required
CALL001136,2021-08-01,90001020,A3920150305,China,Rep-13,13,"Sales Rep: Are you satisfied with the product? Customer: Yes, the product is performing well. Sales Rep: Would you consider increasing the order? Customer: We are evaluating the next purchase.",Follow-up required
CALL001137,2019-02-01,90001020,A5318110107,China,Rep-07,11,"Sales Rep: Are you satisfied with the product? Customer: Yes, the product is performing well. Sales Rep: Would you consider increasing the order? Customer: We are evaluating the next purchase.",Follow-up required
CALL001138,2020-02-01,90021090,A6119110202,United Kingdom,Rep-14,10,"Sales Rep: Are you satisfied with the product? Customer: Yes, the product is performing well. Sales Rep: Would you consider increasing the order? Customer: We are evaluating the next purchase.",Follow-up required
CALL001139,2021-01-01,90012033,A1521150602,Germany,Rep-21,9,"Sales Rep: Are you satisfied with the product? Customer: Yes, the product is performing well. Sales Rep: Would you consider increasing the order? Customer: We are evaluating the next purchase.",Follow-up required
CALL001140,2021-08-01,70003182,A6319160202,Indonesia,Rep-03,6,"Sales Rep: Are you satisfied with the product? Customer: Yes, the product is performing well. Sales Rep: Would you consider increasing the order? Customer: We are evaluating the next purchase.",Follow-up required
CALL001141,2018-12-01,90009127,A5519110302,Newzealand,Rep-24,4,"Sales Rep: Are you satisfied with the product? Customer: Yes, the product is performing well. Sales Rep: Would you consider increasing the order? Customer: We are evaluating the next purchase.",Follow-up required
CALL001142,2018-10-01,90006156,A0321150302,Philiphines,Rep-04,17,"Sales Rep: Are you satisfied with the product? Customer: Yes, the product is performing well. Sales Rep: Would you consider increasing the order? Customer: We are evaluating the next purchase.",Follow-up required
CALL001143,2019-07-01,90019200,A3521150701,Sweden,Rep-14,30,"Sales Rep: Are you satisfied with the product? Customer: Yes, the product is performing well. Sales Rep: Would you consider increasing the order? Customer: We are evaluating the next purchase.",Follow-up required
CALL001144,2021-06-01,90017059,A6520160402,Portugal,Rep-08,21,"Sales Rep: Are you satisfied with the product? Customer: Yes, the product is performing well. Sales Rep: Would you consider increasing the order? Customer: We are evaluating the next purchase.",Follow-up required
CALL001145,2019-07-01,90011187,A6019110107,France,Rep-04,29,"Sales Rep: Are you satisfied with the product? Customer: Yes, the product is performing well. Sales Rep: Would you consider increasing the order? Customer: We are evaluating the next purchase.",Follow-up required
CALL001146,2019-02-01,70003181,A4821110804,Indonesia,Rep-02,15,"Sales Rep: Are you satisfied with the product? Customer: Yes, the product is performing well. Sales Rep: Would you consider increasing the order? Customer: We are evaluating the next purchase.",Follow-up required
CALL001147,2021-01-01,70005163,A1118150202,Pakistan,Rep-27,28,"Sales Rep: Are you satisfied with the product? Customer: Yes, the product is performing well. Sales Rep: Would you consider increasing the order? Customer: We are evaluating the next purchase.",Follow-up required
CALL001148,2019-10-01,90023029,A0219150201,Canada,Rep-10,6,"Sales Rep: Are you satisfied with the product? Customer: Yes, the product is performing well. Sales Rep: Would you consider increasing the order? Customer: We are evaluating the next purchase.",Follow-up required
CALL001149,2020-04-01,70013125,A4218110206,Italy,Rep-27,25,"Sales Rep: Are you satisfied with the product? Customer: Yes, the product is performing well. Sales Rep: Would you consider increasing the order? Customer: We are evaluating the next purchase.",Follow-up required
CALL001150,2019-11-01,90017055,A1618150103,Portugal,Rep-07,24,"Sales Rep: Are you satisfied with the product? Customer: Yes, the product is performing well. Sales Rep: Would you consider increasing the order? Customer: We are evaluating the next purchase.",Follow-up required
CALL001151,2020-04-01,90022079,A3621150805,USA,Rep-30,11,"Sales Rep: Are you satisfied with the product? Customer: Yes, the product is performing well. Sales Rep: Would you consider increasing the order? Customer: We are evaluating the next purchase.",Follow-up required
CALL001152,2020-01-01,80007196,A4620110601,South Korea,Rep-19,28,"Sales Rep: Are you satisfied with the product? Customer: Yes, the product is performing well. Sales Rep: Would you consider increasing the order? Customer: We are evaluating the next purchase.",Follow-up required
CALL001153,2021-08-01,70003181,A4620110608,Indonesia,Rep-26,28,"Sales Rep: Are you satisfied with the product? Customer: Yes, the product is performing well. Sales Rep: Would you consider increasing the order? Customer: We are evaluating the next purchase.",Follow-up required
CALL001154,2020-12-01,90002001,A2620150602,India,Rep-27,23,"Sales Rep: Are you satisfied with the product? Customer: Yes, the product is performing well. Sales Rep: Would you consider increasing the order? Customer: We are evaluating the next purchase.",Follow-up required
CALL001155,2019-03-01,90017054,A2821150806,Portugal,Rep-10,6,"Sales Rep: Are you satisfied with the product? Customer: Yes, the product is performing well. Sales Rep: Would you consider increasing the order? Customer: We are evaluating the next purchase.",Follow-up required
CALL001156,2019-11-01,90005159,A0418150105,Pakistan,Rep-02,11,"Sales Rep: Are you satisfied with the product? Customer: Yes, the product is performing well. Sales Rep: Would you consider increasing the order? Customer: We are evaluating the next purchase.",Follow-up required
CALL001157,2019-11-01,90019203,A3920150303,Sweden,Rep-18,21,"Sales Rep: Are you satisfied with the product? Customer: Yes, the product is performing well. Sales Rep: Would you consider increasing the order? Customer: We are evaluating the next purchase.",Follow-up required
CALL001158,2019-12-01,90015148,A7321160301,Norway,Rep-16,28,"Sales Rep: Are you satisfied with the product? Customer: Yes, the product is performing well. Sales Rep: Would you consider increasing the order? Customer: We are evaluating the next purchase.",Follow-up required
CALL001159,2019-06-01,90023023,A6519160401,Canada,Rep-23,30,"Sales Rep: Are you satisfied with the product? Customer: Yes, the product is performing well. Sales Rep: Would you consider increasing the order? Customer: We are evaluating the next purchase.",Follow-up required
CALL001160,2021-03-01,90022081,A5419110202,USA,Rep-17,19,"Sales Rep: Are you satisfied with the product? Customer: Yes, the product is performing well. Sales Rep: Would you consider increasing the order? Customer: We are evaluating the next purchase.",Follow-up required
CALL001161,2021-07-01,90019200,A0418150107,Sweden,Rep-21,12,"Sales Rep: Are you satisfied with the product? Customer: Yes, the product is performing well. Sales Rep: Would you consider increasing the order? Customer: We are evaluating the next purchase.",Follow-up required
CALL001162,2019-02-01,70003182,A4821110802,Indonesia,Rep-13,20,"Sales Rep: Are you satisfied with the product? Customer: Yes, the product is performing well. Sales Rep: Would you consider increasing the order? Customer: We are evaluating the next purchase.",Follow-up required
CALL001163,2020-05-01,70013126,A0418150102,Italy,Rep-05,10,"Sales Rep: Are you satisfied with the product? Customer: Yes, the product is performing well. Sales Rep: Would you consider increasing the order? Customer: We are evaluating the next purchase.",Follow-up required
CALL001164,2020-10-01,90008168,A1819150301,Australia,Rep-20,17,"Sales Rep: Are you satisfied with the product? Customer: Yes, the product is performing well. Sales Rep: Would you consider increasing the order? Customer: We are evaluating the next purchase.",Follow-up required
CALL001165,2020-12-01,90005161,A4620110601,Pakistan,Rep-08,17,"Sales Rep: Are you satisfied with the product? Customer: Yes, the product is performing well. Sales Rep: Would you consider increasing the order? Customer: We are evaluating the next purchase.",Follow-up required
CALL001166,2018-11-01,90022073,A6818160202,USA,Rep-03,30,"Sales Rep: Are you satisfied with the product? Customer: Yes, the product is performing well. Sales Rep: Would you consider increasing the order? Customer: We are evaluating the next purchase.",Follow-up required
CALL001167,2019-07-01,90003179,A2821150802,Indonesia,Rep-26,4,"Sales Rep: Are you satisfied with the product? Customer: Yes, the product is performing well. Sales Rep: Would you consider increasing the order? Customer: We are evaluating the next purchase.",Follow-up required
CALL001168,2018-09-01,70007199,A7119160102,South Korea,Rep-19,10,"Sales Rep: Are you satisfied with the product? Customer: Yes, the product is performing well. Sales Rep: Would you consider increasing the order? Customer: We are evaluating the next purchase.",Follow-up required
CALL001169,2020-01-01,90010044,A1521150601,Bangladesh,Rep-10,15,"Sales Rep: Are you satisfied with the product? Customer: Yes, the product is performing well. Sales Rep: Would you consider increasing the order? Customer: We are evaluating the next purchase.",Follow-up required
CALL001170,2021-03-01,70009134,A3018150202,Newzealand,Rep-09,19,"Sales Rep: Are you satisfied with the product? Customer: Yes, the product is performing well. Sales Rep: Would you consider increasing the order? Customer: We are evaluating the next purchase.",Follow-up required
CALL001171,2019-05-01,80007195,A2419150404,South Korea,Rep-30,11,"Sales Rep: Are you satisfied with the product? Customer: Yes, the product is performing well. Sales Rep: Would you consider increasing the order? Customer: We are evaluating the next purchase.",Follow-up required
CALL001172,2019-11-01,90021089,A0621150308,United Kingdom,Rep-12,30,"Sales Rep: Are you satisfied with the product? Customer: Yes, the product is performing well. Sales Rep: Would you consider increasing the order? Customer: We are evaluating the next purchase.",Follow-up required
CALL001173,2020-06-01,90016171,A4419110406,Poland,Rep-14,29,"Sales Rep: Are you satisfied with the product? Customer: Yes, the product is performing well. Sales Rep: Would you consider increasing the order? Customer: We are evaluating the next purchase.",Follow-up required
CALL001174,2018-12-01,90008165,A2021150504,Australia,Rep-08,21,"Sales Rep: Are you satisfied with the product? Customer: Yes, the product is performing well. Sales Rep: Would you consider increasing the order? Customer: We are evaluating the next purchase.",Follow-up required
CALL001175,2019-12-01,90021087,A4520110504,United Kingdom,Rep-15,24,"Sales Rep: Are you satisfied with the product? Customer: Yes, the product is performing well. Sales Rep: Would you consider increasing the order? Customer: We are evaluating the next purchase.",Follow-up required
CALL001176,2019-08-01,90018106,A2218150202,Spain,Rep-29,28,"Sales Rep: Are you satisfied with the product? Customer: Yes, the product is performing well. Sales Rep: Would you consider increasing the order? Customer: We are evaluating the next purchase.",Follow-up required
CALL001177,2018-10-01,90015144,A4821110808,Norway,Rep-12,4,"Sales Rep: Are you satisfied with the product? Customer: Yes, the product is performing well. Sales Rep: Would you consider increasing the order? Customer: We are evaluating the next purchase.",Follow-up required
CALL001178,2018-09-01,90004066,A5318110105,Japan,Rep-02,27,"Sales Rep: Are you satisfied with the product? Customer: Yes, the product is performing well. Sales Rep: Would you consider increasing the order? Customer: We are evaluating the next purchase.",Follow-up required
CALL001179,2018-11-01,70007199,A1320150402,South Korea,Rep-24,7,"Sales Rep: Are you satisfied with the product? Customer: Yes, the product is performing well. Sales Rep: Would you consider increasing the order? Customer: We are evaluating the next purchase.",Follow-up required
CALL001180,2020-11-01,70002017,A6718160102,India,Rep-04,16,"Sales Rep: Are you satisfied with the product? Customer: Yes, the product is performing well. Sales Rep: Would you consider increasing the order? Customer: We are evaluating the next purchase.",Follow-up required
CALL001181,2020-01-01,90023028,A2620150604,Canada,Rep-25,26,"Sales Rep: Are you satisfied with the product? Customer: Yes, the product is performing well. Sales Rep: Would you consider increasing the order? Customer: We are evaluating the next purchase.",Follow-up required
CALL001182,2021-08-01,90019203,A4721110706,Sweden,Rep-26,24,"Sales Rep: Are you satisfied with the product? Customer: Yes, the product is performing well. Sales Rep: Would you consider increasing the order? Customer: We are evaluating the next purchase.",Follow-up required
CALL001183,2018-10-01,90012041,A5520110305,Germany,Rep-03,26,"Sales Rep: Are you satisfied with the product? Customer: Yes, the product is performing well. Sales Rep: Would you consider increasing the order? Customer: We are evaluating the next purchase.",Follow-up required
CALL001184,2020-10-01,90011185,A3120150304,France,Rep-20,24,"Sales Rep: Are you satisfied with the product? Customer: Yes, the product is performing well. Sales Rep: Would you consider increasing the order? Customer: We are evaluating the next purchase.",Follow-up required
CALL001185,2019-06-01,90002005,A0418150107,India,Rep-09,8,"Sales Rep: Are you satisfied with the product? Customer: Yes, the product is performing well. Sales Rep: Would you consider increasing the order? Customer: We are evaluating the next purchase.",Follow-up required
CALL001186,2021-03-01,90013120,A3521150702,Italy,Rep-01,30,"Sales Rep: Are you satisfied with the product? Customer: Yes, the product is performing well. Sales Rep: Would you consider increasing the order? Customer: We are evaluating the next purchase.",Follow-up required
CALL001187,2019-04-01,70010048,A7119160102,Bangladesh,Rep-20,5,"Sales Rep: Are you satisfied with the product? Customer: Yes, the product is performing well. Sales Rep: Would you consider increasing the order? Customer: We are evaluating the next purchase.",Follow-up required
CALL001188,2020-01-01,80001019,A0418150102,China,Rep-12,7,"Sales Rep: Are you satisfied with the product? Customer: Yes, the product is performing well. Sales Rep: Would you consider increasing the order? Customer: We are evaluating the next purchase.",Follow-up required
CALL001189,2020-08-01,90020103,A0418150107,Austria,Rep-25,18,"Sales Rep: Are you satisfied with the product? Customer: Yes, the product is performing well. Sales Rep: Would you consider increasing the order? Customer: We are evaluating the next purchase.",Follow-up required
CALL001190,2018-09-01,90003180,A5621110408,Indonesia,Rep-19,25,"Sales Rep: Are you satisfied with the product? Customer: Yes, the product is performing well. Sales Rep: Would you consider increasing the order? Customer: We are evaluating the next purchase.",Follow-up required
CALL001191,2021-08-01,90011191,A2918150106,France,Rep-27,14,"Sales Rep: Are you satisfied with the product? Customer: Yes, the product is performing well. Sales Rep: Would you consider increasing the order? Customer: We are evaluating the next purchase.",Follow-up required
CALL001192,2019-06-01,70007199,A0620150305,South Korea,Rep-24,29,"Sales Rep: Are you satisfied with the product? Customer: Yes, the product is performing well. Sales Rep: Would you consider increasing the order? Customer: We are evaluating the next purchase.",Follow-up required
CALL001193,2020-03-01,90010045,A4419110408,Bangladesh,Rep-02,20,"Sales Rep: Are you satisfied with the product? Customer: Yes, the product is performing well. Sales Rep: Would you consider increasing the order? Customer: We are evaluating the next purchase.",Follow-up required
CALL001194,2019-11-01,70004070,A4620110605,Japan,Rep-27,26,"Sales Rep: Are you satisfied with the product? Customer: Yes, the product is performing well. Sales Rep: Would you consider increasing the order? Customer: We are evaluating the next purchase.",Follow-up required
CALL001195,2018-12-01,70016178,A3018150201,Poland,Rep-05,15,"Sales Rep: Are you satisfied with the product? Customer: Yes, the product is performing well. Sales Rep: Would you consider increasing the order? Customer: We are evaluating the next purchase.",Follow-up required
CALL001196,2020-08-01,90022075,A2918150105,USA,Rep-07,19,"Sales Rep: Are you satisfied with the product? Customer: Yes, the product is performing well. Sales Rep: Would you consider increasing the order? Customer: We are evaluating the next purchase.",Follow-up required
CALL001197,2019-01-01,90001020,A6818160201,China,Rep-23,23,"Sales Rep: Are you satisfied with the product? Customer: Yes, the product is performing well. Sales Rep: Would you consider increasing the order? Customer: We are evaluating the next purchase.",Follow-up required
CALL001198,2021-03-01,90014141,A6419160303,Netherlands,Rep-21,26,"Sales Rep: Are you satisfied with the product? Customer: Yes, the product is performing well. Sales Rep: Would you consider increasing the order? Customer: We are evaluating the next purchase.",Follow-up required
CALL001199,2018-10-01,90008166,A1919150403,Australia,Rep-03,19,"Sales Rep: Are you satisfied with the product? Customer: Yes, the product is performing well. Sales Rep: Would you consider increasing the order? Customer: We are evaluating the next purchase.",Follow-up required
CALL001200,2019-04-01,70004069,A4721110708,Japan,Rep-08,26,"Sales Rep: Are you satisfied with the product? Customer: Yes, the product is performing well. Sales Rep: Would you consider increasing the order? Customer: We are evaluating the next purchase.",Follow-up required
CALL001201,2019-12-01,90012038,A6119110202,Germany,Rep-05,30,"Sales Rep: Are you satisfied with the product? Customer: Yes, the product is performing well. Sales Rep: Would you consider increasing the order? Customer: We are evaluating the next purchase.",Follow-up required
CALL001202,2020-11-01,90013120,A7321160303,Italy,Rep-04,28,"Sales Rep: Are you satisfied with the product? Customer: Yes, the product is performing well. Sales Rep: Would you consider increasing the order? Customer: We are evaluating the next purchase.",Follow-up required
CALL001203,2020-05-01,90004061,A4721110705,Japan,Rep-05,4,"Sales Rep: Are you satisfied with the product? Customer: Yes, the product is performing well. Sales Rep: Would you consider increasing the order? Customer: We are evaluating the next purchase.",Follow-up required
CALL001204,2020-04-01,90021088,A3819150205,United Kingdom,Rep-08,24,"Sales Rep: Are you satisfied with the product? Customer: Yes, the product is performing well. Sales Rep: Would you consider increasing the order? Customer: We are evaluating the next purchase.",Follow-up required
CALL001205,2019-06-01,90010044,A1819150304,Bangladesh,Rep-07,13,"Sales Rep: Are you satisfied with the product? Customer: Yes, the product is performing well. Sales Rep: Would you consider increasing the order? Customer: We are evaluating the next purchase.",Follow-up required
CALL001206,2019-07-01,90006156,A5520110308,Philiphines,Rep-28,10,"Sales Rep: Are you satisfied with the product? Customer: Yes, the product is performing well. Sales Rep: Would you consider increasing the order? Customer: We are evaluating the next purchase.",Follow-up required
CALL001207,2019-09-01,90021090,A4620110606,United Kingdom,Rep-29,23,"Sales Rep: Are you satisfied with the product? Customer: Yes, the product is performing well. Sales Rep: Would you consider increasing the order? Customer: We are evaluating the next purchase.",Follow-up required
CALL001208,2018-09-01,90013118,A1118150201,Italy,Rep-26,11,"Sales Rep: Are you satisfied with the product? Customer: Yes, the product is performing well. Sales Rep: Would you consider increasing the order? Customer: We are evaluating the next purchase.",Follow-up required
CALL001209,2019-08-01,90020100,A6519160401,Austria,Rep-04,5,"Sales Rep: Are you satisfied with the product? Customer: Yes, the product is performing well. Sales Rep: Would you consider increasing the order? Customer: We are evaluating the next purchase.",Follow-up required
CALL001210,2021-06-01,70006158,A5621110407,Philiphines,Rep-15,29,"Sales Rep: Are you satisfied with the product? Customer: Yes, the product is performing well. Sales Rep: Would you consider increasing the order? Customer: We are evaluating the next purchase.",Follow-up required
CALL001211,2019-06-01,70003181,A6921160301,Indonesia,Rep-11,5,"Sales Rep: Are you satisfied with the product? Customer: Yes, the product is performing well. Sales Rep: Would you consider increasing the order? Customer: We are evaluating the next purchase.",Follow-up required
CALL001212,2020-05-01,70005163,A5721110504,Pakistan,Rep-21,7,"Sales Rep: Are you satisfied with the product? Customer: Yes, the product is performing well. Sales Rep: Would you consider increasing the order? Customer: We are evaluating the next purchase.",Follow-up required
CALL001213,2018-11-01,90020101,A0721150404,Austria,Rep-27,10,"Sales Rep: Are you satisfied with the product? Customer: Yes, the product is performing well. Sales Rep: Would you consider increasing the order? Customer: We are evaluating the next purchase.",Follow-up required
CALL001214,2019-10-01,90001020,A6720160103,China,Rep-13,5,"Sales Rep: Are you satisfied with the product? Customer: Yes, the product is performing well. Sales Rep: Would you consider increasing the order? Customer: We are evaluating the next purchase.",Follow-up required
CALL001215,2018-09-01,90020103,A5519110302,Austria,Rep-01,11,"Sales Rep: Are you satisfied with the product? Customer: Yes, the product is performing well. Sales Rep: Would you consider increasing the order? Customer: We are evaluating the next purchase.",Follow-up required
CALL001216,2018-09-01,80007196,A0418150102,South Korea,Rep-13,26,"Sales Rep: Are you satisfied with the product? Customer: Yes, the product is performing well. Sales Rep: Would you consider increasing the order? Customer: We are evaluating the next purchase.",Follow-up required
CALL001217,2019-04-01,90011192,A2918150104,France,Rep-19,25,"Sales Rep: Are you satisfied with the product? Customer: Yes, the product is performing well. Sales Rep: Would you consider increasing the order? Customer: We are evaluating the next purchase.",Follow-up required
CALL001218,2019-08-01,70016178,A4118110105,Poland,Rep-06,21,"Sales Rep: Are you satisfied with the product? Customer: Yes, the product is performing well. Sales Rep: Would you consider increasing the order? Customer: We are evaluating the next purchase.",Follow-up required
CALL001219,2018-10-01,90004063,A4821110805,Japan,Rep-29,28,"Sales Rep: Are you satisfied with the product? Customer: Yes, the product is performing well. Sales Rep: Would you consider increasing the order? Customer: We are evaluating the next purchase.",Follow-up required
CALL001220,2020-05-01,90017051,A7321160302,Portugal,Rep-03,26,"Sales Rep: Are you satisfied with the product? Customer: Yes, the product is performing well. Sales Rep: Would you consider increasing the order? Customer: We are evaluating the next purchase.",Follow-up required
CALL001221,2021-06-01,90017049,A2821150804,Portugal,Rep-02,18,"Sales Rep: Are you satisfied with the product? Customer: Yes, the product is performing well. Sales Rep: Would you consider increasing the order? Customer: We are evaluating the next purchase.",Follow-up required
CALL001222,2019-04-01,80001019,A1421150503,China,Rep-11,8,"Sales Rep: Are you satisfied with the product? Customer: Yes, the product is performing well. Sales Rep: Would you consider increasing the order? Customer: We are evaluating the next purchase.",Follow-up required
CALL001223,2019-09-01,90014139,A1819150304,Netherlands,Rep-24,12,"Sales Rep: Are you satisfied with the product? Customer: Yes, the product is performing well. Sales Rep: Would you consider increasing the order? Customer: We are evaluating the next purchase.",Follow-up required
CALL001224,2018-09-01,70007199,A3119150301,South Korea,Rep-23,28,"Sales Rep: Are you satisfied with the product? Customer: Yes, the product is performing well. Sales Rep: Would you consider increasing the order? Customer: We are evaluating the next purchase.",Follow-up required
CALL001225,2019-06-01,90005162,A5419110202,Pakistan,Rep-07,17,"Sales Rep: Are you satisfied with the product? Customer: Yes, the product is performing well. Sales Rep: Would you consider increasing the order? Customer: We are evaluating the next purchase.",Follow-up required
CALL001226,2019-02-01,90017051,A2219150206,Portugal,Rep-04,5,"Sales Rep: Are you satisfied with the product? Customer: Yes, the product is performing well. Sales Rep: Would you consider increasing the order? Customer: We are evaluating the next purchase.",Follow-up required
CALL001227,2018-12-01,70014142,A1219150301,Netherlands,Rep-05,9,"Sales Rep: Are you satisfied with the product? Customer: Yes, the product is performing well. Sales Rep: Would you consider increasing the order? Customer: We are evaluating the next purchase.",Follow-up required
CALL001228,2018-10-01,90021089,A0418150102,United Kingdom,Rep-27,27,"Sales Rep: Are you satisfied with the product? Customer: Yes, the product is performing well. Sales Rep: Would you consider increasing the order? Customer: We are evaluating the next purchase.",Follow-up required
CALL001229,2021-01-01,90019201,A4118110106,Sweden,Rep-23,12,"Sales Rep: Are you satisfied with the product? Customer: Yes, the product is performing well. Sales Rep: Would you consider increasing the order? Customer: We are evaluating the next purchase.",Follow-up required
CALL001230,2018-11-01,90020099,A1319150401,Austria,Rep-14,5,"Sales Rep: Are you satisfied with the product? Customer: Yes, the product is performing well. Sales Rep: Would you consider increasing the order? Customer: We are evaluating the next purchase.",Follow-up required
CALL001231,2019-07-01,90002009,A3019150205,India,Rep-03,15,"Sales Rep: Are you satisfied with the product? Customer: Yes, the product is performing well. Sales Rep: Would you consider increasing the order? Customer: We are evaluating the next purchase.",Follow-up required
CALL001232,2019-08-01,90001020,A5419110201,China,Rep-17,17,"Sales Rep: Are you satisfied with the product? Customer: Yes, the product is performing well. Sales Rep: Would you consider increasing the order? Customer: We are evaluating the next purchase.",Follow-up required
CALL001233,2020-02-01,90013122,A2918150102,Italy,Rep-29,21,"Sales Rep: Are you satisfied with the product? Customer: Yes, the product is performing well. Sales Rep: Would you consider increasing the order? Customer: We are evaluating the next purchase.",Follow-up required
CALL001234,2019-05-01,90002007,A4620110607,India,Rep-06,18,"Sales Rep: Are you satisfied with the product? Customer: Yes, the product is performing well. Sales Rep: Would you consider increasing the order? Customer: We are evaluating the next purchase.",Follow-up required
CALL001235,2021-02-01,70007199,A6319160203,South Korea,Rep-30,17,"Sales Rep: Are you satisfied with the product? Customer: Yes, the product is performing well. Sales Rep: Would you consider increasing the order? Customer: We are evaluating the next purchase.",Follow-up required
CALL001236,2020-03-01,90012035,A2520150505,Germany,Rep-18,6,"Sales Rep: Are you satisfied with the product? Customer: Yes, the product is performing well. Sales Rep: Would you consider increasing the order? Customer: We are evaluating the next purchase.",Follow-up required
CALL001237,2021-02-01,90005161,A3320150505,Pakistan,Rep-27,10,"Sales Rep: Are you satisfied with the product? Customer: Yes, the product is performing well. Sales Rep: Would you consider increasing the order? Customer: We are evaluating the next purchase.",Follow-up required
CALL001238,2020-04-01,90023029,A1618150101,Canada,Rep-29,25,"Sales Rep: Are you satisfied with the product? Customer: Yes, the product is performing well. Sales Rep: Would you consider increasing the order? Customer: We are evaluating the next purchase.",Follow-up required
CALL001239,2019-11-01,90019200,A6918160303,Sweden,Rep-28,14,"Sales Rep: Are you satisfied with the product? Customer: Yes, the product is performing well. Sales Rep: Would you consider increasing the order? Customer: We are evaluating the next purchase.",Follow-up required
CALL001240,2020-07-01,70023032,A7119160103,Canada,Rep-21,30,"Sales Rep: Are you satisfied with the product? Customer: Yes, the product is performing well. Sales Rep: Would you consider increasing the order? Customer: We are evaluating the next purchase.",Follow-up required
CALL001241,2021-04-01,90001020,A5520110308,China,Rep-24,23,"Sales Rep: Are you satisfied with the product? Customer: Yes, the product is performing well. Sales Rep: Would you consider increasing the order? Customer: We are evaluating the next purchase.",Follow-up required
CALL001242,2021-02-01,90011191,A0118150104,France,Rep-13,4,"Sales Rep: Are you satisfied with the product? Customer: Yes, the product is performing well. Sales Rep: Would you consider increasing the order? Customer: We are evaluating the next purchase.",Follow-up required
CALL001243,2019-10-01,90020099,A2520150502,Austria,Rep-13,28,"Sales Rep: Are you satisfied with the product? Customer: Yes, the product is performing well. Sales Rep: Would you consider increasing the order? Customer: We are evaluating the next purchase.",Follow-up required
CALL001244,2019-09-01,90001020,A0118150101,China,Rep-09,11,"Sales Rep: Are you satisfied with the product? Customer: Yes, the product is performing well. Sales Rep: Would you consider increasing the order? Customer: We are evaluating the next purchase.",Follow-up required
CALL001245,2020-05-01,90018112,A2720150701,Spain,Rep-02,23,"Sales Rep: Are you satisfied with the product? Customer: Yes, the product is performing well. Sales Rep: Would you consider increasing the order? Customer: We are evaluating the next purchase.",Follow-up required
CALL001246,2019-12-01,90005162,A5721110502,Pakistan,Rep-18,27,"Sales Rep: Are you satisfied with the product? Customer: Yes, the product is performing well. Sales Rep: Would you consider increasing the order? Customer: We are evaluating the next purchase.",Follow-up required
CALL001247,2019-02-01,90017056,A0921150601,Portugal,Rep-12,4,"Sales Rep: Are you satisfied with the product? Customer: Yes, the product is performing well. Sales Rep: Would you consider increasing the order? Customer: We are evaluating the next purchase.",Follow-up required
CALL001248,2020-02-01,90014135,A4720110702,Netherlands,Rep-09,10,"Sales Rep: Are you satisfied with the product? Customer: Yes, the product is performing well. Sales Rep: Would you consider increasing the order? Customer: We are evaluating the next purchase.",Follow-up required
CALL001249,2018-10-01,90016173,A5721110503,Poland,Rep-10,4,"Sales Rep: Are you satisfied with the product? Customer: Yes, the product is performing well. Sales Rep: Would you consider increasing the order? Customer: We are evaluating the next purchase.",Follow-up required
CALL001250,2020-11-01,90015148,A2721150705,Norway,Rep-10,24,"Sales Rep: Are you satisfied with the product? Customer: Yes, the product is performing well. Sales Rep: Would you consider increasing the order? Customer: We are evaluating the next purchase.",Follow-up required
CALL001251,2019-10-01,90017049,A2821150804,Portugal,Rep-20,30,"Sales Rep: Are you satisfied with the product? Customer: Yes, the product is performing well. Sales Rep: Would you consider increasing the order? Customer: We are evaluating the next purchase.",Follow-up required
CALL001252,2019-07-01,90002008,A2520150501,India,Rep-01,30,"Sales Rep: Are you satisfied with the product? Customer: Yes, the product is performing well. Sales Rep: Would you consider increasing the order? Customer: We are evaluating the next purchase.",Follow-up required
CALL001253,2018-12-01,80006154,A0921150603,Philiphines,Rep-05,26,"Sales Rep: Are you satisfied with the product? Customer: Yes, the product is performing well. Sales Rep: Would you consider increasing the order? Customer: We are evaluating the next purchase.",Follow-up required
CALL001254,2019-03-01,90021086,A2721150706,United Kingdom,Rep-14,17,"Sales Rep: Are you satisfied with the product? Customer: Yes, the product is performing well. Sales Rep: Would you consider increasing the order? Customer: We are evaluating the next purchase.",Follow-up required
CALL001255,2018-09-01,90020103,A5419110208,Austria,Rep-08,19,"Sales Rep: Are you satisfied with the product? Customer: Yes, the product is performing well. Sales Rep: Would you consider increasing the order? Customer: We are evaluating the next purchase.",Follow-up required
CALL001256,2021-03-01,70010047,A5721110504,Bangladesh,Rep-12,5,"Sales Rep: Are you satisfied with the product? Customer: Yes, the product is performing well. Sales Rep: Would you consider increasing the order? Customer: We are evaluating the next purchase.",Follow-up required
CALL001257,2018-10-01,90020100,A2219150206,Austria,Rep-27,26,"Sales Rep: Are you satisfied with the product? Customer: Yes, the product is performing well. Sales Rep: Would you consider increasing the order? Customer: We are evaluating the next purchase.",Follow-up required
CALL001258,2020-06-01,90017055,A6319160201,Portugal,Rep-13,10,"Sales Rep: Are you satisfied with the product? Customer: Yes, the product is performing well. Sales Rep: Would you consider increasing the order? Customer: We are evaluating the next purchase.",Follow-up required
CALL001259,2021-05-01,90001020,A5419110202,China,Rep-02,28,"Sales Rep: Are you satisfied with the product? Customer: Yes, the product is performing well. Sales Rep: Would you consider increasing the order? Customer: We are evaluating the next purchase.",Follow-up required
CALL001260,2021-03-01,90008168,A4520110504,Australia,Rep-10,9,"Sales Rep: Are you satisfied with the product? Customer: Yes, the product is performing well. Sales Rep: Would you consider increasing the order? Customer: We are evaluating the next purchase.",Follow-up required
CALL001261,2019-02-01,90015145,A0821150501,Norway,Rep-23,8,"Sales Rep: Are you satisfied with the product? Customer: Yes, the product is performing well. Sales Rep: Would you consider increasing the order? Customer: We are evaluating the next purchase.",Follow-up required
CALL001262,2020-04-01,90014135,A5519110302,Netherlands,Rep-17,24,"Sales Rep: Are you satisfied with the product? Customer: Yes, the product is performing well. Sales Rep: Would you consider increasing the order? Customer: We are evaluating the next purchase.",Follow-up required
CALL001263,2018-09-01,90014135,A5419110202,Netherlands,Rep-22,7,"Sales Rep: Are you satisfied with the product? Customer: Yes, the product is performing well. Sales Rep: Would you consider increasing the order? Customer: We are evaluating the next purchase.",Follow-up required
CALL001264,2018-11-01,90015148,A7020160403,Norway,Rep-28,6,"Sales Rep: Are you satisfied with the product? Customer: Yes, the product is performing well. Sales Rep: Would you consider increasing the order? Customer: We are evaluating the next purchase.",Follow-up required
CALL001265,2020-06-01,90017057,A4020150401,Portugal,Rep-23,5,"Sales Rep: Are you satisfied with the product? Customer: Yes, the product is performing well. Sales Rep: Would you consider increasing the order? Customer: We are evaluating the next purchase.",Follow-up required
CALL001266,2021-08-01,90023028,A2319150302,Canada,Rep-30,23,"Sales Rep: Are you satisfied with the product? Customer: Yes, the product is performing well. Sales Rep: Would you consider increasing the order? Customer: We are evaluating the next purchase.",Follow-up required
CALL001267,2020-03-01,70014143,A4821110802,Netherlands,Rep-17,28,"Sales Rep: Are you satisfied with the product? Customer: Yes, the product is performing well. Sales Rep: Would you consider increasing the order? Customer: We are evaluating the next purchase.",Follow-up required
CALL001268,2020-04-01,80001019,A3421150605,China,Rep-04,27,"Sales Rep: Are you satisfied with the product? Customer: Yes, the product is performing well. Sales Rep: Would you consider increasing the order? Customer: We are evaluating the next purchase.",Follow-up required
CALL001269,2019-01-01,90013119,A1819150301,Italy,Rep-01,19,"Sales Rep: Are you satisfied with the product? Customer: Yes, the product is performing well. Sales Rep: Would you consider increasing the order? Customer: We are evaluating the next purchase.",Follow-up required
CALL001270,2019-01-01,90014139,A1919150403,Netherlands,Rep-22,13,"Sales Rep: Are you satisfied with the product? Customer: Yes, the product is performing well. Sales Rep: Would you consider increasing the order? Customer: We are evaluating the next purchase.",Follow-up required
CALL001271,2020-07-01,90007197,A3119150301,South Korea,Rep-07,21,"Sales Rep: Are you satisfied with the product? Customer: Yes, the product is performing well. Sales Rep: Would you consider increasing the order? Customer: We are evaluating the next purchase.",Follow-up required
CALL001272,2018-09-01,70018115,A6720160103,Spain,Rep-17,24,"Sales Rep: Are you satisfied with the product? Customer: Yes, the product is performing well. Sales Rep: Would you consider increasing the order? Customer: We are evaluating the next purchase.",Follow-up required
CALL001273,2020-06-01,90004064,A7220160202,Japan,Rep-06,21,"Sales Rep: Are you satisfied with the product? Customer: Yes, the product is performing well. Sales Rep: Would you consider increasing the order? Customer: We are evaluating the next purchase.",Follow-up required
CALL001274,2019-06-01,90020103,A4020150401,Austria,Rep-29,28,"Sales Rep: Are you satisfied with the product? Customer: Yes, the product is performing well. Sales Rep: Would you consider increasing the order? Customer: We are evaluating the next purchase.",Follow-up required
CALL001275,2019-06-01,80007196,A3718150103,South Korea,Rep-04,30,"Sales Rep: Are you satisfied with the product? Customer: Yes, the product is performing well. Sales Rep: Would you consider increasing the order? Customer: We are evaluating the next purchase.",Follow-up required
CALL001276,2019-01-01,90004065,A4821110805,Japan,Rep-04,17,"Sales Rep: Are you satisfied with the product? Customer: Yes, the product is performing well. Sales Rep: Would you consider increasing the order? Customer: We are evaluating the next purchase.",Follow-up required
CALL001277,2019-10-01,70007199,A5721110502,South Korea,Rep-22,16,"Sales Rep: Are you satisfied with the product? Customer: Yes, the product is performing well. Sales Rep: Would you consider increasing the order? Customer: We are evaluating the next purchase.",Follow-up required
CALL001278,2019-09-01,90008167,A3220150406,Australia,Rep-27,7,"Sales Rep: Are you satisfied with the product? Customer: Yes, the product is performing well. Sales Rep: Would you consider increasing the order? Customer: We are evaluating the next purchase.",Follow-up required
CALL001279,2020-02-01,90015150,A3420150602,Norway,Rep-26,8,"Sales Rep: Are you satisfied with the product? Customer: Yes, the product is performing well. Sales Rep: Would you consider increasing the order? Customer: We are evaluating the next purchase.",Follow-up required
CALL001280,2020-11-01,90018114,A2821150802,Spain,Rep-25,21,"Sales Rep: Are you satisfied with the product? Customer: Yes, the product is performing well. Sales Rep: Would you consider increasing the order? Customer: We are evaluating the next purchase.",Follow-up required
CALL001281,2021-05-01,70019204,A2419150404,Sweden,Rep-15,18,"Sales Rep: Are you satisfied with the product? Customer: Yes, the product is performing well. Sales Rep: Would you consider increasing the order? Customer: We are evaluating the next purchase.",Follow-up required
CALL001282,2018-10-01,90017051,A4218110207,Portugal,Rep-10,26,"Sales Rep: Are you satisfied with the product? Customer: Yes, the product is performing well. Sales Rep: Would you consider increasing the order? Customer: We are evaluating the next purchase.",Follow-up required
CALL001283,2019-02-01,90002015,A6218160102,India,Rep-29,29,"Sales Rep: Are you satisfied with the product? Customer: Yes, the product is performing well. Sales Rep: Would you consider increasing the order? Customer: We are evaluating the next purchase.",Follow-up required
CALL001284,2019-05-01,90021089,A4520110504,United Kingdom,Rep-01,29,"Sales Rep: Are you satisfied with the product? Customer: Yes, the product is performing well. Sales Rep: Would you consider increasing the order? Customer: We are evaluating the next purchase.",Follow-up required
CALL001285,2021-06-01,70007198,A6120110207,South Korea,Rep-09,28,"Sales Rep: Are you satisfied with the product? Customer: Yes, the product is performing well. Sales Rep: Would you consider increasing the order? Customer: We are evaluating the next purchase.",Follow-up required
CALL001286,2020-02-01,90009129,A5721110502,Newzealand,Rep-24,19,"Sales Rep: Are you satisfied with the product? Customer: Yes, the product is performing well. Sales Rep: Would you consider increasing the order? Customer: We are evaluating the next purchase.",Follow-up required
CALL001287,2020-05-01,90022083,A4419110404,USA,Rep-26,22,"Sales Rep: Are you satisfied with the product? Customer: Yes, the product is performing well. Sales Rep: Would you consider increasing the order? Customer: We are evaluating the next purchase.",Follow-up required
CALL001288,2020-08-01,90009128,A4821110808,Newzealand,Rep-23,12,"Sales Rep: Are you satisfied with the product? Customer: Yes, the product is performing well. Sales Rep: Would you consider increasing the order? Customer: We are evaluating the next purchase.",Follow-up required
CALL001289,2020-06-01,80001019,A5721110504,China,Rep-26,10,"Sales Rep: What is holding back the next purchase? Customer: Your competitor is offering a lower price. Sales Rep: Would a revised commercial offer help? Customer: Yes, price is the main issue.",Price negotiation
CALL001290,2020-09-01,90010044,A2620150606,Bangladesh,Rep-13,28,"Sales Rep: Are you satisfied with the product? Customer: Yes, the product is performing well. Sales Rep: Would you consider increasing the order? Customer: We are evaluating the next purchase.",Follow-up required
CALL001291,2019-12-01,70017060,A2319150304,Portugal,Rep-04,26,"Sales Rep: Are you satisfied with the product? Customer: Yes, the product is performing well. Sales Rep: Would you consider increasing the order? Customer: We are evaluating the next purchase.",Follow-up required
CALL001292,2020-05-01,90017055,A4218110208,Portugal,Rep-25,11,"Sales Rep: Are you satisfied with the product? Customer: Yes, the product is performing well. Sales Rep: Would you consider increasing the order? Customer: We are evaluating the next purchase.",Follow-up required
CALL001293,2020-10-01,70006158,A0220150203,Philiphines,Rep-01,6,"Sales Rep: Are you satisfied with the product? Customer: Yes, the product is performing well. Sales Rep: Would you consider increasing the order? Customer: We are evaluating the next purchase.",Follow-up required
CALL001294,2020-01-01,70010048,A7019160401,Bangladesh,Rep-23,27,"Sales Rep: Are you satisfied with the product? Customer: Yes, the product is performing well. Sales Rep: Would you consider increasing the order? Customer: We are evaluating the next purchase.",Follow-up required
CALL001295,2021-03-01,90018112,A0619150301,Spain,Rep-16,23,"Sales Rep: Are you satisfied with the product? Customer: Yes, the product is performing well. Sales Rep: Would you consider increasing the order? Customer: We are evaluating the next purchase.",Follow-up required
CALL001296,2021-02-01,70011193,A5721110504,France,Rep-10,7,"Sales Rep: Are you satisfied with the product? Customer: Yes, the product is performing well. Sales Rep: Would you consider increasing the order? Customer: We are evaluating the next purchase.",Follow-up required
CALL001297,2021-08-01,90020101,A3120150305,Austria,Rep-16,23,"Sales Rep: Are you satisfied with the product? Customer: Yes, the product is performing well. Sales Rep: Would you consider increasing the order? Customer: We are evaluating the next purchase.",Follow-up required
CALL001298,2021-08-01,90014136,A1919150401,Netherlands,Rep-05,29,"Sales Rep: Are you satisfied with the product? Customer: Yes, the product is performing well. Sales Rep: Would you consider increasing the order? Customer: We are evaluating the next purchase.",Follow-up required
CALL001299,2021-02-01,90011188,A4218110207,France,Rep-14,27,"Sales Rep: Are you satisfied with the product? Customer: Yes, the product is performing well. Sales Rep: Would you consider increasing the order? Customer: We are evaluating the next purchase.",Follow-up required
CALL001300,2021-04-01,70003181,A7020160403,Indonesia,Rep-12,5,"Sales Rep: Are you satisfied with the product? Customer: Yes, the product is performing well. Sales Rep: Would you consider increasing the order? Customer: We are evaluating the next purchase.",Follow-up required
CALL001301,2019-09-01,90021089,A2319150302,United Kingdom,Rep-08,23,"Sales Rep: Are you satisfied with the product? Customer: Yes, the product is performing well. Sales Rep: Would you consider increasing the order? Customer: We are evaluating the next purchase.",Follow-up required
CALL001302,2018-11-01,90001020,A4218110207,China,Rep-16,6,"Sales Rep: Are you satisfied with the product? Customer: Yes, the product is performing well. Sales Rep: Would you consider increasing the order? Customer: We are evaluating the next purchase.",Follow-up required
CALL001303,2020-03-01,90018112,A5519110304,Spain,Rep-23,22,"Sales Rep: Are you satisfied with the product? Customer: Yes, the product is performing well. Sales Rep: Would you consider increasing the order? Customer: We are evaluating the next purchase.",Follow-up required
CALL001304,2021-01-01,70004070,A7219160201,Japan,Rep-15,12,"Sales Rep: Are you satisfied with the product? Customer: Yes, the product is performing well. Sales Rep: Would you consider increasing the order? Customer: We are evaluating the next purchase.",Follow-up required
CALL001305,2020-04-01,70015152,A1521150601,Norway,Rep-09,12,"Sales Rep: Are you satisfied with the product? Customer: Yes, the product is performing well. Sales Rep: Would you consider increasing the order? Customer: We are evaluating the next purchase.",Follow-up required
CALL001306,2021-06-01,90002011,A2918150105,India,Rep-26,16,"Sales Rep: Are you satisfied with the product? Customer: Yes, the product is performing well. Sales Rep: Would you consider increasing the order? Customer: We are evaluating the next purchase.",Follow-up required
CALL001307,2020-08-01,90015149,A1219150301,Norway,Rep-18,24,"Sales Rep: Are you satisfied with the product? Customer: Yes, the product is performing well. Sales Rep: Would you consider increasing the order? Customer: We are evaluating the next purchase.",Follow-up required
CALL001308,2021-02-01,90011189,A5620110401,France,Rep-07,11,"Sales Rep: Are you satisfied with the product? Customer: Yes, the product is performing well. Sales Rep: Would you consider increasing the order? Customer: We are evaluating the next purchase.",Follow-up required
CALL001309,2021-08-01,90016175,A3320150504,Poland,Rep-09,29,"Sales Rep: Are you satisfied with the product? Customer: Yes, the product is performing well. Sales Rep: Would you consider increasing the order? Customer: We are evaluating the next purchase.",Follow-up required
CALL001310,2020-02-01,90011185,A4318110301,France,Rep-30,25,"Sales Rep: Are you satisfied with the product? Customer: Yes, the product is performing well. Sales Rep: Would you consider increasing the order? Customer: We are evaluating the next purchase.",Follow-up required
CALL001311,2019-05-01,70007198,A6818160202,South Korea,Rep-30,23,"Sales Rep: Are you satisfied with the product? Customer: Yes, the product is performing well. Sales Rep: Would you consider increasing the order? Customer: We are evaluating the next purchase.",Follow-up required
CALL001312,2019-02-01,90021094,A6119110201,United Kingdom,Rep-06,12,"Sales Rep: Are you satisfied with the product? Customer: Yes, the product is performing well. Sales Rep: Would you consider increasing the order? Customer: We are evaluating the next purchase.",Follow-up required
CALL001313,2019-01-01,90021092,A2021150503,United Kingdom,Rep-02,10,"Sales Rep: Are you satisfied with the product? Customer: Yes, the product is performing well. Sales Rep: Would you consider increasing the order? Customer: We are evaluating the next purchase.",Follow-up required
CALL001314,2019-08-01,90008167,A2219150205,Australia,Rep-15,24,"Sales Rep: Are you satisfied with the product? Customer: Yes, the product is performing well. Sales Rep: Would you consider increasing the order? Customer: We are evaluating the next purchase.",Follow-up required
CALL001315,2020-10-01,90010045,A6419160301,Bangladesh,Rep-21,28,"Sales Rep: Are you satisfied with the product? Customer: Yes, the product is performing well. Sales Rep: Would you consider increasing the order? Customer: We are evaluating the next purchase.",Follow-up required
CALL001316,2019-06-01,90014140,A5721110505,Netherlands,Rep-05,16,"Sales Rep: Are you satisfied with the product? Customer: Yes, the product is performing well. Sales Rep: Would you consider increasing the order? Customer: We are evaluating the next purchase.",Follow-up required
CALL001317,2021-06-01,90023025,A6818160202,Canada,Rep-17,4,"Sales Rep: Are you satisfied with the product? Customer: Yes, the product is performing well. Sales Rep: Would you consider increasing the order? Customer: We are evaluating the next purchase.",Follow-up required
CALL001318,2020-02-01,90017054,A5419110207,Portugal,Rep-28,25,"Sales Rep: Are you satisfied with the product? Customer: Yes, the product is performing well. Sales Rep: Would you consider increasing the order? Customer: We are evaluating the next purchase.",Follow-up required
CALL001319,2019-04-01,90020097,A1521150602,Austria,Rep-10,12,"Sales Rep: Are you satisfied with the product? Customer: Yes, the product is performing well. Sales Rep: Would you consider increasing the order? Customer: We are evaluating the next purchase.",Follow-up required
CALL001320,2021-02-01,90023025,A3320150502,Canada,Rep-02,20,"Sales Rep: Are you satisfied with the product? Customer: Yes, the product is performing well. Sales Rep: Would you consider increasing the order? Customer: We are evaluating the next purchase.",Follow-up required
CALL001321,2020-07-01,90017055,A4419110404,Portugal,Rep-30,23,"Sales Rep: Are you satisfied with the product? Customer: Yes, the product is performing well. Sales Rep: Would you consider increasing the order? Customer: We are evaluating the next purchase.",Follow-up required
CALL001322,2018-12-01,90004067,A3521150701,Japan,Rep-20,19,"Sales Rep: Are you satisfied with the product? Customer: Yes, the product is performing well. Sales Rep: Would you consider increasing the order? Customer: We are evaluating the next purchase.",Follow-up required
CALL001323,2020-06-01,90001021,A2821150801,China,Rep-05,10,"Sales Rep: Are you satisfied with the product? Customer: Yes, the product is performing well. Sales Rep: Would you consider increasing the order? Customer: We are evaluating the next purchase.",Follow-up required
CALL001324,2020-01-01,70002017,A4218110206,India,Rep-06,21,"Sales Rep: Are you satisfied with the product? Customer: Yes, the product is performing well. Sales Rep: Would you consider increasing the order? Customer: We are evaluating the next purchase.",Follow-up required
CALL001325,2019-06-01,70007198,A0418150101,South Korea,Rep-11,29,"Sales Rep: Are you satisfied with the product? Customer: Yes, the product is performing well. Sales Rep: Would you consider increasing the order? Customer: We are evaluating the next purchase.",Follow-up required
CALL001326,2020-03-01,90018106,A3320150501,Spain,Rep-08,23,"Sales Rep: Are you satisfied with the product? Customer: Yes, the product is performing well. Sales Rep: Would you consider increasing the order? Customer: We are evaluating the next purchase.",Follow-up required
CALL001327,2021-03-01,70009133,A2821150802,Newzealand,Rep-08,10,"Sales Rep: Are you satisfied with the product? Customer: Yes, the product is performing well. Sales Rep: Would you consider increasing the order? Customer: We are evaluating the next purchase.",Follow-up required
CALL001328,2019-07-01,90008164,A1920150404,Australia,Rep-18,7,"Sales Rep: Are you satisfied with the product? Customer: Yes, the product is performing well. Sales Rep: Would you consider increasing the order? Customer: We are evaluating the next purchase.",Follow-up required
CALL001329,2021-07-01,90023024,A5620110401,Canada,Rep-25,28,"Sales Rep: Are you satisfied with the product? Customer: Yes, the product is performing well. Sales Rep: Would you consider increasing the order? Customer: We are evaluating the next purchase.",Follow-up required
CALL001330,2019-06-01,90004068,A2520150505,Japan,Rep-30,24,"Sales Rep: Are you satisfied with the product? Customer: Yes, the product is performing well. Sales Rep: Would you consider increasing the order? Customer: We are evaluating the next purchase.",Follow-up required
CALL001331,2020-12-01,80007195,A4620110602,South Korea,Rep-06,29,"Sales Rep: Are you satisfied with the product? Customer: Yes, the product is performing well. Sales Rep: Would you consider increasing the order? Customer: We are evaluating the next purchase.",Follow-up required
CALL001332,2020-03-01,90015147,A2319150306,Norway,Rep-01,7,"Sales Rep: Are you satisfied with the product? Customer: Yes, the product is performing well. Sales Rep: Would you consider increasing the order? Customer: We are evaluating the next purchase.",Follow-up required
CALL001333,2019-04-01,90001020,A2918150104,China,Rep-02,26,"Sales Rep: Are you satisfied with the product? Customer: Yes, the product is performing well. Sales Rep: Would you consider increasing the order? Customer: We are evaluating the next purchase.",Follow-up required
CALL001334,2021-04-01,90003180,A7321160302,Indonesia,Rep-19,30,"Sales Rep: Are you satisfied with the product? Customer: Yes, the product is performing well. Sales Rep: Would you consider increasing the order? Customer: We are evaluating the next purchase.",Follow-up required
CALL001335,2020-01-01,90002002,A2118150102,India,Rep-28,10,"Sales Rep: Are you satisfied with the product? Customer: Yes, the product is performing well. Sales Rep: Would you consider increasing the order? Customer: We are evaluating the next purchase.",Follow-up required
CALL001336,2019-04-01,90015147,A3718150103,Norway,Rep-13,22,"Sales Rep: Are you satisfied with the product? Customer: Yes, the product is performing well. Sales Rep: Would you consider increasing the order? Customer: We are evaluating the next purchase.",Follow-up required
CALL001337,2019-12-01,90010046,A2620150601,Bangladesh,Rep-18,14,"Sales Rep: Are you satisfied with the product? Customer: Yes, the product is performing well. Sales Rep: Would you consider increasing the order? Customer: We are evaluating the next purchase.",Follow-up required
CALL001338,2020-05-01,90021089,A4620110601,United Kingdom,Rep-24,29,"Sales Rep: Are you satisfied with the product? Customer: Yes, the product is performing well. Sales Rep: Would you consider increasing the order? Customer: We are evaluating the next purchase.",Follow-up required
CALL001339,2021-02-01,90021090,A0921150603,United Kingdom,Rep-06,15,"Sales Rep: Are you satisfied with the product? Customer: Yes, the product is performing well. Sales Rep: Would you consider increasing the order? Customer: We are evaluating the next purchase.",Follow-up required
CALL001340,2018-09-01,90013120,A2821150806,Italy,Rep-01,9,"Sales Rep: Are you satisfied with the product? Customer: Yes, the product is performing well. Sales Rep: Would you consider increasing the order? Customer: We are evaluating the next purchase.",Follow-up required
CALL001341,2020-04-01,70014143,A4419110404,Netherlands,Rep-14,5,"Sales Rep: Are you satisfied with the product? Customer: Yes, the product is performing well. Sales Rep: Would you consider increasing the order? Customer: We are evaluating the next purchase.",Follow-up required
CALL001342,2020-10-01,90011185,A3019150204,France,Rep-07,9,"Sales Rep: Are you satisfied with the product? Customer: Yes, the product is performing well. Sales Rep: Would you consider increasing the order? Customer: We are evaluating the next purchase.",Follow-up required
CALL001343,2020-06-01,90012033,A6319160203,Germany,Rep-17,26,"Sales Rep: Are you satisfied with the product? Customer: Yes, the product is performing well. Sales Rep: Would you consider increasing the order? Customer: We are evaluating the next purchase.",Follow-up required
CALL001344,2020-12-01,90010045,A6419160303,Bangladesh,Rep-25,21,"Sales Rep: Are you satisfied with the product? Customer: Yes, the product is performing well. Sales Rep: Would you consider increasing the order? Customer: We are evaluating the next purchase.",Follow-up required
CALL001345,2020-04-01,90009132,A1521150603,Newzealand,Rep-15,13,"Sales Rep: Are you satisfied with the product? Customer: Yes, the product is performing well. Sales Rep: Would you consider increasing the order? Customer: We are evaluating the next purchase.",Follow-up required
CALL001346,2020-08-01,90015144,A4021150405,Norway,Rep-12,5,"Sales Rep: Are you satisfied with the product? Customer: Yes, the product is performing well. Sales Rep: Would you consider increasing the order? Customer: We are evaluating the next purchase.",Follow-up required
CALL001347,2020-07-01,90019203,A2821150806,Sweden,Rep-13,8,"Sales Rep: Are you satisfied with the product? Customer: Yes, the product is performing well. Sales Rep: Would you consider increasing the order? Customer: We are evaluating the next purchase.",Follow-up required
CALL001348,2021-04-01,90014140,A3521150701,Netherlands,Rep-13,29,"Sales Rep: Are you satisfied with the product? Customer: Yes, the product is performing well. Sales Rep: Would you consider increasing the order? Customer: We are evaluating the next purchase.",Follow-up required
CALL001349,2020-04-01,90012040,A5621110407,Germany,Rep-30,25,"Sales Rep: Are you satisfied with the product? Customer: Yes, the product is performing well. Sales Rep: Would you consider increasing the order? Customer: We are evaluating the next purchase.",Follow-up required
CALL001350,2020-04-01,90022080,A5419110204,USA,Rep-11,17,"Sales Rep: Are you satisfied with the product? Customer: Yes, the product is performing well. Sales Rep: Would you consider increasing the order? Customer: We are evaluating the next purchase.",Follow-up required
CALL001351,2020-09-01,70012042,A0621150307,Germany,Rep-18,17,"Sales Rep: Are you satisfied with the product? Customer: Yes, the product is performing well. Sales Rep: Would you consider increasing the order? Customer: We are evaluating the next purchase.",Follow-up required
CALL001352,2020-06-01,90006156,A2918150105,Philiphines,Rep-07,28,"Sales Rep: Are you satisfied with the product? Customer: Yes, the product is performing well. Sales Rep: Would you consider increasing the order? Customer: We are evaluating the next purchase.",Follow-up required
CALL001353,2021-04-01,90023026,A3521150704,Canada,Rep-04,15,"Sales Rep: Are you satisfied with the product? Customer: Yes, the product is performing well. Sales Rep: Would you consider increasing the order? Customer: We are evaluating the next purchase.",Follow-up required
CALL001354,2019-05-01,90013119,A4218110207,Italy,Rep-29,25,"Sales Rep: Are you satisfied with the product? Customer: Yes, the product is performing well. Sales Rep: Would you consider increasing the order? Customer: We are evaluating the next purchase.",Follow-up required
CALL001355,2020-07-01,90001021,A4720110701,China,Rep-23,21,"Sales Rep: Are you satisfied with the product? Customer: Yes, the product is performing well. Sales Rep: Would you consider increasing the order? Customer: We are evaluating the next purchase.",Follow-up required
CALL001356,2021-05-01,90009128,A3718150101,Newzealand,Rep-23,21,"Sales Rep: Are you satisfied with the product? Customer: Yes, the product is performing well. Sales Rep: Would you consider increasing the order? Customer: We are evaluating the next purchase.",Follow-up required
CALL001357,2020-08-01,90008166,A4118110107,Australia,Rep-28,10,"Sales Rep: Are you satisfied with the product? Customer: Yes, the product is performing well. Sales Rep: Would you consider increasing the order? Customer: We are evaluating the next purchase.",Follow-up required
CALL001358,2021-06-01,90015144,A3320150506,Norway,Rep-15,29,"Sales Rep: Are you satisfied with the product? Customer: Yes, the product is performing well. Sales Rep: Would you consider increasing the order? Customer: We are evaluating the next purchase.",Follow-up required
CALL001359,2021-06-01,90010046,A7220160202,Bangladesh,Rep-07,18,"Sales Rep: Are you satisfied with the product? Customer: Yes, the product is performing well. Sales Rep: Would you consider increasing the order? Customer: We are evaluating the next purchase.",Follow-up required
CALL001360,2019-09-01,90005160,A1819150304,Pakistan,Rep-26,13,"Sales Rep: Are you satisfied with the product? Customer: Yes, the product is performing well. Sales Rep: Would you consider increasing the order? Customer: We are evaluating the next purchase.",Follow-up required
CALL001361,2020-08-01,90010045,A2118150106,Bangladesh,Rep-17,15,"Sales Rep: Are you satisfied with the product? Customer: Yes, the product is performing well. Sales Rep: Would you consider increasing the order? Customer: We are evaluating the next purchase.",Follow-up required
CALL001362,2018-11-01,80001019,A4118110106,China,Rep-04,30,"Sales Rep: Are you satisfied with the product? Customer: Yes, the product is performing well. Sales Rep: Would you consider increasing the order? Customer: We are evaluating the next purchase.",Follow-up required
CALL001363,2019-12-01,90013118,A0721150403,Italy,Rep-12,27,"Sales Rep: Are you satisfied with the product? Customer: Yes, the product is performing well. Sales Rep: Would you consider increasing the order? Customer: We are evaluating the next purchase.",Follow-up required
CALL001364,2020-01-01,90020097,A2620150605,Austria,Rep-18,13,"Sales Rep: Are you satisfied with the product? Customer: Yes, the product is performing well. Sales Rep: Would you consider increasing the order? Customer: We are evaluating the next purchase.",Follow-up required
CALL001365,2019-08-01,90020098,A2219150204,Austria,Rep-17,21,"Sales Rep: Are you satisfied with the product? Customer: Yes, the product is performing well. Sales Rep: Would you consider increasing the order? Customer: We are evaluating the next purchase.",Follow-up required
CALL001366,2021-01-01,90014139,A5318110103,Netherlands,Rep-04,26,"Sales Rep: Are you satisfied with the product? Customer: Yes, the product is performing well. Sales Rep: Would you consider increasing the order? Customer: We are evaluating the next purchase.",Follow-up required
CALL001367,2019-08-01,70003182,A0519150205,Indonesia,Rep-27,18,"Sales Rep: Are you satisfied with the product? Customer: Yes, the product is performing well. Sales Rep: Would you consider increasing the order? Customer: We are evaluating the next purchase.",Follow-up required
CALL001368,2020-09-01,90019201,A3120150306,Sweden,Rep-03,15,"Sales Rep: Are you satisfied with the product? Customer: Yes, the product is performing well. Sales Rep: Would you consider increasing the order? Customer: We are evaluating the next purchase.",Follow-up required
CALL001369,2019-09-01,90008167,A4520110504,Australia,Rep-30,27,"Sales Rep: Are you satisfied with the product? Customer: Yes, the product is performing well. Sales Rep: Would you consider increasing the order? Customer: We are evaluating the next purchase.",Follow-up required
CALL001370,2019-05-01,90017059,A4319110304,Portugal,Rep-07,16,"Sales Rep: Are you satisfied with the product? Customer: Yes, the product is performing well. Sales Rep: Would you consider increasing the order? Customer: We are evaluating the next purchase.",Follow-up required
CALL001371,2019-02-01,90014139,A4118110101,Netherlands,Rep-24,10,"Sales Rep: Are you satisfied with the product? Customer: Yes, the product is performing well. Sales Rep: Would you consider increasing the order? Customer: We are evaluating the next purchase.",Follow-up required
CALL001372,2019-05-01,90018112,A0519150207,Spain,Rep-25,14,"Sales Rep: Are you satisfied with the product? Customer: Yes, the product is performing well. Sales Rep: Would you consider increasing the order? Customer: We are evaluating the next purchase.",Follow-up required
CALL001373,2020-05-01,70007199,A5721110504,South Korea,Rep-05,30,"Sales Rep: What is holding back the next purchase? Customer: Your competitor is offering a lower price. Sales Rep: Would a revised commercial offer help? Customer: Yes, price is the main issue.",Price negotiation
CALL001374,2020-11-01,70007198,A4419110402,South Korea,Rep-16,19,"Sales Rep: Are you satisfied with the product? Customer: Yes, the product is performing well. Sales Rep: Would you consider increasing the order? Customer: We are evaluating the next purchase.",Follow-up required
CALL001375,2019-02-01,90004065,A2721150706,Japan,Rep-17,15,"Sales Rep: Are you satisfied with the product? Customer: Yes, the product is performing well. Sales Rep: Would you consider increasing the order? Customer: We are evaluating the next purchase.",Follow-up required
CALL001376,2019-11-01,90022071,A2319150305,USA,Rep-23,20,"Sales Rep: Are you satisfied with the product? Customer: Yes, the product is performing well. Sales Rep: Would you consider increasing the order? Customer: We are evaluating the next purchase.",Follow-up required
CALL001377,2019-03-01,90021092,A1920150404,United Kingdom,Rep-27,4,"Sales Rep: Are you satisfied with the product? Customer: Yes, the product is performing well. Sales Rep: Would you consider increasing the order? Customer: We are evaluating the next purchase.",Follow-up required
CALL001378,2021-08-01,90008166,A1718150203,Australia,Rep-04,12,"Sales Rep: Are you satisfied with the product? Customer: Yes, the product is performing well. Sales Rep: Would you consider increasing the order? Customer: We are evaluating the next purchase.",Follow-up required
CALL001379,2020-05-01,90022077,A4721110705,USA,Rep-26,14,"Sales Rep: Are you satisfied with the product? Customer: Yes, the product is performing well. Sales Rep: Would you consider increasing the order? Customer: We are evaluating the next purchase.",Follow-up required
CALL001380,2021-06-01,90017050,A1420150502,Portugal,Rep-29,20,"Sales Rep: Are you satisfied with the product? Customer: Yes, the product is performing well. Sales Rep: Would you consider increasing the order? Customer: We are evaluating the next purchase.",Follow-up required
CALL001381,2021-03-01,90015144,A3421150606,Norway,Rep-28,30,"Sales Rep: Are you satisfied with the product? Customer: Yes, the product is performing well. Sales Rep: Would you consider increasing the order? Customer: We are evaluating the next purchase.",Follow-up required
CALL001382,2021-04-01,90010045,A3420150601,Bangladesh,Rep-19,29,"Sales Rep: Are you satisfied with the product? Customer: Yes, the product is performing well. Sales Rep: Would you consider increasing the order? Customer: We are evaluating the next purchase.",Follow-up required
CALL001383,2020-07-01,90020102,A6720160103,Austria,Rep-18,15,"Sales Rep: Are you satisfied with the product? Customer: Yes, the product is performing well. Sales Rep: Would you consider increasing the order? Customer: We are evaluating the next purchase.",Follow-up required
CALL001384,2020-08-01,90006156,A4218110201,Philiphines,Rep-15,25,"Sales Rep: Are you satisfied with the product? Customer: Yes, the product is performing well. Sales Rep: Would you consider increasing the order? Customer: We are evaluating the next purchase.",Follow-up required
CALL001385,2021-05-01,90005160,A4519110501,Pakistan,Rep-12,15,"Sales Rep: Are you satisfied with the product? Customer: Yes, the product is performing well. Sales Rep: Would you consider increasing the order? Customer: We are evaluating the next purchase.",Follow-up required
CALL001386,2019-12-01,90023023,A1018150103,Canada,Rep-11,16,"Sales Rep: Are you satisfied with the product? Customer: Yes, the product is performing well. Sales Rep: Would you consider increasing the order? Customer: We are evaluating the next purchase.",Follow-up required
CALL001387,2018-12-01,70006157,A6319160203,Philiphines,Rep-22,16,"Sales Rep: Are you satisfied with the product? Customer: Yes, the product is performing well. Sales Rep: Would you consider increasing the order? Customer: We are evaluating the next purchase.",Follow-up required
CALL001388,2020-04-01,90004063,A5318110102,Japan,Rep-24,4,"Sales Rep: Are you satisfied with the product? Customer: Yes, the product is performing well. Sales Rep: Would you consider increasing the order? Customer: We are evaluating the next purchase.",Follow-up required
CALL001389,2020-07-01,90010045,A0321150303,Bangladesh,Rep-16,17,"Sales Rep: Are you satisfied with the product? Customer: Yes, the product is performing well. Sales Rep: Would you consider increasing the order? Customer: We are evaluating the next purchase.",Follow-up required
CALL001390,2020-12-01,70022084,A7020160403,USA,Rep-07,15,"Sales Rep: Are you satisfied with the product? Customer: Yes, the product is performing well. Sales Rep: Would you consider increasing the order? Customer: We are evaluating the next purchase.",Follow-up required
CALL001391,2019-03-01,90018105,A2918150101,Spain,Rep-15,9,"Sales Rep: Are you satisfied with the product? Customer: Yes, the product is performing well. Sales Rep: Would you consider increasing the order? Customer: We are evaluating the next purchase.",Follow-up required
CALL001392,2019-03-01,70006158,A7220160202,Philiphines,Rep-11,9,"Sales Rep: Are you satisfied with the product? Customer: Yes, the product is performing well. Sales Rep: Would you consider increasing the order? Customer: We are evaluating the next purchase.",Follow-up required
CALL001393,2020-11-01,70015152,A1118150202,Norway,Rep-11,13,"Sales Rep: Are you satisfied with the product? Customer: Yes, the product is performing well. Sales Rep: Would you consider increasing the order? Customer: We are evaluating the next purchase.",Follow-up required
CALL001394,2021-01-01,80006154,A4821110801,Philiphines,Rep-15,16,"Sales Rep: Are you satisfied with the product? Customer: Yes, the product is performing well. Sales Rep: Would you consider increasing the order? Customer: We are evaluating the next purchase.",Follow-up required
CALL001395,2019-04-01,90020102,A3621150804,Austria,Rep-15,17,"Sales Rep: Are you satisfied with the product? Customer: Yes, the product is performing well. Sales Rep: Would you consider increasing the order? Customer: We are evaluating the next purchase.",Follow-up required
CALL001396,2019-09-01,90009132,A3018150201,Newzealand,Rep-29,22,"Sales Rep: Are you satisfied with the product? Customer: Yes, the product is performing well. Sales Rep: Would you consider increasing the order? Customer: We are evaluating the next purchase.",Follow-up required
CALL001397,2021-08-01,70011193,A4520110504,France,Rep-15,19,"Sales Rep: Are you satisfied with the product? Customer: Yes, the product is performing well. Sales Rep: Would you consider increasing the order? Customer: We are evaluating the next purchase.",Follow-up required
CALL001398,2020-04-01,90015145,A5721110508,Norway,Rep-24,9,"Sales Rep: Are you satisfied with the product? Customer: Yes, the product is performing well. Sales Rep: Would you consider increasing the order? Customer: We are evaluating the next purchase.",Follow-up required
CALL001399,2019-07-01,90004061,A2821150805,Japan,Rep-25,29,"Sales Rep: Are you satisfied with the product? Customer: Yes, the product is performing well. Sales Rep: Would you consider increasing the order? Customer: We are evaluating the next purchase.",Follow-up required
CALL001400,2020-07-01,70014142,A4721110708,Netherlands,Rep-19,28,"Sales Rep: Are you satisfied with the product? Customer: Yes, the product is performing well. Sales Rep: Would you consider increasing the order? Customer: We are evaluating the next purchase.",Follow-up required
CALL001401,2019-11-01,90023022,A4419110406,Canada,Rep-14,19,"Sales Rep: Are you satisfied with the product? Customer: Yes, the product is performing well. Sales Rep: Would you consider increasing the order? Customer: We are evaluating the next purchase.",Follow-up required
CALL001402,2020-07-01,90012035,A4319110302,Germany,Rep-30,27,"Sales Rep: Are you satisfied with the product? Customer: Yes, the product is performing well. Sales Rep: Would you consider increasing the order? Customer: We are evaluating the next purchase.",Follow-up required
CALL001403,2021-03-01,70020104,A6018110101,Austria,Rep-10,19,"Sales Rep: Are you satisfied with the product? Customer: Yes, the product is performing well. Sales Rep: Would you consider increasing the order? Customer: We are evaluating the next purchase.",Follow-up required
CALL001404,2019-06-01,90002006,A0620150303,India,Rep-04,5,"Sales Rep: Are you satisfied with the product? Customer: Yes, the product is performing well. Sales Rep: Would you consider increasing the order? Customer: We are evaluating the next purchase.",Follow-up required
CALL001405,2021-05-01,70014142,A4620110606,Netherlands,Rep-13,12,"Sales Rep: Are you satisfied with the product? Customer: Yes, the product is performing well. Sales Rep: Would you consider increasing the order? Customer: We are evaluating the next purchase.",Follow-up required
CALL001406,2018-09-01,90022083,A6019110107,USA,Rep-24,15,"Sales Rep: Are you satisfied with the product? Customer: Yes, the product is performing well. Sales Rep: Would you consider increasing the order? Customer: We are evaluating the next purchase.",Follow-up required
CALL001407,2020-02-01,90019200,A1219150301,Sweden,Rep-26,7,"Sales Rep: Are you satisfied with the product? Customer: Yes, the product is performing well. Sales Rep: Would you consider increasing the order? Customer: We are evaluating the next purchase.",Follow-up required
CALL001408,2020-06-01,90001021,A1718150204,China,Rep-16,21,"Sales Rep: Are you satisfied with the product? Customer: Yes, the product is performing well. Sales Rep: Would you consider increasing the order? Customer: We are evaluating the next purchase.",Follow-up required
CALL001409,2018-11-01,90017059,A6119110203,Portugal,Rep-25,15,"Sales Rep: Are you satisfied with the product? Customer: Yes, the product is performing well. Sales Rep: Would you consider increasing the order? Customer: We are evaluating the next purchase.",Follow-up required
CALL001410,2020-04-01,90003179,A1521150603,Indonesia,Rep-12,28,"Sales Rep: Are you satisfied with the product? Customer: Yes, the product is performing well. Sales Rep: Would you consider increasing the order? Customer: We are evaluating the next purchase.",Follow-up required
CALL001411,2019-09-01,90011191,A4020150401,France,Rep-10,27,"Sales Rep: Are you satisfied with the product? Customer: Yes, the product is performing well. Sales Rep: Would you consider increasing the order? Customer: We are evaluating the next purchase.",Follow-up required
CALL001412,2020-09-01,90019202,A0418150103,Sweden,Rep-11,28,"Sales Rep: Are you satisfied with the product? Customer: Yes, the product is performing well. Sales Rep: Would you consider increasing the order? Customer: We are evaluating the next purchase.",Follow-up required
CALL001413,2021-08-01,90001020,A4419110401,China,Rep-25,26,"Sales Rep: Are you satisfied with the product? Customer: Yes, the product is performing well. Sales Rep: Would you consider increasing the order? Customer: We are evaluating the next purchase.",Follow-up required
CALL001414,2019-05-01,90002006,A0219150201,India,Rep-21,10,"Sales Rep: Are you satisfied with the product? Customer: Yes, the product is performing well. Sales Rep: Would you consider increasing the order? Customer: We are evaluating the next purchase.",Follow-up required
CALL001415,2019-12-01,90010045,A4419110401,Bangladesh,Rep-04,14,"Sales Rep: Are you satisfied with the product? Customer: Yes, the product is performing well. Sales Rep: Would you consider increasing the order? Customer: We are evaluating the next purchase.",Follow-up required
CALL001416,2020-11-01,90005162,A2118150101,Pakistan,Rep-18,9,"Sales Rep: Are you satisfied with the product? Customer: Yes, the product is performing well. Sales Rep: Would you consider increasing the order? Customer: We are evaluating the next purchase.",Follow-up required
CALL001417,2019-10-01,90001021,A4620110604,China,Rep-22,26,"Sales Rep: Are you satisfied with the product? Customer: Yes, the product is performing well. Sales Rep: Would you consider increasing the order? Customer: We are evaluating the next purchase.",Follow-up required
CALL001418,2020-12-01,90022073,A4721110706,USA,Rep-17,16,"Sales Rep: Are you satisfied with the product? Customer: Yes, the product is performing well. Sales Rep: Would you consider increasing the order? Customer: We are evaluating the next purchase.",Follow-up required
CALL001419,2020-07-01,90010045,A1018150101,Bangladesh,Rep-20,19,"Sales Rep: Are you satisfied with the product? Customer: Yes, the product is performing well. Sales Rep: Would you consider increasing the order? Customer: We are evaluating the next purchase.",Follow-up required
CALL001420,2020-07-01,90011185,A5318110101,France,Rep-26,15,"Sales Rep: Are you satisfied with the product? Customer: Yes, the product is performing well. Sales Rep: Would you consider increasing the order? Customer: We are evaluating the next purchase.",Follow-up required
CALL001421,2020-11-01,90021091,A4721110704,United Kingdom,Rep-22,9,"Sales Rep: Are you satisfied with the product? Customer: Yes, the product is performing well. Sales Rep: Would you consider increasing the order? Customer: We are evaluating the next purchase.",Follow-up required
CALL001422,2019-12-01,70003182,A5318110108,Indonesia,Rep-07,18,"Sales Rep: Are you satisfied with the product? Customer: Yes, the product is performing well. Sales Rep: Would you consider increasing the order? Customer: We are evaluating the next purchase.",Follow-up required
CALL001423,2019-07-01,90005160,A5621110408,Pakistan,Rep-17,30,"Sales Rep: Are you satisfied with the product? Customer: Yes, the product is performing well. Sales Rep: Would you consider increasing the order? Customer: We are evaluating the next purchase.",Follow-up required
CALL001424,2020-01-01,90011189,A5419110205,France,Rep-20,19,"Sales Rep: Are you satisfied with the product? Customer: Yes, the product is performing well. Sales Rep: Would you consider increasing the order? Customer: We are evaluating the next purchase.",Follow-up required
CALL001425,2020-01-01,90012038,A4319110306,Germany,Rep-26,19,"Sales Rep: Are you satisfied with the product? Customer: Yes, the product is performing well. Sales Rep: Would you consider increasing the order? Customer: We are evaluating the next purchase.",Follow-up required
CALL001426,2018-12-01,90009130,A2419150401,Newzealand,Rep-05,4,"Sales Rep: Are you satisfied with the product? Customer: Yes, the product is performing well. Sales Rep: Would you consider increasing the order? Customer: We are evaluating the next purchase.",Follow-up required
CALL001427,2019-11-01,90012033,A1521150601,Germany,Rep-08,16,"Sales Rep: Are you satisfied with the product? Customer: Yes, the product is performing well. Sales Rep: Would you consider increasing the order? Customer: We are evaluating the next purchase.",Follow-up required
CALL001428,2020-09-01,90008165,A0921150601,Australia,Rep-18,7,"Sales Rep: Are you satisfied with the product? Customer: Yes, the product is performing well. Sales Rep: Would you consider increasing the order? Customer: We are evaluating the next purchase.",Follow-up required
CALL001429,2019-01-01,90021088,A7321160303,United Kingdom,Rep-03,19,"Sales Rep: Are you satisfied with the product? Customer: Yes, the product is performing well. Sales Rep: Would you consider increasing the order? Customer: We are evaluating the next purchase.",Follow-up required
CALL001430,2018-10-01,70006158,A2118150105,Philiphines,Rep-24,20,"Sales Rep: Are you satisfied with the product? Customer: Yes, the product is performing well. Sales Rep: Would you consider increasing the order? Customer: We are evaluating the next purchase.",Follow-up required
CALL001431,2021-05-01,90018112,A4821110808,Spain,Rep-30,20,"Sales Rep: Are you satisfied with the product? Customer: Yes, the product is performing well. Sales Rep: Would you consider increasing the order? Customer: We are evaluating the next purchase.",Follow-up required
CALL001432,2018-11-01,90011191,A2319150301,France,Rep-27,9,"Sales Rep: Are you satisfied with the product? Customer: Yes, the product is performing well. Sales Rep: Would you consider increasing the order? Customer: We are evaluating the next purchase.",Follow-up required
CALL001433,2020-09-01,90019202,A4821110801,Sweden,Rep-21,9,"Sales Rep: Are you satisfied with the product? Customer: Yes, the product is performing well. Sales Rep: Would you consider increasing the order? Customer: We are evaluating the next purchase.",Follow-up required
CALL001434,2021-06-01,90003179,A4218110206,Indonesia,Rep-20,17,"Sales Rep: Are you satisfied with the product? Customer: Yes, the product is performing well. Sales Rep: Would you consider increasing the order? Customer: We are evaluating the next purchase.",Follow-up required
CALL001435,2018-09-01,70008170,A3320150504,Australia,Rep-22,19,"Sales Rep: Are you satisfied with the product? Customer: Yes, the product is performing well. Sales Rep: Would you consider increasing the order? Customer: We are evaluating the next purchase.",Follow-up required
CALL001436,2019-05-01,90002005,A5318110101,India,Rep-21,14,"Sales Rep: Are you satisfied with the product? Customer: Yes, the product is performing well. Sales Rep: Would you consider increasing the order? Customer: We are evaluating the next purchase.",Follow-up required
CALL001437,2018-10-01,90005161,A1219150301,Pakistan,Rep-11,18,"Sales Rep: Are you satisfied with the product? Customer: Yes, the product is performing well. Sales Rep: Would you consider increasing the order? Customer: We are evaluating the next purchase.",Follow-up required
CALL001438,2019-05-01,90002011,A5519110302,India,Rep-03,21,"Sales Rep: Are you satisfied with the product? Customer: Yes, the product is performing well. Sales Rep: Would you consider increasing the order? Customer: We are evaluating the next purchase.",Follow-up required
CALL001439,2020-12-01,90009127,A2020150501,Newzealand,Rep-09,24,"Sales Rep: Are you satisfied with the product? Customer: Yes, the product is performing well. Sales Rep: Would you consider increasing the order? Customer: We are evaluating the next purchase.",Follow-up required
CALL001440,2020-07-01,90016171,A1018150101,Poland,Rep-22,17,"Sales Rep: Are you satisfied with the product? Customer: Yes, the product is performing well. Sales Rep: Would you consider increasing the order? Customer: We are evaluating the next purchase.",Follow-up required
CALL001441,2021-02-01,70003182,A4520110507,Indonesia,Rep-27,10,"Sales Rep: Are you satisfied with the product? Customer: Yes, the product is performing well. Sales Rep: Would you consider increasing the order? Customer: We are evaluating the next purchase.",Follow-up required
CALL001442,2020-01-01,90004065,A0519150207,Japan,Rep-05,14,"Sales Rep: Are you satisfied with the product? Customer: Yes, the product is performing well. Sales Rep: Would you consider increasing the order? Customer: We are evaluating the next purchase.",Follow-up required
CALL001443,2021-03-01,90004066,A5519110301,Japan,Rep-03,22,"Sales Rep: Are you satisfied with the product? Customer: Yes, the product is performing well. Sales Rep: Would you consider increasing the order? Customer: We are evaluating the next purchase.",Follow-up required
CALL001444,2019-07-01,90013121,A2319150304,Italy,Rep-04,25,"Sales Rep: Are you satisfied with the product? Customer: Yes, the product is performing well. Sales Rep: Would you consider increasing the order? Customer: We are evaluating the next purchase.",Follow-up required
CALL001445,2021-07-01,90020099,A3018150202,Austria,Rep-04,23,"Sales Rep: Are you satisfied with the product? Customer: Yes, the product is performing well. Sales Rep: Would you consider increasing the order? Customer: We are evaluating the next purchase.",Follow-up required
CALL001446,2019-03-01,90011191,A0821150504,France,Rep-10,20,"Sales Rep: Are you satisfied with the product? Customer: Yes, the product is performing well. Sales Rep: Would you consider increasing the order? Customer: We are evaluating the next purchase.",Follow-up required
CALL001447,2021-07-01,90021093,A7019160401,United Kingdom,Rep-17,27,"Sales Rep: Are you satisfied with the product? Customer: Yes, the product is performing well. Sales Rep: Would you consider increasing the order? Customer: We are evaluating the next purchase.",Follow-up required
CALL001448,2019-06-01,90005160,A7118160101,Pakistan,Rep-21,22,"Sales Rep: Are you satisfied with the product? Customer: Yes, the product is performing well. Sales Rep: Would you consider increasing the order? Customer: We are evaluating the next purchase.",Follow-up required
CALL001449,2019-07-01,90015148,A4620110606,Norway,Rep-21,17,"Sales Rep: Are you satisfied with the product? Customer: Yes, the product is performing well. Sales Rep: Would you consider increasing the order? Customer: We are evaluating the next purchase.",Follow-up required
CALL001450,2020-09-01,90004062,A3220150402,Japan,Rep-14,8,"Sales Rep: Are you satisfied with the product? Customer: Yes, the product is performing well. Sales Rep: Would you consider increasing the order? Customer: We are evaluating the next purchase.",Follow-up required
CALL001451,2019-03-01,90004066,A3718150103,Japan,Rep-17,9,"Sales Rep: Are you satisfied with the product? Customer: Yes, the product is performing well. Sales Rep: Would you consider increasing the order? Customer: We are evaluating the next purchase.",Follow-up required
CALL001452,2019-09-01,90020100,A2419150401,Austria,Rep-20,19,"Sales Rep: Are you satisfied with the product? Customer: Yes, the product is performing well. Sales Rep: Would you consider increasing the order? Customer: We are evaluating the next purchase.",Follow-up required
CALL001453,2020-08-01,70011193,A7119160103,France,Rep-08,5,"Sales Rep: Are you satisfied with the product? Customer: Yes, the product is performing well. Sales Rep: Would you consider increasing the order? Customer: We are evaluating the next purchase.",Follow-up required
CALL001454,2019-10-01,90010045,A2021150503,Bangladesh,Rep-29,30,"Sales Rep: Are you satisfied with the product? Customer: Yes, the product is performing well. Sales Rep: Would you consider increasing the order? Customer: We are evaluating the next purchase.",Follow-up required
CALL001455,2020-03-01,90019202,A5721110508,Sweden,Rep-11,19,"Sales Rep: What is holding back the next purchase? Customer: Your competitor is offering a lower price. Sales Rep: Would a revised commercial offer help? Customer: Yes, price is the main issue.",Price negotiation
CALL001456,2020-05-01,90010044,A2821150801,Bangladesh,Rep-21,9,"Sales Rep: Are you satisfied with the product? Customer: Yes, the product is performing well. Sales Rep: Would you consider increasing the order? Customer: We are evaluating the next purchase.",Follow-up required
CALL001457,2019-08-01,90019201,A1421150503,Sweden,Rep-22,16,"Sales Rep: Are you satisfied with the product? Customer: Yes, the product is performing well. Sales Rep: Would you consider increasing the order? Customer: We are evaluating the next purchase.",Follow-up required
CALL001458,2019-08-01,70019204,A1018150103,Sweden,Rep-19,23,"Sales Rep: Are you satisfied with the product? Customer: Yes, the product is performing well. Sales Rep: Would you consider increasing the order? Customer: We are evaluating the next purchase.",Follow-up required
CALL001459,2021-08-01,90021088,A2520150506,United Kingdom,Rep-29,29,"Sales Rep: Are you satisfied with the product? Customer: Yes, the product is performing well. Sales Rep: Would you consider increasing the order? Customer: We are evaluating the next purchase.",Follow-up required
CALL001460,2021-08-01,70018115,A3120150306,Spain,Rep-02,28,"Sales Rep: Are you satisfied with the product? Customer: Yes, the product is performing well. Sales Rep: Would you consider increasing the order? Customer: We are evaluating the next purchase.",Follow-up required
CALL001461,2019-08-01,90019201,A1119150203,Sweden,Rep-30,25,"Sales Rep: Are you satisfied with the product? Customer: Yes, the product is performing well. Sales Rep: Would you consider increasing the order? Customer: We are evaluating the next purchase.",Follow-up required
CALL001462,2021-05-01,90008167,A7220160202,Australia,Rep-26,29,"Sales Rep: Are you satisfied with the product? Customer: Yes, the product is performing well. Sales Rep: Would you consider increasing the order? Customer: We are evaluating the next purchase.",Follow-up required
CALL001463,2018-11-01,90009132,A2021150503,Newzealand,Rep-07,14,"Sales Rep: Are you satisfied with the product? Customer: Yes, the product is performing well. Sales Rep: Would you consider increasing the order? Customer: We are evaluating the next purchase.",Follow-up required
CALL001464,2019-06-01,90018109,A4520110504,Spain,Rep-20,19,"Sales Rep: Are you satisfied with the product? Customer: Yes, the product is performing well. Sales Rep: Would you consider increasing the order? Customer: We are evaluating the next purchase.",Follow-up required
CALL001465,2020-06-01,70003182,A4721110705,Indonesia,Rep-02,4,"Sales Rep: Are you satisfied with the product? Customer: Yes, the product is performing well. Sales Rep: Would you consider increasing the order? Customer: We are evaluating the next purchase.",Follow-up required
CALL001466,2018-11-01,70004070,A3220150402,Japan,Rep-25,21,"Sales Rep: Are you satisfied with the product? Customer: Yes, the product is performing well. Sales Rep: Would you consider increasing the order? Customer: We are evaluating the next purchase.",Follow-up required
CALL001467,2020-05-01,90018113,A4721110706,Spain,Rep-09,6,"Sales Rep: Are you satisfied with the product? Customer: Yes, the product is performing well. Sales Rep: Would you consider increasing the order? Customer: We are evaluating the next purchase.",Follow-up required
CALL001468,2019-09-01,90022074,A0519150205,USA,Rep-02,25,"Sales Rep: Are you satisfied with the product? Customer: Yes, the product is performing well. Sales Rep: Would you consider increasing the order? Customer: We are evaluating the next purchase.",Follow-up required
CALL001469,2019-01-01,70012043,A4319110304,Germany,Rep-07,9,"Sales Rep: Are you satisfied with the product? Customer: Yes, the product is performing well. Sales Rep: Would you consider increasing the order? Customer: We are evaluating the next purchase.",Follow-up required
CALL001470,2021-07-01,90011186,A5721110505,France,Rep-15,26,"Sales Rep: Are you satisfied with the product? Customer: Yes, the product is performing well. Sales Rep: Would you consider increasing the order? Customer: We are evaluating the next purchase.",Follow-up required
CALL001471,2019-01-01,90021086,A6319160203,United Kingdom,Rep-05,19,"Sales Rep: Are you satisfied with the product? Customer: Yes, the product is performing well. Sales Rep: Would you consider increasing the order? Customer: We are evaluating the next purchase.",Follow-up required
CALL001472,2021-05-01,90014141,A1018150102,Netherlands,Rep-03,23,"Sales Rep: Are you satisfied with the product? Customer: Yes, the product is performing well. Sales Rep: Would you consider increasing the order? Customer: We are evaluating the next purchase.",Follow-up required
CALL001473,2019-05-01,70008170,A0418150101,Australia,Rep-19,15,"Sales Rep: Are you satisfied with the product? Customer: Yes, the product is performing well. Sales Rep: Would you consider increasing the order? Customer: We are evaluating the next purchase.",Follow-up required
CALL001474,2020-08-01,80007195,A4218110207,South Korea,Rep-13,20,"Sales Rep: Are you satisfied with the product? Customer: Yes, the product is performing well. Sales Rep: Would you consider increasing the order? Customer: We are evaluating the next purchase.",Follow-up required
CALL001475,2020-08-01,90009127,A4218110207,Newzealand,Rep-08,22,"Sales Rep: Are you satisfied with the product? Customer: Yes, the product is performing well. Sales Rep: Would you consider increasing the order? Customer: We are evaluating the next purchase.",Follow-up required
CALL001476,2020-01-01,70004070,A4721110705,Japan,Rep-22,15,"Sales Rep: Are you satisfied with the product? Customer: Yes, the product is performing well. Sales Rep: Would you consider increasing the order? Customer: We are evaluating the next purchase.",Follow-up required
CALL001477,2019-11-01,80006155,A7220160202,Philiphines,Rep-12,23,"Sales Rep: Are you satisfied with the product? Customer: Yes, the product is performing well. Sales Rep: Would you consider increasing the order? Customer: We are evaluating the next purchase.",Follow-up required
CALL001478,2019-09-01,70019204,A0921150604,Sweden,Rep-16,18,"Sales Rep: Are you satisfied with the product? Customer: Yes, the product is performing well. Sales Rep: Would you consider increasing the order? Customer: We are evaluating the next purchase.",Follow-up required
CALL001479,2020-04-01,70009133,A4620110601,Newzealand,Rep-17,14,"Sales Rep: Are you satisfied with the product? Customer: Yes, the product is performing well. Sales Rep: Would you consider increasing the order? Customer: We are evaluating the next purchase.",Follow-up required
CALL001480,2019-10-01,90001020,A4721110704,China,Rep-28,25,"Sales Rep: Are you satisfied with the product? Customer: Yes, the product is performing well. Sales Rep: Would you consider increasing the order? Customer: We are evaluating the next purchase.",Follow-up required
CALL001481,2021-06-01,90020099,A3420150601,Austria,Rep-25,20,"Sales Rep: Are you satisfied with the product? Customer: Yes, the product is performing well. Sales Rep: Would you consider increasing the order? Customer: We are evaluating the next purchase.",Follow-up required
CALL001482,2020-02-01,90005161,A0821150501,Pakistan,Rep-23,27,"Sales Rep: Are you satisfied with the product? Customer: Yes, the product is performing well. Sales Rep: Would you consider increasing the order? Customer: We are evaluating the next purchase.",Follow-up required
CALL001483,2019-04-01,70003182,A5318110105,Indonesia,Rep-30,6,"Sales Rep: Are you satisfied with the product? Customer: Yes, the product is performing well. Sales Rep: Would you consider increasing the order? Customer: We are evaluating the next purchase.",Follow-up required
CALL001484,2020-12-01,90011187,A4419110408,France,Rep-05,28,"Sales Rep: Are you satisfied with the product? Customer: Yes, the product is performing well. Sales Rep: Would you consider increasing the order? Customer: We are evaluating the next purchase.",Follow-up required
CALL001485,2019-08-01,90010046,A0321150303,Bangladesh,Rep-07,11,"Sales Rep: Are you satisfied with the product? Customer: Yes, the product is performing well. Sales Rep: Would you consider increasing the order? Customer: We are evaluating the next purchase.",Follow-up required
CALL001486,2020-01-01,90011187,A5621110407,France,Rep-28,17,"Sales Rep: Are you satisfied with the product? Customer: Yes, the product is performing well. Sales Rep: Would you consider increasing the order? Customer: We are evaluating the next purchase.",Follow-up required
CALL001487,2019-04-01,90001021,A4721110707,China,Rep-07,6,"Sales Rep: Are you satisfied with the product? Customer: Yes, the product is performing well. Sales Rep: Would you consider increasing the order? Customer: We are evaluating the next purchase.",Follow-up required
CALL001488,2019-04-01,80007196,A7220160202,South Korea,Rep-12,22,"Sales Rep: Are you satisfied with the product? Customer: Yes, the product is performing well. Sales Rep: Would you consider increasing the order? Customer: We are evaluating the next purchase.",Follow-up required
CALL001489,2020-12-01,90011191,A6921160301,France,Rep-12,12,"Sales Rep: Are you satisfied with the product? Customer: Yes, the product is performing well. Sales Rep: Would you consider increasing the order? Customer: We are evaluating the next purchase.",Follow-up required
CALL001490,2019-11-01,90022078,A3018150201,USA,Rep-20,14,"Sales Rep: Are you satisfied with the product? Customer: Yes, the product is performing well. Sales Rep: Would you consider increasing the order? Customer: We are evaluating the next purchase.",Follow-up required
CALL001491,2020-07-01,90022083,A2721150702,USA,Rep-08,19,"Sales Rep: Are you satisfied with the product? Customer: Yes, the product is performing well. Sales Rep: Would you consider increasing the order? Customer: We are evaluating the next purchase.",Follow-up required
CALL001492,2019-05-01,90007197,A4218110206,South Korea,Rep-29,14,"Sales Rep: Are you satisfied with the product? Customer: Yes, the product is performing well. Sales Rep: Would you consider increasing the order? Customer: We are evaluating the next purchase.",Follow-up required
CALL001493,2021-04-01,90008168,A0118150103,Australia,Rep-05,21,"Sales Rep: Are you satisfied with the product? Customer: Yes, the product is performing well. Sales Rep: Would you consider increasing the order? Customer: We are evaluating the next purchase.",Follow-up required
CALL001494,2021-06-01,90022073,A0118150102,USA,Rep-11,17,"Sales Rep: Are you satisfied with the product? Customer: Yes, the product is performing well. Sales Rep: Would you consider increasing the order? Customer: We are evaluating the next purchase.",Follow-up required
CALL001495,2020-04-01,90019201,A2118150104,Sweden,Rep-01,11,"Sales Rep: Are you satisfied with the product? Customer: Yes, the product is performing well. Sales Rep: Would you consider increasing the order? Customer: We are evaluating the next purchase.",Follow-up required
CALL001496,2021-06-01,80001019,A6620160502,China,Rep-05,29,"Sales Rep: Are you satisfied with the product? Customer: Yes, the product is performing well. Sales Rep: Would you consider increasing the order? Customer: We are evaluating the next purchase.",Follow-up required
CALL001497,2019-06-01,90001020,A3920150305,China,Rep-15,25,"Sales Rep: Are you satisfied with the product? Customer: Yes, the product is performing well. Sales Rep: Would you consider increasing the order? Customer: We are evaluating the next purchase.",Follow-up required
CALL001498,2019-07-01,90009128,A0519150205,Newzealand,Rep-09,10,"Sales Rep: Are you satisfied with the product? Customer: Yes, the product is performing well. Sales Rep: Would you consider increasing the order? Customer: We are evaluating the next purchase.",Follow-up required
CALL001499,2020-11-01,80007195,A0619150301,South Korea,Rep-05,20,"Sales Rep: Are you satisfied with the product? Customer: Yes, the product is performing well. Sales Rep: Would you consider increasing the order? Customer: We are evaluating the next purchase.",Follow-up required
CALL001500,2021-07-01,90013117,A0621150308,Italy,Rep-01,22,"Sales Rep: Are you satisfied with the product? Customer: Yes, the product is performing well. Sales Rep: Would you consider increasing the order? Customer: We are evaluating the next purchase.",Follow-up required
CALL001501,2021-08-01,90014140,A0721150404,Netherlands,Rep-05,8,"Sales Rep: Are you satisfied with the product? Customer: Yes, the product is performing well. Sales Rep: Would you consider increasing the order? Customer: We are evaluating the next purchase.",Follow-up required
CALL001502,2021-04-01,90018109,A4721110706,Spain,Rep-11,4,"Sales Rep: Are you satisfied with the product? Customer: Yes, the product is performing well. Sales Rep: Would you consider increasing the order? Customer: We are evaluating the next purchase.",Follow-up required
CALL001503,2019-02-01,90005161,A3818150201,Pakistan,Rep-17,15,"Sales Rep: Are you satisfied with the product? Customer: Yes, the product is performing well. Sales Rep: Would you consider increasing the order? Customer: We are evaluating the next purchase.",Follow-up required
CALL001504,2020-11-01,90001021,A7118160101,China,Rep-26,30,"Sales Rep: Are you satisfied with the product? Customer: Yes, the product is performing well. Sales Rep: Would you consider increasing the order? Customer: We are evaluating the next purchase.",Follow-up required
CALL001505,2018-11-01,90008165,A3521150702,Australia,Rep-06,5,"Sales Rep: Are you satisfied with the product? Customer: Yes, the product is performing well. Sales Rep: Would you consider increasing the order? Customer: We are evaluating the next purchase.",Follow-up required
CALL001506,2020-10-01,90021093,A0320150301,United Kingdom,Rep-29,7,"Sales Rep: Are you satisfied with the product? Customer: Yes, the product is performing well. Sales Rep: Would you consider increasing the order? Customer: We are evaluating the next purchase.",Follow-up required
CALL001507,2021-07-01,70010047,A5519110301,Bangladesh,Rep-26,27,"Sales Rep: Are you satisfied with the product? Customer: Yes, the product is performing well. Sales Rep: Would you consider increasing the order? Customer: We are evaluating the next purchase.",Follow-up required
CALL001508,2019-10-01,90004062,A6520160403,Japan,Rep-07,26,"Sales Rep: Are you satisfied with the product? Customer: Yes, the product is performing well. Sales Rep: Would you consider increasing the order? Customer: We are evaluating the next purchase.",Follow-up required
CALL001509,2019-08-01,90015150,A2218150202,Norway,Rep-24,8,"Sales Rep: Are you satisfied with the product? Customer: Yes, the product is performing well. Sales Rep: Would you consider increasing the order? Customer: We are evaluating the next purchase.",Follow-up required
CALL001510,2021-07-01,90016174,A2821150802,Poland,Rep-15,26,"Sales Rep: Are you satisfied with the product? Customer: Yes, the product is performing well. Sales Rep: Would you consider increasing the order? Customer: We are evaluating the next purchase.",Follow-up required
CALL001511,2021-04-01,90015148,A3320150506,Norway,Rep-06,4,"Sales Rep: Are you satisfied with the product? Customer: Yes, the product is performing well. Sales Rep: Would you consider increasing the order? Customer: We are evaluating the next purchase.",Follow-up required
CALL001512,2019-08-01,90018108,A0321150303,Spain,Rep-03,11,"Sales Rep: Are you satisfied with the product? Customer: Yes, the product is performing well. Sales Rep: Would you consider increasing the order? Customer: We are evaluating the next purchase.",Follow-up required
CALL001513,2020-12-01,70003181,A2319150304,Indonesia,Rep-12,5,"Sales Rep: Are you satisfied with the product? Customer: Yes, the product is performing well. Sales Rep: Would you consider increasing the order? Customer: We are evaluating the next purchase.",Follow-up required
CALL001514,2020-09-01,90021093,A5318110102,United Kingdom,Rep-28,18,"Sales Rep: Are you satisfied with the product? Customer: Yes, the product is performing well. Sales Rep: Would you consider increasing the order? Customer: We are evaluating the next purchase.",Follow-up required
CALL001515,2019-03-01,90003179,A2319150301,Indonesia,Rep-01,11,"Sales Rep: Are you satisfied with the product? Customer: Yes, the product is performing well. Sales Rep: Would you consider increasing the order? Customer: We are evaluating the next purchase.",Follow-up required
CALL001516,2020-08-01,90017049,A7019160401,Portugal,Rep-28,28,"Sales Rep: Are you satisfied with the product? Customer: Yes, the product is performing well. Sales Rep: Would you consider increasing the order? Customer: We are evaluating the next purchase.",Follow-up required
CALL001517,2021-03-01,70022085,A3718150103,USA,Rep-20,5,"Sales Rep: Are you satisfied with the product? Customer: Yes, the product is performing well. Sales Rep: Would you consider increasing the order? Customer: We are evaluating the next purchase.",Follow-up required
CALL001518,2018-09-01,90004067,A6818160201,Japan,Rep-04,8,"Sales Rep: Are you satisfied with the product? Customer: Yes, the product is performing well. Sales Rep: Would you consider increasing the order? Customer: We are evaluating the next purchase.",Follow-up required
CALL001519,2020-02-01,70016178,A2319150305,Poland,Rep-05,9,"Sales Rep: Are you satisfied with the product? Customer: Yes, the product is performing well. Sales Rep: Would you consider increasing the order? Customer: We are evaluating the next purchase.",Follow-up required
CALL001520,2021-01-01,90002001,A5419110204,India,Rep-08,4,"Sales Rep: Are you satisfied with the product? Customer: Yes, the product is performing well. Sales Rep: Would you consider increasing the order? Customer: We are evaluating the next purchase.",Follow-up required
CALL001521,2019-07-01,90008168,A4821110802,Australia,Rep-23,11,"Sales Rep: Are you satisfied with the product? Customer: Yes, the product is performing well. Sales Rep: Would you consider increasing the order? Customer: We are evaluating the next purchase.",Follow-up required
CALL001522,2020-12-01,70010047,A4620110602,Bangladesh,Rep-16,27,"Sales Rep: Are you satisfied with the product? Customer: Yes, the product is performing well. Sales Rep: Would you consider increasing the order? Customer: We are evaluating the next purchase.",Follow-up required
CALL001523,2021-06-01,90018106,A3120150304,Spain,Rep-29,11,"Sales Rep: Are you satisfied with the product? Customer: Yes, the product is performing well. Sales Rep: Would you consider increasing the order? Customer: We are evaluating the next purchase.",Follow-up required
CALL001524,2020-04-01,70011193,A2218150201,France,Rep-11,22,"Sales Rep: Are you satisfied with the product? Customer: Yes, the product is performing well. Sales Rep: Would you consider increasing the order? Customer: We are evaluating the next purchase.",Follow-up required
CALL001525,2020-07-01,90014136,A6019110107,Netherlands,Rep-19,27,"Sales Rep: Are you satisfied with the product? Customer: Yes, the product is performing well. Sales Rep: Would you consider increasing the order? Customer: We are evaluating the next purchase.",Follow-up required
CALL001526,2019-04-01,90001020,A3521150704,China,Rep-27,26,"Sales Rep: Are you satisfied with the product? Customer: Yes, the product is performing well. Sales Rep: Would you consider increasing the order? Customer: We are evaluating the next purchase.",Follow-up required
CALL001527,2020-07-01,90002012,A1819150301,India,Rep-10,18,"Sales Rep: Are you satisfied with the product? Customer: Yes, the product is performing well. Sales Rep: Would you consider increasing the order? Customer: We are evaluating the next purchase.",Follow-up required
CALL001528,2019-03-01,70023032,A4118110104,Canada,Rep-20,4,"Sales Rep: Are you satisfied with the product? Customer: Yes, the product is performing well. Sales Rep: Would you consider increasing the order? Customer: We are evaluating the next purchase.",Follow-up required
CALL001529,2019-04-01,70022084,A3521150702,USA,Rep-11,18,"Sales Rep: Are you satisfied with the product? Customer: Yes, the product is performing well. Sales Rep: Would you consider increasing the order? Customer: We are evaluating the next purchase.",Follow-up required
CALL001530,2018-11-01,90004064,A1119150203,Japan,Rep-22,14,"Sales Rep: Are you satisfied with the product? Customer: Yes, the product is performing well. Sales Rep: Would you consider increasing the order? Customer: We are evaluating the next purchase.",Follow-up required
CALL001531,2019-10-01,90014139,A0620150303,Netherlands,Rep-02,8,"Sales Rep: Are you satisfied with the product? Customer: Yes, the product is performing well. Sales Rep: Would you consider increasing the order? Customer: We are evaluating the next purchase.",Follow-up required
CALL001532,2019-09-01,90022075,A4021150403,USA,Rep-25,19,"Sales Rep: Are you satisfied with the product? Customer: Yes, the product is performing well. Sales Rep: Would you consider increasing the order? Customer: We are evaluating the next purchase.",Follow-up required
CALL001533,2020-06-01,90018105,A1219150303,Spain,Rep-14,4,"Sales Rep: Are you satisfied with the product? Customer: Yes, the product is performing well. Sales Rep: Would you consider increasing the order? Customer: We are evaluating the next purchase.",Follow-up required
CALL001534,2020-06-01,90020099,A4419110407,Austria,Rep-02,14,"Sales Rep: Are you satisfied with the product? Customer: Yes, the product is performing well. Sales Rep: Would you consider increasing the order? Customer: We are evaluating the next purchase.",Follow-up required
CALL001535,2019-03-01,90022073,A6921160301,USA,Rep-08,5,"Sales Rep: Are you satisfied with the product? Customer: Yes, the product is performing well. Sales Rep: Would you consider increasing the order? Customer: We are evaluating the next purchase.",Follow-up required
CALL001536,2019-01-01,90016175,A3521150705,Poland,Rep-04,5,"Sales Rep: Are you satisfied with the product? Customer: Yes, the product is performing well. Sales Rep: Would you consider increasing the order? Customer: We are evaluating the next purchase.",Follow-up required
CALL001537,2020-06-01,90011189,A1718150204,France,Rep-09,20,"Sales Rep: Are you satisfied with the product? Customer: Yes, the product is performing well. Sales Rep: Would you consider increasing the order? Customer: We are evaluating the next purchase.",Follow-up required
CALL001538,2019-09-01,70015151,A6720160103,Norway,Rep-06,27,"Sales Rep: Are you satisfied with the product? Customer: Yes, the product is performing well. Sales Rep: Would you consider increasing the order? Customer: We are evaluating the next purchase.",Follow-up required
CALL001539,2019-07-01,90004066,A4821110801,Japan,Rep-11,4,"Sales Rep: Are you satisfied with the product? Customer: Yes, the product is performing well. Sales Rep: Would you consider increasing the order? Customer: We are evaluating the next purchase.",Follow-up required
CALL001540,2021-07-01,70011194,A1018150103,France,Rep-17,10,"Sales Rep: Are you satisfied with the product? Customer: Yes, the product is performing well. Sales Rep: Would you consider increasing the order? Customer: We are evaluating the next purchase.",Follow-up required
CALL001541,2020-07-01,90022077,A3621150802,USA,Rep-01,12,"Sales Rep: Are you satisfied with the product? Customer: Yes, the product is performing well. Sales Rep: Would you consider increasing the order? Customer: We are evaluating the next purchase.",Follow-up required
CALL001542,2021-03-01,90013118,A0418150102,Italy,Rep-28,5,"Sales Rep: Are you satisfied with the product? Customer: Yes, the product is performing well. Sales Rep: Would you consider increasing the order? Customer: We are evaluating the next purchase.",Follow-up required
CALL001543,2021-01-01,90005161,A5318110104,Pakistan,Rep-27,22,"Sales Rep: Are you satisfied with the product? Customer: Yes, the product is performing well. Sales Rep: Would you consider increasing the order? Customer: We are evaluating the next purchase.",Follow-up required
CALL001544,2020-04-01,70022084,A2620150605,USA,Rep-27,22,"Sales Rep: Are you satisfied with the product? Customer: Yes, the product is performing well. Sales Rep: Would you consider increasing the order? Customer: We are evaluating the next purchase.",Follow-up required
CALL001545,2019-11-01,70013125,A2219150205,Italy,Rep-01,18,"Sales Rep: Are you satisfied with the product? Customer: Yes, the product is performing well. Sales Rep: Would you consider increasing the order? Customer: We are evaluating the next purchase.",Follow-up required
CALL001546,2019-02-01,80007196,A0320150301,South Korea,Rep-15,4,"Sales Rep: Are you satisfied with the product? Customer: Yes, the product is performing well. Sales Rep: Would you consider increasing the order? Customer: We are evaluating the next purchase.",Follow-up required
CALL001547,2021-03-01,70011194,A4218110208,France,Rep-27,26,"Sales Rep: Are you satisfied with the product? Customer: Yes, the product is performing well. Sales Rep: Would you consider increasing the order? Customer: We are evaluating the next purchase.",Follow-up required
CALL001548,2018-10-01,90021091,A1718150201,United Kingdom,Rep-12,8,"Sales Rep: Are you satisfied with the product? Customer: Yes, the product is performing well. Sales Rep: Would you consider increasing the order? Customer: We are evaluating the next purchase.",Follow-up required
CALL001549,2019-11-01,70003181,A3621150804,Indonesia,Rep-15,16,"Sales Rep: Are you satisfied with the product? Customer: Yes, the product is performing well. Sales Rep: Would you consider increasing the order? Customer: We are evaluating the next purchase.",Follow-up required
CALL001550,2020-04-01,90022073,A1521150602,USA,Rep-03,14,"Sales Rep: Are you satisfied with the product? Customer: Yes, the product is performing well. Sales Rep: Would you consider increasing the order? Customer: We are evaluating the next purchase.",Follow-up required
CALL001551,2019-03-01,70006157,A5419110201,Philiphines,Rep-25,5,"Sales Rep: Are you satisfied with the product? Customer: Yes, the product is performing well. Sales Rep: Would you consider increasing the order? Customer: We are evaluating the next purchase.",Follow-up required
CALL001552,2018-12-01,90015149,A3920150301,Norway,Rep-24,28,"Sales Rep: Are you satisfied with the product? Customer: Yes, the product is performing well. Sales Rep: Would you consider increasing the order? Customer: We are evaluating the next purchase.",Follow-up required
CALL001553,2020-06-01,90012041,A4319110306,Germany,Rep-19,21,"Sales Rep: Are you satisfied with the product? Customer: Yes, the product is performing well. Sales Rep: Would you consider increasing the order? Customer: We are evaluating the next purchase.",Follow-up required
CALL001554,2019-02-01,90021089,A5520110307,United Kingdom,Rep-06,27,"Sales Rep: Are you satisfied with the product? Customer: Yes, the product is performing well. Sales Rep: Would you consider increasing the order? Customer: We are evaluating the next purchase.",Follow-up required
CALL001555,2018-10-01,90023022,A6919160302,Canada,Rep-01,5,"Sales Rep: Are you satisfied with the product? Customer: Yes, the product is performing well. Sales Rep: Would you consider increasing the order? Customer: We are evaluating the next purchase.",Follow-up required
CALL001556,2021-08-01,90019202,A2219150206,Sweden,Rep-01,26,"Sales Rep: Are you satisfied with the product? Customer: Yes, the product is performing well. Sales Rep: Would you consider increasing the order? Customer: We are evaluating the next purchase.",Follow-up required
CALL001557,2019-12-01,90022078,A2821150804,USA,Rep-05,23,"Sales Rep: Are you satisfied with the product? Customer: Yes, the product is performing well. Sales Rep: Would you consider increasing the order? Customer: We are evaluating the next purchase.",Follow-up required
CALL001558,2019-03-01,90012041,A6121110208,Germany,Rep-30,8,"Sales Rep: Are you satisfied with the product? Customer: Yes, the product is performing well. Sales Rep: Would you consider increasing the order? Customer: We are evaluating the next purchase.",Follow-up required
CALL001559,2020-07-01,70009133,A4218110202,Newzealand,Rep-27,13,"Sales Rep: Are you satisfied with the product? Customer: Yes, the product is performing well. Sales Rep: Would you consider increasing the order? Customer: We are evaluating the next purchase.",Follow-up required
CALL001560,2019-09-01,90014136,A2219150205,Netherlands,Rep-16,19,"Sales Rep: Are you satisfied with the product? Customer: Yes, the product is performing well. Sales Rep: Would you consider increasing the order? Customer: We are evaluating the next purchase.",Follow-up required
CALL001561,2021-01-01,90020097,A5620110401,Austria,Rep-18,17,"Sales Rep: Are you satisfied with the product? Customer: Yes, the product is performing well. Sales Rep: Would you consider increasing the order? Customer: We are evaluating the next purchase.",Follow-up required
CALL001562,2018-09-01,90022079,A4620110606,USA,Rep-26,29,"Sales Rep: Are you satisfied with the product? Customer: Yes, the product is performing well. Sales Rep: Would you consider increasing the order? Customer: We are evaluating the next purchase.",Follow-up required
CALL001563,2018-10-01,90003180,A4520110506,Indonesia,Rep-05,9,"Sales Rep: Are you satisfied with the product? Customer: Yes, the product is performing well. Sales Rep: Would you consider increasing the order? Customer: We are evaluating the next purchase.",Follow-up required
CALL001564,2021-04-01,90023030,A4620110607,Canada,Rep-06,22,"Sales Rep: Are you satisfied with the product? Customer: Yes, the product is performing well. Sales Rep: Would you consider increasing the order? Customer: We are evaluating the next purchase.",Follow-up required
CALL001565,2019-03-01,90023024,A5318110103,Canada,Rep-16,20,"Sales Rep: Are you satisfied with the product? Customer: Yes, the product is performing well. Sales Rep: Would you consider increasing the order? Customer: We are evaluating the next purchase.",Follow-up required
CALL001566,2019-06-01,90008167,A2721150705,Australia,Rep-08,4,"Sales Rep: Are you satisfied with the product? Customer: Yes, the product is performing well. Sales Rep: Would you consider increasing the order? Customer: We are evaluating the next purchase.",Follow-up required
CALL001567,2020-06-01,90011188,A4218110204,France,Rep-30,17,"Sales Rep: Are you satisfied with the product? Customer: Yes, the product is performing well. Sales Rep: Would you consider increasing the order? Customer: We are evaluating the next purchase.",Follow-up required
CALL001568,2019-08-01,90005161,A5419110208,Pakistan,Rep-07,9,"Sales Rep: Are you satisfied with the product? Customer: Yes, the product is performing well. Sales Rep: Would you consider increasing the order? Customer: We are evaluating the next purchase.",Follow-up required
CALL001569,2021-06-01,90020098,A6620160502,Austria,Rep-05,11,"Sales Rep: Are you satisfied with the product? Customer: Yes, the product is performing well. Sales Rep: Would you consider increasing the order? Customer: We are evaluating the next purchase.",Follow-up required
CALL001570,2020-03-01,70016177,A7018160402,Poland,Rep-12,16,"Sales Rep: Are you satisfied with the product? Customer: Yes, the product is performing well. Sales Rep: Would you consider increasing the order? Customer: We are evaluating the next purchase.",Follow-up required
CALL001571,2019-08-01,90018105,A3521150702,Spain,Rep-26,30,"Sales Rep: Are you satisfied with the product? Customer: Yes, the product is performing well. Sales Rep: Would you consider increasing the order? Customer: We are evaluating the next purchase.",Follow-up required
CALL001572,2018-12-01,70022084,A0620150305,USA,Rep-28,19,"Sales Rep: Are you satisfied with the product? Customer: Yes, the product is performing well. Sales Rep: Would you consider increasing the order? Customer: We are evaluating the next purchase.",Follow-up required
CALL001573,2020-03-01,90002014,A4620110607,India,Rep-14,30,"Sales Rep: Are you satisfied with the product? Customer: Yes, the product is performing well. Sales Rep: Would you consider increasing the order? Customer: We are evaluating the next purchase.",Follow-up required
CALL001574,2019-11-01,90016171,A0219150201,Poland,Rep-05,28,"Sales Rep: Are you satisfied with the product? Customer: Yes, the product is performing well. Sales Rep: Would you consider increasing the order? Customer: We are evaluating the next purchase.",Follow-up required
CALL001575,2020-12-01,90021094,A3220150404,United Kingdom,Rep-21,25,"Sales Rep: Are you satisfied with the product? Customer: Yes, the product is performing well. Sales Rep: Would you consider increasing the order? Customer: We are evaluating the next purchase.",Follow-up required
CALL001576,2018-09-01,90023026,A1819150303,Canada,Rep-26,7,"Sales Rep: Are you satisfied with the product? Customer: Yes, the product is performing well. Sales Rep: Would you consider increasing the order? Customer: We are evaluating the next purchase.",Follow-up required
CALL001577,2020-03-01,90007197,A1618150104,South Korea,Rep-11,23,"Sales Rep: Are you satisfied with the product? Customer: Yes, the product is performing well. Sales Rep: Would you consider increasing the order? Customer: We are evaluating the next purchase.",Follow-up required
CALL001578,2021-02-01,90016173,A4720110701,Poland,Rep-07,10,"Sales Rep: Are you satisfied with the product? Customer: Yes, the product is performing well. Sales Rep: Would you consider increasing the order? Customer: We are evaluating the next purchase.",Follow-up required
CALL001579,2020-06-01,90009132,A2620150604,Newzealand,Rep-19,9,"Sales Rep: Are you satisfied with the product? Customer: Yes, the product is performing well. Sales Rep: Would you consider increasing the order? Customer: We are evaluating the next purchase.",Follow-up required
CALL001580,2019-11-01,90014140,A2520150505,Netherlands,Rep-01,8,"Sales Rep: Are you satisfied with the product? Customer: Yes, the product is performing well. Sales Rep: Would you consider increasing the order? Customer: We are evaluating the next purchase.",Follow-up required
CALL001581,2020-10-01,70014143,A5519110303,Netherlands,Rep-26,12,"Sales Rep: Are you satisfied with the product? Customer: Yes, the product is performing well. Sales Rep: Would you consider increasing the order? Customer: We are evaluating the next purchase.",Follow-up required
CALL001582,2020-01-01,90012033,A5621110404,Germany,Rep-03,11,"Sales Rep: Are you satisfied with the product? Customer: Yes, the product is performing well. Sales Rep: Would you consider increasing the order? Customer: We are evaluating the next purchase.",Follow-up required
CALL001583,2020-02-01,90014139,A6620160501,Netherlands,Rep-24,19,"Sales Rep: Are you satisfied with the product? Customer: Yes, the product is performing well. Sales Rep: Would you consider increasing the order? Customer: We are evaluating the next purchase.",Follow-up required
CALL001584,2019-03-01,90017053,A3018150201,Portugal,Rep-18,25,"Sales Rep: Are you satisfied with the product? Customer: Yes, the product is performing well. Sales Rep: Would you consider increasing the order? Customer: We are evaluating the next purchase.",Follow-up required
CALL001585,2018-12-01,90021089,A2419150401,United Kingdom,Rep-04,6,"Sales Rep: Are you satisfied with the product? Customer: Yes, the product is performing well. Sales Rep: Would you consider increasing the order? Customer: We are evaluating the next purchase.",Follow-up required
CALL001586,2020-11-01,90013118,A2721150706,Italy,Rep-17,4,"Sales Rep: Are you satisfied with the product? Customer: Yes, the product is performing well. Sales Rep: Would you consider increasing the order? Customer: We are evaluating the next purchase.",Follow-up required
CALL001587,2019-09-01,90021090,A2620150604,United Kingdom,Rep-23,26,"Sales Rep: Are you satisfied with the product? Customer: Yes, the product is performing well. Sales Rep: Would you consider increasing the order? Customer: We are evaluating the next purchase.",Follow-up required
CALL001588,2019-04-01,90008168,A2520150505,Australia,Rep-14,29,"Sales Rep: Are you satisfied with the product? Customer: Yes, the product is performing well. Sales Rep: Would you consider increasing the order? Customer: We are evaluating the next purchase.",Follow-up required
CALL001589,2020-10-01,80007195,A2420150406,South Korea,Rep-24,25,"Sales Rep: Are you satisfied with the product? Customer: Yes, the product is performing well. Sales Rep: Would you consider increasing the order? Customer: We are evaluating the next purchase.",Follow-up required
CALL001590,2021-05-01,70016178,A2821150801,Poland,Rep-08,18,"Sales Rep: Are you satisfied with the product? Customer: Yes, the product is performing well. Sales Rep: Would you consider increasing the order? Customer: We are evaluating the next purchase.",Follow-up required
CALL001591,2020-04-01,90020102,A5318110101,Austria,Rep-26,16,"Sales Rep: Are you satisfied with the product? Customer: Yes, the product is performing well. Sales Rep: Would you consider increasing the order? Customer: We are evaluating the next purchase.",Follow-up required
CALL001592,2020-11-01,90023023,A2620150605,Canada,Rep-18,4,"Sales Rep: Are you satisfied with the product? Customer: Yes, the product is performing well. Sales Rep: Would you consider increasing the order? Customer: We are evaluating the next purchase.",Follow-up required
CALL001593,2019-07-01,90001020,A4721110708,China,Rep-30,26,"Sales Rep: Are you satisfied with the product? Customer: Yes, the product is performing well. Sales Rep: Would you consider increasing the order? Customer: We are evaluating the next purchase.",Follow-up required
CALL001594,2020-04-01,90021090,A7119160103,United Kingdom,Rep-21,21,"Sales Rep: Are you satisfied with the product? Customer: Yes, the product is performing well. Sales Rep: Would you consider increasing the order? Customer: We are evaluating the next purchase.",Follow-up required
CALL001595,2018-09-01,90013120,A1618150103,Italy,Rep-27,14,"Sales Rep: Are you satisfied with the product? Customer: Yes, the product is performing well. Sales Rep: Would you consider increasing the order? Customer: We are evaluating the next purchase.",Follow-up required
CALL001596,2019-02-01,70023031,A1618150104,Canada,Rep-16,19,"Sales Rep: Are you satisfied with the product? Customer: Yes, the product is performing well. Sales Rep: Would you consider increasing the order? Customer: We are evaluating the next purchase.",Follow-up required
CALL001597,2020-10-01,80006155,A4821110804,Philiphines,Rep-05,9,"Sales Rep: Are you satisfied with the product? Customer: Yes, the product is performing well. Sales Rep: Would you consider increasing the order? Customer: We are evaluating the next purchase.",Follow-up required
CALL001598,2019-03-01,70020104,A5520110305,Austria,Rep-02,12,"Sales Rep: Are you satisfied with the product? Customer: Yes, the product is performing well. Sales Rep: Would you consider increasing the order? Customer: We are evaluating the next purchase.",Follow-up required
CALL001599,2020-04-01,70007199,A0519150207,South Korea,Rep-10,19,"Sales Rep: Are you satisfied with the product? Customer: Yes, the product is performing well. Sales Rep: Would you consider increasing the order? Customer: We are evaluating the next purchase.",Follow-up required
CALL001600,2020-01-01,90016175,A4319110306,Poland,Rep-02,28,"Sales Rep: Are you satisfied with the product? Customer: Yes, the product is performing well. Sales Rep: Would you consider increasing the order? Customer: We are evaluating the next purchase.",Follow-up required
CALL001601,2019-05-01,90015145,A2620150606,Norway,Rep-24,25,"Sales Rep: Are you satisfied with the product? Customer: Yes, the product is performing well. Sales Rep: Would you consider increasing the order? Customer: We are evaluating the next purchase.",Follow-up required
CALL001602,2021-03-01,90010046,A2419150404,Bangladesh,Rep-08,29,"Sales Rep: Are you satisfied with the product? Customer: Yes, the product is performing well. Sales Rep: Would you consider increasing the order? Customer: We are evaluating the next purchase.",Follow-up required
CALL001603,2019-04-01,90022073,A2620150602,USA,Rep-16,18,"Sales Rep: Are you satisfied with the product? Customer: Yes, the product is performing well. Sales Rep: Would you consider increasing the order? Customer: We are evaluating the next purchase.",Follow-up required
CALL001604,2020-03-01,90021094,A6819160203,United Kingdom,Rep-28,8,"Sales Rep: Are you satisfied with the product? Customer: Yes, the product is performing well. Sales Rep: Would you consider increasing the order? Customer: We are evaluating the next purchase.",Follow-up required
CALL001605,2019-04-01,90017050,A4520110508,Portugal,Rep-07,29,"Sales Rep: Are you satisfied with the product? Customer: Yes, the product is performing well. Sales Rep: Would you consider increasing the order? Customer: We are evaluating the next purchase.",Follow-up required
CALL001606,2021-02-01,70004069,A1420150501,Japan,Rep-06,18,"Sales Rep: Are you satisfied with the product? Customer: Yes, the product is performing well. Sales Rep: Would you consider increasing the order? Customer: We are evaluating the next purchase.",Follow-up required
CALL001607,2019-08-01,70022084,A3119150301,USA,Rep-03,15,"Sales Rep: Are you satisfied with the product? Customer: Yes, the product is performing well. Sales Rep: Would you consider increasing the order? Customer: We are evaluating the next purchase.",Follow-up required
CALL001608,2020-03-01,90009132,A5620110401,Newzealand,Rep-13,11,"Sales Rep: Are you satisfied with the product? Customer: Yes, the product is performing well. Sales Rep: Would you consider increasing the order? Customer: We are evaluating the next purchase.",Follow-up required
CALL001609,2018-09-01,90023029,A4519110502,Canada,Rep-06,22,"Sales Rep: Are you satisfied with the product? Customer: Yes, the product is performing well. Sales Rep: Would you consider increasing the order? Customer: We are evaluating the next purchase.",Follow-up required
CALL001610,2019-04-01,70020104,A4821110801,Austria,Rep-17,6,"Sales Rep: Are you satisfied with the product? Customer: Yes, the product is performing well. Sales Rep: Would you consider increasing the order? Customer: We are evaluating the next purchase.",Follow-up required
CALL001611,2020-06-01,90020097,A5721110502,Austria,Rep-26,16,"Sales Rep: Are you satisfied with the product? Customer: Yes, the product is performing well. Sales Rep: Would you consider increasing the order? Customer: We are evaluating the next purchase.",Follow-up required
CALL001612,2020-06-01,70005163,A2620150605,Pakistan,Rep-22,27,"Sales Rep: Are you satisfied with the product? Customer: Yes, the product is performing well. Sales Rep: Would you consider increasing the order? Customer: We are evaluating the next purchase.",Follow-up required
CALL001613,2021-01-01,90023029,A0620150303,Canada,Rep-02,15,"Sales Rep: Are you satisfied with the product? Customer: Yes, the product is performing well. Sales Rep: Would you consider increasing the order? Customer: We are evaluating the next purchase.",Follow-up required
CALL001614,2019-04-01,70006157,A0821150503,Philiphines,Rep-17,25,"Sales Rep: Are you satisfied with the product? Customer: Yes, the product is performing well. Sales Rep: Would you consider increasing the order? Customer: We are evaluating the next purchase.",Follow-up required
CALL001615,2019-08-01,90009128,A0418150108,Newzealand,Rep-21,29,"Sales Rep: Are you satisfied with the product? Customer: Yes, the product is performing well. Sales Rep: Would you consider increasing the order? Customer: We are evaluating the next purchase.",Follow-up required
CALL001616,2019-01-01,70008169,A4821110801,Australia,Rep-18,18,"Sales Rep: Are you satisfied with the product? Customer: Yes, the product is performing well. Sales Rep: Would you consider increasing the order? Customer: We are evaluating the next purchase.",Follow-up required
CALL001617,2021-06-01,90013119,A2419150401,Italy,Rep-23,17,"Sales Rep: Are you satisfied with the product? Customer: Yes, the product is performing well. Sales Rep: Would you consider increasing the order? Customer: We are evaluating the next purchase.",Follow-up required
CALL001618,2020-03-01,90018108,A4620110605,Spain,Rep-09,15,"Sales Rep: Are you satisfied with the product? Customer: Yes, the product is performing well. Sales Rep: Would you consider increasing the order? Customer: We are evaluating the next purchase.",Follow-up required
CALL001619,2019-03-01,70018115,A3320150506,Spain,Rep-13,24,"Sales Rep: Are you satisfied with the product? Customer: Yes, the product is performing well. Sales Rep: Would you consider increasing the order? Customer: We are evaluating the next purchase.",Follow-up required
CALL001620,2019-10-01,70009133,A4218110205,Newzealand,Rep-09,26,"Sales Rep: Are you satisfied with the product? Customer: Yes, the product is performing well. Sales Rep: Would you consider increasing the order? Customer: We are evaluating the next purchase.",Follow-up required
CALL001621,2018-10-01,90005162,A1118150202,Pakistan,Rep-30,27,"Sales Rep: Are you satisfied with the product? Customer: Yes, the product is performing well. Sales Rep: Would you consider increasing the order? Customer: We are evaluating the next purchase.",Follow-up required
CALL001622,2019-11-01,90015144,A3718150105,Norway,Rep-27,8,"Sales Rep: Are you satisfied with the product? Customer: Yes, the product is performing well. Sales Rep: Would you consider increasing the order? Customer: We are evaluating the next purchase.",Follow-up required
CALL001623,2019-02-01,90013121,A1618150103,Italy,Rep-29,9,"Sales Rep: Are you satisfied with the product? Customer: Yes, the product is performing well. Sales Rep: Would you consider increasing the order? Customer: We are evaluating the next purchase.",Follow-up required
CALL001624,2020-10-01,90023022,A4118110104,Canada,Rep-04,22,"Sales Rep: Are you satisfied with the product? Customer: Yes, the product is performing well. Sales Rep: Would you consider increasing the order? Customer: We are evaluating the next purchase.",Follow-up required
CALL001625,2021-06-01,70007198,A0721150404,South Korea,Rep-21,18,"Sales Rep: Are you satisfied with the product? Customer: Yes, the product is performing well. Sales Rep: Would you consider increasing the order? Customer: We are evaluating the next purchase.",Follow-up required
CALL001626,2019-12-01,90019203,A0418150107,Sweden,Rep-01,10,"Sales Rep: Are you satisfied with the product? Customer: Yes, the product is performing well. Sales Rep: Would you consider increasing the order? Customer: We are evaluating the next purchase.",Follow-up required
CALL001627,2018-09-01,90022071,A2218150201,USA,Rep-15,5,"Sales Rep: Are you satisfied with the product? Customer: Yes, the product is performing well. Sales Rep: Would you consider increasing the order? Customer: We are evaluating the next purchase.",Follow-up required
CALL001628,2019-12-01,70009134,A4520110507,Newzealand,Rep-13,26,"Sales Rep: Are you satisfied with the product? Customer: Yes, the product is performing well. Sales Rep: Would you consider increasing the order? Customer: We are evaluating the next purchase.",Follow-up required
CALL001629,2021-07-01,70016177,A0519150208,Poland,Rep-04,20,"Sales Rep: Are you satisfied with the product? Customer: Yes, the product is performing well. Sales Rep: Would you consider increasing the order? Customer: We are evaluating the next purchase.",Follow-up required
CALL001630,2019-07-01,90018106,A2420150406,Spain,Rep-25,12,"Sales Rep: Are you satisfied with the product? Customer: Yes, the product is performing well. Sales Rep: Would you consider increasing the order? Customer: We are evaluating the next purchase.",Follow-up required
CALL001631,2020-12-01,90020097,A7119160102,Austria,Rep-29,17,"Sales Rep: Are you satisfied with the product? Customer: Yes, the product is performing well. Sales Rep: Would you consider increasing the order? Customer: We are evaluating the next purchase.",Follow-up required
CALL001632,2020-08-01,90009129,A3420150602,Newzealand,Rep-05,28,"Sales Rep: Are you satisfied with the product? Customer: Yes, the product is performing well. Sales Rep: Would you consider increasing the order? Customer: We are evaluating the next purchase.",Follow-up required
CALL001633,2020-04-01,70021096,A3220150401,United Kingdom,Rep-21,27,"Sales Rep: Are you satisfied with the product? Customer: Yes, the product is performing well. Sales Rep: Would you consider increasing the order? Customer: We are evaluating the next purchase.",Follow-up required
CALL001634,2020-09-01,90004064,A0621150308,Japan,Rep-06,21,"Sales Rep: Are you satisfied with the product? Customer: Yes, the product is performing well. Sales Rep: Would you consider increasing the order? Customer: We are evaluating the next purchase.",Follow-up required
CALL001635,2021-04-01,90015150,A4620110604,Norway,Rep-01,15,"Sales Rep: Are you satisfied with the product? Customer: Yes, the product is performing well. Sales Rep: Would you consider increasing the order? Customer: We are evaluating the next purchase.",Follow-up required
CALL001636,2020-04-01,90003179,A4218110207,Indonesia,Rep-30,24,"Sales Rep: Are you satisfied with the product? Customer: Yes, the product is performing well. Sales Rep: Would you consider increasing the order? Customer: We are evaluating the next purchase.",Follow-up required
CALL001637,2018-12-01,90012037,A6219160103,Germany,Rep-21,23,"Sales Rep: Are you satisfied with the product? Customer: Yes, the product is performing well. Sales Rep: Would you consider increasing the order? Customer: We are evaluating the next purchase.",Follow-up required
CALL001638,2018-09-01,70010048,A4720110702,Bangladesh,Rep-19,13,"Sales Rep: Are you satisfied with the product? Customer: Yes, the product is performing well. Sales Rep: Would you consider increasing the order? Customer: We are evaluating the next purchase.",Follow-up required
CALL001639,2020-11-01,70006157,A6519160401,Philiphines,Rep-08,6,"Sales Rep: Are you satisfied with the product? Customer: Yes, the product is performing well. Sales Rep: Would you consider increasing the order? Customer: We are evaluating the next purchase.",Follow-up required
CALL001640,2020-06-01,90023027,A6119110202,Canada,Rep-02,24,"Sales Rep: Are you satisfied with the product? Customer: Yes, the product is performing well. Sales Rep: Would you consider increasing the order? Customer: We are evaluating the next purchase.",Follow-up required
CALL001641,2020-10-01,90002005,A1420150501,India,Rep-01,26,"Sales Rep: Are you satisfied with the product? Customer: Yes, the product is performing well. Sales Rep: Would you consider increasing the order? Customer: We are evaluating the next purchase.",Follow-up required
CALL001642,2019-02-01,90020099,A2821150805,Austria,Rep-15,24,"Sales Rep: Are you satisfied with the product? Customer: Yes, the product is performing well. Sales Rep: Would you consider increasing the order? Customer: We are evaluating the next purchase.",Follow-up required
CALL001643,2019-02-01,70011194,A0619150301,France,Rep-03,8,"Sales Rep: Are you satisfied with the product? Customer: Yes, the product is performing well. Sales Rep: Would you consider increasing the order? Customer: We are evaluating the next purchase.",Follow-up required
CALL001644,2019-07-01,90022071,A0821150503,USA,Rep-22,22,"Sales Rep: Are you satisfied with the product? Customer: Yes, the product is performing well. Sales Rep: Would you consider increasing the order? Customer: We are evaluating the next purchase.",Follow-up required
CALL001645,2019-07-01,90015150,A3718150103,Norway,Rep-12,24,"Sales Rep: Are you satisfied with the product? Customer: Yes, the product is performing well. Sales Rep: Would you consider increasing the order? Customer: We are evaluating the next purchase.",Follow-up required
CALL001646,2019-03-01,90019201,A1819150301,Sweden,Rep-23,4,"Sales Rep: Are you satisfied with the product? Customer: Yes, the product is performing well. Sales Rep: Would you consider increasing the order? Customer: We are evaluating the next purchase.",Follow-up required
CALL001647,2019-06-01,70012043,A6718160102,Germany,Rep-01,27,"Sales Rep: Are you satisfied with the product? Customer: Yes, the product is performing well. Sales Rep: Would you consider increasing the order? Customer: We are evaluating the next purchase.",Follow-up required
CALL001648,2019-04-01,90023024,A3019150205,Canada,Rep-04,25,"Sales Rep: Are you satisfied with the product? Customer: Yes, the product is performing well. Sales Rep: Would you consider increasing the order? Customer: We are evaluating the next purchase.",Follow-up required
CALL001649,2018-12-01,70013125,A1018150102,Italy,Rep-21,19,"Sales Rep: Are you satisfied with the product? Customer: Yes, the product is performing well. Sales Rep: Would you consider increasing the order? Customer: We are evaluating the next purchase.",Follow-up required
CALL001650,2018-09-01,90022080,A1018150101,USA,Rep-19,16,"Sales Rep: Are you satisfied with the product? Customer: Yes, the product is performing well. Sales Rep: Would you consider increasing the order? Customer: We are evaluating the next purchase.",Follow-up required
CALL001651,2020-09-01,90002011,A4218110206,India,Rep-10,30,"Sales Rep: Are you satisfied with the product? Customer: Yes, the product is performing well. Sales Rep: Would you consider increasing the order? Customer: We are evaluating the next purchase.",Follow-up required
CALL001652,2020-03-01,90010046,A2419150405,Bangladesh,Rep-20,26,"Sales Rep: Are you satisfied with the product? Customer: Yes, the product is performing well. Sales Rep: Would you consider increasing the order? Customer: We are evaluating the next purchase.",Follow-up required
CALL001653,2018-09-01,70013126,A3019150205,Italy,Rep-18,21,"Sales Rep: Are you satisfied with the product? Customer: Yes, the product is performing well. Sales Rep: Would you consider increasing the order? Customer: We are evaluating the next purchase.",Follow-up required
CALL001654,2020-06-01,90014141,A3920150301,Netherlands,Rep-16,11,"Sales Rep: Are you satisfied with the product? Customer: Yes, the product is performing well. Sales Rep: Would you consider increasing the order? Customer: We are evaluating the next purchase.",Follow-up required
CALL001655,2021-06-01,70023031,A0821150503,Canada,Rep-26,4,"Sales Rep: Are you satisfied with the product? Customer: Yes, the product is performing well. Sales Rep: Would you consider increasing the order? Customer: We are evaluating the next purchase.",Follow-up required
CALL001656,2019-05-01,70005163,A0621150308,Pakistan,Rep-30,4,"Sales Rep: Are you satisfied with the product? Customer: Yes, the product is performing well. Sales Rep: Would you consider increasing the order? Customer: We are evaluating the next purchase.",Follow-up required
CALL001657,2019-05-01,90002007,A0118150102,India,Rep-25,28,"Sales Rep: Are you satisfied with the product? Customer: Yes, the product is performing well. Sales Rep: Would you consider increasing the order? Customer: We are evaluating the next purchase.",Follow-up required
CALL001658,2021-01-01,90018114,A3521150704,Spain,Rep-10,4,"Sales Rep: Are you satisfied with the product? Customer: Yes, the product is performing well. Sales Rep: Would you consider increasing the order? Customer: We are evaluating the next purchase.",Follow-up required
CALL001659,2021-07-01,90002001,A4419110402,India,Rep-07,5,"Sales Rep: Are you satisfied with the product? Customer: Yes, the product is performing well. Sales Rep: Would you consider increasing the order? Customer: We are evaluating the next purchase.",Follow-up required
CALL001660,2020-09-01,90012038,A3819150205,Germany,Rep-18,17,"Sales Rep: Are you satisfied with the product? Customer: Yes, the product is performing well. Sales Rep: Would you consider increasing the order? Customer: We are evaluating the next purchase.",Follow-up required
CALL001661,2020-06-01,70008170,A4720110701,Australia,Rep-03,27,"Sales Rep: Are you satisfied with the product? Customer: Yes, the product is performing well. Sales Rep: Would you consider increasing the order? Customer: We are evaluating the next purchase.",Follow-up required
CALL001662,2019-11-01,70016177,A5520110308,Poland,Rep-09,21,"Sales Rep: Are you satisfied with the product? Customer: Yes, the product is performing well. Sales Rep: Would you consider increasing the order? Customer: We are evaluating the next purchase.",Follow-up required
CALL001663,2021-01-01,90020097,A0821150503,Austria,Rep-12,28,"Sales Rep: Are you satisfied with the product? Customer: Yes, the product is performing well. Sales Rep: Would you consider increasing the order? Customer: We are evaluating the next purchase.",Follow-up required
CALL001664,2021-03-01,90015145,A5520110305,Norway,Rep-27,5,"Sales Rep: Are you satisfied with the product? Customer: Yes, the product is performing well. Sales Rep: Would you consider increasing the order? Customer: We are evaluating the next purchase.",Follow-up required
CALL001665,2020-03-01,90015147,A1919150401,Norway,Rep-21,24,"Sales Rep: Are you satisfied with the product? Customer: Yes, the product is performing well. Sales Rep: Would you consider increasing the order? Customer: We are evaluating the next purchase.",Follow-up required
CALL001666,2020-02-01,70015151,A4118110105,Norway,Rep-17,15,"Sales Rep: Are you satisfied with the product? Customer: Yes, the product is performing well. Sales Rep: Would you consider increasing the order? Customer: We are evaluating the next purchase.",Follow-up required
CALL001667,2019-03-01,90002011,A2419150402,India,Rep-04,25,"Sales Rep: Are you satisfied with the product? Customer: Yes, the product is performing well. Sales Rep: Would you consider increasing the order? Customer: We are evaluating the next purchase.",Follow-up required
CALL001668,2020-01-01,70011194,A6018110102,France,Rep-15,15,"Sales Rep: Are you satisfied with the product? Customer: Yes, the product is performing well. Sales Rep: Would you consider increasing the order? Customer: We are evaluating the next purchase.",Follow-up required
CALL001669,2021-06-01,90016176,A5620110402,Poland,Rep-18,11,"Sales Rep: Are you satisfied with the product? Customer: Yes, the product is performing well. Sales Rep: Would you consider increasing the order? Customer: We are evaluating the next purchase.",Follow-up required
CALL001670,2021-07-01,90019202,A4419110405,Sweden,Rep-21,4,"Sales Rep: Are you satisfied with the product? Customer: Yes, the product is performing well. Sales Rep: Would you consider increasing the order? Customer: We are evaluating the next purchase.",Follow-up required
CALL001671,2021-07-01,90018108,A0118150102,Spain,Rep-16,4,"Sales Rep: Are you satisfied with the product? Customer: Yes, the product is performing well. Sales Rep: Would you consider increasing the order? Customer: We are evaluating the next purchase.",Follow-up required
CALL001672,2019-08-01,90017051,A5721110505,Portugal,Rep-27,27,"Sales Rep: Are you satisfied with the product? Customer: Yes, the product is performing well. Sales Rep: Would you consider increasing the order? Customer: We are evaluating the next purchase.",Follow-up required
CALL001673,2019-08-01,90006156,A1320150402,Philiphines,Rep-28,8,"Sales Rep: Are you satisfied with the product? Customer: Yes, the product is performing well. Sales Rep: Would you consider increasing the order? Customer: We are evaluating the next purchase.",Follow-up required
CALL001674,2020-10-01,90003179,A0321150303,Indonesia,Rep-27,16,"Sales Rep: Are you satisfied with the product? Customer: Yes, the product is performing well. Sales Rep: Would you consider increasing the order? Customer: We are evaluating the next purchase.",Follow-up required
CALL001675,2021-05-01,80001019,A5318110101,China,Rep-04,22,"Sales Rep: Are you satisfied with the product? Customer: Yes, the product is performing well. Sales Rep: Would you consider increasing the order? Customer: We are evaluating the next purchase.",Follow-up required
CALL001676,2020-05-01,70009133,A3521150702,Newzealand,Rep-21,30,"Sales Rep: Are you satisfied with the product? Customer: Yes, the product is performing well. Sales Rep: Would you consider increasing the order? Customer: We are evaluating the next purchase.",Follow-up required
CALL001677,2018-09-01,70003181,A3119150302,Indonesia,Rep-22,23,"Sales Rep: Are you satisfied with the product? Customer: Yes, the product is performing well. Sales Rep: Would you consider increasing the order? Customer: We are evaluating the next purchase.",Follow-up required
CALL001678,2020-04-01,90014141,A5721110507,Netherlands,Rep-19,21,"Sales Rep: Are you satisfied with the product? Customer: Yes, the product is performing well. Sales Rep: Would you consider increasing the order? Customer: We are evaluating the next purchase.",Follow-up required
CALL001679,2020-08-01,90011192,A4319110302,France,Rep-16,30,"Sales Rep: Are you satisfied with the product? Customer: Yes, the product is performing well. Sales Rep: Would you consider increasing the order? Customer: We are evaluating the next purchase.",Follow-up required
CALL001680,2018-09-01,90012039,A2520150505,Germany,Rep-22,24,"Sales Rep: Are you satisfied with the product? Customer: Yes, the product is performing well. Sales Rep: Would you consider increasing the order? Customer: We are evaluating the next purchase.",Follow-up required
CALL001681,2020-02-01,90005159,A5621110403,Pakistan,Rep-04,5,"Sales Rep: Are you satisfied with the product? Customer: Yes, the product is performing well. Sales Rep: Would you consider increasing the order? Customer: We are evaluating the next purchase.",Follow-up required
CALL001682,2020-12-01,70003182,A1718150204,Indonesia,Rep-08,6,"Sales Rep: Are you satisfied with the product? Customer: Yes, the product is performing well. Sales Rep: Would you consider increasing the order? Customer: We are evaluating the next purchase.",Follow-up required
CALL001683,2019-11-01,90021095,A5318110105,United Kingdom,Rep-24,9,"Sales Rep: Are you satisfied with the product? Customer: Yes, the product is performing well. Sales Rep: Would you consider increasing the order? Customer: We are evaluating the next purchase.",Follow-up required
CALL001684,2019-11-01,90001020,A6119110203,China,Rep-16,15,"Sales Rep: Are you satisfied with the product? Customer: Yes, the product is performing well. Sales Rep: Would you consider increasing the order? Customer: We are evaluating the next purchase.",Follow-up required
CALL001685,2020-02-01,90006153,A0118150101,Philiphines,Rep-24,12,"Sales Rep: Are you satisfied with the product? Customer: Yes, the product is performing well. Sales Rep: Would you consider increasing the order? Customer: We are evaluating the next purchase.",Follow-up required
CALL001686,2020-11-01,90011191,A5621110403,France,Rep-01,30,"Sales Rep: Are you satisfied with the product? Customer: Yes, the product is performing well. Sales Rep: Would you consider increasing the order? Customer: We are evaluating the next purchase.",Follow-up required
CALL001687,2021-04-01,90011185,A0620150305,France,Rep-08,20,"Sales Rep: Are you satisfied with the product? Customer: Yes, the product is performing well. Sales Rep: Would you consider increasing the order? Customer: We are evaluating the next purchase.",Follow-up required
CALL001688,2020-07-01,90023028,A7321160303,Canada,Rep-10,16,"Sales Rep: Are you satisfied with the product? Customer: Yes, the product is performing well. Sales Rep: Would you consider increasing the order? Customer: We are evaluating the next purchase.",Follow-up required
CALL001689,2019-03-01,90013118,A5419110201,Italy,Rep-27,8,"Sales Rep: Are you satisfied with the product? Customer: Yes, the product is performing well. Sales Rep: Would you consider increasing the order? Customer: We are evaluating the next purchase.",Follow-up required
CALL001690,2019-06-01,90015149,A0620150305,Norway,Rep-17,6,"Sales Rep: Are you satisfied with the product? Customer: Yes, the product is performing well. Sales Rep: Would you consider increasing the order? Customer: We are evaluating the next purchase.",Follow-up required
CALL001691,2018-09-01,90005162,A3120150305,Pakistan,Rep-03,24,"Sales Rep: Are you satisfied with the product? Customer: Yes, the product is performing well. Sales Rep: Would you consider increasing the order? Customer: We are evaluating the next purchase.",Follow-up required
CALL001692,2018-09-01,90019201,A3018150202,Sweden,Rep-26,11,"Sales Rep: Are you satisfied with the product? Customer: Yes, the product is performing well. Sales Rep: Would you consider increasing the order? Customer: We are evaluating the next purchase.",Follow-up required
CALL001693,2021-04-01,70005163,A3320150506,Pakistan,Rep-06,7,"Sales Rep: Are you satisfied with the product? Customer: Yes, the product is performing well. Sales Rep: Would you consider increasing the order? Customer: We are evaluating the next purchase.",Follow-up required
CALL001694,2021-02-01,90018106,A2020150501,Spain,Rep-18,29,"Sales Rep: Are you satisfied with the product? Customer: Yes, the product is performing well. Sales Rep: Would you consider increasing the order? Customer: We are evaluating the next purchase.",Follow-up required
CALL001695,2020-04-01,90005160,A2918150102,Pakistan,Rep-29,14,"Sales Rep: Are you satisfied with the product? Customer: Yes, the product is performing well. Sales Rep: Would you consider increasing the order? Customer: We are evaluating the next purchase.",Follow-up required
CALL001696,2021-04-01,70015151,A6918160303,Norway,Rep-06,29,"Sales Rep: Are you satisfied with the product? Customer: Yes, the product is performing well. Sales Rep: Would you consider increasing the order? Customer: We are evaluating the next purchase.",Follow-up required
CALL001697,2019-03-01,70010047,A6119110201,Bangladesh,Rep-10,30,"Sales Rep: Are you satisfied with the product? Customer: Yes, the product is performing well. Sales Rep: Would you consider increasing the order? Customer: We are evaluating the next purchase.",Follow-up required
CALL001698,2020-04-01,90014136,A3718150103,Netherlands,Rep-15,6,"Sales Rep: Are you satisfied with the product? Customer: Yes, the product is performing well. Sales Rep: Would you consider increasing the order? Customer: We are evaluating the next purchase.",Follow-up required
CALL001699,2020-07-01,90009132,A5419110202,Newzealand,Rep-18,25,"Sales Rep: Are you satisfied with the product? Customer: Yes, the product is performing well. Sales Rep: Would you consider increasing the order? Customer: We are evaluating the next purchase.",Follow-up required
CALL001700,2019-01-01,90023027,A2218150202,Canada,Rep-03,20,"Sales Rep: Are you satisfied with the product? Customer: Yes, the product is performing well. Sales Rep: Would you consider increasing the order? Customer: We are evaluating the next purchase.",Follow-up required
CALL001701,2019-01-01,90001021,A4821110805,China,Rep-06,7,"Sales Rep: Are you satisfied with the product? Customer: Yes, the product is performing well. Sales Rep: Would you consider increasing the order? Customer: We are evaluating the next purchase.",Follow-up required
CALL001702,2021-05-01,70016178,A1618150104,Poland,Rep-13,29,"Sales Rep: Are you satisfied with the product? Customer: Yes, the product is performing well. Sales Rep: Would you consider increasing the order? Customer: We are evaluating the next purchase.",Follow-up required
CALL001703,2019-08-01,70007198,A2520150501,South Korea,Rep-23,7,"Sales Rep: Are you satisfied with the product? Customer: Yes, the product is performing well. Sales Rep: Would you consider increasing the order? Customer: We are evaluating the next purchase.",Follow-up required
CALL001704,2020-12-01,90023022,A4620110607,Canada,Rep-05,17,"Sales Rep: Are you satisfied with the product? Customer: Yes, the product is performing well. Sales Rep: Would you consider increasing the order? Customer: We are evaluating the next purchase.",Follow-up required
CALL001705,2020-12-01,90016174,A0321150303,Poland,Rep-10,28,"Sales Rep: Are you satisfied with the product? Customer: Yes, the product is performing well. Sales Rep: Would you consider increasing the order? Customer: We are evaluating the next purchase.",Follow-up required
CALL001706,2021-05-01,70009134,A4319110305,Newzealand,Rep-29,16,"Sales Rep: Are you satisfied with the product? Customer: Yes, the product is performing well. Sales Rep: Would you consider increasing the order? Customer: We are evaluating the next purchase.",Follow-up required
CALL001707,2020-12-01,80001019,A1118150202,China,Rep-30,24,"Sales Rep: Are you satisfied with the product? Customer: Yes, the product is performing well. Sales Rep: Would you consider increasing the order? Customer: We are evaluating the next purchase.",Follow-up required
CALL001708,2020-03-01,90017057,A2821150806,Portugal,Rep-01,17,"Sales Rep: Are you satisfied with the product? Customer: Yes, the product is performing well. Sales Rep: Would you consider increasing the order? Customer: We are evaluating the next purchase.",Follow-up required
CALL001709,2020-10-01,90012039,A3220150402,Germany,Rep-12,5,"Sales Rep: Are you satisfied with the product? Customer: Yes, the product is performing well. Sales Rep: Would you consider increasing the order? Customer: We are evaluating the next purchase.",Follow-up required
CALL001710,2020-12-01,90010045,A4118110107,Bangladesh,Rep-17,9,"Sales Rep: Are you satisfied with the product? Customer: Yes, the product is performing well. Sales Rep: Would you consider increasing the order? Customer: We are evaluating the next purchase.",Follow-up required
CALL001711,2021-03-01,90010045,A4020150401,Bangladesh,Rep-19,10,"Sales Rep: Are you satisfied with the product? Customer: Yes, the product is performing well. Sales Rep: Would you consider increasing the order? Customer: We are evaluating the next purchase.",Follow-up required
CALL001712,2018-09-01,90011186,A2918150105,France,Rep-29,21,"Sales Rep: Are you satisfied with the product? Customer: Yes, the product is performing well. Sales Rep: Would you consider increasing the order? Customer: We are evaluating the next purchase.",Follow-up required
CALL001713,2019-12-01,70008170,A3920150301,Australia,Rep-13,16,"Sales Rep: Are you satisfied with the product? Customer: Yes, the product is performing well. Sales Rep: Would you consider increasing the order? Customer: We are evaluating the next purchase.",Follow-up required
CALL001714,2019-06-01,70006157,A1819150304,Philiphines,Rep-14,13,"Sales Rep: Are you satisfied with the product? Customer: Yes, the product is performing well. Sales Rep: Would you consider increasing the order? Customer: We are evaluating the next purchase.",Follow-up required
CALL001715,2020-04-01,90021090,A2721150704,United Kingdom,Rep-21,23,"Sales Rep: Are you satisfied with the product? Customer: Yes, the product is performing well. Sales Rep: Would you consider increasing the order? Customer: We are evaluating the next purchase.",Follow-up required
CALL001716,2019-05-01,90002016,A2419150405,India,Rep-08,14,"Sales Rep: Are you satisfied with the product? Customer: Yes, the product is performing well. Sales Rep: Would you consider increasing the order? Customer: We are evaluating the next purchase.",Follow-up required
CALL001717,2019-10-01,90002009,A6121110208,India,Rep-15,5,"Sales Rep: Are you satisfied with the product? Customer: Yes, the product is performing well. Sales Rep: Would you consider increasing the order? Customer: We are evaluating the next purchase.",Follow-up required
CALL001718,2019-01-01,70006157,A6419160302,Philiphines,Rep-23,25,"Sales Rep: Are you satisfied with the product? Customer: Yes, the product is performing well. Sales Rep: Would you consider increasing the order? Customer: We are evaluating the next purchase.",Follow-up required
CALL001719,2018-10-01,90023026,A3119150301,Canada,Rep-12,17,"Sales Rep: Are you satisfied with the product? Customer: Yes, the product is performing well. Sales Rep: Would you consider increasing the order? Customer: We are evaluating the next purchase.",Follow-up required
CALL001720,2020-07-01,70007198,A1018150101,South Korea,Rep-15,17,"Sales Rep: Are you satisfied with the product? Customer: Yes, the product is performing well. Sales Rep: Would you consider increasing the order? Customer: We are evaluating the next purchase.",Follow-up required
CALL001721,2018-10-01,80007196,A2219150206,South Korea,Rep-18,7,"Sales Rep: Are you satisfied with the product? Customer: Yes, the product is performing well. Sales Rep: Would you consider increasing the order? Customer: We are evaluating the next purchase.",Follow-up required
CALL001722,2021-01-01,70010047,A0821150503,Bangladesh,Rep-22,28,"Sales Rep: Are you satisfied with the product? Customer: Yes, the product is performing well. Sales Rep: Would you consider increasing the order? Customer: We are evaluating the next purchase.",Follow-up required
CALL001723,2021-04-01,90022073,A1521150603,USA,Rep-17,18,"Sales Rep: Are you satisfied with the product? Customer: Yes, the product is performing well. Sales Rep: Would you consider increasing the order? Customer: We are evaluating the next purchase.",Follow-up required
CALL001724,2019-06-01,90013118,A1718150204,Italy,Rep-09,16,"Sales Rep: Are you satisfied with the product? Customer: Yes, the product is performing well. Sales Rep: Would you consider increasing the order? Customer: We are evaluating the next purchase.",Follow-up required
CALL001725,2019-04-01,90012033,A5419110207,Germany,Rep-24,7,"Sales Rep: Are you satisfied with the product? Customer: Yes, the product is performing well. Sales Rep: Would you consider increasing the order? Customer: We are evaluating the next purchase.",Follow-up required
CALL001726,2021-01-01,90020103,A4419110401,Austria,Rep-03,5,"Sales Rep: Are you satisfied with the product? Customer: Yes, the product is performing well. Sales Rep: Would you consider increasing the order? Customer: We are evaluating the next purchase.",Follow-up required
CALL001727,2020-09-01,70009134,A6818160201,Newzealand,Rep-15,9,"Sales Rep: Are you satisfied with the product? Customer: Yes, the product is performing well. Sales Rep: Would you consider increasing the order? Customer: We are evaluating the next purchase.",Follow-up required
CALL001728,2019-04-01,80006155,A4620110604,Philiphines,Rep-29,29,"Sales Rep: Are you satisfied with the product? Customer: Yes, the product is performing well. Sales Rep: Would you consider increasing the order? Customer: We are evaluating the next purchase.",Follow-up required
CALL001729,2019-11-01,90011191,A3421150604,France,Rep-30,30,"Sales Rep: Are you satisfied with the product? Customer: Yes, the product is performing well. Sales Rep: Would you consider increasing the order? Customer: We are evaluating the next purchase.",Follow-up required
CALL001730,2018-09-01,90014141,A6921160301,Netherlands,Rep-26,25,"Sales Rep: Are you satisfied with the product? Customer: Yes, the product is performing well. Sales Rep: Would you consider increasing the order? Customer: We are evaluating the next purchase.",Follow-up required
CALL001731,2019-06-01,70009134,A3621150801,Newzealand,Rep-01,13,"Sales Rep: Are you satisfied with the product? Customer: Yes, the product is performing well. Sales Rep: Would you consider increasing the order? Customer: We are evaluating the next purchase.",Follow-up required
CALL001732,2019-09-01,90012037,A6719160101,Germany,Rep-27,4,"Sales Rep: Are you satisfied with the product? Customer: Yes, the product is performing well. Sales Rep: Would you consider increasing the order? Customer: We are evaluating the next purchase.",Follow-up required
CALL001733,2021-02-01,70009134,A0418150103,Newzealand,Rep-13,16,"Sales Rep: Are you satisfied with the product? Customer: Yes, the product is performing well. Sales Rep: Would you consider increasing the order? Customer: We are evaluating the next purchase.",Follow-up required
CALL001734,2020-02-01,70006158,A6719160101,Philiphines,Rep-18,18,"Sales Rep: Are you satisfied with the product? Customer: Yes, the product is performing well. Sales Rep: Would you consider increasing the order? Customer: We are evaluating the next purchase.",Follow-up required
CALL001735,2020-09-01,90010046,A2721150704,Bangladesh,Rep-26,18,"Sales Rep: Are you satisfied with the product? Customer: Yes, the product is performing well. Sales Rep: Would you consider increasing the order? Customer: We are evaluating the next purchase.",Follow-up required
CALL001736,2019-09-01,90018110,A4520110506,Spain,Rep-02,25,"Sales Rep: Are you satisfied with the product? Customer: Yes, the product is performing well. Sales Rep: Would you consider increasing the order? Customer: We are evaluating the next purchase.",Follow-up required
CALL001737,2020-09-01,90018109,A0321150302,Spain,Rep-23,5,"Sales Rep: Are you satisfied with the product? Customer: Yes, the product is performing well. Sales Rep: Would you consider increasing the order? Customer: We are evaluating the next purchase.",Follow-up required
CALL001738,2020-08-01,90021090,A1219150302,United Kingdom,Rep-23,20,"Sales Rep: Are you satisfied with the product? Customer: Yes, the product is performing well. Sales Rep: Would you consider increasing the order? Customer: We are evaluating the next purchase.",Follow-up required
CALL001739,2019-10-01,70020104,A0418150105,Austria,Rep-11,5,"Sales Rep: Are you satisfied with the product? Customer: Yes, the product is performing well. Sales Rep: Would you consider increasing the order? Customer: We are evaluating the next purchase.",Follow-up required
CALL001740,2019-04-01,90006156,A6319160203,Philiphines,Rep-24,20,"Sales Rep: Are you satisfied with the product? Customer: Yes, the product is performing well. Sales Rep: Would you consider increasing the order? Customer: We are evaluating the next purchase.",Follow-up required
CALL001741,2020-08-01,70014142,A1320150402,Netherlands,Rep-17,5,"Sales Rep: Are you satisfied with the product? Customer: Yes, the product is performing well. Sales Rep: Would you consider increasing the order? Customer: We are evaluating the next purchase.",Follow-up required
CALL001742,2020-06-01,90023025,A1319150401,Canada,Rep-05,9,"Sales Rep: Are you satisfied with the product? Customer: Yes, the product is performing well. Sales Rep: Would you consider increasing the order? Customer: We are evaluating the next purchase.",Follow-up required
CALL001743,2020-01-01,90010046,A7321160302,Bangladesh,Rep-02,13,"Sales Rep: Are you satisfied with the product? Customer: Yes, the product is performing well. Sales Rep: Would you consider increasing the order? Customer: We are evaluating the next purchase.",Follow-up required
CALL001744,2019-01-01,90011186,A4218110202,France,Rep-13,7,"Sales Rep: Are you satisfied with the product? Customer: Yes, the product is performing well. Sales Rep: Would you consider increasing the order? Customer: We are evaluating the next purchase.",Follow-up required
CALL001745,2018-12-01,80007195,A4118110107,South Korea,Rep-10,10,"Sales Rep: Are you satisfied with the product? Customer: Yes, the product is performing well. Sales Rep: Would you consider increasing the order? Customer: We are evaluating the next purchase.",Follow-up required
CALL001746,2020-05-01,90022074,A6921160301,USA,Rep-08,20,"Sales Rep: Are you satisfied with the product? Customer: Yes, the product is performing well. Sales Rep: Would you consider increasing the order? Customer: We are evaluating the next purchase.",Follow-up required
CALL001747,2019-01-01,70005163,A2419150402,Pakistan,Rep-29,10,"Sales Rep: Are you satisfied with the product? Customer: Yes, the product is performing well. Sales Rep: Would you consider increasing the order? Customer: We are evaluating the next purchase.",Follow-up required
CALL001748,2019-07-01,90014141,A6918160303,Netherlands,Rep-03,21,"Sales Rep: Are you satisfied with the product? Customer: Yes, the product is performing well. Sales Rep: Would you consider increasing the order? Customer: We are evaluating the next purchase.",Follow-up required
CALL001749,2020-06-01,90018107,A1119150203,Spain,Rep-09,9,"Sales Rep: Are you satisfied with the product? Customer: Yes, the product is performing well. Sales Rep: Would you consider increasing the order? Customer: We are evaluating the next purchase.",Follow-up required
CALL001750,2019-02-01,90013121,A5520110305,Italy,Rep-09,4,"Sales Rep: Are you satisfied with the product? Customer: Yes, the product is performing well. Sales Rep: Would you consider increasing the order? Customer: We are evaluating the next purchase.",Follow-up required
CALL001751,2019-01-01,90017054,A6919160302,Portugal,Rep-05,22,"Sales Rep: Are you satisfied with the product? Customer: Yes, the product is performing well. Sales Rep: Would you consider increasing the order? Customer: We are evaluating the next purchase.",Follow-up required
CALL001752,2019-12-01,90013120,A2918150106,Italy,Rep-01,8,"Sales Rep: Are you satisfied with the product? Customer: Yes, the product is performing well. Sales Rep: Would you consider increasing the order? Customer: We are evaluating the next purchase.",Follow-up required
CALL001753,2021-05-01,90017056,A1819150301,Portugal,Rep-25,4,"Sales Rep: Are you satisfied with the product? Customer: Yes, the product is performing well. Sales Rep: Would you consider increasing the order? Customer: We are evaluating the next purchase.",Follow-up required
CALL001754,2021-05-01,90021088,A5721110504,United Kingdom,Rep-11,7,"Sales Rep: Are you satisfied with the product? Customer: Yes, the product is performing well. Sales Rep: Would you consider increasing the order? Customer: We are evaluating the next purchase.",Follow-up required
CALL001755,2021-07-01,70023032,A2721150705,Canada,Rep-01,24,"Sales Rep: Are you satisfied with the product? Customer: Yes, the product is performing well. Sales Rep: Would you consider increasing the order? Customer: We are evaluating the next purchase.",Follow-up required
CALL001756,2019-05-01,90001020,A4620110602,China,Rep-11,9,"Sales Rep: Are you satisfied with the product? Customer: Yes, the product is performing well. Sales Rep: Would you consider increasing the order? Customer: We are evaluating the next purchase.",Follow-up required
CALL001757,2021-06-01,90010045,A3421150604,Bangladesh,Rep-06,29,"Sales Rep: Are you satisfied with the product? Customer: Yes, the product is performing well. Sales Rep: Would you consider increasing the order? Customer: We are evaluating the next purchase.",Follow-up required
CALL001758,2020-08-01,90022077,A2721150705,USA,Rep-06,19,"Sales Rep: Are you satisfied with the product? Customer: Yes, the product is performing well. Sales Rep: Would you consider increasing the order? Customer: We are evaluating the next purchase.",Follow-up required
CALL001759,2020-03-01,90020100,A4721110708,Austria,Rep-12,27,"Sales Rep: Are you satisfied with the product? Customer: Yes, the product is performing well. Sales Rep: Would you consider increasing the order? Customer: We are evaluating the next purchase.",Follow-up required
CALL001760,2020-12-01,90002002,A6018110102,India,Rep-06,10,"Sales Rep: Are you satisfied with the product? Customer: Yes, the product is performing well. Sales Rep: Would you consider increasing the order? Customer: We are evaluating the next purchase.",Follow-up required
CALL001761,2020-07-01,90021091,A5318110107,United Kingdom,Rep-03,9,"Sales Rep: Are you satisfied with the product? Customer: Yes, the product is performing well. Sales Rep: Would you consider increasing the order? Customer: We are evaluating the next purchase.",Follow-up required
CALL001762,2019-06-01,70005163,A0921150601,Pakistan,Rep-13,7,"Sales Rep: Are you satisfied with the product? Customer: Yes, the product is performing well. Sales Rep: Would you consider increasing the order? Customer: We are evaluating the next purchase.",Follow-up required
CALL001763,2021-05-01,70016177,A2721150704,Poland,Rep-30,16,"Sales Rep: Are you satisfied with the product? Customer: Yes, the product is performing well. Sales Rep: Would you consider increasing the order? Customer: We are evaluating the next purchase.",Follow-up required
CALL001764,2019-01-01,80001019,A2420150406,China,Rep-02,23,"Sales Rep: Are you satisfied with the product? Customer: Yes, the product is performing well. Sales Rep: Would you consider increasing the order? Customer: We are evaluating the next purchase.",Follow-up required
CALL001765,2019-10-01,90019202,A6119110203,Sweden,Rep-07,11,"Sales Rep: Are you satisfied with the product? Customer: Yes, the product is performing well. Sales Rep: Would you consider increasing the order? Customer: We are evaluating the next purchase.",Follow-up required
CALL001766,2019-01-01,90020103,A1219150302,Austria,Rep-12,22,"Sales Rep: Are you satisfied with the product? Customer: Yes, the product is performing well. Sales Rep: Would you consider increasing the order? Customer: We are evaluating the next purchase.",Follow-up required
CALL001767,2021-03-01,70006158,A0118150103,Philiphines,Rep-07,15,"Sales Rep: Are you satisfied with the product? Customer: Yes, the product is performing well. Sales Rep: Would you consider increasing the order? Customer: We are evaluating the next purchase.",Follow-up required
CALL001768,2021-02-01,70011194,A6520160402,France,Rep-09,23,"Sales Rep: Are you satisfied with the product? Customer: Yes, the product is performing well. Sales Rep: Would you consider increasing the order? Customer: We are evaluating the next purchase.",Follow-up required
CALL001769,2019-11-01,90023024,A4218110204,Canada,Rep-02,30,"Sales Rep: Are you satisfied with the product? Customer: Yes, the product is performing well. Sales Rep: Would you consider increasing the order? Customer: We are evaluating the next purchase.",Follow-up required
CALL001770,2018-10-01,90011186,A6919160302,France,Rep-09,8,"Sales Rep: Are you satisfied with the product? Customer: Yes, the product is performing well. Sales Rep: Would you consider increasing the order? Customer: We are evaluating the next purchase.",Follow-up required
CALL001771,2021-02-01,90008165,A4520110504,Australia,Rep-25,14,"Sales Rep: Are you satisfied with the product? Customer: Yes, the product is performing well. Sales Rep: Would you consider increasing the order? Customer: We are evaluating the next purchase.",Follow-up required
CALL001772,2021-03-01,90010045,A5520110305,Bangladesh,Rep-22,17,"Sales Rep: Are you satisfied with the product? Customer: Yes, the product is performing well. Sales Rep: Would you consider increasing the order? Customer: We are evaluating the next purchase.",Follow-up required
CALL001773,2021-01-01,70004070,A4218110202,Japan,Rep-12,25,"Sales Rep: Are you satisfied with the product? Customer: Yes, the product is performing well. Sales Rep: Would you consider increasing the order? Customer: We are evaluating the next purchase.",Follow-up required
CALL001774,2019-03-01,90018105,A5721110501,Spain,Rep-07,12,"Sales Rep: Are you satisfied with the product? Customer: Yes, the product is performing well. Sales Rep: Would you consider increasing the order? Customer: We are evaluating the next purchase.",Follow-up required
CALL001775,2021-05-01,90019203,A1219150303,Sweden,Rep-14,13,"Sales Rep: Are you satisfied with the product? Customer: Yes, the product is performing well. Sales Rep: Would you consider increasing the order? Customer: We are evaluating the next purchase.",Follow-up required
CALL001776,2021-05-01,90013117,A0418150102,Italy,Rep-24,7,"Sales Rep: Are you satisfied with the product? Customer: Yes, the product is performing well. Sales Rep: Would you consider increasing the order? Customer: We are evaluating the next purchase.",Follow-up required
CALL001777,2019-04-01,70005163,A6319160202,Pakistan,Rep-26,16,"Sales Rep: Are you satisfied with the product? Customer: Yes, the product is performing well. Sales Rep: Would you consider increasing the order? Customer: We are evaluating the next purchase.",Follow-up required
CALL001778,2021-04-01,90005159,A2821150805,Pakistan,Rep-25,24,"Sales Rep: Are you satisfied with the product? Customer: Yes, the product is performing well. Sales Rep: Would you consider increasing the order? Customer: We are evaluating the next purchase.",Follow-up required
CALL001779,2019-05-01,90023027,A2319150304,Canada,Rep-07,13,"Sales Rep: Are you satisfied with the product? Customer: Yes, the product is performing well. Sales Rep: Would you consider increasing the order? Customer: We are evaluating the next purchase.",Follow-up required
CALL001780,2018-11-01,90018105,A4218110206,Spain,Rep-29,16,"Sales Rep: Are you satisfied with the product? Customer: Yes, the product is performing well. Sales Rep: Would you consider increasing the order? Customer: We are evaluating the next purchase.",Follow-up required
CALL001781,2018-11-01,90022081,A0321150302,USA,Rep-22,15,"Sales Rep: Are you satisfied with the product? Customer: Yes, the product is performing well. Sales Rep: Would you consider increasing the order? Customer: We are evaluating the next purchase.",Follow-up required
CALL001782,2020-01-01,70017060,A1718150203,Portugal,Rep-29,7,"Sales Rep: Are you satisfied with the product? Customer: Yes, the product is performing well. Sales Rep: Would you consider increasing the order? Customer: We are evaluating the next purchase.",Follow-up required
CALL001783,2019-10-01,70018115,A4118110102,Spain,Rep-07,25,"Sales Rep: Are you satisfied with the product? Customer: Yes, the product is performing well. Sales Rep: Would you consider increasing the order? Customer: We are evaluating the next purchase.",Follow-up required
CALL001784,2019-02-01,90012038,A3621150802,Germany,Rep-16,12,"Sales Rep: Are you satisfied with the product? Customer: Yes, the product is performing well. Sales Rep: Would you consider increasing the order? Customer: We are evaluating the next purchase.",Follow-up required
CALL001785,2019-05-01,90010046,A1320150403,Bangladesh,Rep-07,11,"Sales Rep: Are you satisfied with the product? Customer: Yes, the product is performing well. Sales Rep: Would you consider increasing the order? Customer: We are evaluating the next purchase.",Follow-up required
CALL001786,2019-03-01,90004065,A2620150601,Japan,Rep-26,25,"Sales Rep: Are you satisfied with the product? Customer: Yes, the product is performing well. Sales Rep: Would you consider increasing the order? Customer: We are evaluating the next purchase.",Follow-up required
CALL001787,2019-01-01,70007198,A4620110606,South Korea,Rep-03,24,"Sales Rep: Are you satisfied with the product? Customer: Yes, the product is performing well. Sales Rep: Would you consider increasing the order? Customer: We are evaluating the next purchase.",Follow-up required
CALL001788,2020-07-01,90021092,A6018110102,United Kingdom,Rep-12,13,"Sales Rep: Are you satisfied with the product? Customer: Yes, the product is performing well. Sales Rep: Would you consider increasing the order? Customer: We are evaluating the next purchase.",Follow-up required
CALL001789,2020-03-01,90005161,A0821150504,Pakistan,Rep-24,19,"Sales Rep: Are you satisfied with the product? Customer: Yes, the product is performing well. Sales Rep: Would you consider increasing the order? Customer: We are evaluating the next purchase.",Follow-up required
CALL001790,2019-07-01,70010048,A3019150206,Bangladesh,Rep-05,22,"Sales Rep: Are you satisfied with the product? Customer: Yes, the product is performing well. Sales Rep: Would you consider increasing the order? Customer: We are evaluating the next purchase.",Follow-up required
CALL001791,2021-08-01,90015144,A7118160101,Norway,Rep-09,22,"Sales Rep: Are you satisfied with the product? Customer: Yes, the product is performing well. Sales Rep: Would you consider increasing the order? Customer: We are evaluating the next purchase.",Follow-up required
CALL001792,2020-04-01,90023022,A0519150203,Canada,Rep-19,24,"Sales Rep: Are you satisfied with the product? Customer: Yes, the product is performing well. Sales Rep: Would you consider increasing the order? Customer: We are evaluating the next purchase.",Follow-up required
CALL001793,2020-04-01,90013117,A0418150103,Italy,Rep-03,27,"Sales Rep: Are you satisfied with the product? Customer: Yes, the product is performing well. Sales Rep: Would you consider increasing the order? Customer: We are evaluating the next purchase.",Follow-up required
CALL001794,2021-07-01,90023029,A4721110707,Canada,Rep-18,11,"Sales Rep: Are you satisfied with the product? Customer: Yes, the product is performing well. Sales Rep: Would you consider increasing the order? Customer: We are evaluating the next purchase.",Follow-up required
CALL001795,2020-10-01,90021094,A1219150301,United Kingdom,Rep-13,4,"Sales Rep: Are you satisfied with the product? Customer: Yes, the product is performing well. Sales Rep: Would you consider increasing the order? Customer: We are evaluating the next purchase.",Follow-up required
CALL001796,2019-06-01,70008169,A1919150403,Australia,Rep-30,26,"Sales Rep: Are you satisfied with the product? Customer: Yes, the product is performing well. Sales Rep: Would you consider increasing the order? Customer: We are evaluating the next purchase.",Follow-up required
CALL001797,2018-09-01,90002005,A0118150101,India,Rep-19,10,"Sales Rep: Are you satisfied with the product? Customer: Yes, the product is performing well. Sales Rep: Would you consider increasing the order? Customer: We are evaluating the next purchase.",Follow-up required
CALL001798,2018-11-01,80006154,A6419160302,Philiphines,Rep-26,20,"Sales Rep: Are you satisfied with the product? Customer: Yes, the product is performing well. Sales Rep: Would you consider increasing the order? Customer: We are evaluating the next purchase.",Follow-up required
CALL001799,2018-09-01,90021088,A0418150105,United Kingdom,Rep-02,23,"Sales Rep: Are you satisfied with the product? Customer: Yes, the product is performing well. Sales Rep: Would you consider increasing the order? Customer: We are evaluating the next purchase.",Follow-up required
CALL001800,2021-06-01,90018109,A1919150403,Spain,Rep-24,26,"Sales Rep: Are you satisfied with the product? Customer: Yes, the product is performing well. Sales Rep: Would you consider increasing the order? Customer: We are evaluating the next purchase.",Follow-up required
CALL001801,2021-08-01,70019204,A1219150301,Sweden,Rep-23,6,"Sales Rep: Are you satisfied with the product? Customer: Yes, the product is performing well. Sales Rep: Would you consider increasing the order? Customer: We are evaluating the next purchase.",Follow-up required
CALL001802,2019-08-01,90007197,A1819150303,South Korea,Rep-10,11,"Sales Rep: Are you satisfied with the product? Customer: Yes, the product is performing well. Sales Rep: Would you consider increasing the order? Customer: We are evaluating the next purchase.",Follow-up required
CALL001803,2021-05-01,90002001,A4118110107,India,Rep-22,15,"Sales Rep: Are you satisfied with the product? Customer: Yes, the product is performing well. Sales Rep: Would you consider increasing the order? Customer: We are evaluating the next purchase.",Follow-up required
CALL001804,2020-10-01,90022079,A1920150404,USA,Rep-28,12,"Sales Rep: Are you satisfied with the product? Customer: Yes, the product is performing well. Sales Rep: Would you consider increasing the order? Customer: We are evaluating the next purchase.",Follow-up required
CALL001805,2018-10-01,70023031,A5621110405,Canada,Rep-02,9,"Sales Rep: Are you satisfied with the product? Customer: Yes, the product is performing well. Sales Rep: Would you consider increasing the order? Customer: We are evaluating the next purchase.",Follow-up required
CALL001806,2020-08-01,90001021,A3220150405,China,Rep-18,7,"Sales Rep: Are you satisfied with the product? Customer: Yes, the product is performing well. Sales Rep: Would you consider increasing the order? Customer: We are evaluating the next purchase.",Follow-up required
CALL001807,2020-11-01,90012033,A3621150801,Germany,Rep-08,12,"Sales Rep: Are you satisfied with the product? Customer: Yes, the product is performing well. Sales Rep: Would you consider increasing the order? Customer: We are evaluating the next purchase.",Follow-up required
CALL001808,2020-03-01,90020099,A4218110206,Austria,Rep-05,6,"Sales Rep: Are you satisfied with the product? Customer: Yes, the product is performing well. Sales Rep: Would you consider increasing the order? Customer: We are evaluating the next purchase.",Follow-up required
CALL001809,2020-06-01,90021094,A7018160402,United Kingdom,Rep-13,28,"Sales Rep: Are you satisfied with the product? Customer: Yes, the product is performing well. Sales Rep: Would you consider increasing the order? Customer: We are evaluating the next purchase.",Follow-up required
CALL001810,2021-07-01,90021090,A4721110708,United Kingdom,Rep-23,7,"Sales Rep: Are you satisfied with the product? Customer: Yes, the product is performing well. Sales Rep: Would you consider increasing the order? Customer: We are evaluating the next purchase.",Follow-up required
CALL001811,2020-01-01,90021093,A0619150302,United Kingdom,Rep-22,18,"Sales Rep: Are you satisfied with the product? Customer: Yes, the product is performing well. Sales Rep: Would you consider increasing the order? Customer: We are evaluating the next purchase.",Follow-up required
CALL001812,2021-08-01,90003180,A4318110301,Indonesia,Rep-22,21,"Sales Rep: Are you satisfied with the product? Customer: Yes, the product is performing well. Sales Rep: Would you consider increasing the order? Customer: We are evaluating the next purchase.",Follow-up required
CALL001813,2021-05-01,70013126,A0921150601,Italy,Rep-03,9,"Sales Rep: Are you satisfied with the product? Customer: Yes, the product is performing well. Sales Rep: Would you consider increasing the order? Customer: We are evaluating the next purchase.",Follow-up required
CALL001814,2020-08-01,90003180,A6419160301,Indonesia,Rep-05,7,"Sales Rep: Are you satisfied with the product? Customer: Yes, the product is performing well. Sales Rep: Would you consider increasing the order? Customer: We are evaluating the next purchase.",Follow-up required
CALL001815,2020-02-01,90003179,A0118150104,Indonesia,Rep-24,29,"Sales Rep: Are you satisfied with the product? Customer: Yes, the product is performing well. Sales Rep: Would you consider increasing the order? Customer: We are evaluating the next purchase.",Follow-up required
CALL001816,2021-01-01,70016177,A0519150203,Poland,Rep-05,18,"Sales Rep: Are you satisfied with the product? Customer: Yes, the product is performing well. Sales Rep: Would you consider increasing the order? Customer: We are evaluating the next purchase.",Follow-up required
CALL001817,2019-02-01,90022075,A2218150202,USA,Rep-29,19,"Sales Rep: Are you satisfied with the product? Customer: Yes, the product is performing well. Sales Rep: Would you consider increasing the order? Customer: We are evaluating the next purchase.",Follow-up required
CALL001818,2018-12-01,90023024,A1118150201,Canada,Rep-20,25,"Sales Rep: Are you satisfied with the product? Customer: Yes, the product is performing well. Sales Rep: Would you consider increasing the order? Customer: We are evaluating the next purchase.",Follow-up required
CALL001819,2021-01-01,70018115,A3320150505,Spain,Rep-15,14,"Sales Rep: Are you satisfied with the product? Customer: Yes, the product is performing well. Sales Rep: Would you consider increasing the order? Customer: We are evaluating the next purchase.",Follow-up required
CALL001820,2019-07-01,90021093,A7220160203,United Kingdom,Rep-27,21,"Sales Rep: Are you satisfied with the product? Customer: Yes, the product is performing well. Sales Rep: Would you consider increasing the order? Customer: We are evaluating the next purchase.",Follow-up required
CALL001821,2018-11-01,90022083,A5721110501,USA,Rep-09,12,"Sales Rep: Are you satisfied with the product? Customer: Yes, the product is performing well. Sales Rep: Would you consider increasing the order? Customer: We are evaluating the next purchase.",Follow-up required
CALL001822,2019-03-01,90001020,A6519160401,China,Rep-28,10,"Sales Rep: Are you satisfied with the product? Customer: Yes, the product is performing well. Sales Rep: Would you consider increasing the order? Customer: We are evaluating the next purchase.",Follow-up required
CALL001823,2018-12-01,90019201,A5519110303,Sweden,Rep-27,7,"Sales Rep: Are you satisfied with the product? Customer: Yes, the product is performing well. Sales Rep: Would you consider increasing the order? Customer: We are evaluating the next purchase.",Follow-up required
CALL001824,2020-09-01,90021090,A2720150701,United Kingdom,Rep-14,18,"Sales Rep: Are you satisfied with the product? Customer: Yes, the product is performing well. Sales Rep: Would you consider increasing the order? Customer: We are evaluating the next purchase.",Follow-up required
CALL001825,2020-11-01,70002018,A0519150202,India,Rep-19,15,"Sales Rep: Are you satisfied with the product? Customer: Yes, the product is performing well. Sales Rep: Would you consider increasing the order? Customer: We are evaluating the next purchase.",Follow-up required
CALL001826,2020-10-01,70019204,A2219150206,Sweden,Rep-01,15,"Sales Rep: Are you satisfied with the product? Customer: Yes, the product is performing well. Sales Rep: Would you consider increasing the order? Customer: We are evaluating the next purchase.",Follow-up required
CALL001827,2019-12-01,90019202,A0118150101,Sweden,Rep-11,10,"Sales Rep: Are you satisfied with the product? Customer: Yes, the product is performing well. Sales Rep: Would you consider increasing the order? Customer: We are evaluating the next purchase.",Follow-up required
CALL001828,2021-03-01,90022078,A4419110406,USA,Rep-21,25,"Sales Rep: Are you satisfied with the product? Customer: Yes, the product is performing well. Sales Rep: Would you consider increasing the order? Customer: We are evaluating the next purchase.",Follow-up required
CALL001829,2019-05-01,90006153,A1819150303,Philiphines,Rep-01,29,"Sales Rep: Are you satisfied with the product? Customer: Yes, the product is performing well. Sales Rep: Would you consider increasing the order? Customer: We are evaluating the next purchase.",Follow-up required
CALL001830,2020-04-01,90016174,A3718150103,Poland,Rep-10,28,"Sales Rep: Are you satisfied with the product? Customer: Yes, the product is performing well. Sales Rep: Would you consider increasing the order? Customer: We are evaluating the next purchase.",Follow-up required
CALL001831,2020-01-01,90003180,A6818160201,Indonesia,Rep-17,21,"Sales Rep: Are you satisfied with the product? Customer: Yes, the product is performing well. Sales Rep: Would you consider increasing the order? Customer: We are evaluating the next purchase.",Follow-up required
CALL001832,2018-12-01,90008165,A3521150704,Australia,Rep-14,14,"Sales Rep: Are you satisfied with the product? Customer: Yes, the product is performing well. Sales Rep: Would you consider increasing the order? Customer: We are evaluating the next purchase.",Follow-up required
CALL001833,2019-03-01,90018114,A3320150506,Spain,Rep-08,18,"Sales Rep: Are you satisfied with the product? Customer: Yes, the product is performing well. Sales Rep: Would you consider increasing the order? Customer: We are evaluating the next purchase.",Follow-up required
CALL001834,2019-06-01,90009129,A4720110701,Newzealand,Rep-06,18,"Sales Rep: Are you satisfied with the product? Customer: Yes, the product is performing well. Sales Rep: Would you consider increasing the order? Customer: We are evaluating the next purchase.",Follow-up required
CALL001835,2020-07-01,90019201,A6120110205,Sweden,Rep-01,10,"Sales Rep: Are you satisfied with the product? Customer: Yes, the product is performing well. Sales Rep: Would you consider increasing the order? Customer: We are evaluating the next purchase.",Follow-up required
CALL001836,2019-10-01,70023032,A4118110104,Canada,Rep-17,16,"Sales Rep: Are you satisfied with the product? Customer: Yes, the product is performing well. Sales Rep: Would you consider increasing the order? Customer: We are evaluating the next purchase.",Follow-up required
CALL001837,2020-06-01,90021094,A2520150506,United Kingdom,Rep-05,25,"Sales Rep: Are you satisfied with the product? Customer: Yes, the product is performing well. Sales Rep: Would you consider increasing the order? Customer: We are evaluating the next purchase.",Follow-up required
CALL001838,2021-02-01,90023026,A6519160401,Canada,Rep-19,23,"Sales Rep: Are you satisfied with the product? Customer: Yes, the product is performing well. Sales Rep: Would you consider increasing the order? Customer: We are evaluating the next purchase.",Follow-up required
CALL001839,2020-06-01,90015145,A0418150101,Norway,Rep-19,14,"Sales Rep: Are you satisfied with the product? Customer: Yes, the product is performing well. Sales Rep: Would you consider increasing the order? Customer: We are evaluating the next purchase.",Follow-up required
CALL001840,2019-01-01,90016176,A0519150208,Poland,Rep-11,22,"Sales Rep: Are you satisfied with the product? Customer: Yes, the product is performing well. Sales Rep: Would you consider increasing the order? Customer: We are evaluating the next purchase.",Follow-up required
CALL001841,2018-10-01,90021090,A0620150305,United Kingdom,Rep-18,19,"Sales Rep: Are you satisfied with the product? Customer: Yes, the product is performing well. Sales Rep: Would you consider increasing the order? Customer: We are evaluating the next purchase.",Follow-up required
CALL001842,2020-02-01,90006156,A0118150104,Philiphines,Rep-16,12,"Sales Rep: Are you satisfied with the product? Customer: Yes, the product is performing well. Sales Rep: Would you consider increasing the order? Customer: We are evaluating the next purchase.",Follow-up required
CALL001843,2019-05-01,70013126,A1718150201,Italy,Rep-24,29,"Sales Rep: Are you satisfied with the product? Customer: Yes, the product is performing well. Sales Rep: Would you consider increasing the order? Customer: We are evaluating the next purchase.",Follow-up required
CALL001844,2020-09-01,70019204,A4520110504,Sweden,Rep-23,8,"Sales Rep: Are you satisfied with the product? Customer: Yes, the product is performing well. Sales Rep: Would you consider increasing the order? Customer: We are evaluating the next purchase.",Follow-up required
CALL001845,2020-05-01,90001020,A3621150801,China,Rep-28,4,"Sales Rep: Are you satisfied with the product? Customer: Yes, the product is performing well. Sales Rep: Would you consider increasing the order? Customer: We are evaluating the next purchase.",Follow-up required
CALL001846,2019-06-01,70015152,A2918150102,Norway,Rep-14,17,"Sales Rep: Are you satisfied with the product? Customer: Yes, the product is performing well. Sales Rep: Would you consider increasing the order? Customer: We are evaluating the next purchase.",Follow-up required
CALL001847,2019-12-01,70003182,A2118150104,Indonesia,Rep-28,24,"Sales Rep: Are you satisfied with the product? Customer: Yes, the product is performing well. Sales Rep: Would you consider increasing the order? Customer: We are evaluating the next purchase.",Follow-up required
CALL001848,2021-04-01,90006153,A4620110601,Philiphines,Rep-01,13,"Sales Rep: Are you satisfied with the product? Customer: Yes, the product is performing well. Sales Rep: Would you consider increasing the order? Customer: We are evaluating the next purchase.",Follow-up required
CALL001849,2018-12-01,90016174,A2720150701,Poland,Rep-23,25,"Sales Rep: Are you satisfied with the product? Customer: Yes, the product is performing well. Sales Rep: Would you consider increasing the order? Customer: We are evaluating the next purchase.",Follow-up required
CALL001850,2020-07-01,90016174,A3320150504,Poland,Rep-13,28,"Sales Rep: Are you satisfied with the product? Customer: Yes, the product is performing well. Sales Rep: Would you consider increasing the order? Customer: We are evaluating the next purchase.",Follow-up required
CALL001851,2019-06-01,90019203,A1219150303,Sweden,Rep-08,21,"Sales Rep: Are you satisfied with the product? Customer: Yes, the product is performing well. Sales Rep: Would you consider increasing the order? Customer: We are evaluating the next purchase.",Follow-up required
CALL001852,2019-09-01,70003182,A1420150502,Indonesia,Rep-28,19,"Sales Rep: Are you satisfied with the product? Customer: Yes, the product is performing well. Sales Rep: Would you consider increasing the order? Customer: We are evaluating the next purchase.",Follow-up required
CALL001853,2020-03-01,90009130,A4821110807,Newzealand,Rep-18,22,"Sales Rep: Are you satisfied with the product? Customer: Yes, the product is performing well. Sales Rep: Would you consider increasing the order? Customer: We are evaluating the next purchase.",Follow-up required
CALL001854,2019-07-01,90019203,A2918150105,Sweden,Rep-11,28,"Sales Rep: Are you satisfied with the product? Customer: Yes, the product is performing well. Sales Rep: Would you consider increasing the order? Customer: We are evaluating the next purchase.",Follow-up required
CALL001855,2020-03-01,90001021,A4821110804,China,Rep-16,9,"Sales Rep: Are you satisfied with the product? Customer: Yes, the product is performing well. Sales Rep: Would you consider increasing the order? Customer: We are evaluating the next purchase.",Follow-up required
CALL001856,2018-10-01,90019203,A7018160402,Sweden,Rep-15,28,"Sales Rep: Are you satisfied with the product? Customer: Yes, the product is performing well. Sales Rep: Would you consider increasing the order? Customer: We are evaluating the next purchase.",Follow-up required
CALL001857,2020-02-01,90014140,A4620110608,Netherlands,Rep-01,25,"Sales Rep: Are you satisfied with the product? Customer: Yes, the product is performing well. Sales Rep: Would you consider increasing the order? Customer: We are evaluating the next purchase.",Follow-up required
CALL001858,2019-07-01,90004065,A0721150401,Japan,Rep-16,25,"Sales Rep: Are you satisfied with the product? Customer: Yes, the product is performing well. Sales Rep: Would you consider increasing the order? Customer: We are evaluating the next purchase.",Follow-up required
CALL001859,2019-03-01,90001021,A5621110404,China,Rep-08,18,"Sales Rep: Are you satisfied with the product? Customer: Yes, the product is performing well. Sales Rep: Would you consider increasing the order? Customer: We are evaluating the next purchase.",Follow-up required
CALL001860,2021-03-01,90023030,A3420150601,Canada,Rep-28,10,"Sales Rep: Are you satisfied with the product? Customer: Yes, the product is performing well. Sales Rep: Would you consider increasing the order? Customer: We are evaluating the next purchase.",Follow-up required
CALL001861,2021-07-01,90004063,A2219150206,Japan,Rep-13,5,"Sales Rep: Are you satisfied with the product? Customer: Yes, the product is performing well. Sales Rep: Would you consider increasing the order? Customer: We are evaluating the next purchase.",Follow-up required
CALL001862,2019-08-01,90011187,A5419110208,France,Rep-30,11,"Sales Rep: Are you satisfied with the product? Customer: Yes, the product is performing well. Sales Rep: Would you consider increasing the order? Customer: We are evaluating the next purchase.",Follow-up required
CALL001863,2020-11-01,90014141,A0418150101,Netherlands,Rep-06,22,"Sales Rep: Are you satisfied with the product? Customer: Yes, the product is performing well. Sales Rep: Would you consider increasing the order? Customer: We are evaluating the next purchase.",Follow-up required
CALL001864,2020-06-01,90017050,A4419110407,Portugal,Rep-27,30,"Sales Rep: Are you satisfied with the product? Customer: Yes, the product is performing well. Sales Rep: Would you consider increasing the order? Customer: We are evaluating the next purchase.",Follow-up required
CALL001865,2019-07-01,90023028,A3421150605,Canada,Rep-05,25,"Sales Rep: Are you satisfied with the product? Customer: Yes, the product is performing well. Sales Rep: Would you consider increasing the order? Customer: We are evaluating the next purchase.",Follow-up required
CALL001866,2020-02-01,90006156,A6818160201,Philiphines,Rep-11,25,"Sales Rep: Are you satisfied with the product? Customer: Yes, the product is performing well. Sales Rep: Would you consider increasing the order? Customer: We are evaluating the next purchase.",Follow-up required
CALL001867,2020-10-01,90008167,A4721110705,Australia,Rep-22,13,"Sales Rep: Are you satisfied with the product? Customer: Yes, the product is performing well. Sales Rep: Would you consider increasing the order? Customer: We are evaluating the next purchase.",Follow-up required
CALL001868,2020-03-01,90004067,A0418150102,Japan,Rep-30,30,"Sales Rep: Are you satisfied with the product? Customer: Yes, the product is performing well. Sales Rep: Would you consider increasing the order? Customer: We are evaluating the next purchase.",Follow-up required
CALL001869,2019-11-01,90016173,A6818160202,Poland,Rep-24,6,"Sales Rep: Are you satisfied with the product? Customer: Yes, the product is performing well. Sales Rep: Would you consider increasing the order? Customer: We are evaluating the next purchase.",Follow-up required
CALL001870,2019-02-01,70014142,A6419160303,Netherlands,Rep-06,20,"Sales Rep: Are you satisfied with the product? Customer: Yes, the product is performing well. Sales Rep: Would you consider increasing the order? Customer: We are evaluating the next purchase.",Follow-up required
CALL001871,2019-04-01,90016174,A5419110202,Poland,Rep-23,14,"Sales Rep: Are you satisfied with the product? Customer: Yes, the product is performing well. Sales Rep: Would you consider increasing the order? Customer: We are evaluating the next purchase.",Follow-up required
CALL001872,2021-04-01,90021086,A5621110404,United Kingdom,Rep-22,26,"Sales Rep: Are you satisfied with the product? Customer: Yes, the product is performing well. Sales Rep: Would you consider increasing the order? Customer: We are evaluating the next purchase.",Follow-up required
CALL001873,2020-02-01,70005163,A4218110208,Pakistan,Rep-17,11,"Sales Rep: Are you satisfied with the product? Customer: Yes, the product is performing well. Sales Rep: Would you consider increasing the order? Customer: We are evaluating the next purchase.",Follow-up required
CALL001874,2020-11-01,90022079,A1219150302,USA,Rep-04,14,"Sales Rep: Are you satisfied with the product? Customer: Yes, the product is performing well. Sales Rep: Would you consider increasing the order? Customer: We are evaluating the next purchase.",Follow-up required
CALL001875,2018-09-01,90007197,A4821110808,South Korea,Rep-12,10,"Sales Rep: Are you satisfied with the product? Customer: Yes, the product is performing well. Sales Rep: Would you consider increasing the order? Customer: We are evaluating the next purchase.",Follow-up required
CALL001876,2019-05-01,90002002,A6121110208,India,Rep-24,24,"Sales Rep: Are you satisfied with the product? Customer: Yes, the product is performing well. Sales Rep: Would you consider increasing the order? Customer: We are evaluating the next purchase.",Follow-up required
CALL001877,2021-05-01,90014140,A4721110708,Netherlands,Rep-28,26,"Sales Rep: Are you satisfied with the product? Customer: Yes, the product is performing well. Sales Rep: Would you consider increasing the order? Customer: We are evaluating the next purchase.",Follow-up required
CALL001878,2019-03-01,90018110,A3621150801,Spain,Rep-15,28,"Sales Rep: Are you satisfied with the product? Customer: Yes, the product is performing well. Sales Rep: Would you consider increasing the order? Customer: We are evaluating the next purchase.",Follow-up required
CALL001879,2021-03-01,70003181,A0118150103,Indonesia,Rep-26,24,"Sales Rep: Are you satisfied with the product? Customer: Yes, the product is performing well. Sales Rep: Would you consider increasing the order? Customer: We are evaluating the next purchase.",Follow-up required
CALL001880,2020-08-01,90003179,A4519110501,Indonesia,Rep-09,4,"Sales Rep: Are you satisfied with the product? Customer: Yes, the product is performing well. Sales Rep: Would you consider increasing the order? Customer: We are evaluating the next purchase.",Follow-up required
CALL001881,2020-02-01,90006156,A4721110707,Philiphines,Rep-13,29,"Sales Rep: Are you satisfied with the product? Customer: Yes, the product is performing well. Sales Rep: Would you consider increasing the order? Customer: We are evaluating the next purchase.",Follow-up required
CALL001882,2021-01-01,90003180,A6519160401,Indonesia,Rep-07,13,"Sales Rep: Are you satisfied with the product? Customer: Yes, the product is performing well. Sales Rep: Would you consider increasing the order? Customer: We are evaluating the next purchase.",Follow-up required
CALL001883,2018-09-01,90010045,A0418150103,Bangladesh,Rep-04,16,"Sales Rep: Are you satisfied with the product? Customer: Yes, the product is performing well. Sales Rep: Would you consider increasing the order? Customer: We are evaluating the next purchase.",Follow-up required
CALL001884,2020-08-01,90015144,A2118150106,Norway,Rep-22,15,"Sales Rep: Are you satisfied with the product? Customer: Yes, the product is performing well. Sales Rep: Would you consider increasing the order? Customer: We are evaluating the next purchase.",Follow-up required
CALL001885,2020-05-01,90002007,A2821150801,India,Rep-24,27,"Sales Rep: Are you satisfied with the product? Customer: Yes, the product is performing well. Sales Rep: Would you consider increasing the order? Customer: We are evaluating the next purchase.",Follow-up required
CALL001886,2021-03-01,90021090,A4419110405,United Kingdom,Rep-10,16,"Sales Rep: Are you satisfied with the product? Customer: Yes, the product is performing well. Sales Rep: Would you consider increasing the order? Customer: We are evaluating the next purchase.",Follow-up required
CALL001887,2020-04-01,90020098,A1919150401,Austria,Rep-26,15,"Sales Rep: Are you satisfied with the product? Customer: Yes, the product is performing well. Sales Rep: Would you consider increasing the order? Customer: We are evaluating the next purchase.",Follow-up required
CALL001888,2019-04-01,70012042,A1618150103,Germany,Rep-05,16,"Sales Rep: Are you satisfied with the product? Customer: Yes, the product is performing well. Sales Rep: Would you consider increasing the order? Customer: We are evaluating the next purchase.",Follow-up required
CALL001889,2019-04-01,90019200,A3420150601,Sweden,Rep-08,11,"Sales Rep: Are you satisfied with the product? Customer: Yes, the product is performing well. Sales Rep: Would you consider increasing the order? Customer: We are evaluating the next purchase.",Follow-up required
CALL001890,2019-02-01,70023031,A6218160102,Canada,Rep-15,9,"Sales Rep: Are you satisfied with the product? Customer: Yes, the product is performing well. Sales Rep: Would you consider increasing the order? Customer: We are evaluating the next purchase.",Follow-up required
CALL001891,2019-03-01,90017057,A2319150304,Portugal,Rep-12,15,"Sales Rep: Are you satisfied with the product? Customer: Yes, the product is performing well. Sales Rep: Would you consider increasing the order? Customer: We are evaluating the next purchase.",Follow-up required
CALL001892,2019-02-01,90019200,A0118150104,Sweden,Rep-18,16,"Sales Rep: Are you satisfied with the product? Customer: Yes, the product is performing well. Sales Rep: Would you consider increasing the order? Customer: We are evaluating the next purchase.",Follow-up required
CALL001893,2020-11-01,90005161,A6620160502,Pakistan,Rep-19,28,"Sales Rep: Are you satisfied with the product? Customer: Yes, the product is performing well. Sales Rep: Would you consider increasing the order? Customer: We are evaluating the next purchase.",Follow-up required
CALL001894,2019-03-01,90004064,A4218110207,Japan,Rep-21,8,"Sales Rep: Are you satisfied with the product? Customer: Yes, the product is performing well. Sales Rep: Would you consider increasing the order? Customer: We are evaluating the next purchase.",Follow-up required
CALL001895,2020-01-01,90018106,A5318110102,Spain,Rep-12,12,"Sales Rep: Are you satisfied with the product? Customer: Yes, the product is performing well. Sales Rep: Would you consider increasing the order? Customer: We are evaluating the next purchase.",Follow-up required
CALL001896,2021-03-01,90008167,A6921160301,Australia,Rep-13,11,"Sales Rep: Are you satisfied with the product? Customer: Yes, the product is performing well. Sales Rep: Would you consider increasing the order? Customer: We are evaluating the next purchase.",Follow-up required
CALL001897,2020-06-01,90016173,A3019150205,Poland,Rep-22,29,"Sales Rep: Are you satisfied with the product? Customer: Yes, the product is performing well. Sales Rep: Would you consider increasing the order? Customer: We are evaluating the next purchase.",Follow-up required
CALL001898,2021-06-01,90015144,A4118110102,Norway,Rep-11,23,"Sales Rep: Are you satisfied with the product? Customer: Yes, the product is performing well. Sales Rep: Would you consider increasing the order? Customer: We are evaluating the next purchase.",Follow-up required
CALL001899,2021-01-01,90001020,A2918150104,China,Rep-24,10,"Sales Rep: Are you satisfied with the product? Customer: Yes, the product is performing well. Sales Rep: Would you consider increasing the order? Customer: We are evaluating the next purchase.",Follow-up required
CALL001900,2019-09-01,90002016,A1521150603,India,Rep-06,5,"Sales Rep: Are you satisfied with the product? Customer: Yes, the product is performing well. Sales Rep: Would you consider increasing the order? Customer: We are evaluating the next purchase.",Follow-up required
CALL001901,2020-10-01,70003182,A5519110302,Indonesia,Rep-05,9,"Sales Rep: Are you satisfied with the product? Customer: Yes, the product is performing well. Sales Rep: Would you consider increasing the order? Customer: We are evaluating the next purchase.",Follow-up required
CALL001902,2019-11-01,90002003,A4218110202,India,Rep-30,21,"Sales Rep: Are you satisfied with the product? Customer: Yes, the product is performing well. Sales Rep: Would you consider increasing the order? Customer: We are evaluating the next purchase.",Follow-up required
CALL001903,2021-04-01,90015147,A3621150804,Norway,Rep-20,23,"Sales Rep: Are you satisfied with the product? Customer: Yes, the product is performing well. Sales Rep: Would you consider increasing the order? Customer: We are evaluating the next purchase.",Follow-up required
CALL001904,2020-12-01,80007196,A7321160302,South Korea,Rep-21,10,"Sales Rep: Are you satisfied with the product? Customer: Yes, the product is performing well. Sales Rep: Would you consider increasing the order? Customer: We are evaluating the next purchase.",Follow-up required
CALL001905,2021-06-01,90018113,A2918150104,Spain,Rep-10,26,"Sales Rep: Are you satisfied with the product? Customer: Yes, the product is performing well. Sales Rep: Would you consider increasing the order? Customer: We are evaluating the next purchase.",Follow-up required
CALL001906,2020-02-01,90009132,A1118150201,Newzealand,Rep-05,23,"Sales Rep: Are you satisfied with the product? Customer: Yes, the product is performing well. Sales Rep: Would you consider increasing the order? Customer: We are evaluating the next purchase.",Follow-up required
CALL001907,2018-11-01,70009134,A0418150105,Newzealand,Rep-17,16,"Sales Rep: Are you satisfied with the product? Customer: Yes, the product is performing well. Sales Rep: Would you consider increasing the order? Customer: We are evaluating the next purchase.",Follow-up required
CALL001908,2021-02-01,70009133,A5419110204,Newzealand,Rep-10,20,"Sales Rep: Are you satisfied with the product? Customer: Yes, the product is performing well. Sales Rep: Would you consider increasing the order? Customer: We are evaluating the next purchase.",Follow-up required
CALL001909,2019-11-01,90020103,A6319160203,Austria,Rep-12,18,"Sales Rep: Are you satisfied with the product? Customer: Yes, the product is performing well. Sales Rep: Would you consider increasing the order? Customer: We are evaluating the next purchase.",Follow-up required
CALL001910,2020-02-01,90023025,A6218160101,Canada,Rep-17,14,"Sales Rep: Are you satisfied with the product? Customer: Yes, the product is performing well. Sales Rep: Would you consider increasing the order? Customer: We are evaluating the next purchase.",Follow-up required
CALL001911,2021-03-01,90012037,A0118150101,Germany,Rep-05,7,"Sales Rep: Are you satisfied with the product? Customer: Yes, the product is performing well. Sales Rep: Would you consider increasing the order? Customer: We are evaluating the next purchase.",Follow-up required
CALL001912,2018-12-01,90016175,A2420150406,Poland,Rep-08,7,"Sales Rep: Are you satisfied with the product? Customer: Yes, the product is performing well. Sales Rep: Would you consider increasing the order? Customer: We are evaluating the next purchase.",Follow-up required
CALL001913,2018-12-01,90013120,A1219150302,Italy,Rep-20,26,"Sales Rep: Are you satisfied with the product? Customer: Yes, the product is performing well. Sales Rep: Would you consider increasing the order? Customer: We are evaluating the next purchase.",Follow-up required
CALL001914,2019-09-01,90007197,A4319110306,South Korea,Rep-15,9,"Sales Rep: Are you satisfied with the product? Customer: Yes, the product is performing well. Sales Rep: Would you consider increasing the order? Customer: We are evaluating the next purchase.",Follow-up required
CALL001915,2020-01-01,90004063,A1018150103,Japan,Rep-06,12,"Sales Rep: Are you satisfied with the product? Customer: Yes, the product is performing well. Sales Rep: Would you consider increasing the order? Customer: We are evaluating the next purchase.",Follow-up required
CALL001916,2021-06-01,90013123,A2419150405,Italy,Rep-09,28,"Sales Rep: Are you satisfied with the product? Customer: Yes, the product is performing well. Sales Rep: Would you consider increasing the order? Customer: We are evaluating the next purchase.",Follow-up required
CALL001917,2021-03-01,90013119,A2620150605,Italy,Rep-26,28,"Sales Rep: Are you satisfied with the product? Customer: Yes, the product is performing well. Sales Rep: Would you consider increasing the order? Customer: We are evaluating the next purchase.",Follow-up required
CALL001918,2021-06-01,90012034,A2319150302,Germany,Rep-02,15,"Sales Rep: Are you satisfied with the product? Customer: Yes, the product is performing well. Sales Rep: Would you consider increasing the order? Customer: We are evaluating the next purchase.",Follow-up required
CALL001919,2018-12-01,90016171,A2821150804,Poland,Rep-29,4,"Sales Rep: Are you satisfied with the product? Customer: Yes, the product is performing well. Sales Rep: Would you consider increasing the order? Customer: We are evaluating the next purchase.",Follow-up required
CALL001920,2019-03-01,70014142,A3818150201,Netherlands,Rep-26,12,"Sales Rep: Are you satisfied with the product? Customer: Yes, the product is performing well. Sales Rep: Would you consider increasing the order? Customer: We are evaluating the next purchase.",Follow-up required
CALL001921,2021-02-01,90008166,A2520150502,Australia,Rep-16,28,"Sales Rep: Are you satisfied with the product? Customer: Yes, the product is performing well. Sales Rep: Would you consider increasing the order? Customer: We are evaluating the next purchase.",Follow-up required
CALL001922,2021-03-01,90023022,A5520110308,Canada,Rep-18,30,"Sales Rep: Are you satisfied with the product? Customer: Yes, the product is performing well. Sales Rep: Would you consider increasing the order? Customer: We are evaluating the next purchase.",Follow-up required
CALL001923,2021-01-01,70009134,A3119150302,Newzealand,Rep-08,23,"Sales Rep: Are you satisfied with the product? Customer: Yes, the product is performing well. Sales Rep: Would you consider increasing the order? Customer: We are evaluating the next purchase.",Follow-up required
CALL001924,2019-06-01,70006158,A5621110404,Philiphines,Rep-29,20,"Sales Rep: Are you satisfied with the product? Customer: Yes, the product is performing well. Sales Rep: Would you consider increasing the order? Customer: We are evaluating the next purchase.",Follow-up required
CALL001925,2020-02-01,90002013,A6621160503,India,Rep-28,12,"Sales Rep: Are you satisfied with the product? Customer: Yes, the product is performing well. Sales Rep: Would you consider increasing the order? Customer: We are evaluating the next purchase.",Follow-up required
CALL001926,2019-01-01,70015151,A3420150601,Norway,Rep-28,12,"Sales Rep: Are you satisfied with the product? Customer: Yes, the product is performing well. Sales Rep: Would you consider increasing the order? Customer: We are evaluating the next purchase.",Follow-up required
CALL001927,2019-01-01,90017056,A0118150102,Portugal,Rep-27,5,"Sales Rep: Are you satisfied with the product? Customer: Yes, the product is performing well. Sales Rep: Would you consider increasing the order? Customer: We are evaluating the next purchase.",Follow-up required
CALL001928,2020-03-01,80007196,A5318110103,South Korea,Rep-25,10,"Sales Rep: Are you satisfied with the product? Customer: Yes, the product is performing well. Sales Rep: Would you consider increasing the order? Customer: We are evaluating the next purchase.",Follow-up required
CALL001929,2018-09-01,90019202,A5318110108,Sweden,Rep-23,30,"Sales Rep: Are you satisfied with the product? Customer: Yes, the product is performing well. Sales Rep: Would you consider increasing the order? Customer: We are evaluating the next purchase.",Follow-up required
CALL001930,2019-04-01,70021096,A4218110207,United Kingdom,Rep-22,22,"Sales Rep: Are you satisfied with the product? Customer: Yes, the product is performing well. Sales Rep: Would you consider increasing the order? Customer: We are evaluating the next purchase.",Follow-up required
CALL001931,2020-04-01,90018110,A6018110103,Spain,Rep-18,28,"Sales Rep: Are you satisfied with the product? Customer: Yes, the product is performing well. Sales Rep: Would you consider increasing the order? Customer: We are evaluating the next purchase.",Follow-up required
CALL001932,2019-08-01,70021096,A0821150504,United Kingdom,Rep-26,25,"Sales Rep: Are you satisfied with the product? Customer: Yes, the product is performing well. Sales Rep: Would you consider increasing the order? Customer: We are evaluating the next purchase.",Follow-up required
CALL001933,2021-04-01,70014143,A5318110107,Netherlands,Rep-14,17,"Sales Rep: Are you satisfied with the product? Customer: Yes, the product is performing well. Sales Rep: Would you consider increasing the order? Customer: We are evaluating the next purchase.",Follow-up required
CALL001934,2021-01-01,90013123,A6818160202,Italy,Rep-17,7,"Sales Rep: Are you satisfied with the product? Customer: Yes, the product is performing well. Sales Rep: Would you consider increasing the order? Customer: We are evaluating the next purchase.",Follow-up required
CALL001935,2021-05-01,90008167,A6818160202,Australia,Rep-03,23,"Sales Rep: Are you satisfied with the product? Customer: Yes, the product is performing well. Sales Rep: Would you consider increasing the order? Customer: We are evaluating the next purchase.",Follow-up required
CALL001936,2018-12-01,70006158,A5318110101,Philiphines,Rep-22,25,"Sales Rep: Are you satisfied with the product? Customer: Yes, the product is performing well. Sales Rep: Would you consider increasing the order? Customer: We are evaluating the next purchase.",Follow-up required
CALL001937,2019-06-01,70020104,A4218110202,Austria,Rep-22,26,"Sales Rep: Are you satisfied with the product? Customer: Yes, the product is performing well. Sales Rep: Would you consider increasing the order? Customer: We are evaluating the next purchase.",Follow-up required
CALL001938,2020-09-01,90011191,A2620150601,France,Rep-10,28,"Sales Rep: Are you satisfied with the product? Customer: Yes, the product is performing well. Sales Rep: Would you consider increasing the order? Customer: We are evaluating the next purchase.",Follow-up required
CALL001939,2019-11-01,90021094,A5621110404,United Kingdom,Rep-09,30,"Sales Rep: Are you satisfied with the product? Customer: Yes, the product is performing well. Sales Rep: Would you consider increasing the order? Customer: We are evaluating the next purchase.",Follow-up required
CALL001940,2019-10-01,90010046,A0220150203,Bangladesh,Rep-27,25,"Sales Rep: Are you satisfied with the product? Customer: Yes, the product is performing well. Sales Rep: Would you consider increasing the order? Customer: We are evaluating the next purchase.",Follow-up required
CALL001941,2021-01-01,90005159,A5520110307,Pakistan,Rep-12,9,"Sales Rep: Are you satisfied with the product? Customer: Yes, the product is performing well. Sales Rep: Would you consider increasing the order? Customer: We are evaluating the next purchase.",Follow-up required
CALL001942,2020-07-01,70014143,A2721150704,Netherlands,Rep-14,4,"Sales Rep: Are you satisfied with the product? Customer: Yes, the product is performing well. Sales Rep: Would you consider increasing the order? Customer: We are evaluating the next purchase.",Follow-up required
CALL001943,2019-07-01,70003182,A2419150404,Indonesia,Rep-30,19,"Sales Rep: Are you satisfied with the product? Customer: Yes, the product is performing well. Sales Rep: Would you consider increasing the order? Customer: We are evaluating the next purchase.",Follow-up required
CALL001944,2019-04-01,90011187,A2118150106,France,Rep-22,27,"Sales Rep: Are you satisfied with the product? Customer: Yes, the product is performing well. Sales Rep: Would you consider increasing the order? Customer: We are evaluating the next purchase.",Follow-up required
CALL001945,2021-01-01,70006158,A2419150402,Philiphines,Rep-29,13,"Sales Rep: Are you satisfied with the product? Customer: Yes, the product is performing well. Sales Rep: Would you consider increasing the order? Customer: We are evaluating the next purchase.",Follow-up required
CALL001946,2021-08-01,90022082,A3120150304,USA,Rep-29,27,"Sales Rep: Are you satisfied with the product? Customer: Yes, the product is performing well. Sales Rep: Would you consider increasing the order? Customer: We are evaluating the next purchase.",Follow-up required
CALL001947,2020-07-01,70007199,A5419110203,South Korea,Rep-26,27,"Sales Rep: Are you satisfied with the product? Customer: Yes, the product is performing well. Sales Rep: Would you consider increasing the order? Customer: We are evaluating the next purchase.",Follow-up required
CALL001948,2020-12-01,90012040,A0519150208,Germany,Rep-14,26,"Sales Rep: Are you satisfied with the product? Customer: Yes, the product is performing well. Sales Rep: Would you consider increasing the order? Customer: We are evaluating the next purchase.",Follow-up required
CALL001949,2019-02-01,90001020,A2520150502,China,Rep-12,20,"Sales Rep: Are you satisfied with the product? Customer: Yes, the product is performing well. Sales Rep: Would you consider increasing the order? Customer: We are evaluating the next purchase.",Follow-up required
CALL001950,2018-09-01,90012040,A4319110305,Germany,Rep-28,27,"Sales Rep: Are you satisfied with the product? Customer: Yes, the product is performing well. Sales Rep: Would you consider increasing the order? Customer: We are evaluating the next purchase.",Follow-up required
CALL001951,2019-10-01,90019203,A6018110103,Sweden,Rep-22,19,"Sales Rep: Are you satisfied with the product? Customer: Yes, the product is performing well. Sales Rep: Would you consider increasing the order? Customer: We are evaluating the next purchase.",Follow-up required
CALL001952,2019-06-01,90002006,A2821150801,India,Rep-04,10,"Sales Rep: Are you satisfied with the product? Customer: Yes, the product is performing well. Sales Rep: Would you consider increasing the order? Customer: We are evaluating the next purchase.",Follow-up required
CALL001953,2019-04-01,90005161,A3621150804,Pakistan,Rep-23,26,"Sales Rep: Are you satisfied with the product? Customer: Yes, the product is performing well. Sales Rep: Would you consider increasing the order? Customer: We are evaluating the next purchase.",Follow-up required
CALL001954,2018-12-01,70016178,A2118150104,Poland,Rep-26,21,"Sales Rep: Are you satisfied with the product? Customer: Yes, the product is performing well. Sales Rep: Would you consider increasing the order? Customer: We are evaluating the next purchase.",Follow-up required
CALL001955,2021-07-01,70016178,A0321150303,Poland,Rep-07,15,"Sales Rep: Are you satisfied with the product? Customer: Yes, the product is performing well. Sales Rep: Would you consider increasing the order? Customer: We are evaluating the next purchase.",Follow-up required
CALL001956,2021-04-01,90010046,A2520150505,Bangladesh,Rep-19,17,"Sales Rep: Are you satisfied with the product? Customer: Yes, the product is performing well. Sales Rep: Would you consider increasing the order? Customer: We are evaluating the next purchase.",Follow-up required
CALL001957,2019-03-01,70007198,A2118150102,South Korea,Rep-06,29,"Sales Rep: Are you satisfied with the product? Customer: Yes, the product is performing well. Sales Rep: Would you consider increasing the order? Customer: We are evaluating the next purchase.",Follow-up required
CALL001958,2020-11-01,90013118,A2419150402,Italy,Rep-07,6,"Sales Rep: Are you satisfied with the product? Customer: Yes, the product is performing well. Sales Rep: Would you consider increasing the order? Customer: We are evaluating the next purchase.",Follow-up required
CALL001959,2020-10-01,90017049,A4721110704,Portugal,Rep-23,16,"Sales Rep: Are you satisfied with the product? Customer: Yes, the product is performing well. Sales Rep: Would you consider increasing the order? Customer: We are evaluating the next purchase.",Follow-up required
CALL001960,2019-11-01,90018105,A7019160401,Spain,Rep-27,12,"Sales Rep: Are you satisfied with the product? Customer: Yes, the product is performing well. Sales Rep: Would you consider increasing the order? Customer: We are evaluating the next purchase.",Follow-up required
CALL001961,2019-08-01,90018106,A0721150404,Spain,Rep-09,13,"Sales Rep: Are you satisfied with the product? Customer: Yes, the product is performing well. Sales Rep: Would you consider increasing the order? Customer: We are evaluating the next purchase.",Follow-up required
CALL001962,2021-04-01,90023025,A2520150505,Canada,Rep-06,26,"Sales Rep: Are you satisfied with the product? Customer: Yes, the product is performing well. Sales Rep: Would you consider increasing the order? Customer: We are evaluating the next purchase.",Follow-up required
CALL001963,2019-11-01,70013125,A5318110105,Italy,Rep-11,29,"Sales Rep: Are you satisfied with the product? Customer: Yes, the product is performing well. Sales Rep: Would you consider increasing the order? Customer: We are evaluating the next purchase.",Follow-up required
CALL001964,2020-02-01,90010045,A5620110402,Bangladesh,Rep-12,15,"Sales Rep: Are you satisfied with the product? Customer: Yes, the product is performing well. Sales Rep: Would you consider increasing the order? Customer: We are evaluating the next purchase.",Follow-up required
CALL001965,2019-08-01,90003179,A2620150604,Indonesia,Rep-22,28,"Sales Rep: Are you satisfied with the product? Customer: Yes, the product is performing well. Sales Rep: Would you consider increasing the order? Customer: We are evaluating the next purchase.",Follow-up required
CALL001966,2018-12-01,70009134,A2821150802,Newzealand,Rep-28,19,"Sales Rep: Are you satisfied with the product? Customer: Yes, the product is performing well. Sales Rep: Would you consider increasing the order? Customer: We are evaluating the next purchase.",Follow-up required
CALL001967,2018-10-01,70009134,A5519110304,Newzealand,Rep-16,5,"Sales Rep: Are you satisfied with the product? Customer: Yes, the product is performing well. Sales Rep: Would you consider increasing the order? Customer: We are evaluating the next purchase.",Follow-up required
CALL001968,2018-09-01,70007198,A2918150102,South Korea,Rep-14,27,"Sales Rep: Are you satisfied with the product? Customer: Yes, the product is performing well. Sales Rep: Would you consider increasing the order? Customer: We are evaluating the next purchase.",Follow-up required
CALL001969,2018-09-01,90013120,A4721110708,Italy,Rep-25,21,"Sales Rep: Are you satisfied with the product? Customer: Yes, the product is performing well. Sales Rep: Would you consider increasing the order? Customer: We are evaluating the next purchase.",Follow-up required
CALL001970,2020-04-01,90014136,A2118150102,Netherlands,Rep-04,15,"Sales Rep: Are you satisfied with the product? Customer: Yes, the product is performing well. Sales Rep: Would you consider increasing the order? Customer: We are evaluating the next purchase.",Follow-up required
CALL001971,2019-12-01,90017054,A1618150101,Portugal,Rep-29,17,"Sales Rep: Are you satisfied with the product? Customer: Yes, the product is performing well. Sales Rep: Would you consider increasing the order? Customer: We are evaluating the next purchase.",Follow-up required
CALL001972,2020-07-01,90018105,A7220160202,Spain,Rep-24,26,"Sales Rep: Are you satisfied with the product? Customer: Yes, the product is performing well. Sales Rep: Would you consider increasing the order? Customer: We are evaluating the next purchase.",Follow-up required
CALL001973,2021-05-01,90012033,A1319150401,Germany,Rep-04,25,"Sales Rep: Are you satisfied with the product? Customer: Yes, the product is performing well. Sales Rep: Would you consider increasing the order? Customer: We are evaluating the next purchase.",Follow-up required
CALL001974,2019-11-01,70015151,A2721150704,Norway,Rep-28,8,"Sales Rep: Are you satisfied with the product? Customer: Yes, the product is performing well. Sales Rep: Would you consider increasing the order? Customer: We are evaluating the next purchase.",Follow-up required
CALL001975,2019-02-01,90011187,A4520110506,France,Rep-02,11,"Sales Rep: Are you satisfied with the product? Customer: Yes, the product is performing well. Sales Rep: Would you consider increasing the order? Customer: We are evaluating the next purchase.",Follow-up required
CALL001976,2020-06-01,90003179,A5519110302,Indonesia,Rep-23,8,"Sales Rep: Are you satisfied with the product? Customer: Yes, the product is performing well. Sales Rep: Would you consider increasing the order? Customer: We are evaluating the next purchase.",Follow-up required
CALL001977,2020-10-01,90005159,A3421150605,Pakistan,Rep-06,23,"Sales Rep: Are you satisfied with the product? Customer: Yes, the product is performing well. Sales Rep: Would you consider increasing the order? Customer: We are evaluating the next purchase.",Follow-up required
CALL001978,2019-02-01,90013123,A1521150602,Italy,Rep-09,20,"Sales Rep: Are you satisfied with the product? Customer: Yes, the product is performing well. Sales Rep: Would you consider increasing the order? Customer: We are evaluating the next purchase.",Follow-up required
CALL001979,2019-02-01,70016177,A1118150202,Poland,Rep-30,17,"Sales Rep: Are you satisfied with the product? Customer: Yes, the product is performing well. Sales Rep: Would you consider increasing the order? Customer: We are evaluating the next purchase.",Follow-up required
CALL001980,2019-10-01,90009127,A5419110205,Newzealand,Rep-01,11,"Sales Rep: Are you satisfied with the product? Customer: Yes, the product is performing well. Sales Rep: Would you consider increasing the order? Customer: We are evaluating the next purchase.",Follow-up required
CALL001981,2021-08-01,70016178,A2118150106,Poland,Rep-25,20,"Sales Rep: Are you satisfied with the product? Customer: Yes, the product is performing well. Sales Rep: Would you consider increasing the order? Customer: We are evaluating the next purchase.",Follow-up required
CALL001982,2018-10-01,80001019,A2620150604,China,Rep-15,18,"Sales Rep: Are you satisfied with the product? Customer: Yes, the product is performing well. Sales Rep: Would you consider increasing the order? Customer: We are evaluating the next purchase.",Follow-up required
CALL001983,2020-04-01,90018108,A3718150105,Spain,Rep-06,22,"Sales Rep: Are you satisfied with the product? Customer: Yes, the product is performing well. Sales Rep: Would you consider increasing the order? Customer: We are evaluating the next purchase.",Follow-up required
CALL001984,2018-11-01,90011192,A4520110508,France,Rep-14,17,"Sales Rep: Are you satisfied with the product? Customer: Yes, the product is performing well. Sales Rep: Would you consider increasing the order? Customer: We are evaluating the next purchase.",Follow-up required
CALL001985,2018-10-01,90008164,A4520110506,Australia,Rep-09,11,"Sales Rep: Are you satisfied with the product? Customer: Yes, the product is performing well. Sales Rep: Would you consider increasing the order? Customer: We are evaluating the next purchase.",Follow-up required
CALL001986,2020-03-01,70015151,A3818150201,Norway,Rep-22,9,"Sales Rep: Are you satisfied with the product? Customer: Yes, the product is performing well. Sales Rep: Would you consider increasing the order? Customer: We are evaluating the next purchase.",Follow-up required
CALL001987,2019-07-01,90002005,A2821150805,India,Rep-27,27,"Sales Rep: Are you satisfied with the product? Customer: Yes, the product is performing well. Sales Rep: Would you consider increasing the order? Customer: We are evaluating the next purchase.",Follow-up required
CALL001988,2021-08-01,90020101,A2721150706,Austria,Rep-06,5,"Sales Rep: Are you satisfied with the product? Customer: Yes, the product is performing well. Sales Rep: Would you consider increasing the order? Customer: We are evaluating the next purchase.",Follow-up required
CALL001989,2020-08-01,90020098,A4118110101,Austria,Rep-29,14,"Sales Rep: Are you satisfied with the product? Customer: Yes, the product is performing well. Sales Rep: Would you consider increasing the order? Customer: We are evaluating the next purchase.",Follow-up required
CALL001990,2021-02-01,90019201,A2319150301,Sweden,Rep-08,28,"Sales Rep: Are you satisfied with the product? Customer: Yes, the product is performing well. Sales Rep: Would you consider increasing the order? Customer: We are evaluating the next purchase.",Follow-up required
CALL001991,2019-03-01,90004068,A6018110105,Japan,Rep-02,25,"Sales Rep: Are you satisfied with the product? Customer: Yes, the product is performing well. Sales Rep: Would you consider increasing the order? Customer: We are evaluating the next purchase.",Follow-up required
CALL001992,2020-05-01,90016173,A7119160103,Poland,Rep-05,5,"Sales Rep: Are you satisfied with the product? Customer: Yes, the product is performing well. Sales Rep: Would you consider increasing the order? Customer: We are evaluating the next purchase.",Follow-up required
CALL001993,2019-01-01,70018115,A7220160202,Spain,Rep-07,27,"Sales Rep: Are you satisfied with the product? Customer: Yes, the product is performing well. Sales Rep: Would you consider increasing the order? Customer: We are evaluating the next purchase.",Follow-up required
CALL001994,2018-10-01,90008164,A7020160403,Australia,Rep-04,14,"Sales Rep: Are you satisfied with the product? Customer: Yes, the product is performing well. Sales Rep: Would you consider increasing the order? Customer: We are evaluating the next purchase.",Follow-up required
CALL001995,2020-01-01,70008170,A0418150108,Australia,Rep-27,11,"Sales Rep: Are you satisfied with the product? Customer: Yes, the product is performing well. Sales Rep: Would you consider increasing the order? Customer: We are evaluating the next purchase.",Follow-up required
CALL001996,2020-03-01,90023030,A1018150102,Canada,Rep-16,16,"Sales Rep: Are you satisfied with the product? Customer: Yes, the product is performing well. Sales Rep: Would you consider increasing the order? Customer: We are evaluating the next purchase.",Follow-up required
CALL001997,2019-04-01,90021087,A2319150304,United Kingdom,Rep-26,12,"Sales Rep: Are you satisfied with the product? Customer: Yes, the product is performing well. Sales Rep: Would you consider increasing the order? Customer: We are evaluating the next purchase.",Follow-up required
CALL001998,2020-04-01,70022084,A2620150605,USA,Rep-09,17,"Sales Rep: Are you satisfied with the product? Customer: Yes, the product is performing well. Sales Rep: Would you consider increasing the order? Customer: We are evaluating the next purchase.",Follow-up required
CALL001999,2019-11-01,90021091,A5318110103,United Kingdom,Rep-03,7,"Sales Rep: Are you satisfied with the product? Customer: Yes, the product is performing well. Sales Rep: Would you consider increasing the order? Customer: We are evaluating the next purchase.",Follow-up required
CALL002000,2021-08-01,70007198,A4319110302,South Korea,Rep-27,30,"Sales Rep: Are you satisfied with the product? Customer: Yes, the product is performing well. Sales Rep: Would you consider increasing the order? Customer: We are evaluating the next purchase.",Follow-up required
CALL002001,2021-05-01,90021086,A4419110406,United Kingdom,Rep-09,25,"Sales Rep: Are you satisfied with the product? Customer: Yes, the product is performing well. Sales Rep: Would you consider increasing the order? Customer: We are evaluating the next purchase.",Follow-up required
CALL002002,2021-03-01,90021092,A4319110302,United Kingdom,Rep-13,24,"Sales Rep: Are you satisfied with the product? Customer: Yes, the product is performing well. Sales Rep: Would you consider increasing the order? Customer: We are evaluating the next purchase.",Follow-up required
CALL002003,2020-02-01,90010046,A2721150704,Bangladesh,Rep-23,10,"Sales Rep: Are you satisfied with the product? Customer: Yes, the product is performing well. Sales Rep: Would you consider increasing the order? Customer: We are evaluating the next purchase.",Follow-up required
CALL002004,2020-08-01,90017057,A7018160402,Portugal,Rep-03,11,"Sales Rep: Are you satisfied with the product? Customer: Yes, the product is performing well. Sales Rep: Would you consider increasing the order? Customer: We are evaluating the next purchase.",Follow-up required
CALL002005,2020-11-01,90020100,A7220160202,Austria,Rep-21,24,"Sales Rep: Are you satisfied with the product? Customer: Yes, the product is performing well. Sales Rep: Would you consider increasing the order? Customer: We are evaluating the next purchase.",Follow-up required
CALL002006,2020-05-01,70020104,A2620150602,Austria,Rep-07,23,"Sales Rep: Are you satisfied with the product? Customer: Yes, the product is performing well. Sales Rep: Would you consider increasing the order? Customer: We are evaluating the next purchase.",Follow-up required
CALL002007,2020-09-01,70006157,A3621150805,Philiphines,Rep-06,18,"Sales Rep: Are you satisfied with the product? Customer: Yes, the product is performing well. Sales Rep: Would you consider increasing the order? Customer: We are evaluating the next purchase.",Follow-up required
CALL002008,2019-10-01,70002018,A2118150105,India,Rep-21,26,"Sales Rep: Are you satisfied with the product? Customer: Yes, the product is performing well. Sales Rep: Would you consider increasing the order? Customer: We are evaluating the next purchase.",Follow-up required
CALL002009,2018-12-01,90014136,A7119160103,Netherlands,Rep-05,10,"Sales Rep: Are you satisfied with the product? Customer: Yes, the product is performing well. Sales Rep: Would you consider increasing the order? Customer: We are evaluating the next purchase.",Follow-up required
CALL002010,2019-10-01,90023023,A5419110201,Canada,Rep-29,4,"Sales Rep: Are you satisfied with the product? Customer: Yes, the product is performing well. Sales Rep: Would you consider increasing the order? Customer: We are evaluating the next purchase.",Follow-up required
CALL002011,2018-12-01,70004069,A5318110105,Japan,Rep-18,7,"Sales Rep: Are you satisfied with the product? Customer: Yes, the product is performing well. Sales Rep: Would you consider increasing the order? Customer: We are evaluating the next purchase.",Follow-up required
CALL002012,2021-08-01,80001019,A4419110402,China,Rep-08,21,"Sales Rep: Are you satisfied with the product? Customer: Yes, the product is performing well. Sales Rep: Would you consider increasing the order? Customer: We are evaluating the next purchase.",Follow-up required
CALL002013,2021-02-01,90022077,A2721150704,USA,Rep-24,6,"Sales Rep: Are you satisfied with the product? Customer: Yes, the product is performing well. Sales Rep: Would you consider increasing the order? Customer: We are evaluating the next purchase.",Follow-up required
CALL002014,2019-11-01,90001021,A1521150601,China,Rep-16,19,"Sales Rep: Are you satisfied with the product? Customer: Yes, the product is performing well. Sales Rep: Would you consider increasing the order? Customer: We are evaluating the next purchase.",Follow-up required
CALL002015,2019-10-01,80007196,A4721110706,South Korea,Rep-27,27,"Sales Rep: Are you satisfied with the product? Customer: Yes, the product is performing well. Sales Rep: Would you consider increasing the order? Customer: We are evaluating the next purchase.",Follow-up required
CALL002016,2020-04-01,90002012,A7119160102,India,Rep-23,17,"Sales Rep: Are you satisfied with the product? Customer: Yes, the product is performing well. Sales Rep: Would you consider increasing the order? Customer: We are evaluating the next purchase.",Follow-up required
CALL002017,2019-12-01,90005160,A3818150201,Pakistan,Rep-03,15,"Sales Rep: Are you satisfied with the product? Customer: Yes, the product is performing well. Sales Rep: Would you consider increasing the order? Customer: We are evaluating the next purchase.",Follow-up required
CALL002018,2020-07-01,90006153,A0721150404,Philiphines,Rep-20,11,"Sales Rep: Are you satisfied with the product? Customer: Yes, the product is performing well. Sales Rep: Would you consider increasing the order? Customer: We are evaluating the next purchase.",Follow-up required
CALL002019,2019-12-01,90022077,A5519110303,USA,Rep-30,24,"Sales Rep: Are you satisfied with the product? Customer: Yes, the product is performing well. Sales Rep: Would you consider increasing the order? Customer: We are evaluating the next purchase.",Follow-up required
CALL002020,2021-04-01,90002014,A0320150301,India,Rep-01,24,"Sales Rep: Are you satisfied with the product? Customer: Yes, the product is performing well. Sales Rep: Would you consider increasing the order? Customer: We are evaluating the next purchase.",Follow-up required
CALL002021,2021-05-01,90014136,A4020150401,Netherlands,Rep-24,27,"Sales Rep: Are you satisfied with the product? Customer: Yes, the product is performing well. Sales Rep: Would you consider increasing the order? Customer: We are evaluating the next purchase.",Follow-up required
CALL002022,2019-06-01,80006154,A6120110205,Philiphines,Rep-14,23,"Sales Rep: Are you satisfied with the product? Customer: Yes, the product is performing well. Sales Rep: Would you consider increasing the order? Customer: We are evaluating the next purchase.",Follow-up required
CALL002023,2019-05-01,90022083,A2118150101,USA,Rep-03,22,"Sales Rep: Are you satisfied with the product? Customer: Yes, the product is performing well. Sales Rep: Would you consider increasing the order? Customer: We are evaluating the next purchase.",Follow-up required
CALL002024,2020-11-01,90015144,A0921150603,Norway,Rep-18,24,"Sales Rep: Are you satisfied with the product? Customer: Yes, the product is performing well. Sales Rep: Would you consider increasing the order? Customer: We are evaluating the next purchase.",Follow-up required
CALL002025,2019-01-01,80006154,A0321150302,Philiphines,Rep-25,15,"Sales Rep: Are you satisfied with the product? Customer: Yes, the product is performing well. Sales Rep: Would you consider increasing the order? Customer: We are evaluating the next purchase.",Follow-up required
CALL002026,2020-08-01,90003179,A2821150804,Indonesia,Rep-04,25,"Sales Rep: Are you satisfied with the product? Customer: Yes, the product is performing well. Sales Rep: Would you consider increasing the order? Customer: We are evaluating the next purchase.",Follow-up required
CALL002027,2019-09-01,90023029,A6419160302,Canada,Rep-02,5,"Sales Rep: Are you satisfied with the product? Customer: Yes, the product is performing well. Sales Rep: Would you consider increasing the order? Customer: We are evaluating the next purchase.",Follow-up required
CALL002028,2021-05-01,90011186,A7019160401,France,Rep-26,19,"Sales Rep: Are you satisfied with the product? Customer: Yes, the product is performing well. Sales Rep: Would you consider increasing the order? Customer: We are evaluating the next purchase.",Follow-up required
CALL002029,2019-08-01,90022080,A4020150401,USA,Rep-15,20,"Sales Rep: Are you satisfied with the product? Customer: Yes, the product is performing well. Sales Rep: Would you consider increasing the order? Customer: We are evaluating the next purchase.",Follow-up required
CALL002030,2020-06-01,70003181,A6419160302,Indonesia,Rep-28,14,"Sales Rep: Are you satisfied with the product? Customer: Yes, the product is performing well. Sales Rep: Would you consider increasing the order? Customer: We are evaluating the next purchase.",Follow-up required
CALL002031,2021-06-01,90016176,A6620160502,Poland,Rep-27,28,"Sales Rep: Are you satisfied with the product? Customer: Yes, the product is performing well. Sales Rep: Would you consider increasing the order? Customer: We are evaluating the next purchase.",Follow-up required
CALL002032,2020-04-01,90019202,A4218110202,Sweden,Rep-09,6,"Sales Rep: Are you satisfied with the product? Customer: Yes, the product is performing well. Sales Rep: Would you consider increasing the order? Customer: We are evaluating the next purchase.",Follow-up required
CALL002033,2018-12-01,90009127,A3718150103,Newzealand,Rep-17,16,"Sales Rep: Are you satisfied with the product? Customer: Yes, the product is performing well. Sales Rep: Would you consider increasing the order? Customer: We are evaluating the next purchase.",Follow-up required
CALL002034,2021-08-01,90010044,A0721150401,Bangladesh,Rep-07,22,"Sales Rep: Are you satisfied with the product? Customer: Yes, the product is performing well. Sales Rep: Would you consider increasing the order? Customer: We are evaluating the next purchase.",Follow-up required
CALL002035,2019-04-01,90005161,A2118150101,Pakistan,Rep-29,26,"Sales Rep: Are you satisfied with the product? Customer: Yes, the product is performing well. Sales Rep: Would you consider increasing the order? Customer: We are evaluating the next purchase.",Follow-up required
CALL002036,2019-05-01,90002009,A1718150203,India,Rep-20,7,"Sales Rep: Are you satisfied with the product? Customer: Yes, the product is performing well. Sales Rep: Would you consider increasing the order? Customer: We are evaluating the next purchase.",Follow-up required
CALL002037,2021-07-01,90016174,A2721150702,Poland,Rep-11,15,"Sales Rep: Are you satisfied with the product? Customer: Yes, the product is performing well. Sales Rep: Would you consider increasing the order? Customer: We are evaluating the next purchase.",Follow-up required
CALL002038,2019-03-01,90016174,A0220150203,Poland,Rep-20,8,"Sales Rep: Are you satisfied with the product? Customer: Yes, the product is performing well. Sales Rep: Would you consider increasing the order? Customer: We are evaluating the next purchase.",Follow-up required
CALL002039,2020-01-01,70010048,A5621110403,Bangladesh,Rep-08,26,"Sales Rep: Are you satisfied with the product? Customer: Yes, the product is performing well. Sales Rep: Would you consider increasing the order? Customer: We are evaluating the next purchase.",Follow-up required
CALL002040,2020-03-01,90022074,A7020160403,USA,Rep-10,14,"Sales Rep: Are you satisfied with the product? Customer: Yes, the product is performing well. Sales Rep: Would you consider increasing the order? Customer: We are evaluating the next purchase.",Follow-up required
CALL002041,2020-04-01,70019204,A5721110502,Sweden,Rep-02,28,"Sales Rep: What is holding back the next purchase? Customer: Your competitor is offering a lower price. Sales Rep: Would a revised commercial offer help? Customer: Yes, price is the main issue.",Price negotiation
CALL002042,2021-06-01,90023025,A6720160103,Canada,Rep-11,7,"Sales Rep: Are you satisfied with the product? Customer: Yes, the product is performing well. Sales Rep: Would you consider increasing the order? Customer: We are evaluating the next purchase.",Follow-up required
CALL002043,2020-09-01,90004063,A5419110205,Japan,Rep-11,16,"Sales Rep: Are you satisfied with the product? Customer: Yes, the product is performing well. Sales Rep: Would you consider increasing the order? Customer: We are evaluating the next purchase.",Follow-up required
CALL002044,2019-09-01,70013126,A4721110705,Italy,Rep-02,20,"Sales Rep: Are you satisfied with the product? Customer: Yes, the product is performing well. Sales Rep: Would you consider increasing the order? Customer: We are evaluating the next purchase.",Follow-up required
CALL002045,2019-12-01,90021095,A6919160302,United Kingdom,Rep-04,29,"Sales Rep: Are you satisfied with the product? Customer: Yes, the product is performing well. Sales Rep: Would you consider increasing the order? Customer: We are evaluating the next purchase.",Follow-up required
CALL002046,2020-07-01,90013121,A3220150404,Italy,Rep-09,9,"Sales Rep: Are you satisfied with the product? Customer: Yes, the product is performing well. Sales Rep: Would you consider increasing the order? Customer: We are evaluating the next purchase.",Follow-up required
CALL002047,2020-10-01,90012035,A3920150303,Germany,Rep-12,26,"Sales Rep: Are you satisfied with the product? Customer: Yes, the product is performing well. Sales Rep: Would you consider increasing the order? Customer: We are evaluating the next purchase.",Follow-up required
CALL002048,2019-03-01,80006154,A3718150105,Philiphines,Rep-11,18,"Sales Rep: Are you satisfied with the product? Customer: Yes, the product is performing well. Sales Rep: Would you consider increasing the order? Customer: We are evaluating the next purchase.",Follow-up required
CALL002049,2019-11-01,70003182,A6019110108,Indonesia,Rep-04,23,"Sales Rep: Are you satisfied with the product? Customer: Yes, the product is performing well. Sales Rep: Would you consider increasing the order? Customer: We are evaluating the next purchase.",Follow-up required
CALL002050,2021-01-01,90019200,A4020150401,Sweden,Rep-11,14,"Sales Rep: Are you satisfied with the product? Customer: Yes, the product is performing well. Sales Rep: Would you consider increasing the order? Customer: We are evaluating the next purchase.",Follow-up required
CALL002051,2020-04-01,90015150,A5621110408,Norway,Rep-07,16,"Sales Rep: Are you satisfied with the product? Customer: Yes, the product is performing well. Sales Rep: Would you consider increasing the order? Customer: We are evaluating the next purchase.",Follow-up required
CALL002052,2019-02-01,90014140,A0118150103,Netherlands,Rep-04,28,"Sales Rep: Are you satisfied with the product? Customer: Yes, the product is performing well. Sales Rep: Would you consider increasing the order? Customer: We are evaluating the next purchase.",Follow-up required
CALL002053,2020-09-01,90022080,A4218110208,USA,Rep-27,18,"Sales Rep: Are you satisfied with the product? Customer: Yes, the product is performing well. Sales Rep: Would you consider increasing the order? Customer: We are evaluating the next purchase.",Follow-up required
CALL002054,2021-02-01,70019204,A0519150208,Sweden,Rep-16,22,"Sales Rep: Are you satisfied with the product? Customer: Yes, the product is performing well. Sales Rep: Would you consider increasing the order? Customer: We are evaluating the next purchase.",Follow-up required
CALL002055,2021-07-01,70008170,A1219150302,Australia,Rep-05,5,"Sales Rep: Are you satisfied with the product? Customer: Yes, the product is performing well. Sales Rep: Would you consider increasing the order? Customer: We are evaluating the next purchase.",Follow-up required
CALL002056,2019-05-01,90022078,A6918160303,USA,Rep-20,16,"Sales Rep: Are you satisfied with the product? Customer: Yes, the product is performing well. Sales Rep: Would you consider increasing the order? Customer: We are evaluating the next purchase.",Follow-up required
CALL002057,2020-09-01,90002013,A1018150101,India,Rep-21,6,"Sales Rep: Are you satisfied with the product? Customer: Yes, the product is performing well. Sales Rep: Would you consider increasing the order? Customer: We are evaluating the next purchase.",Follow-up required
CALL002058,2020-05-01,90012033,A4218110205,Germany,Rep-10,23,"Sales Rep: Are you satisfied with the product? Customer: Yes, the product is performing well. Sales Rep: Would you consider increasing the order? Customer: We are evaluating the next purchase.",Follow-up required
CALL002059,2020-11-01,90012034,A7220160203,Germany,Rep-11,18,"Sales Rep: Are you satisfied with the product? Customer: Yes, the product is performing well. Sales Rep: Would you consider increasing the order? Customer: We are evaluating the next purchase.",Follow-up required
CALL002060,2020-08-01,90021088,A2419150402,United Kingdom,Rep-24,17,"Sales Rep: Are you satisfied with the product? Customer: Yes, the product is performing well. Sales Rep: Would you consider increasing the order? Customer: We are evaluating the next purchase.",Follow-up required
CALL002061,2020-02-01,90019202,A2918150104,Sweden,Rep-15,24,"Sales Rep: Are you satisfied with the product? Customer: Yes, the product is performing well. Sales Rep: Would you consider increasing the order? Customer: We are evaluating the next purchase.",Follow-up required
CALL002062,2021-03-01,90021092,A0519150202,United Kingdom,Rep-25,6,"Sales Rep: Are you satisfied with the product? Customer: Yes, the product is performing well. Sales Rep: Would you consider increasing the order? Customer: We are evaluating the next purchase.",Follow-up required
CALL002063,2020-11-01,90019201,A2118150101,Sweden,Rep-05,6,"Sales Rep: Are you satisfied with the product? Customer: Yes, the product is performing well. Sales Rep: Would you consider increasing the order? Customer: We are evaluating the next purchase.",Follow-up required
CALL002064,2019-07-01,90011185,A4520110504,France,Rep-22,6,"Sales Rep: Are you satisfied with the product? Customer: Yes, the product is performing well. Sales Rep: Would you consider increasing the order? Customer: We are evaluating the next purchase.",Follow-up required
CALL002065,2021-03-01,90015145,A6218160101,Norway,Rep-19,25,"Sales Rep: Are you satisfied with the product? Customer: Yes, the product is performing well. Sales Rep: Would you consider increasing the order? Customer: We are evaluating the next purchase.",Follow-up required
CALL002066,2018-12-01,90019203,A3320150504,Sweden,Rep-02,11,"Sales Rep: Are you satisfied with the product? Customer: Yes, the product is performing well. Sales Rep: Would you consider increasing the order? Customer: We are evaluating the next purchase.",Follow-up required
CALL002067,2019-10-01,70023031,A4620110602,Canada,Rep-26,27,"Sales Rep: Are you satisfied with the product? Customer: Yes, the product is performing well. Sales Rep: Would you consider increasing the order? Customer: We are evaluating the next purchase.",Follow-up required
CALL002068,2020-08-01,90019200,A5519110301,Sweden,Rep-01,9,"Sales Rep: Are you satisfied with the product? Customer: Yes, the product is performing well. Sales Rep: Would you consider increasing the order? Customer: We are evaluating the next purchase.",Follow-up required
CALL002069,2019-06-01,70011194,A0721150403,France,Rep-11,20,"Sales Rep: Are you satisfied with the product? Customer: Yes, the product is performing well. Sales Rep: Would you consider increasing the order? Customer: We are evaluating the next purchase.",Follow-up required
CALL002070,2021-08-01,90022074,A5419110201,USA,Rep-27,19,"Sales Rep: Are you satisfied with the product? Customer: Yes, the product is performing well. Sales Rep: Would you consider increasing the order? Customer: We are evaluating the next purchase.",Follow-up required
CALL002071,2020-09-01,90018106,A0620150305,Spain,Rep-10,22,"Sales Rep: Are you satisfied with the product? Customer: Yes, the product is performing well. Sales Rep: Would you consider increasing the order? Customer: We are evaluating the next purchase.",Follow-up required
CALL002072,2020-09-01,80006154,A4620110607,Philiphines,Rep-24,6,"Sales Rep: Are you satisfied with the product? Customer: Yes, the product is performing well. Sales Rep: Would you consider increasing the order? Customer: We are evaluating the next purchase.",Follow-up required
CALL002073,2018-11-01,80007196,A5419110201,South Korea,Rep-29,30,"Sales Rep: Are you satisfied with the product? Customer: Yes, the product is performing well. Sales Rep: Would you consider increasing the order? Customer: We are evaluating the next purchase.",Follow-up required
CALL002074,2019-12-01,90020099,A0519150202,Austria,Rep-18,20,"Sales Rep: Are you satisfied with the product? Customer: Yes, the product is performing well. Sales Rep: Would you consider increasing the order? Customer: We are evaluating the next purchase.",Follow-up required
CALL002075,2019-05-01,90002007,A6918160303,India,Rep-24,9,"Sales Rep: Are you satisfied with the product? Customer: Yes, the product is performing well. Sales Rep: Would you consider increasing the order? Customer: We are evaluating the next purchase.",Follow-up required
CALL002076,2021-03-01,90013119,A1319150401,Italy,Rep-14,26,"Sales Rep: Are you satisfied with the product? Customer: Yes, the product is performing well. Sales Rep: Would you consider increasing the order? Customer: We are evaluating the next purchase.",Follow-up required
CALL002077,2020-06-01,90005160,A5419110208,Pakistan,Rep-30,24,"Sales Rep: Are you satisfied with the product? Customer: Yes, the product is performing well. Sales Rep: Would you consider increasing the order? Customer: We are evaluating the next purchase.",Follow-up required
CALL002078,2019-08-01,70019204,A4520110508,Sweden,Rep-14,13,"Sales Rep: Are you satisfied with the product? Customer: Yes, the product is performing well. Sales Rep: Would you consider increasing the order? Customer: We are evaluating the next purchase.",Follow-up required
CALL002079,2021-04-01,90004068,A6818160201,Japan,Rep-30,14,"Sales Rep: Are you satisfied with the product? Customer: Yes, the product is performing well. Sales Rep: Would you consider increasing the order? Customer: We are evaluating the next purchase.",Follow-up required
CALL002080,2021-05-01,90009129,A5318110101,Newzealand,Rep-18,16,"Sales Rep: Are you satisfied with the product? Customer: Yes, the product is performing well. Sales Rep: Would you consider increasing the order? Customer: We are evaluating the next purchase.",Follow-up required
CALL002081,2019-12-01,90015147,A4620110601,Norway,Rep-14,14,"Sales Rep: Are you satisfied with the product? Customer: Yes, the product is performing well. Sales Rep: Would you consider increasing the order? Customer: We are evaluating the next purchase.",Follow-up required
CALL002082,2018-09-01,90016174,A0418150108,Poland,Rep-21,22,"Sales Rep: Are you satisfied with the product? Customer: Yes, the product is performing well. Sales Rep: Would you consider increasing the order? Customer: We are evaluating the next purchase.",Follow-up required
CALL002083,2020-05-01,90016174,A7321160303,Poland,Rep-17,21,"Sales Rep: Are you satisfied with the product? Customer: Yes, the product is performing well. Sales Rep: Would you consider increasing the order? Customer: We are evaluating the next purchase.",Follow-up required
CALL002084,2019-05-01,90023029,A3421150604,Canada,Rep-08,20,"Sales Rep: Are you satisfied with the product? Customer: Yes, the product is performing well. Sales Rep: Would you consider increasing the order? Customer: We are evaluating the next purchase.",Follow-up required
CALL002085,2020-01-01,70004069,A4620110604,Japan,Rep-16,10,"Sales Rep: Are you satisfied with the product? Customer: Yes, the product is performing well. Sales Rep: Would you consider increasing the order? Customer: We are evaluating the next purchase.",Follow-up required
CALL002086,2021-04-01,90023022,A4520110505,Canada,Rep-22,16,"Sales Rep: Are you satisfied with the product? Customer: Yes, the product is performing well. Sales Rep: Would you consider increasing the order? Customer: We are evaluating the next purchase.",Follow-up required
CALL002087,2021-07-01,90009132,A0619150302,Newzealand,Rep-15,30,"Sales Rep: Are you satisfied with the product? Customer: Yes, the product is performing well. Sales Rep: Would you consider increasing the order? Customer: We are evaluating the next purchase.",Follow-up required
CALL002088,2020-08-01,70007199,A2319150302,South Korea,Rep-30,30,"Sales Rep: Are you satisfied with the product? Customer: Yes, the product is performing well. Sales Rep: Would you consider increasing the order? Customer: We are evaluating the next purchase.",Follow-up required
CALL002089,2019-01-01,90004062,A4821110807,Japan,Rep-25,20,"Sales Rep: Are you satisfied with the product? Customer: Yes, the product is performing well. Sales Rep: Would you consider increasing the order? Customer: We are evaluating the next purchase.",Follow-up required
CALL002090,2019-07-01,90005162,A1119150203,Pakistan,Rep-19,18,"Sales Rep: Are you satisfied with the product? Customer: Yes, the product is performing well. Sales Rep: Would you consider increasing the order? Customer: We are evaluating the next purchase.",Follow-up required
CALL002091,2019-05-01,90021091,A0418150103,United Kingdom,Rep-28,4,"Sales Rep: Are you satisfied with the product? Customer: Yes, the product is performing well. Sales Rep: Would you consider increasing the order? Customer: We are evaluating the next purchase.",Follow-up required
CALL002092,2020-12-01,90001020,A2319150301,China,Rep-05,17,"Sales Rep: Are you satisfied with the product? Customer: Yes, the product is performing well. Sales Rep: Would you consider increasing the order? Customer: We are evaluating the next purchase.",Follow-up required
CALL002093,2020-06-01,90021090,A5621110404,United Kingdom,Rep-15,19,"Sales Rep: Are you satisfied with the product? Customer: Yes, the product is performing well. Sales Rep: Would you consider increasing the order? Customer: We are evaluating the next purchase.",Follow-up required
CALL002094,2020-09-01,90002014,A3521150704,India,Rep-09,5,"Sales Rep: Are you satisfied with the product? Customer: Yes, the product is performing well. Sales Rep: Would you consider increasing the order? Customer: We are evaluating the next purchase.",Follow-up required
CALL002095,2019-12-01,70010048,A3521150702,Bangladesh,Rep-11,17,"Sales Rep: Are you satisfied with the product? Customer: Yes, the product is performing well. Sales Rep: Would you consider increasing the order? Customer: We are evaluating the next purchase.",Follow-up required
CALL002096,2020-08-01,90001021,A4821110801,China,Rep-28,21,"Sales Rep: Are you satisfied with the product? Customer: Yes, the product is performing well. Sales Rep: Would you consider increasing the order? Customer: We are evaluating the next purchase.",Follow-up required
CALL002097,2019-06-01,90016174,A1018150103,Poland,Rep-10,7,"Sales Rep: Are you satisfied with the product? Customer: Yes, the product is performing well. Sales Rep: Would you consider increasing the order? Customer: We are evaluating the next purchase.",Follow-up required
CALL002098,2020-12-01,90002014,A5520110308,India,Rep-07,6,"Sales Rep: Are you satisfied with the product? Customer: Yes, the product is performing well. Sales Rep: Would you consider increasing the order? Customer: We are evaluating the next purchase.",Follow-up required
CALL002099,2020-11-01,90013123,A4419110401,Italy,Rep-02,12,"Sales Rep: Are you satisfied with the product? Customer: Yes, the product is performing well. Sales Rep: Would you consider increasing the order? Customer: We are evaluating the next purchase.",Follow-up required
CALL002100,2020-04-01,90018106,A6119110203,Spain,Rep-23,24,"Sales Rep: Are you satisfied with the product? Customer: Yes, the product is performing well. Sales Rep: Would you consider increasing the order? Customer: We are evaluating the next purchase.",Follow-up required
CALL002101,2018-12-01,90015145,A2918150105,Norway,Rep-24,12,"Sales Rep: Are you satisfied with the product? Customer: Yes, the product is performing well. Sales Rep: Would you consider increasing the order? Customer: We are evaluating the next purchase.",Follow-up required
CALL002102,2019-11-01,90021089,A3018150201,United Kingdom,Rep-02,11,"Sales Rep: Are you satisfied with the product? Customer: Yes, the product is performing well. Sales Rep: Would you consider increasing the order? Customer: We are evaluating the next purchase.",Follow-up required
CALL002103,2019-06-01,90023024,A0721150401,Canada,Rep-22,17,"Sales Rep: Are you satisfied with the product? Customer: Yes, the product is performing well. Sales Rep: Would you consider increasing the order? Customer: We are evaluating the next purchase.",Follow-up required
CALL002104,2019-06-01,70010047,A1018150101,Bangladesh,Rep-09,24,"Sales Rep: Are you satisfied with the product? Customer: Yes, the product is performing well. Sales Rep: Would you consider increasing the order? Customer: We are evaluating the next purchase.",Follow-up required
CALL002105,2020-10-01,90015148,A0721150404,Norway,Rep-18,28,"Sales Rep: Are you satisfied with the product? Customer: Yes, the product is performing well. Sales Rep: Would you consider increasing the order? Customer: We are evaluating the next purchase.",Follow-up required
CALL002106,2019-04-01,70008169,A5318110107,Australia,Rep-03,18,"Sales Rep: Are you satisfied with the product? Customer: Yes, the product is performing well. Sales Rep: Would you consider increasing the order? Customer: We are evaluating the next purchase.",Follow-up required
CALL002107,2020-08-01,90011188,A3819150205,France,Rep-30,21,"Sales Rep: Are you satisfied with the product? Customer: Yes, the product is performing well. Sales Rep: Would you consider increasing the order? Customer: We are evaluating the next purchase.",Follow-up required
CALL002108,2018-12-01,90017059,A1018150103,Portugal,Rep-06,6,"Sales Rep: Are you satisfied with the product? Customer: Yes, the product is performing well. Sales Rep: Would you consider increasing the order? Customer: We are evaluating the next purchase.",Follow-up required
CALL002109,2020-12-01,90016176,A4520110507,Poland,Rep-15,10,"Sales Rep: Are you satisfied with the product? Customer: Yes, the product is performing well. Sales Rep: Would you consider increasing the order? Customer: We are evaluating the next purchase.",Follow-up required
CALL002110,2020-10-01,90011192,A0118150101,France,Rep-04,5,"Sales Rep: Are you satisfied with the product? Customer: Yes, the product is performing well. Sales Rep: Would you consider increasing the order? Customer: We are evaluating the next purchase.",Follow-up required
CALL002111,2019-03-01,90013122,A4419110408,Italy,Rep-06,13,"Sales Rep: Are you satisfied with the product? Customer: Yes, the product is performing well. Sales Rep: Would you consider increasing the order? Customer: We are evaluating the next purchase.",Follow-up required
CALL002112,2021-07-01,70015152,A3718150101,Norway,Rep-07,19,"Sales Rep: Are you satisfied with the product? Customer: Yes, the product is performing well. Sales Rep: Would you consider increasing the order? Customer: We are evaluating the next purchase.",Follow-up required
CALL002113,2019-01-01,90019201,A2219150206,Sweden,Rep-09,19,"Sales Rep: Are you satisfied with the product? Customer: Yes, the product is performing well. Sales Rep: Would you consider increasing the order? Customer: We are evaluating the next purchase.",Follow-up required
CALL002114,2019-05-01,70014142,A0519150208,Netherlands,Rep-17,8,"Sales Rep: Are you satisfied with the product? Customer: Yes, the product is performing well. Sales Rep: Would you consider increasing the order? Customer: We are evaluating the next purchase.",Follow-up required
CALL002115,2020-05-01,70019204,A6120110205,Sweden,Rep-03,12,"Sales Rep: Are you satisfied with the product? Customer: Yes, the product is performing well. Sales Rep: Would you consider increasing the order? Customer: We are evaluating the next purchase.",Follow-up required
CALL002116,2019-06-01,90021090,A2218150201,United Kingdom,Rep-19,18,"Sales Rep: Are you satisfied with the product? Customer: Yes, the product is performing well. Sales Rep: Would you consider increasing the order? Customer: We are evaluating the next purchase.",Follow-up required
CALL002117,2020-03-01,90021088,A3420150601,United Kingdom,Rep-28,22,"Sales Rep: Are you satisfied with the product? Customer: Yes, the product is performing well. Sales Rep: Would you consider increasing the order? Customer: We are evaluating the next purchase.",Follow-up required
CALL002118,2019-02-01,90002007,A6621160503,India,Rep-19,18,"Sales Rep: Are you satisfied with the product? Customer: Yes, the product is performing well. Sales Rep: Would you consider increasing the order? Customer: We are evaluating the next purchase.",Follow-up required
CALL002119,2020-12-01,70013126,A0418150105,Italy,Rep-19,9,"Sales Rep: Are you satisfied with the product? Customer: Yes, the product is performing well. Sales Rep: Would you consider increasing the order? Customer: We are evaluating the next purchase.",Follow-up required
CALL002120,2020-11-01,90013122,A6120110207,Italy,Rep-12,6,"Sales Rep: Are you satisfied with the product? Customer: Yes, the product is performing well. Sales Rep: Would you consider increasing the order? Customer: We are evaluating the next purchase.",Follow-up required
CALL002121,2020-03-01,70022084,A4721110705,USA,Rep-07,28,"Sales Rep: Are you satisfied with the product? Customer: Yes, the product is performing well. Sales Rep: Would you consider increasing the order? Customer: We are evaluating the next purchase.",Follow-up required
CALL002122,2018-09-01,90008166,A1420150501,Australia,Rep-07,7,"Sales Rep: Are you satisfied with the product? Customer: Yes, the product is performing well. Sales Rep: Would you consider increasing the order? Customer: We are evaluating the next purchase.",Follow-up required
CALL002123,2019-01-01,90001020,A1819150304,China,Rep-20,27,"Sales Rep: Are you satisfied with the product? Customer: Yes, the product is performing well. Sales Rep: Would you consider increasing the order? Customer: We are evaluating the next purchase.",Follow-up required
CALL002124,2021-01-01,90014136,A6018110105,Netherlands,Rep-03,15,"Sales Rep: Are you satisfied with the product? Customer: Yes, the product is performing well. Sales Rep: Would you consider increasing the order? Customer: We are evaluating the next purchase.",Follow-up required
CALL002125,2021-04-01,90004062,A5721110501,Japan,Rep-05,5,"Sales Rep: Are you satisfied with the product? Customer: Yes, the product is performing well. Sales Rep: Would you consider increasing the order? Customer: We are evaluating the next purchase.",Follow-up required
CALL002126,2018-10-01,70009134,A4020150401,Newzealand,Rep-28,10,"Sales Rep: Are you satisfied with the product? Customer: Yes, the product is performing well. Sales Rep: Would you consider increasing the order? Customer: We are evaluating the next purchase.",Follow-up required
CALL002127,2020-12-01,90022081,A4720110701,USA,Rep-21,4,"Sales Rep: Are you satisfied with the product? Customer: Yes, the product is performing well. Sales Rep: Would you consider increasing the order? Customer: We are evaluating the next purchase.",Follow-up required
CALL002128,2021-06-01,70009134,A4118110106,Newzealand,Rep-26,12,"Sales Rep: Are you satisfied with the product? Customer: Yes, the product is performing well. Sales Rep: Would you consider increasing the order? Customer: We are evaluating the next purchase.",Follow-up required
CALL002129,2021-01-01,90011185,A3521150704,France,Rep-20,8,"Sales Rep: Are you satisfied with the product? Customer: Yes, the product is performing well. Sales Rep: Would you consider increasing the order? Customer: We are evaluating the next purchase.",Follow-up required
CALL002130,2019-04-01,70011193,A2721150706,France,Rep-25,16,"Sales Rep: Are you satisfied with the product? Customer: Yes, the product is performing well. Sales Rep: Would you consider increasing the order? Customer: We are evaluating the next purchase.",Follow-up required
CALL002131,2019-11-01,80006155,A3320150504,Philiphines,Rep-11,22,"Sales Rep: Are you satisfied with the product? Customer: Yes, the product is performing well. Sales Rep: Would you consider increasing the order? Customer: We are evaluating the next purchase.",Follow-up required
CALL002132,2021-02-01,70019204,A1219150302,Sweden,Rep-22,26,"Sales Rep: Are you satisfied with the product? Customer: Yes, the product is performing well. Sales Rep: Would you consider increasing the order? Customer: We are evaluating the next purchase.",Follow-up required
CALL002133,2018-10-01,70023031,A3819150203,Canada,Rep-05,27,"Sales Rep: Are you satisfied with the product? Customer: Yes, the product is performing well. Sales Rep: Would you consider increasing the order? Customer: We are evaluating the next purchase.",Follow-up required
CALL002134,2020-07-01,70011194,A0418150101,France,Rep-19,19,"Sales Rep: Are you satisfied with the product? Customer: Yes, the product is performing well. Sales Rep: Would you consider increasing the order? Customer: We are evaluating the next purchase.",Follow-up required
CALL002135,2020-12-01,70014143,A6918160303,Netherlands,Rep-21,17,"Sales Rep: Are you satisfied with the product? Customer: Yes, the product is performing well. Sales Rep: Would you consider increasing the order? Customer: We are evaluating the next purchase.",Follow-up required
CALL002136,2020-03-01,70011194,A1919150401,France,Rep-26,8,"Sales Rep: Are you satisfied with the product? Customer: Yes, the product is performing well. Sales Rep: Would you consider increasing the order? Customer: We are evaluating the next purchase.",Follow-up required
CALL002137,2019-02-01,70003181,A1320150403,Indonesia,Rep-02,27,"Sales Rep: Are you satisfied with the product? Customer: Yes, the product is performing well. Sales Rep: Would you consider increasing the order? Customer: We are evaluating the next purchase.",Follow-up required
CALL002138,2018-11-01,70004070,A4118110105,Japan,Rep-04,7,"Sales Rep: Are you satisfied with the product? Customer: Yes, the product is performing well. Sales Rep: Would you consider increasing the order? Customer: We are evaluating the next purchase.",Follow-up required
CALL002139,2020-09-01,90023028,A2021150504,Canada,Rep-11,24,"Sales Rep: Are you satisfied with the product? Customer: Yes, the product is performing well. Sales Rep: Would you consider increasing the order? Customer: We are evaluating the next purchase.",Follow-up required
CALL002140,2021-07-01,80007195,A4620110604,South Korea,Rep-23,18,"Sales Rep: Are you satisfied with the product? Customer: Yes, the product is performing well. Sales Rep: Would you consider increasing the order? Customer: We are evaluating the next purchase.",Follow-up required
CALL002141,2020-03-01,70008169,A2118150105,Australia,Rep-02,9,"Sales Rep: Are you satisfied with the product? Customer: Yes, the product is performing well. Sales Rep: Would you consider increasing the order? Customer: We are evaluating the next purchase.",Follow-up required
CALL002142,2021-05-01,90001021,A1521150603,China,Rep-12,4,"Sales Rep: Are you satisfied with the product? Customer: Yes, the product is performing well. Sales Rep: Would you consider increasing the order? Customer: We are evaluating the next purchase.",Follow-up required
CALL002143,2021-07-01,90005162,A0821150504,Pakistan,Rep-04,14,"Sales Rep: Are you satisfied with the product? Customer: Yes, the product is performing well. Sales Rep: Would you consider increasing the order? Customer: We are evaluating the next purchase.",Follow-up required
CALL002144,2020-05-01,90020103,A4520110506,Austria,Rep-05,18,"Sales Rep: Are you satisfied with the product? Customer: Yes, the product is performing well. Sales Rep: Would you consider increasing the order? Customer: We are evaluating the next purchase.",Follow-up required
CALL002145,2021-01-01,70008169,A0118150102,Australia,Rep-03,12,"Sales Rep: Are you satisfied with the product? Customer: Yes, the product is performing well. Sales Rep: Would you consider increasing the order? Customer: We are evaluating the next purchase.",Follow-up required
CALL002146,2021-02-01,70008169,A0118150104,Australia,Rep-01,23,"Sales Rep: Are you satisfied with the product? Customer: Yes, the product is performing well. Sales Rep: Would you consider increasing the order? Customer: We are evaluating the next purchase.",Follow-up required
CALL002147,2021-03-01,90015147,A3220150405,Norway,Rep-07,19,"Sales Rep: Are you satisfied with the product? Customer: Yes, the product is performing well. Sales Rep: Would you consider increasing the order? Customer: We are evaluating the next purchase.",Follow-up required
CALL002148,2019-03-01,90023023,A6419160303,Canada,Rep-08,9,"Sales Rep: Are you satisfied with the product? Customer: Yes, the product is performing well. Sales Rep: Would you consider increasing the order? Customer: We are evaluating the next purchase.",Follow-up required
CALL002149,2020-05-01,90017054,A5419110208,Portugal,Rep-05,10,"Sales Rep: Are you satisfied with the product? Customer: Yes, the product is performing well. Sales Rep: Would you consider increasing the order? Customer: We are evaluating the next purchase.",Follow-up required
CALL002150,2019-05-01,90004063,A5621110408,Japan,Rep-03,27,"Sales Rep: Are you satisfied with the product? Customer: Yes, the product is performing well. Sales Rep: Would you consider increasing the order? Customer: We are evaluating the next purchase.",Follow-up required
CALL002151,2019-12-01,90004064,A5318110108,Japan,Rep-18,20,"Sales Rep: Are you satisfied with the product? Customer: Yes, the product is performing well. Sales Rep: Would you consider increasing the order? Customer: We are evaluating the next purchase.",Follow-up required
CALL002152,2019-01-01,70002018,A2620150602,India,Rep-12,17,"Sales Rep: Are you satisfied with the product? Customer: Yes, the product is performing well. Sales Rep: Would you consider increasing the order? Customer: We are evaluating the next purchase.",Follow-up required
CALL002153,2019-02-01,90014141,A2721150702,Netherlands,Rep-13,28,"Sales Rep: Are you satisfied with the product? Customer: Yes, the product is performing well. Sales Rep: Would you consider increasing the order? Customer: We are evaluating the next purchase.",Follow-up required
CALL002154,2019-12-01,90009132,A2419150404,Newzealand,Rep-13,10,"Sales Rep: Are you satisfied with the product? Customer: Yes, the product is performing well. Sales Rep: Would you consider increasing the order? Customer: We are evaluating the next purchase.",Follow-up required
CALL002155,2020-02-01,70007199,A2319150301,South Korea,Rep-04,10,"Sales Rep: Are you satisfied with the product? Customer: Yes, the product is performing well. Sales Rep: Would you consider increasing the order? Customer: We are evaluating the next purchase.",Follow-up required
CALL002156,2020-09-01,90015145,A5318110107,Norway,Rep-22,30,"Sales Rep: Are you satisfied with the product? Customer: Yes, the product is performing well. Sales Rep: Would you consider increasing the order? Customer: We are evaluating the next purchase.",Follow-up required
CALL002157,2019-01-01,90005160,A2020150501,Pakistan,Rep-16,13,"Sales Rep: Are you satisfied with the product? Customer: Yes, the product is performing well. Sales Rep: Would you consider increasing the order? Customer: We are evaluating the next purchase.",Follow-up required
CALL002158,2020-01-01,90002015,A5721110501,India,Rep-17,24,"Sales Rep: Are you satisfied with the product? Customer: Yes, the product is performing well. Sales Rep: Would you consider increasing the order? Customer: We are evaluating the next purchase.",Follow-up required
CALL002159,2021-04-01,70004069,A2520150501,Japan,Rep-26,6,"Sales Rep: Are you satisfied with the product? Customer: Yes, the product is performing well. Sales Rep: Would you consider increasing the order? Customer: We are evaluating the next purchase.",Follow-up required
CALL002160,2020-01-01,90015145,A7220160203,Norway,Rep-07,18,"Sales Rep: Are you satisfied with the product? Customer: Yes, the product is performing well. Sales Rep: Would you consider increasing the order? Customer: We are evaluating the next purchase.",Follow-up required
CALL002161,2019-04-01,90008165,A3818150201,Australia,Rep-15,4,"Sales Rep: Are you satisfied with the product? Customer: Yes, the product is performing well. Sales Rep: Would you consider increasing the order? Customer: We are evaluating the next purchase.",Follow-up required
CALL002162,2018-09-01,90011185,A4721110708,France,Rep-25,29,"Sales Rep: Are you satisfied with the product? Customer: Yes, the product is performing well. Sales Rep: Would you consider increasing the order? Customer: We are evaluating the next purchase.",Follow-up required
CALL002163,2021-01-01,90019200,A4620110606,Sweden,Rep-14,21,"Sales Rep: Are you satisfied with the product? Customer: Yes, the product is performing well. Sales Rep: Would you consider increasing the order? Customer: We are evaluating the next purchase.",Follow-up required
CALL002164,2020-10-01,90001020,A4821110801,China,Rep-26,29,"Sales Rep: Are you satisfied with the product? Customer: Yes, the product is performing well. Sales Rep: Would you consider increasing the order? Customer: We are evaluating the next purchase.",Follow-up required
CALL002165,2021-06-01,80007196,A2721150706,South Korea,Rep-15,11,"Sales Rep: Are you satisfied with the product? Customer: Yes, the product is performing well. Sales Rep: Would you consider increasing the order? Customer: We are evaluating the next purchase.",Follow-up required
CALL002166,2020-01-01,90012037,A7220160203,Germany,Rep-30,20,"Sales Rep: Are you satisfied with the product? Customer: Yes, the product is performing well. Sales Rep: Would you consider increasing the order? Customer: We are evaluating the next purchase.",Follow-up required
CALL002167,2020-03-01,90004063,A1319150401,Japan,Rep-23,10,"Sales Rep: Are you satisfied with the product? Customer: Yes, the product is performing well. Sales Rep: Would you consider increasing the order? Customer: We are evaluating the next purchase.",Follow-up required
CALL002168,2019-01-01,90016176,A6620160501,Poland,Rep-07,7,"Sales Rep: Are you satisfied with the product? Customer: Yes, the product is performing well. Sales Rep: Would you consider increasing the order? Customer: We are evaluating the next purchase.",Follow-up required
CALL002169,2020-08-01,90019202,A7019160401,Sweden,Rep-30,29,"Sales Rep: Are you satisfied with the product? Customer: Yes, the product is performing well. Sales Rep: Would you consider increasing the order? Customer: We are evaluating the next purchase.",Follow-up required
CALL002170,2021-06-01,90002005,A2620150604,India,Rep-11,18,"Sales Rep: Are you satisfied with the product? Customer: Yes, the product is performing well. Sales Rep: Would you consider increasing the order? Customer: We are evaluating the next purchase.",Follow-up required
CALL002171,2021-06-01,90021089,A4821110804,United Kingdom,Rep-16,15,"Sales Rep: Are you satisfied with the product? Customer: Yes, the product is performing well. Sales Rep: Would you consider increasing the order? Customer: We are evaluating the next purchase.",Follow-up required
CALL002172,2019-12-01,70010047,A0621150308,Bangladesh,Rep-21,14,"Sales Rep: Are you satisfied with the product? Customer: Yes, the product is performing well. Sales Rep: Would you consider increasing the order? Customer: We are evaluating the next purchase.",Follow-up required
CALL002173,2020-01-01,90005161,A1920150404,Pakistan,Rep-09,13,"Sales Rep: Are you satisfied with the product? Customer: Yes, the product is performing well. Sales Rep: Would you consider increasing the order? Customer: We are evaluating the next purchase.",Follow-up required
CALL002174,2019-02-01,90019203,A5318110101,Sweden,Rep-02,16,"Sales Rep: Are you satisfied with the product? Customer: Yes, the product is performing well. Sales Rep: Would you consider increasing the order? Customer: We are evaluating the next purchase.",Follow-up required
CALL002175,2021-06-01,90013120,A3019150205,Italy,Rep-21,24,"Sales Rep: Are you satisfied with the product? Customer: Yes, the product is performing well. Sales Rep: Would you consider increasing the order? Customer: We are evaluating the next purchase.",Follow-up required
CALL002176,2020-10-01,90021089,A5519110302,United Kingdom,Rep-24,15,"Sales Rep: Are you satisfied with the product? Customer: Yes, the product is performing well. Sales Rep: Would you consider increasing the order? Customer: We are evaluating the next purchase.",Follow-up required
CALL002177,2020-06-01,90003180,A4821110802,Indonesia,Rep-16,27,"Sales Rep: Are you satisfied with the product? Customer: Yes, the product is performing well. Sales Rep: Would you consider increasing the order? Customer: We are evaluating the next purchase.",Follow-up required
CALL002178,2020-04-01,70010047,A5419110202,Bangladesh,Rep-07,17,"Sales Rep: Are you satisfied with the product? Customer: Yes, the product is performing well. Sales Rep: Would you consider increasing the order? Customer: We are evaluating the next purchase.",Follow-up required
CALL002179,2019-12-01,80006154,A1018150103,Philiphines,Rep-09,14,"Sales Rep: Are you satisfied with the product? Customer: Yes, the product is performing well. Sales Rep: Would you consider increasing the order? Customer: We are evaluating the next purchase.",Follow-up required
CALL002180,2019-01-01,90022073,A5419110203,USA,Rep-25,29,"Sales Rep: Are you satisfied with the product? Customer: Yes, the product is performing well. Sales Rep: Would you consider increasing the order? Customer: We are evaluating the next purchase.",Follow-up required
CALL002181,2019-07-01,90002004,A6621160503,India,Rep-18,12,"Sales Rep: Are you satisfied with the product? Customer: Yes, the product is performing well. Sales Rep: Would you consider increasing the order? Customer: We are evaluating the next purchase.",Follow-up required
CALL002182,2019-06-01,90015148,A7119160102,Norway,Rep-08,24,"Sales Rep: Are you satisfied with the product? Customer: Yes, the product is performing well. Sales Rep: Would you consider increasing the order? Customer: We are evaluating the next purchase.",Follow-up required
CALL002183,2019-10-01,90022081,A2319150305,USA,Rep-30,29,"Sales Rep: Are you satisfied with the product? Customer: Yes, the product is performing well. Sales Rep: Would you consider increasing the order? Customer: We are evaluating the next purchase.",Follow-up required
CALL002184,2021-08-01,90001020,A0821150501,China,Rep-15,24,"Sales Rep: Are you satisfied with the product? Customer: Yes, the product is performing well. Sales Rep: Would you consider increasing the order? Customer: We are evaluating the next purchase.",Follow-up required
CALL002185,2019-10-01,70003181,A0519150203,Indonesia,Rep-15,16,"Sales Rep: Are you satisfied with the product? Customer: Yes, the product is performing well. Sales Rep: Would you consider increasing the order? Customer: We are evaluating the next purchase.",Follow-up required
CALL002186,2020-01-01,90023026,A3320150501,Canada,Rep-09,28,"Sales Rep: Are you satisfied with the product? Customer: Yes, the product is performing well. Sales Rep: Would you consider increasing the order? Customer: We are evaluating the next purchase.",Follow-up required
CALL002187,2019-08-01,70009134,A2918150105,Newzealand,Rep-10,5,"Sales Rep: Are you satisfied with the product? Customer: Yes, the product is performing well. Sales Rep: Would you consider increasing the order? Customer: We are evaluating the next purchase.",Follow-up required
CALL002188,2020-11-01,70014142,A0321150303,Netherlands,Rep-02,9,"Sales Rep: Are you satisfied with the product? Customer: Yes, the product is performing well. Sales Rep: Would you consider increasing the order? Customer: We are evaluating the next purchase.",Follow-up required
CALL002189,2019-07-01,90012038,A6120110207,Germany,Rep-02,14,"Sales Rep: Are you satisfied with the product? Customer: Yes, the product is performing well. Sales Rep: Would you consider increasing the order? Customer: We are evaluating the next purchase.",Follow-up required
CALL002190,2020-06-01,90020101,A5419110201,Austria,Rep-16,24,"Sales Rep: Are you satisfied with the product? Customer: Yes, the product is performing well. Sales Rep: Would you consider increasing the order? Customer: We are evaluating the next purchase.",Follow-up required
CALL002191,2020-08-01,90021094,A2319150302,United Kingdom,Rep-06,16,"Sales Rep: Are you satisfied with the product? Customer: Yes, the product is performing well. Sales Rep: Would you consider increasing the order? Customer: We are evaluating the next purchase.",Follow-up required
CALL002192,2019-12-01,90010044,A4620110607,Bangladesh,Rep-08,27,"Sales Rep: Are you satisfied with the product? Customer: Yes, the product is performing well. Sales Rep: Would you consider increasing the order? Customer: We are evaluating the next purchase.",Follow-up required
CALL002193,2020-04-01,80006154,A2620150605,Philiphines,Rep-05,13,"Sales Rep: Are you satisfied with the product? Customer: Yes, the product is performing well. Sales Rep: Would you consider increasing the order? Customer: We are evaluating the next purchase.",Follow-up required
CALL002194,2021-01-01,90009129,A0821150503,Newzealand,Rep-16,4,"Sales Rep: Are you satisfied with the product? Customer: Yes, the product is performing well. Sales Rep: Would you consider increasing the order? Customer: We are evaluating the next purchase.",Follow-up required
CALL002195,2020-05-01,90001020,A4319110304,China,Rep-15,26,"Sales Rep: Are you satisfied with the product? Customer: Yes, the product is performing well. Sales Rep: Would you consider increasing the order? Customer: We are evaluating the next purchase.",Follow-up required
CALL002196,2019-03-01,90012039,A0418150105,Germany,Rep-22,7,"Sales Rep: Are you satisfied with the product? Customer: Yes, the product is performing well. Sales Rep: Would you consider increasing the order? Customer: We are evaluating the next purchase.",Follow-up required
CALL002197,2019-07-01,90012033,A5520110308,Germany,Rep-29,9,"Sales Rep: Are you satisfied with the product? Customer: Yes, the product is performing well. Sales Rep: Would you consider increasing the order? Customer: We are evaluating the next purchase.",Follow-up required
CALL002198,2018-10-01,90011186,A4620110607,France,Rep-10,17,"Sales Rep: Are you satisfied with the product? Customer: Yes, the product is performing well. Sales Rep: Would you consider increasing the order? Customer: We are evaluating the next purchase.",Follow-up required
CALL002199,2021-08-01,90014140,A4620110605,Netherlands,Rep-17,26,"Sales Rep: Are you satisfied with the product? Customer: Yes, the product is performing well. Sales Rep: Would you consider increasing the order? Customer: We are evaluating the next purchase.",Follow-up required
CALL002200,2020-07-01,70014143,A5621110404,Netherlands,Rep-09,27,"Sales Rep: Are you satisfied with the product? Customer: Yes, the product is performing well. Sales Rep: Would you consider increasing the order? Customer: We are evaluating the next purchase.",Follow-up required
CALL002201,2018-09-01,90006156,A1320150403,Philiphines,Rep-26,14,"Sales Rep: Are you satisfied with the product? Customer: Yes, the product is performing well. Sales Rep: Would you consider increasing the order? Customer: We are evaluating the next purchase.",Follow-up required
CALL002202,2021-03-01,90021095,A3819150205,United Kingdom,Rep-05,10,"Sales Rep: Are you satisfied with the product? Customer: Yes, the product is performing well. Sales Rep: Would you consider increasing the order? Customer: We are evaluating the next purchase.",Follow-up required
CALL002203,2019-09-01,90008167,A0821150504,Australia,Rep-27,27,"Sales Rep: Are you satisfied with the product? Customer: Yes, the product is performing well. Sales Rep: Would you consider increasing the order? Customer: We are evaluating the next purchase.",Follow-up required
CALL002204,2018-09-01,90012033,A0418150101,Germany,Rep-30,12,"Sales Rep: Are you satisfied with the product? Customer: Yes, the product is performing well. Sales Rep: Would you consider increasing the order? Customer: We are evaluating the next purchase.",Follow-up required
CALL002205,2021-03-01,70007199,A0519150207,South Korea,Rep-07,18,"Sales Rep: Are you satisfied with the product? Customer: Yes, the product is performing well. Sales Rep: Would you consider increasing the order? Customer: We are evaluating the next purchase.",Follow-up required
CALL002206,2021-07-01,90010045,A4821110804,Bangladesh,Rep-05,10,"Sales Rep: Are you satisfied with the product? Customer: Yes, the product is performing well. Sales Rep: Would you consider increasing the order? Customer: We are evaluating the next purchase.",Follow-up required
CALL002207,2021-02-01,90009128,A2821150801,Newzealand,Rep-11,9,"Sales Rep: Are you satisfied with the product? Customer: Yes, the product is performing well. Sales Rep: Would you consider increasing the order? Customer: We are evaluating the next purchase.",Follow-up required
CALL002208,2021-01-01,90004067,A0118150102,Japan,Rep-22,5,"Sales Rep: Are you satisfied with the product? Customer: Yes, the product is performing well. Sales Rep: Would you consider increasing the order? Customer: We are evaluating the next purchase.",Follow-up required
CALL002209,2019-08-01,90016176,A0619150301,Poland,Rep-08,26,"Sales Rep: Are you satisfied with the product? Customer: Yes, the product is performing well. Sales Rep: Would you consider increasing the order? Customer: We are evaluating the next purchase.",Follow-up required
CALL002210,2021-04-01,70020104,A0821150504,Austria,Rep-26,4,"Sales Rep: Are you satisfied with the product? Customer: Yes, the product is performing well. Sales Rep: Would you consider increasing the order? Customer: We are evaluating the next purchase.",Follow-up required
CALL002211,2020-07-01,90002008,A4319110305,India,Rep-02,13,"Sales Rep: Are you satisfied with the product? Customer: Yes, the product is performing well. Sales Rep: Would you consider increasing the order? Customer: We are evaluating the next purchase.",Follow-up required
CALL002212,2021-02-01,70004070,A5519110302,Japan,Rep-25,27,"Sales Rep: Are you satisfied with the product? Customer: Yes, the product is performing well. Sales Rep: Would you consider increasing the order? Customer: We are evaluating the next purchase.",Follow-up required
CALL002213,2019-07-01,70011193,A1219150303,France,Rep-16,21,"Sales Rep: Are you satisfied with the product? Customer: Yes, the product is performing well. Sales Rep: Would you consider increasing the order? Customer: We are evaluating the next purchase.",Follow-up required
CALL002214,2019-09-01,90016173,A0821150503,Poland,Rep-30,19,"Sales Rep: Are you satisfied with the product? Customer: Yes, the product is performing well. Sales Rep: Would you consider increasing the order? Customer: We are evaluating the next purchase.",Follow-up required
CALL002215,2019-02-01,90020101,A6620160501,Austria,Rep-30,10,"Sales Rep: Are you satisfied with the product? Customer: Yes, the product is performing well. Sales Rep: Would you consider increasing the order? Customer: We are evaluating the next purchase.",Follow-up required
CALL002216,2020-04-01,90023029,A2219150204,Canada,Rep-29,29,"Sales Rep: Are you satisfied with the product? Customer: Yes, the product is performing well. Sales Rep: Would you consider increasing the order? Customer: We are evaluating the next purchase.",Follow-up required
CALL002217,2020-01-01,90010045,A2821150804,Bangladesh,Rep-16,24,"Sales Rep: Are you satisfied with the product? Customer: Yes, the product is performing well. Sales Rep: Would you consider increasing the order? Customer: We are evaluating the next purchase.",Follow-up required
CALL002218,2021-02-01,90023024,A6719160101,Canada,Rep-28,25,"Sales Rep: Are you satisfied with the product? Customer: Yes, the product is performing well. Sales Rep: Would you consider increasing the order? Customer: We are evaluating the next purchase.",Follow-up required
CALL002219,2019-08-01,70016177,A2020150501,Poland,Rep-10,30,"Sales Rep: Are you satisfied with the product? Customer: Yes, the product is performing well. Sales Rep: Would you consider increasing the order? Customer: We are evaluating the next purchase.",Follow-up required
CALL002220,2021-07-01,90005161,A3521150702,Pakistan,Rep-10,24,"Sales Rep: Are you satisfied with the product? Customer: Yes, the product is performing well. Sales Rep: Would you consider increasing the order? Customer: We are evaluating the next purchase.",Follow-up required
CALL002221,2019-12-01,90004068,A7219160201,Japan,Rep-08,28,"Sales Rep: Are you satisfied with the product? Customer: Yes, the product is performing well. Sales Rep: Would you consider increasing the order? Customer: We are evaluating the next purchase.",Follow-up required
CALL002222,2020-03-01,70011194,A5318110102,France,Rep-03,17,"Sales Rep: Are you satisfied with the product? Customer: Yes, the product is performing well. Sales Rep: Would you consider increasing the order? Customer: We are evaluating the next purchase.",Follow-up required
CALL002223,2021-03-01,70010047,A2420150406,Bangladesh,Rep-27,17,"Sales Rep: Are you satisfied with the product? Customer: Yes, the product is performing well. Sales Rep: Would you consider increasing the order? Customer: We are evaluating the next purchase.",Follow-up required
CALL002224,2020-11-01,70006158,A2218150202,Philiphines,Rep-24,12,"Sales Rep: Are you satisfied with the product? Customer: Yes, the product is performing well. Sales Rep: Would you consider increasing the order? Customer: We are evaluating the next purchase.",Follow-up required
CALL002225,2019-07-01,90017051,A1919150403,Portugal,Rep-08,15,"Sales Rep: Are you satisfied with the product? Customer: Yes, the product is performing well. Sales Rep: Would you consider increasing the order? Customer: We are evaluating the next purchase.",Follow-up required
CALL002226,2021-07-01,70008169,A2218150202,Australia,Rep-27,25,"Sales Rep: Are you satisfied with the product? Customer: Yes, the product is performing well. Sales Rep: Would you consider increasing the order? Customer: We are evaluating the next purchase.",Follow-up required
CALL002227,2018-11-01,90008164,A7118160101,Australia,Rep-19,18,"Sales Rep: Are you satisfied with the product? Customer: Yes, the product is performing well. Sales Rep: Would you consider increasing the order? Customer: We are evaluating the next purchase.",Follow-up required
CALL002228,2019-10-01,90014135,A3220150401,Netherlands,Rep-22,23,"Sales Rep: Are you satisfied with the product? Customer: Yes, the product is performing well. Sales Rep: Would you consider increasing the order? Customer: We are evaluating the next purchase.",Follow-up required
CALL002229,2019-12-01,70006158,A5620110402,Philiphines,Rep-05,12,"Sales Rep: Are you satisfied with the product? Customer: Yes, the product is performing well. Sales Rep: Would you consider increasing the order? Customer: We are evaluating the next purchase.",Follow-up required
CALL002230,2021-04-01,70007198,A5519110302,South Korea,Rep-12,9,"Sales Rep: Are you satisfied with the product? Customer: Yes, the product is performing well. Sales Rep: Would you consider increasing the order? Customer: We are evaluating the next purchase.",Follow-up required
CALL002231,2020-11-01,90012035,A4620110604,Germany,Rep-03,4,"Sales Rep: Are you satisfied with the product? Customer: Yes, the product is performing well. Sales Rep: Would you consider increasing the order? Customer: We are evaluating the next purchase.",Follow-up required
CALL002232,2020-09-01,90015145,A1319150401,Norway,Rep-07,29,"Sales Rep: Are you satisfied with the product? Customer: Yes, the product is performing well. Sales Rep: Would you consider increasing the order? Customer: We are evaluating the next purchase.",Follow-up required
CALL002233,2019-06-01,90004066,A1219150303,Japan,Rep-18,8,"Sales Rep: Are you satisfied with the product? Customer: Yes, the product is performing well. Sales Rep: Would you consider increasing the order? Customer: We are evaluating the next purchase.",Follow-up required
CALL002234,2021-05-01,90005160,A1420150502,Pakistan,Rep-11,28,"Sales Rep: Are you satisfied with the product? Customer: Yes, the product is performing well. Sales Rep: Would you consider increasing the order? Customer: We are evaluating the next purchase.",Follow-up required
CALL002235,2020-09-01,90015147,A2821150805,Norway,Rep-12,22,"Sales Rep: Are you satisfied with the product? Customer: Yes, the product is performing well. Sales Rep: Would you consider increasing the order? Customer: We are evaluating the next purchase.",Follow-up required
CALL002236,2018-10-01,90011187,A2620150601,France,Rep-07,17,"Sales Rep: Are you satisfied with the product? Customer: Yes, the product is performing well. Sales Rep: Would you consider increasing the order? Customer: We are evaluating the next purchase.",Follow-up required
CALL002237,2021-02-01,90008166,A6520160403,Australia,Rep-22,5,"Sales Rep: Are you satisfied with the product? Customer: Yes, the product is performing well. Sales Rep: Would you consider increasing the order? Customer: We are evaluating the next purchase.",Follow-up required
CALL002238,2021-03-01,70007199,A4620110601,South Korea,Rep-28,23,"Sales Rep: Are you satisfied with the product? Customer: Yes, the product is performing well. Sales Rep: Would you consider increasing the order? Customer: We are evaluating the next purchase.",Follow-up required
CALL002239,2021-03-01,90016176,A4218110206,Poland,Rep-27,7,"Sales Rep: Are you satisfied with the product? Customer: Yes, the product is performing well. Sales Rep: Would you consider increasing the order? Customer: We are evaluating the next purchase.",Follow-up required
CALL002240,2020-10-01,90011189,A0418150107,France,Rep-15,16,"Sales Rep: Are you satisfied with the product? Customer: Yes, the product is performing well. Sales Rep: Would you consider increasing the order? Customer: We are evaluating the next purchase.",Follow-up required
CALL002241,2020-12-01,90012034,A2319150306,Germany,Rep-07,28,"Sales Rep: Are you satisfied with the product? Customer: Yes, the product is performing well. Sales Rep: Would you consider increasing the order? Customer: We are evaluating the next purchase.",Follow-up required
CALL002242,2021-08-01,90013121,A7219160201,Italy,Rep-18,28,"Sales Rep: Are you satisfied with the product? Customer: Yes, the product is performing well. Sales Rep: Would you consider increasing the order? Customer: We are evaluating the next purchase.",Follow-up required
CALL002243,2020-04-01,90017057,A6620160502,Portugal,Rep-23,7,"Sales Rep: Are you satisfied with the product? Customer: Yes, the product is performing well. Sales Rep: Would you consider increasing the order? Customer: We are evaluating the next purchase.",Follow-up required
CALL002244,2019-09-01,90003179,A3421150604,Indonesia,Rep-14,24,"Sales Rep: Are you satisfied with the product? Customer: Yes, the product is performing well. Sales Rep: Would you consider increasing the order? Customer: We are evaluating the next purchase.",Follow-up required
CALL002245,2019-05-01,90002005,A4118110101,India,Rep-25,14,"Sales Rep: Are you satisfied with the product? Customer: Yes, the product is performing well. Sales Rep: Would you consider increasing the order? Customer: We are evaluating the next purchase.",Follow-up required
CALL002246,2021-02-01,90022073,A1219150303,USA,Rep-14,14,"Sales Rep: Are you satisfied with the product? Customer: Yes, the product is performing well. Sales Rep: Would you consider increasing the order? Customer: We are evaluating the next purchase.",Follow-up required
CALL002247,2018-10-01,70006158,A5419110203,Philiphines,Rep-30,25,"Sales Rep: Are you satisfied with the product? Customer: Yes, the product is performing well. Sales Rep: Would you consider increasing the order? Customer: We are evaluating the next purchase.",Follow-up required
CALL002248,2021-02-01,90003180,A3120150305,Indonesia,Rep-20,16,"Sales Rep: Are you satisfied with the product? Customer: Yes, the product is performing well. Sales Rep: Would you consider increasing the order? Customer: We are evaluating the next purchase.",Follow-up required
CALL002249,2020-08-01,90012033,A5721110508,Germany,Rep-07,27,"Sales Rep: Are you satisfied with the product? Customer: Yes, the product is performing well. Sales Rep: Would you consider increasing the order? Customer: We are evaluating the next purchase.",Follow-up required
CALL002250,2020-11-01,70013126,A6119110203,Italy,Rep-21,6,"Sales Rep: Are you satisfied with the product? Customer: Yes, the product is performing well. Sales Rep: Would you consider increasing the order? Customer: We are evaluating the next purchase.",Follow-up required
CALL002251,2019-01-01,70008170,A3421150604,Australia,Rep-29,29,"Sales Rep: Are you satisfied with the product? Customer: Yes, the product is performing well. Sales Rep: Would you consider increasing the order? Customer: We are evaluating the next purchase.",Follow-up required
CALL002252,2019-03-01,70011194,A3819150205,France,Rep-18,11,"Sales Rep: Are you satisfied with the product? Customer: Yes, the product is performing well. Sales Rep: Would you consider increasing the order? Customer: We are evaluating the next purchase.",Follow-up required
CALL002253,2018-10-01,90012034,A5620110402,Germany,Rep-20,8,"Sales Rep: Are you satisfied with the product? Customer: Yes, the product is performing well. Sales Rep: Would you consider increasing the order? Customer: We are evaluating the next purchase.",Follow-up required
CALL002254,2019-11-01,90010044,A3220150405,Bangladesh,Rep-29,20,"Sales Rep: Are you satisfied with the product? Customer: Yes, the product is performing well. Sales Rep: Would you consider increasing the order? Customer: We are evaluating the next purchase.",Follow-up required
CALL002255,2019-12-01,90013124,A4720110701,Italy,Rep-30,22,"Sales Rep: Are you satisfied with the product? Customer: Yes, the product is performing well. Sales Rep: Would you consider increasing the order? Customer: We are evaluating the next purchase.",Follow-up required
CALL002256,2019-11-01,90016174,A4520110504,Poland,Rep-12,18,"Sales Rep: Are you satisfied with the product? Customer: Yes, the product is performing well. Sales Rep: Would you consider increasing the order? Customer: We are evaluating the next purchase.",Follow-up required
CALL002257,2021-07-01,80007195,A6119110203,South Korea,Rep-21,14,"Sales Rep: Are you satisfied with the product? Customer: Yes, the product is performing well. Sales Rep: Would you consider increasing the order? Customer: We are evaluating the next purchase.",Follow-up required
CALL002258,2020-02-01,70010047,A6921160301,Bangladesh,Rep-18,4,"Sales Rep: Are you satisfied with the product? Customer: Yes, the product is performing well. Sales Rep: Would you consider increasing the order? Customer: We are evaluating the next purchase.",Follow-up required
CALL002259,2020-10-01,90020100,A5419110201,Austria,Rep-15,13,"Sales Rep: Are you satisfied with the product? Customer: Yes, the product is performing well. Sales Rep: Would you consider increasing the order? Customer: We are evaluating the next purchase.",Follow-up required
CALL002260,2020-12-01,90012034,A6419160301,Germany,Rep-16,28,"Sales Rep: Are you satisfied with the product? Customer: Yes, the product is performing well. Sales Rep: Would you consider increasing the order? Customer: We are evaluating the next purchase.",Follow-up required
CALL002261,2020-10-01,90013124,A6119110203,Italy,Rep-23,15,"Sales Rep: Are you satisfied with the product? Customer: Yes, the product is performing well. Sales Rep: Would you consider increasing the order? Customer: We are evaluating the next purchase.",Follow-up required
CALL002262,2021-01-01,90015149,A1521150601,Norway,Rep-04,12,"Sales Rep: Are you satisfied with the product? Customer: Yes, the product is performing well. Sales Rep: Would you consider increasing the order? Customer: We are evaluating the next purchase.",Follow-up required
CALL002263,2019-10-01,90020099,A2520150502,Austria,Rep-11,14,"Sales Rep: Are you satisfied with the product? Customer: Yes, the product is performing well. Sales Rep: Would you consider increasing the order? Customer: We are evaluating the next purchase.",Follow-up required
CALL002264,2020-12-01,90018112,A1420150502,Spain,Rep-18,7,"Sales Rep: Are you satisfied with the product? Customer: Yes, the product is performing well. Sales Rep: Would you consider increasing the order? Customer: We are evaluating the next purchase.",Follow-up required
CALL002265,2021-02-01,90002011,A2118150101,India,Rep-12,30,"Sales Rep: Are you satisfied with the product? Customer: Yes, the product is performing well. Sales Rep: Would you consider increasing the order? Customer: We are evaluating the next purchase.",Follow-up required
CALL002266,2021-03-01,90021092,A5519110303,United Kingdom,Rep-22,30,"Sales Rep: Are you satisfied with the product? Customer: Yes, the product is performing well. Sales Rep: Would you consider increasing the order? Customer: We are evaluating the next purchase.",Follow-up required
CALL002267,2020-03-01,90009128,A0620150305,Newzealand,Rep-29,22,"Sales Rep: Are you satisfied with the product? Customer: Yes, the product is performing well. Sales Rep: Would you consider increasing the order? Customer: We are evaluating the next purchase.",Follow-up required
CALL002268,2020-07-01,70009134,A4620110602,Newzealand,Rep-09,7,"Sales Rep: Are you satisfied with the product? Customer: Yes, the product is performing well. Sales Rep: Would you consider increasing the order? Customer: We are evaluating the next purchase.",Follow-up required
CALL002269,2020-03-01,90001020,A3019150206,China,Rep-11,17,"Sales Rep: Are you satisfied with the product? Customer: Yes, the product is performing well. Sales Rep: Would you consider increasing the order? Customer: We are evaluating the next purchase.",Follow-up required
CALL002270,2019-01-01,90001020,A3019150206,China,Rep-16,14,"Sales Rep: Are you satisfied with the product? Customer: Yes, the product is performing well. Sales Rep: Would you consider increasing the order? Customer: We are evaluating the next purchase.",Follow-up required
CALL002271,2020-01-01,90004063,A4218110206,Japan,Rep-08,20,"Sales Rep: Are you satisfied with the product? Customer: Yes, the product is performing well. Sales Rep: Would you consider increasing the order? Customer: We are evaluating the next purchase.",Follow-up required
CALL002272,2019-07-01,90008164,A6119110203,Australia,Rep-26,13,"Sales Rep: Are you satisfied with the product? Customer: Yes, the product is performing well. Sales Rep: Would you consider increasing the order? Customer: We are evaluating the next purchase.",Follow-up required
CALL002273,2019-02-01,90009128,A5721110503,Newzealand,Rep-19,11,"Sales Rep: Are you satisfied with the product? Customer: Yes, the product is performing well. Sales Rep: Would you consider increasing the order? Customer: We are evaluating the next purchase.",Follow-up required
CALL002274,2019-08-01,90013119,A1618150103,Italy,Rep-22,26,"Sales Rep: Are you satisfied with the product? Customer: Yes, the product is performing well. Sales Rep: Would you consider increasing the order? Customer: We are evaluating the next purchase.",Follow-up required
CALL002275,2021-07-01,90013122,A4419110406,Italy,Rep-11,23,"Sales Rep: Are you satisfied with the product? Customer: Yes, the product is performing well. Sales Rep: Would you consider increasing the order? Customer: We are evaluating the next purchase.",Follow-up required
CALL002276,2019-05-01,70022085,A4721110706,USA,Rep-16,5,"Sales Rep: Are you satisfied with the product? Customer: Yes, the product is performing well. Sales Rep: Would you consider increasing the order? Customer: We are evaluating the next purchase.",Follow-up required
CALL002277,2020-07-01,70010047,A4419110402,Bangladesh,Rep-11,5,"Sales Rep: Are you satisfied with the product? Customer: Yes, the product is performing well. Sales Rep: Would you consider increasing the order? Customer: We are evaluating the next purchase.",Follow-up required
CALL002278,2021-08-01,90018112,A1320150402,Spain,Rep-05,19,"Sales Rep: Are you satisfied with the product? Customer: Yes, the product is performing well. Sales Rep: Would you consider increasing the order? Customer: We are evaluating the next purchase.",Follow-up required
CALL002279,2020-01-01,80001019,A6319160202,China,Rep-25,13,"Sales Rep: Are you satisfied with the product? Customer: Yes, the product is performing well. Sales Rep: Would you consider increasing the order? Customer: We are evaluating the next purchase.",Follow-up required
CALL002280,2019-10-01,90003179,A4218110205,Indonesia,Rep-24,10,"Sales Rep: Are you satisfied with the product? Customer: Yes, the product is performing well. Sales Rep: Would you consider increasing the order? Customer: We are evaluating the next purchase.",Follow-up required
CALL002281,2020-03-01,70016177,A4419110404,Poland,Rep-30,13,"Sales Rep: Are you satisfied with the product? Customer: Yes, the product is performing well. Sales Rep: Would you consider increasing the order? Customer: We are evaluating the next purchase.",Follow-up required
CALL002282,2019-11-01,90005160,A7119160103,Pakistan,Rep-23,12,"Sales Rep: Are you satisfied with the product? Customer: Yes, the product is performing well. Sales Rep: Would you consider increasing the order? Customer: We are evaluating the next purchase.",Follow-up required
CALL002283,2020-06-01,70003181,A0418150103,Indonesia,Rep-02,8,"Sales Rep: Are you satisfied with the product? Customer: Yes, the product is performing well. Sales Rep: Would you consider increasing the order? Customer: We are evaluating the next purchase.",Follow-up required
CALL002284,2019-07-01,90007197,A2219150206,South Korea,Rep-03,27,"Sales Rep: Are you satisfied with the product? Customer: Yes, the product is performing well. Sales Rep: Would you consider increasing the order? Customer: We are evaluating the next purchase.",Follow-up required
CALL002285,2019-05-01,90013117,A2918150104,Italy,Rep-17,26,"Sales Rep: Are you satisfied with the product? Customer: Yes, the product is performing well. Sales Rep: Would you consider increasing the order? Customer: We are evaluating the next purchase.",Follow-up required
CALL002286,2021-07-01,90022073,A3018150202,USA,Rep-26,18,"Sales Rep: Are you satisfied with the product? Customer: Yes, the product is performing well. Sales Rep: Would you consider increasing the order? Customer: We are evaluating the next purchase.",Follow-up required
CALL002287,2019-05-01,90015147,A4319110306,Norway,Rep-19,28,"Sales Rep: Are you satisfied with the product? Customer: Yes, the product is performing well. Sales Rep: Would you consider increasing the order? Customer: We are evaluating the next purchase.",Follow-up required
CALL002288,2020-01-01,90019201,A2319150304,Sweden,Rep-04,10,"Sales Rep: Are you satisfied with the product? Customer: Yes, the product is performing well. Sales Rep: Would you consider increasing the order? Customer: We are evaluating the next purchase.",Follow-up required
CALL002289,2020-02-01,90017055,A4519110501,Portugal,Rep-29,7,"Sales Rep: Are you satisfied with the product? Customer: Yes, the product is performing well. Sales Rep: Would you consider increasing the order? Customer: We are evaluating the next purchase.",Follow-up required
CALL002290,2020-05-01,90009129,A1219150302,Newzealand,Rep-23,14,"Sales Rep: Are you satisfied with the product? Customer: Yes, the product is performing well. Sales Rep: Would you consider increasing the order? Customer: We are evaluating the next purchase.",Follow-up required
CALL002291,2021-06-01,90008166,A2620150601,Australia,Rep-13,11,"Sales Rep: Are you satisfied with the product? Customer: Yes, the product is performing well. Sales Rep: Would you consider increasing the order? Customer: We are evaluating the next purchase.",Follow-up required
CALL002292,2021-04-01,90003180,A2721150704,Indonesia,Rep-19,19,"Sales Rep: Are you satisfied with the product? Customer: Yes, the product is performing well. Sales Rep: Would you consider increasing the order? Customer: We are evaluating the next purchase.",Follow-up required
CALL002293,2019-05-01,70014143,A7220160202,Netherlands,Rep-11,25,"Sales Rep: Are you satisfied with the product? Customer: Yes, the product is performing well. Sales Rep: Would you consider increasing the order? Customer: We are evaluating the next purchase.",Follow-up required
CALL002294,2020-02-01,90009130,A2918150102,Newzealand,Rep-27,17,"Sales Rep: Are you satisfied with the product? Customer: Yes, the product is performing well. Sales Rep: Would you consider increasing the order? Customer: We are evaluating the next purchase.",Follow-up required
CALL002295,2020-03-01,90002012,A6319160203,India,Rep-11,9,"Sales Rep: Are you satisfied with the product? Customer: Yes, the product is performing well. Sales Rep: Would you consider increasing the order? Customer: We are evaluating the next purchase.",Follow-up required
CALL002296,2020-02-01,70014142,A7119160103,Netherlands,Rep-22,24,"Sales Rep: Are you satisfied with the product? Customer: Yes, the product is performing well. Sales Rep: Would you consider increasing the order? Customer: We are evaluating the next purchase.",Follow-up required
CALL002297,2019-10-01,70014142,A4821110802,Netherlands,Rep-15,10,"Sales Rep: Are you satisfied with the product? Customer: Yes, the product is performing well. Sales Rep: Would you consider increasing the order? Customer: We are evaluating the next purchase.",Follow-up required
CALL002298,2020-01-01,90007197,A1118150202,South Korea,Rep-13,29,"Sales Rep: Are you satisfied with the product? Customer: Yes, the product is performing well. Sales Rep: Would you consider increasing the order? Customer: We are evaluating the next purchase.",Follow-up required
CALL002299,2021-02-01,90019201,A3718150103,Sweden,Rep-22,14,"Sales Rep: Are you satisfied with the product? Customer: Yes, the product is performing well. Sales Rep: Would you consider increasing the order? Customer: We are evaluating the next purchase.",Follow-up required
CALL002300,2019-04-01,90001021,A4419110402,China,Rep-18,19,"Sales Rep: Are you satisfied with the product? Customer: Yes, the product is performing well. Sales Rep: Would you consider increasing the order? Customer: We are evaluating the next purchase.",Follow-up required
CALL002301,2021-05-01,90001020,A6019110107,China,Rep-03,26,"Sales Rep: Are you satisfied with the product? Customer: Yes, the product is performing well. Sales Rep: Would you consider increasing the order? Customer: We are evaluating the next purchase.",Follow-up required
CALL002302,2018-10-01,90021092,A5419110203,United Kingdom,Rep-12,13,"Sales Rep: Are you satisfied with the product? Customer: Yes, the product is performing well. Sales Rep: Would you consider increasing the order? Customer: We are evaluating the next purchase.",Follow-up required
CALL002303,2020-10-01,90015150,A1618150103,Norway,Rep-12,10,"Sales Rep: Are you satisfied with the product? Customer: Yes, the product is performing well. Sales Rep: Would you consider increasing the order? Customer: We are evaluating the next purchase.",Follow-up required
CALL002304,2020-05-01,90012034,A4721110707,Germany,Rep-29,19,"Sales Rep: Are you satisfied with the product? Customer: Yes, the product is performing well. Sales Rep: Would you consider increasing the order? Customer: We are evaluating the next purchase.",Follow-up required
CALL002305,2019-12-01,90001020,A5519110303,China,Rep-25,15,"Sales Rep: Are you satisfied with the product? Customer: Yes, the product is performing well. Sales Rep: Would you consider increasing the order? Customer: We are evaluating the next purchase.",Follow-up required
CALL002306,2019-10-01,90019200,A3019150204,Sweden,Rep-26,9,"Sales Rep: Are you satisfied with the product? Customer: Yes, the product is performing well. Sales Rep: Would you consider increasing the order? Customer: We are evaluating the next purchase.",Follow-up required
CALL002307,2019-07-01,70021096,A4721110707,United Kingdom,Rep-01,6,"Sales Rep: Are you satisfied with the product? Customer: Yes, the product is performing well. Sales Rep: Would you consider increasing the order? Customer: We are evaluating the next purchase.",Follow-up required
CALL002308,2020-07-01,90019200,A3621150806,Sweden,Rep-20,4,"Sales Rep: Are you satisfied with the product? Customer: Yes, the product is performing well. Sales Rep: Would you consider increasing the order? Customer: We are evaluating the next purchase.",Follow-up required
CALL002309,2020-01-01,70004069,A1420150502,Japan,Rep-18,17,"Sales Rep: Are you satisfied with the product? Customer: Yes, the product is performing well. Sales Rep: Would you consider increasing the order? Customer: We are evaluating the next purchase.",Follow-up required
CALL002310,2019-02-01,90001021,A4821110807,China,Rep-06,13,"Sales Rep: Are you satisfied with the product? Customer: Yes, the product is performing well. Sales Rep: Would you consider increasing the order? Customer: We are evaluating the next purchase.",Follow-up required
CALL002311,2021-07-01,90019202,A4218110205,Sweden,Rep-25,9,"Sales Rep: Are you satisfied with the product? Customer: Yes, the product is performing well. Sales Rep: Would you consider increasing the order? Customer: We are evaluating the next purchase.",Follow-up required
CALL002312,2019-11-01,90015148,A3320150501,Norway,Rep-14,16,"Sales Rep: Are you satisfied with the product? Customer: Yes, the product is performing well. Sales Rep: Would you consider increasing the order? Customer: We are evaluating the next purchase.",Follow-up required
CALL002313,2021-06-01,90018114,A4118110101,Spain,Rep-22,18,"Sales Rep: Are you satisfied with the product? Customer: Yes, the product is performing well. Sales Rep: Would you consider increasing the order? Customer: We are evaluating the next purchase.",Follow-up required
CALL002314,2021-08-01,90006156,A2821150805,Philiphines,Rep-29,22,"Sales Rep: Are you satisfied with the product? Customer: Yes, the product is performing well. Sales Rep: Would you consider increasing the order? Customer: We are evaluating the next purchase.",Follow-up required
CALL002315,2020-09-01,90010044,A5621110405,Bangladesh,Rep-07,25,"Sales Rep: Are you satisfied with the product? Customer: Yes, the product is performing well. Sales Rep: Would you consider increasing the order? Customer: We are evaluating the next purchase.",Follow-up required
CALL002316,2019-02-01,90020100,A7220160202,Austria,Rep-16,16,"Sales Rep: Are you satisfied with the product? Customer: Yes, the product is performing well. Sales Rep: Would you consider increasing the order? Customer: We are evaluating the next purchase.",Follow-up required
CALL002317,2021-02-01,90023027,A7119160102,Canada,Rep-15,17,"Sales Rep: Are you satisfied with the product? Customer: Yes, the product is performing well. Sales Rep: Would you consider increasing the order? Customer: We are evaluating the next purchase.",Follow-up required
CALL002318,2018-09-01,90018112,A4020150401,Spain,Rep-21,25,"Sales Rep: Are you satisfied with the product? Customer: Yes, the product is performing well. Sales Rep: Would you consider increasing the order? Customer: We are evaluating the next purchase.",Follow-up required
CALL002319,2020-07-01,90004064,A1119150203,Japan,Rep-24,23,"Sales Rep: Are you satisfied with the product? Customer: Yes, the product is performing well. Sales Rep: Would you consider increasing the order? Customer: We are evaluating the next purchase.",Follow-up required
CALL002320,2021-01-01,90020101,A5721110502,Austria,Rep-06,22,"Sales Rep: Are you satisfied with the product? Customer: Yes, the product is performing well. Sales Rep: Would you consider increasing the order? Customer: We are evaluating the next purchase.",Follow-up required
CALL002321,2021-05-01,90009132,A4821110806,Newzealand,Rep-19,12,"Sales Rep: Are you satisfied with the product? Customer: Yes, the product is performing well. Sales Rep: Would you consider increasing the order? Customer: We are evaluating the next purchase.",Follow-up required
CALL002322,2020-02-01,90021088,A2319150301,United Kingdom,Rep-20,16,"Sales Rep: Are you satisfied with the product? Customer: Yes, the product is performing well. Sales Rep: Would you consider increasing the order? Customer: We are evaluating the next purchase.",Follow-up required
CALL002323,2021-05-01,80007195,A2918150104,South Korea,Rep-28,12,"Sales Rep: Are you satisfied with the product? Customer: Yes, the product is performing well. Sales Rep: Would you consider increasing the order? Customer: We are evaluating the next purchase.",Follow-up required
CALL002324,2020-10-01,90007197,A5519110301,South Korea,Rep-08,17,"Sales Rep: Are you satisfied with the product? Customer: Yes, the product is performing well. Sales Rep: Would you consider increasing the order? Customer: We are evaluating the next purchase.",Follow-up required
CALL002325,2018-09-01,70006157,A5721110505,Philiphines,Rep-07,12,"Sales Rep: Are you satisfied with the product? Customer: Yes, the product is performing well. Sales Rep: Would you consider increasing the order? Customer: We are evaluating the next purchase.",Follow-up required
CALL002326,2020-04-01,90010045,A1618150101,Bangladesh,Rep-13,10,"Sales Rep: Are you satisfied with the product? Customer: Yes, the product is performing well. Sales Rep: Would you consider increasing the order? Customer: We are evaluating the next purchase.",Follow-up required
CALL002327,2020-10-01,90014141,A1920150404,Netherlands,Rep-19,15,"Sales Rep: Are you satisfied with the product? Customer: Yes, the product is performing well. Sales Rep: Would you consider increasing the order? Customer: We are evaluating the next purchase.",Follow-up required
CALL002328,2021-05-01,90007197,A0621150307,South Korea,Rep-16,5,"Sales Rep: Are you satisfied with the product? Customer: Yes, the product is performing well. Sales Rep: Would you consider increasing the order? Customer: We are evaluating the next purchase.",Follow-up required
CALL002329,2019-06-01,90007197,A6119110202,South Korea,Rep-13,21,"Sales Rep: Are you satisfied with the product? Customer: Yes, the product is performing well. Sales Rep: Would you consider increasing the order? Customer: We are evaluating the next purchase.",Follow-up required
CALL002330,2021-07-01,90005162,A6419160303,Pakistan,Rep-18,6,"Sales Rep: Are you satisfied with the product? Customer: Yes, the product is performing well. Sales Rep: Would you consider increasing the order? Customer: We are evaluating the next purchase.",Follow-up required
CALL002331,2021-01-01,90011192,A0418150103,France,Rep-29,28,"Sales Rep: Are you satisfied with the product? Customer: Yes, the product is performing well. Sales Rep: Would you consider increasing the order? Customer: We are evaluating the next purchase.",Follow-up required
CALL002332,2019-11-01,90011186,A2918150102,France,Rep-05,28,"Sales Rep: Are you satisfied with the product? Customer: Yes, the product is performing well. Sales Rep: Would you consider increasing the order? Customer: We are evaluating the next purchase.",Follow-up required
CALL002333,2020-11-01,90018107,A6719160101,Spain,Rep-20,16,"Sales Rep: Are you satisfied with the product? Customer: Yes, the product is performing well. Sales Rep: Would you consider increasing the order? Customer: We are evaluating the next purchase.",Follow-up required
CALL002334,2019-06-01,90019201,A6319160202,Sweden,Rep-05,8,"Sales Rep: Are you satisfied with the product? Customer: Yes, the product is performing well. Sales Rep: Would you consider increasing the order? Customer: We are evaluating the next purchase.",Follow-up required
CALL002335,2019-10-01,90001020,A3019150204,China,Rep-13,25,"Sales Rep: Are you satisfied with the product? Customer: Yes, the product is performing well. Sales Rep: Would you consider increasing the order? Customer: We are evaluating the next purchase.",Follow-up required
CALL002336,2019-09-01,90013117,A3220150402,Italy,Rep-13,27,"Sales Rep: Are you satisfied with the product? Customer: Yes, the product is performing well. Sales Rep: Would you consider increasing the order? Customer: We are evaluating the next purchase.",Follow-up required
CALL002337,2019-03-01,90015144,A3320150506,Norway,Rep-08,14,"Sales Rep: Are you satisfied with the product? Customer: Yes, the product is performing well. Sales Rep: Would you consider increasing the order? Customer: We are evaluating the next purchase.",Follow-up required
CALL002338,2019-04-01,90021088,A0721150404,United Kingdom,Rep-20,10,"Sales Rep: Are you satisfied with the product? Customer: Yes, the product is performing well. Sales Rep: Would you consider increasing the order? Customer: We are evaluating the next purchase.",Follow-up required
CALL002339,2020-02-01,90002005,A3119150301,India,Rep-17,14,"Sales Rep: Are you satisfied with the product? Customer: Yes, the product is performing well. Sales Rep: Would you consider increasing the order? Customer: We are evaluating the next purchase.",Follow-up required
CALL002340,2019-07-01,90013118,A1521150601,Italy,Rep-15,8,"Sales Rep: Are you satisfied with the product? Customer: Yes, the product is performing well. Sales Rep: Would you consider increasing the order? Customer: We are evaluating the next purchase.",Follow-up required
CALL002341,2020-06-01,90012035,A4519110502,Germany,Rep-17,23,"Sales Rep: Are you satisfied with the product? Customer: Yes, the product is performing well. Sales Rep: Would you consider increasing the order? Customer: We are evaluating the next purchase.",Follow-up required
CALL002342,2019-03-01,70023031,A2319150306,Canada,Rep-03,6,"Sales Rep: Are you satisfied with the product? Customer: Yes, the product is performing well. Sales Rep: Would you consider increasing the order? Customer: We are evaluating the next purchase.",Follow-up required
CALL002343,2020-04-01,70014142,A0118150102,Netherlands,Rep-24,18,"Sales Rep: Are you satisfied with the product? Customer: Yes, the product is performing well. Sales Rep: Would you consider increasing the order? Customer: We are evaluating the next purchase.",Follow-up required
CALL002344,2020-03-01,90018112,A5419110208,Spain,Rep-12,23,"Sales Rep: Are you satisfied with the product? Customer: Yes, the product is performing well. Sales Rep: Would you consider increasing the order? Customer: We are evaluating the next purchase.",Follow-up required
CALL002345,2018-09-01,90012034,A5721110508,Germany,Rep-22,14,"Sales Rep: Are you satisfied with the product? Customer: Yes, the product is performing well. Sales Rep: Would you consider increasing the order? Customer: We are evaluating the next purchase.",Follow-up required
CALL002346,2018-10-01,90010044,A2419150404,Bangladesh,Rep-21,28,"Sales Rep: Are you satisfied with the product? Customer: Yes, the product is performing well. Sales Rep: Would you consider increasing the order? Customer: We are evaluating the next purchase.",Follow-up required
CALL002347,2019-05-01,90022079,A5318110105,USA,Rep-26,26,"Sales Rep: Are you satisfied with the product? Customer: Yes, the product is performing well. Sales Rep: Would you consider increasing the order? Customer: We are evaluating the next purchase.",Follow-up required
CALL002348,2020-05-01,90023029,A3420150601,Canada,Rep-25,29,"Sales Rep: Are you satisfied with the product? Customer: Yes, the product is performing well. Sales Rep: Would you consider increasing the order? Customer: We are evaluating the next purchase.",Follow-up required
CALL002349,2019-04-01,70005163,A4821110807,Pakistan,Rep-10,11,"Sales Rep: Are you satisfied with the product? Customer: Yes, the product is performing well. Sales Rep: Would you consider increasing the order? Customer: We are evaluating the next purchase.",Follow-up required
CALL002350,2021-06-01,70017060,A6319160201,Portugal,Rep-26,29,"Sales Rep: Are you satisfied with the product? Customer: Yes, the product is performing well. Sales Rep: Would you consider increasing the order? Customer: We are evaluating the next purchase.",Follow-up required
CALL002351,2019-11-01,90020103,A5721110507,Austria,Rep-12,30,"Sales Rep: Are you satisfied with the product? Customer: Yes, the product is performing well. Sales Rep: Would you consider increasing the order? Customer: We are evaluating the next purchase.",Follow-up required
CALL002352,2020-05-01,90019202,A7321160301,Sweden,Rep-21,20,"Sales Rep: Are you satisfied with the product? Customer: Yes, the product is performing well. Sales Rep: Would you consider increasing the order? Customer: We are evaluating the next purchase.",Follow-up required
CALL002353,2018-10-01,90021088,A3120150304,United Kingdom,Rep-11,10,"Sales Rep: Are you satisfied with the product? Customer: Yes, the product is performing well. Sales Rep: Would you consider increasing the order? Customer: We are evaluating the next purchase.",Follow-up required
CALL002354,2020-05-01,90008164,A0321150302,Australia,Rep-21,15,"Sales Rep: Are you satisfied with the product? Customer: Yes, the product is performing well. Sales Rep: Would you consider increasing the order? Customer: We are evaluating the next purchase.",Follow-up required
CALL002355,2018-12-01,90004062,A1521150603,Japan,Rep-20,12,"Sales Rep: Are you satisfied with the product? Customer: Yes, the product is performing well. Sales Rep: Would you consider increasing the order? Customer: We are evaluating the next purchase.",Follow-up required
CALL002356,2019-07-01,90017057,A2620150602,Portugal,Rep-26,21,"Sales Rep: Are you satisfied with the product? Customer: Yes, the product is performing well. Sales Rep: Would you consider increasing the order? Customer: We are evaluating the next purchase.",Follow-up required
CALL002357,2018-12-01,80001019,A4319110305,China,Rep-19,15,"Sales Rep: Are you satisfied with the product? Customer: Yes, the product is performing well. Sales Rep: Would you consider increasing the order? Customer: We are evaluating the next purchase.",Follow-up required
CALL002358,2020-01-01,70015152,A3621150801,Norway,Rep-16,25,"Sales Rep: Are you satisfied with the product? Customer: Yes, the product is performing well. Sales Rep: Would you consider increasing the order? Customer: We are evaluating the next purchase.",Follow-up required
CALL002359,2019-01-01,90021091,A2021150504,United Kingdom,Rep-07,26,"Sales Rep: Are you satisfied with the product? Customer: Yes, the product is performing well. Sales Rep: Would you consider increasing the order? Customer: We are evaluating the next purchase.",Follow-up required
CALL002360,2019-08-01,90003180,A0418150108,Indonesia,Rep-08,22,"Sales Rep: Are you satisfied with the product? Customer: Yes, the product is performing well. Sales Rep: Would you consider increasing the order? Customer: We are evaluating the next purchase.",Follow-up required
CALL002361,2020-10-01,90015148,A3621150804,Norway,Rep-10,7,"Sales Rep: Are you satisfied with the product? Customer: Yes, the product is performing well. Sales Rep: Would you consider increasing the order? Customer: We are evaluating the next purchase.",Follow-up required
CALL002362,2021-06-01,80006154,A6219160103,Philiphines,Rep-03,23,"Sales Rep: Are you satisfied with the product? Customer: Yes, the product is performing well. Sales Rep: Would you consider increasing the order? Customer: We are evaluating the next purchase.",Follow-up required
CALL002363,2020-08-01,90016175,A0519150207,Poland,Rep-13,28,"Sales Rep: Are you satisfied with the product? Customer: Yes, the product is performing well. Sales Rep: Would you consider increasing the order? Customer: We are evaluating the next purchase.",Follow-up required
CALL002364,2018-11-01,90012035,A2319150304,Germany,Rep-08,26,"Sales Rep: Are you satisfied with the product? Customer: Yes, the product is performing well. Sales Rep: Would you consider increasing the order? Customer: We are evaluating the next purchase.",Follow-up required
CALL002365,2020-10-01,70020104,A6519160401,Austria,Rep-23,19,"Sales Rep: Are you satisfied with the product? Customer: Yes, the product is performing well. Sales Rep: Would you consider increasing the order? Customer: We are evaluating the next purchase.",Follow-up required
CALL002366,2019-11-01,70007199,A2721150706,South Korea,Rep-13,29,"Sales Rep: Are you satisfied with the product? Customer: Yes, the product is performing well. Sales Rep: Would you consider increasing the order? Customer: We are evaluating the next purchase.",Follow-up required
CALL002367,2021-03-01,90009130,A4821110806,Newzealand,Rep-18,20,"Sales Rep: Are you satisfied with the product? Customer: Yes, the product is performing well. Sales Rep: Would you consider increasing the order? Customer: We are evaluating the next purchase.",Follow-up required
CALL002368,2018-11-01,90010046,A4419110407,Bangladesh,Rep-08,23,"Sales Rep: Are you satisfied with the product? Customer: Yes, the product is performing well. Sales Rep: Would you consider increasing the order? Customer: We are evaluating the next purchase.",Follow-up required
CALL002369,2019-05-01,90001021,A2821150806,China,Rep-04,24,"Sales Rep: Are you satisfied with the product? Customer: Yes, the product is performing well. Sales Rep: Would you consider increasing the order? Customer: We are evaluating the next purchase.",Follow-up required
CALL002370,2021-05-01,90019202,A2821150805,Sweden,Rep-26,26,"Sales Rep: Are you satisfied with the product? Customer: Yes, the product is performing well. Sales Rep: Would you consider increasing the order? Customer: We are evaluating the next purchase.",Follow-up required
CALL002371,2021-06-01,90003180,A5721110504,Indonesia,Rep-24,30,"Sales Rep: Are you satisfied with the product? Customer: Yes, the product is performing well. Sales Rep: Would you consider increasing the order? Customer: We are evaluating the next purchase.",Follow-up required
CALL002372,2020-09-01,90006156,A0621150308,Philiphines,Rep-20,24,"Sales Rep: Are you satisfied with the product? Customer: Yes, the product is performing well. Sales Rep: Would you consider increasing the order? Customer: We are evaluating the next purchase.",Follow-up required
CALL002373,2019-09-01,90023025,A0921150601,Canada,Rep-14,12,"Sales Rep: Are you satisfied with the product? Customer: Yes, the product is performing well. Sales Rep: Would you consider increasing the order? Customer: We are evaluating the next purchase.",Follow-up required
CALL002374,2019-09-01,70010047,A0921150603,Bangladesh,Rep-10,12,"Sales Rep: Are you satisfied with the product? Customer: Yes, the product is performing well. Sales Rep: Would you consider increasing the order? Customer: We are evaluating the next purchase.",Follow-up required
CALL002375,2019-06-01,90015145,A4821110805,Norway,Rep-03,5,"Sales Rep: Are you satisfied with the product? Customer: Yes, the product is performing well. Sales Rep: Would you consider increasing the order? Customer: We are evaluating the next purchase.",Follow-up required
CALL002376,2020-07-01,90017059,A4821110805,Portugal,Rep-01,29,"Sales Rep: Are you satisfied with the product? Customer: Yes, the product is performing well. Sales Rep: Would you consider increasing the order? Customer: We are evaluating the next purchase.",Follow-up required
CALL002377,2018-10-01,70003182,A1018150101,Indonesia,Rep-13,12,"Sales Rep: Are you satisfied with the product? Customer: Yes, the product is performing well. Sales Rep: Would you consider increasing the order? Customer: We are evaluating the next purchase.",Follow-up required
CALL002378,2020-12-01,90008166,A2419150401,Australia,Rep-02,7,"Sales Rep: Are you satisfied with the product? Customer: Yes, the product is performing well. Sales Rep: Would you consider increasing the order? Customer: We are evaluating the next purchase.",Follow-up required
CALL002379,2018-10-01,90003180,A3018150201,Indonesia,Rep-24,16,"Sales Rep: Are you satisfied with the product? Customer: Yes, the product is performing well. Sales Rep: Would you consider increasing the order? Customer: We are evaluating the next purchase.",Follow-up required
CALL002380,2020-07-01,90016173,A4519110502,Poland,Rep-19,20,"Sales Rep: Are you satisfied with the product? Customer: Yes, the product is performing well. Sales Rep: Would you consider increasing the order? Customer: We are evaluating the next purchase.",Follow-up required
CALL002381,2020-06-01,90022078,A1319150401,USA,Rep-27,17,"Sales Rep: Are you satisfied with the product? Customer: Yes, the product is performing well. Sales Rep: Would you consider increasing the order? Customer: We are evaluating the next purchase.",Follow-up required
CALL002382,2021-01-01,90004063,A5419110203,Japan,Rep-28,13,"Sales Rep: Are you satisfied with the product? Customer: Yes, the product is performing well. Sales Rep: Would you consider increasing the order? Customer: We are evaluating the next purchase.",Follow-up required
CALL002383,2019-12-01,90016176,A6620160501,Poland,Rep-09,25,"Sales Rep: Are you satisfied with the product? Customer: Yes, the product is performing well. Sales Rep: Would you consider increasing the order? Customer: We are evaluating the next purchase.",Follow-up required
CALL002384,2019-03-01,90003180,A4520110506,Indonesia,Rep-01,22,"Sales Rep: Are you satisfied with the product? Customer: Yes, the product is performing well. Sales Rep: Would you consider increasing the order? Customer: We are evaluating the next purchase.",Follow-up required
CALL002385,2020-12-01,90022073,A4118110106,USA,Rep-07,16,"Sales Rep: Are you satisfied with the product? Customer: Yes, the product is performing well. Sales Rep: Would you consider increasing the order? Customer: We are evaluating the next purchase.",Follow-up required
CALL002386,2021-01-01,70023032,A3718150103,Canada,Rep-27,7,"Sales Rep: Are you satisfied with the product? Customer: Yes, the product is performing well. Sales Rep: Would you consider increasing the order? Customer: We are evaluating the next purchase.",Follow-up required
CALL002387,2021-05-01,90018110,A1018150102,Spain,Rep-24,27,"Sales Rep: Are you satisfied with the product? Customer: Yes, the product is performing well. Sales Rep: Would you consider increasing the order? Customer: We are evaluating the next purchase.",Follow-up required
CALL002388,2019-12-01,80006154,A4419110404,Philiphines,Rep-01,13,"Sales Rep: Are you satisfied with the product? Customer: Yes, the product is performing well. Sales Rep: Would you consider increasing the order? Customer: We are evaluating the next purchase.",Follow-up required
CALL002389,2021-08-01,90003180,A6818160201,Indonesia,Rep-03,28,"Sales Rep: Are you satisfied with the product? Customer: Yes, the product is performing well. Sales Rep: Would you consider increasing the order? Customer: We are evaluating the next purchase.",Follow-up required
CALL002390,2019-03-01,70010048,A0519150205,Bangladesh,Rep-17,10,"Sales Rep: Are you satisfied with the product? Customer: Yes, the product is performing well. Sales Rep: Would you consider increasing the order? Customer: We are evaluating the next purchase.",Follow-up required
CALL002391,2019-06-01,90021095,A1421150503,United Kingdom,Rep-27,8,"Sales Rep: Are you satisfied with the product? Customer: Yes, the product is performing well. Sales Rep: Would you consider increasing the order? Customer: We are evaluating the next purchase.",Follow-up required
CALL002392,2018-11-01,70010048,A4218110201,Bangladesh,Rep-25,13,"Sales Rep: Are you satisfied with the product? Customer: Yes, the product is performing well. Sales Rep: Would you consider increasing the order? Customer: We are evaluating the next purchase.",Follow-up required
CALL002393,2019-06-01,90013120,A6120110205,Italy,Rep-25,24,"Sales Rep: Are you satisfied with the product? Customer: Yes, the product is performing well. Sales Rep: Would you consider increasing the order? Customer: We are evaluating the next purchase.",Follow-up required
CALL002394,2021-02-01,70014142,A3320150501,Netherlands,Rep-30,29,"Sales Rep: Are you satisfied with the product? Customer: Yes, the product is performing well. Sales Rep: Would you consider increasing the order? Customer: We are evaluating the next purchase.",Follow-up required
CALL002395,2021-04-01,70005163,A5318110103,Pakistan,Rep-06,23,"Sales Rep: Are you satisfied with the product? Customer: Yes, the product is performing well. Sales Rep: Would you consider increasing the order? Customer: We are evaluating the next purchase.",Follow-up required
CALL002396,2020-11-01,90015145,A2821150801,Norway,Rep-29,13,"Sales Rep: Are you satisfied with the product? Customer: Yes, the product is performing well. Sales Rep: Would you consider increasing the order? Customer: We are evaluating the next purchase.",Follow-up required
CALL002397,2019-09-01,90020097,A1718150204,Austria,Rep-21,21,"Sales Rep: Are you satisfied with the product? Customer: Yes, the product is performing well. Sales Rep: Would you consider increasing the order? Customer: We are evaluating the next purchase.",Follow-up required
CALL002398,2021-05-01,90001020,A0519150205,China,Rep-12,25,"Sales Rep: Are you satisfied with the product? Customer: Yes, the product is performing well. Sales Rep: Would you consider increasing the order? Customer: We are evaluating the next purchase.",Follow-up required
CALL002399,2021-02-01,90013123,A2219150205,Italy,Rep-09,5,"Sales Rep: Are you satisfied with the product? Customer: Yes, the product is performing well. Sales Rep: Would you consider increasing the order? Customer: We are evaluating the next purchase.",Follow-up required
CALL002400,2021-01-01,70011193,A1618150104,France,Rep-11,30,"Sales Rep: Are you satisfied with the product? Customer: Yes, the product is performing well. Sales Rep: Would you consider increasing the order? Customer: We are evaluating the next purchase.",Follow-up required
CALL002401,2020-11-01,90017056,A0619150302,Portugal,Rep-29,30,"Sales Rep: Are you satisfied with the product? Customer: Yes, the product is performing well. Sales Rep: Would you consider increasing the order? Customer: We are evaluating the next purchase.",Follow-up required
CALL002402,2019-05-01,70017060,A0721150403,Portugal,Rep-12,28,"Sales Rep: Are you satisfied with the product? Customer: Yes, the product is performing well. Sales Rep: Would you consider increasing the order? Customer: We are evaluating the next purchase.",Follow-up required
CALL002403,2021-01-01,90020097,A1618150104,Austria,Rep-08,22,"Sales Rep: Are you satisfied with the product? Customer: Yes, the product is performing well. Sales Rep: Would you consider increasing the order? Customer: We are evaluating the next purchase.",Follow-up required
CALL002404,2020-04-01,80001019,A6720160103,China,Rep-26,20,"Sales Rep: Are you satisfied with the product? Customer: Yes, the product is performing well. Sales Rep: Would you consider increasing the order? Customer: We are evaluating the next purchase.",Follow-up required
CALL002405,2019-11-01,70007199,A4620110605,South Korea,Rep-08,28,"Sales Rep: Are you satisfied with the product? Customer: Yes, the product is performing well. Sales Rep: Would you consider increasing the order? Customer: We are evaluating the next purchase.",Follow-up required
CALL002406,2018-11-01,90015145,A4118110105,Norway,Rep-03,8,"Sales Rep: Are you satisfied with the product? Customer: Yes, the product is performing well. Sales Rep: Would you consider increasing the order? Customer: We are evaluating the next purchase.",Follow-up required
CALL002407,2019-04-01,90012038,A1420150501,Germany,Rep-22,15,"Sales Rep: Are you satisfied with the product? Customer: Yes, the product is performing well. Sales Rep: Would you consider increasing the order? Customer: We are evaluating the next purchase.",Follow-up required
CALL002408,2019-01-01,90004067,A2219150205,Japan,Rep-12,17,"Sales Rep: Are you satisfied with the product? Customer: Yes, the product is performing well. Sales Rep: Would you consider increasing the order? Customer: We are evaluating the next purchase.",Follow-up required
CALL002409,2019-02-01,70009133,A3220150405,Newzealand,Rep-16,14,"Sales Rep: Are you satisfied with the product? Customer: Yes, the product is performing well. Sales Rep: Would you consider increasing the order? Customer: We are evaluating the next purchase.",Follow-up required
CALL002410,2021-07-01,90014139,A3320150502,Netherlands,Rep-16,10,"Sales Rep: Are you satisfied with the product? Customer: Yes, the product is performing well. Sales Rep: Would you consider increasing the order? Customer: We are evaluating the next purchase.",Follow-up required
CALL002411,2021-01-01,90014139,A6818160201,Netherlands,Rep-15,12,"Sales Rep: Are you satisfied with the product? Customer: Yes, the product is performing well. Sales Rep: Would you consider increasing the order? Customer: We are evaluating the next purchase.",Follow-up required
CALL002412,2019-03-01,90022081,A0519150208,USA,Rep-10,9,"Sales Rep: Are you satisfied with the product? Customer: Yes, the product is performing well. Sales Rep: Would you consider increasing the order? Customer: We are evaluating the next purchase.",Follow-up required
CALL002413,2020-05-01,90003180,A3420150601,Indonesia,Rep-23,28,"Sales Rep: Are you satisfied with the product? Customer: Yes, the product is performing well. Sales Rep: Would you consider increasing the order? Customer: We are evaluating the next purchase.",Follow-up required
CALL002414,2021-03-01,90005159,A0418150101,Pakistan,Rep-10,5,"Sales Rep: Are you satisfied with the product? Customer: Yes, the product is performing well. Sales Rep: Would you consider increasing the order? Customer: We are evaluating the next purchase.",Follow-up required
CALL002415,2019-03-01,90017055,A2918150104,Portugal,Rep-06,18,"Sales Rep: Are you satisfied with the product? Customer: Yes, the product is performing well. Sales Rep: Would you consider increasing the order? Customer: We are evaluating the next purchase.",Follow-up required
CALL002416,2020-03-01,80006154,A4821110806,Philiphines,Rep-05,21,"Sales Rep: Are you satisfied with the product? Customer: Yes, the product is performing well. Sales Rep: Would you consider increasing the order? Customer: We are evaluating the next purchase.",Follow-up required
CALL002417,2021-04-01,90011188,A3621150802,France,Rep-13,28,"Sales Rep: Are you satisfied with the product? Customer: Yes, the product is performing well. Sales Rep: Would you consider increasing the order? Customer: We are evaluating the next purchase.",Follow-up required
CALL002418,2019-10-01,70008170,A0321150303,Australia,Rep-26,4,"Sales Rep: Are you satisfied with the product? Customer: Yes, the product is performing well. Sales Rep: Would you consider increasing the order? Customer: We are evaluating the next purchase.",Follow-up required
CALL002419,2019-05-01,90009128,A6519160401,Newzealand,Rep-05,18,"Sales Rep: Are you satisfied with the product? Customer: Yes, the product is performing well. Sales Rep: Would you consider increasing the order? Customer: We are evaluating the next purchase.",Follow-up required
CALL002420,2019-03-01,90012033,A3718150105,Germany,Rep-09,14,"Sales Rep: Are you satisfied with the product? Customer: Yes, the product is performing well. Sales Rep: Would you consider increasing the order? Customer: We are evaluating the next purchase.",Follow-up required
CALL002421,2020-09-01,80007195,A4721110706,South Korea,Rep-03,11,"Sales Rep: Are you satisfied with the product? Customer: Yes, the product is performing well. Sales Rep: Would you consider increasing the order? Customer: We are evaluating the next purchase.",Follow-up required
CALL002422,2020-03-01,90002006,A6018110103,India,Rep-06,5,"Sales Rep: Are you satisfied with the product? Customer: Yes, the product is performing well. Sales Rep: Would you consider increasing the order? Customer: We are evaluating the next purchase.",Follow-up required
CALL002423,2020-11-01,90022074,A4419110404,USA,Rep-16,17,"Sales Rep: Are you satisfied with the product? Customer: Yes, the product is performing well. Sales Rep: Would you consider increasing the order? Customer: We are evaluating the next purchase.",Follow-up required
CALL002424,2019-11-01,90020103,A2520150502,Austria,Rep-08,29,"Sales Rep: Are you satisfied with the product? Customer: Yes, the product is performing well. Sales Rep: Would you consider increasing the order? Customer: We are evaluating the next purchase.",Follow-up required
CALL002425,2019-10-01,90003180,A6019110107,Indonesia,Rep-08,11,"Sales Rep: Are you satisfied with the product? Customer: Yes, the product is performing well. Sales Rep: Would you consider increasing the order? Customer: We are evaluating the next purchase.",Follow-up required
CALL002426,2021-02-01,90002010,A5519110302,India,Rep-12,26,"Sales Rep: Are you satisfied with the product? Customer: Yes, the product is performing well. Sales Rep: Would you consider increasing the order? Customer: We are evaluating the next purchase.",Follow-up required
CALL002427,2020-04-01,90020098,A1118150201,Austria,Rep-07,23,"Sales Rep: Are you satisfied with the product? Customer: Yes, the product is performing well. Sales Rep: Would you consider increasing the order? Customer: We are evaluating the next purchase.",Follow-up required
CALL002428,2020-09-01,90018114,A4721110708,Spain,Rep-03,5,"Sales Rep: Are you satisfied with the product? Customer: Yes, the product is performing well. Sales Rep: Would you consider increasing the order? Customer: We are evaluating the next purchase.",Follow-up required
CALL002429,2021-04-01,90017053,A1919150403,Portugal,Rep-25,25,"Sales Rep: Are you satisfied with the product? Customer: Yes, the product is performing well. Sales Rep: Would you consider increasing the order? Customer: We are evaluating the next purchase.",Follow-up required
CALL002430,2018-09-01,90019201,A3621150804,Sweden,Rep-11,25,"Sales Rep: Are you satisfied with the product? Customer: Yes, the product is performing well. Sales Rep: Would you consider increasing the order? Customer: We are evaluating the next purchase.",Follow-up required
CALL002431,2019-12-01,80007196,A6919160302,South Korea,Rep-21,13,"Sales Rep: Are you satisfied with the product? Customer: Yes, the product is performing well. Sales Rep: Would you consider increasing the order? Customer: We are evaluating the next purchase.",Follow-up required
CALL002432,2021-04-01,90016174,A3920150305,Poland,Rep-20,12,"Sales Rep: Are you satisfied with the product? Customer: Yes, the product is performing well. Sales Rep: Would you consider increasing the order? Customer: We are evaluating the next purchase.",Follow-up required
CALL002433,2021-07-01,90023025,A0519150201,Canada,Rep-14,17,"Sales Rep: Are you satisfied with the product? Customer: Yes, the product is performing well. Sales Rep: Would you consider increasing the order? Customer: We are evaluating the next purchase.",Follow-up required
CALL002434,2020-01-01,80001019,A1118150202,China,Rep-08,26,"Sales Rep: Are you satisfied with the product? Customer: Yes, the product is performing well. Sales Rep: Would you consider increasing the order? Customer: We are evaluating the next purchase.",Follow-up required
CALL002435,2021-03-01,90019202,A4319110306,Sweden,Rep-13,17,"Sales Rep: Are you satisfied with the product? Customer: Yes, the product is performing well. Sales Rep: Would you consider increasing the order? Customer: We are evaluating the next purchase.",Follow-up required
CALL002436,2020-12-01,90013117,A6918160303,Italy,Rep-14,18,"Sales Rep: Are you satisfied with the product? Customer: Yes, the product is performing well. Sales Rep: Would you consider increasing the order? Customer: We are evaluating the next purchase.",Follow-up required
CALL002437,2019-10-01,90021095,A4318110301,United Kingdom,Rep-28,15,"Sales Rep: Are you satisfied with the product? Customer: Yes, the product is performing well. Sales Rep: Would you consider increasing the order? Customer: We are evaluating the next purchase.",Follow-up required
CALL002438,2019-02-01,90015144,A4721110707,Norway,Rep-28,24,"Sales Rep: Are you satisfied with the product? Customer: Yes, the product is performing well. Sales Rep: Would you consider increasing the order? Customer: We are evaluating the next purchase.",Follow-up required
CALL002439,2019-01-01,90013122,A6119110202,Italy,Rep-05,15,"Sales Rep: Are you satisfied with the product? Customer: Yes, the product is performing well. Sales Rep: Would you consider increasing the order? Customer: We are evaluating the next purchase.",Follow-up required
CALL002440,2019-05-01,90011188,A1718150203,France,Rep-03,17,"Sales Rep: Are you satisfied with the product? Customer: Yes, the product is performing well. Sales Rep: Would you consider increasing the order? Customer: We are evaluating the next purchase.",Follow-up required
CALL002441,2021-01-01,90007197,A2520150504,South Korea,Rep-07,8,"Sales Rep: Are you satisfied with the product? Customer: Yes, the product is performing well. Sales Rep: Would you consider increasing the order? Customer: We are evaluating the next purchase.",Follow-up required
CALL002442,2020-02-01,90023029,A4118110105,Canada,Rep-12,27,"Sales Rep: Are you satisfied with the product? Customer: Yes, the product is performing well. Sales Rep: Would you consider increasing the order? Customer: We are evaluating the next purchase.",Follow-up required
CALL002443,2021-08-01,90012035,A7220160202,Germany,Rep-29,9,"Sales Rep: Are you satisfied with the product? Customer: Yes, the product is performing well. Sales Rep: Would you consider increasing the order? Customer: We are evaluating the next purchase.",Follow-up required
CALL002444,2019-10-01,90014136,A3819150203,Netherlands,Rep-26,4,"Sales Rep: Are you satisfied with the product? Customer: Yes, the product is performing well. Sales Rep: Would you consider increasing the order? Customer: We are evaluating the next purchase.",Follow-up required
CALL002445,2020-09-01,90001020,A6319160203,China,Rep-08,5,"Sales Rep: Are you satisfied with the product? Customer: Yes, the product is performing well. Sales Rep: Would you consider increasing the order? Customer: We are evaluating the next purchase.",Follow-up required
CALL002446,2020-02-01,90021091,A1018150101,United Kingdom,Rep-17,25,"Sales Rep: Are you satisfied with the product? Customer: Yes, the product is performing well. Sales Rep: Would you consider increasing the order? Customer: We are evaluating the next purchase.",Follow-up required
CALL002447,2019-08-01,90002007,A3920150303,India,Rep-09,25,"Sales Rep: Are you satisfied with the product? Customer: Yes, the product is performing well. Sales Rep: Would you consider increasing the order? Customer: We are evaluating the next purchase.",Follow-up required
CALL002448,2020-03-01,70003182,A4319110302,Indonesia,Rep-14,15,"Sales Rep: Are you satisfied with the product? Customer: Yes, the product is performing well. Sales Rep: Would you consider increasing the order? Customer: We are evaluating the next purchase.",Follow-up required
CALL002449,2018-09-01,90020100,A3120150306,Austria,Rep-05,4,"Sales Rep: Are you satisfied with the product? Customer: Yes, the product is performing well. Sales Rep: Would you consider increasing the order? Customer: We are evaluating the next purchase.",Follow-up required
CALL002450,2019-06-01,90017049,A3521150702,Portugal,Rep-04,13,"Sales Rep: Are you satisfied with the product? Customer: Yes, the product is performing well. Sales Rep: Would you consider increasing the order? Customer: We are evaluating the next purchase.",Follow-up required
CALL002451,2021-05-01,90018107,A0418150102,Spain,Rep-20,22,"Sales Rep: Are you satisfied with the product? Customer: Yes, the product is performing well. Sales Rep: Would you consider increasing the order? Customer: We are evaluating the next purchase.",Follow-up required
CALL002452,2020-07-01,90019202,A0418150101,Sweden,Rep-16,11,"Sales Rep: Are you satisfied with the product? Customer: Yes, the product is performing well. Sales Rep: Would you consider increasing the order? Customer: We are evaluating the next purchase.",Follow-up required
CALL002453,2020-03-01,90009127,A0821150501,Newzealand,Rep-19,25,"Sales Rep: Are you satisfied with the product? Customer: Yes, the product is performing well. Sales Rep: Would you consider increasing the order? Customer: We are evaluating the next purchase.",Follow-up required
CALL002454,2018-10-01,70023031,A2218150201,Canada,Rep-06,25,"Sales Rep: Are you satisfied with the product? Customer: Yes, the product is performing well. Sales Rep: Would you consider increasing the order? Customer: We are evaluating the next purchase.",Follow-up required
CALL002455,2018-10-01,90017054,A3119150302,Portugal,Rep-10,28,"Sales Rep: Are you satisfied with the product? Customer: Yes, the product is performing well. Sales Rep: Would you consider increasing the order? Customer: We are evaluating the next purchase.",Follow-up required
CALL002456,2018-10-01,90017055,A2219150204,Portugal,Rep-29,23,"Sales Rep: Are you satisfied with the product? Customer: Yes, the product is performing well. Sales Rep: Would you consider increasing the order? Customer: We are evaluating the next purchase.",Follow-up required
CALL002457,2019-12-01,90023026,A3421150604,Canada,Rep-26,8,"Sales Rep: Are you satisfied with the product? Customer: Yes, the product is performing well. Sales Rep: Would you consider increasing the order? Customer: We are evaluating the next purchase.",Follow-up required
CALL002458,2020-04-01,90004068,A3718150105,Japan,Rep-16,18,"Sales Rep: Are you satisfied with the product? Customer: Yes, the product is performing well. Sales Rep: Would you consider increasing the order? Customer: We are evaluating the next purchase.",Follow-up required
CALL002459,2019-10-01,90009130,A0519150201,Newzealand,Rep-21,13,"Sales Rep: Are you satisfied with the product? Customer: Yes, the product is performing well. Sales Rep: Would you consider increasing the order? Customer: We are evaluating the next purchase.",Follow-up required
CALL002460,2019-06-01,90002009,A0418150103,India,Rep-26,12,"Sales Rep: Are you satisfied with the product? Customer: Yes, the product is performing well. Sales Rep: Would you consider increasing the order? Customer: We are evaluating the next purchase.",Follow-up required
CALL002461,2019-09-01,90022082,A6620160502,USA,Rep-21,24,"Sales Rep: Are you satisfied with the product? Customer: Yes, the product is performing well. Sales Rep: Would you consider increasing the order? Customer: We are evaluating the next purchase.",Follow-up required
CALL002462,2019-04-01,90014140,A2720150701,Netherlands,Rep-11,29,"Sales Rep: Are you satisfied with the product? Customer: Yes, the product is performing well. Sales Rep: Would you consider increasing the order? Customer: We are evaluating the next purchase.",Follow-up required
CALL002463,2020-09-01,90003179,A5721110504,Indonesia,Rep-11,27,"Sales Rep: Are you satisfied with the product? Customer: Yes, the product is performing well. Sales Rep: Would you consider increasing the order? Customer: We are evaluating the next purchase.",Follow-up required
CALL002464,2020-08-01,90018113,A6520160403,Spain,Rep-02,18,"Sales Rep: Are you satisfied with the product? Customer: Yes, the product is performing well. Sales Rep: Would you consider increasing the order? Customer: We are evaluating the next purchase.",Follow-up required
CALL002465,2021-08-01,90018106,A7119160103,Spain,Rep-25,14,"Sales Rep: Are you satisfied with the product? Customer: Yes, the product is performing well. Sales Rep: Would you consider increasing the order? Customer: We are evaluating the next purchase.",Follow-up required
CALL002466,2020-11-01,90020097,A2021150503,Austria,Rep-21,26,"Sales Rep: Are you satisfied with the product? Customer: Yes, the product is performing well. Sales Rep: Would you consider increasing the order? Customer: We are evaluating the next purchase.",Follow-up required
CALL002467,2019-05-01,90012041,A6719160101,Germany,Rep-02,5,"Sales Rep: Are you satisfied with the product? Customer: Yes, the product is performing well. Sales Rep: Would you consider increasing the order? Customer: We are evaluating the next purchase.",Follow-up required
CALL002468,2021-06-01,90023029,A2118150106,Canada,Rep-23,21,"Sales Rep: Are you satisfied with the product? Customer: Yes, the product is performing well. Sales Rep: Would you consider increasing the order? Customer: We are evaluating the next purchase.",Follow-up required
CALL002469,2018-09-01,90017050,A2319150304,Portugal,Rep-23,21,"Sales Rep: Are you satisfied with the product? Customer: Yes, the product is performing well. Sales Rep: Would you consider increasing the order? Customer: We are evaluating the next purchase.",Follow-up required
CALL002470,2019-03-01,70022085,A5419110205,USA,Rep-19,6,"Sales Rep: Are you satisfied with the product? Customer: Yes, the product is performing well. Sales Rep: Would you consider increasing the order? Customer: We are evaluating the next purchase.",Follow-up required
CALL002471,2021-08-01,90009132,A4620110605,Newzealand,Rep-21,30,"Sales Rep: Are you satisfied with the product? Customer: Yes, the product is performing well. Sales Rep: Would you consider increasing the order? Customer: We are evaluating the next purchase.",Follow-up required
CALL002472,2021-04-01,90005161,A6819160203,Pakistan,Rep-10,26,"Sales Rep: Are you satisfied with the product? Customer: Yes, the product is performing well. Sales Rep: Would you consider increasing the order? Customer: We are evaluating the next purchase.",Follow-up required
CALL002473,2020-12-01,90004063,A4520110508,Japan,Rep-21,12,"Sales Rep: Are you satisfied with the product? Customer: Yes, the product is performing well. Sales Rep: Would you consider increasing the order? Customer: We are evaluating the next purchase.",Follow-up required
CALL002474,2019-07-01,90014140,A6218160101,Netherlands,Rep-18,27,"Sales Rep: Are you satisfied with the product? Customer: Yes, the product is performing well. Sales Rep: Would you consider increasing the order? Customer: We are evaluating the next purchase.",Follow-up required
CALL002475,2019-07-01,90023022,A4721110708,Canada,Rep-20,10,"Sales Rep: Are you satisfied with the product? Customer: Yes, the product is performing well. Sales Rep: Would you consider increasing the order? Customer: We are evaluating the next purchase.",Follow-up required
CALL002476,2020-10-01,90008166,A1018150101,Australia,Rep-29,30,"Sales Rep: Are you satisfied with the product? Customer: Yes, the product is performing well. Sales Rep: Would you consider increasing the order? Customer: We are evaluating the next purchase.",Follow-up required
CALL002477,2019-04-01,70018115,A2520150502,Spain,Rep-07,17,"Sales Rep: Are you satisfied with the product? Customer: Yes, the product is performing well. Sales Rep: Would you consider increasing the order? Customer: We are evaluating the next purchase.",Follow-up required
CALL002478,2019-05-01,90014141,A4218110204,Netherlands,Rep-22,19,"Sales Rep: Are you satisfied with the product? Customer: Yes, the product is performing well. Sales Rep: Would you consider increasing the order? Customer: We are evaluating the next purchase.",Follow-up required
CALL002479,2021-04-01,90002006,A1618150101,India,Rep-11,20,"Sales Rep: Are you satisfied with the product? Customer: Yes, the product is performing well. Sales Rep: Would you consider increasing the order? Customer: We are evaluating the next purchase.",Follow-up required
CALL002480,2020-11-01,70022085,A3220150401,USA,Rep-11,28,"Sales Rep: Are you satisfied with the product? Customer: Yes, the product is performing well. Sales Rep: Would you consider increasing the order? Customer: We are evaluating the next purchase.",Follow-up required
CALL002481,2019-06-01,90022077,A3120150304,USA,Rep-08,11,"Sales Rep: Are you satisfied with the product? Customer: Yes, the product is performing well. Sales Rep: Would you consider increasing the order? Customer: We are evaluating the next purchase.",Follow-up required
CALL002482,2019-11-01,90022079,A0219150201,USA,Rep-04,24,"Sales Rep: Are you satisfied with the product? Customer: Yes, the product is performing well. Sales Rep: Would you consider increasing the order? Customer: We are evaluating the next purchase.",Follow-up required
CALL002483,2019-01-01,90017050,A2918150105,Portugal,Rep-15,22,"Sales Rep: Are you satisfied with the product? Customer: Yes, the product is performing well. Sales Rep: Would you consider increasing the order? Customer: We are evaluating the next purchase.",Follow-up required
CALL002484,2019-12-01,90009132,A7321160302,Newzealand,Rep-07,6,"Sales Rep: Are you satisfied with the product? Customer: Yes, the product is performing well. Sales Rep: Would you consider increasing the order? Customer: We are evaluating the next purchase.",Follow-up required
CALL002485,2020-06-01,70006157,A5520110308,Philiphines,Rep-10,9,"Sales Rep: Are you satisfied with the product? Customer: Yes, the product is performing well. Sales Rep: Would you consider increasing the order? Customer: We are evaluating the next purchase.",Follow-up required
CALL002486,2018-11-01,70021096,A5721110505,United Kingdom,Rep-14,29,"Sales Rep: Are you satisfied with the product? Customer: Yes, the product is performing well. Sales Rep: Would you consider increasing the order? Customer: We are evaluating the next purchase.",Follow-up required
CALL002487,2020-03-01,90021092,A4419110406,United Kingdom,Rep-12,20,"Sales Rep: Are you satisfied with the product? Customer: Yes, the product is performing well. Sales Rep: Would you consider increasing the order? Customer: We are evaluating the next purchase.",Follow-up required
CALL002488,2020-02-01,80007195,A2021150503,South Korea,Rep-22,30,"Sales Rep: Are you satisfied with the product? Customer: Yes, the product is performing well. Sales Rep: Would you consider increasing the order? Customer: We are evaluating the next purchase.",Follow-up required
CALL002489,2021-01-01,70003182,A3420150602,Indonesia,Rep-04,17,"Sales Rep: Are you satisfied with the product? Customer: Yes, the product is performing well. Sales Rep: Would you consider increasing the order? Customer: We are evaluating the next purchase.",Follow-up required
CALL002490,2020-01-01,90015148,A6120110207,Norway,Rep-29,21,"Sales Rep: Are you satisfied with the product? Customer: Yes, the product is performing well. Sales Rep: Would you consider increasing the order? Customer: We are evaluating the next purchase.",Follow-up required
CALL002491,2020-03-01,90015147,A0519150202,Norway,Rep-09,26,"Sales Rep: Are you satisfied with the product? Customer: Yes, the product is performing well. Sales Rep: Would you consider increasing the order? Customer: We are evaluating the next purchase.",Follow-up required
CALL002492,2019-02-01,90010046,A1819150304,Bangladesh,Rep-10,20,"Sales Rep: Are you satisfied with the product? Customer: Yes, the product is performing well. Sales Rep: Would you consider increasing the order? Customer: We are evaluating the next purchase.",Follow-up required
CALL002493,2021-07-01,90014140,A2918150105,Netherlands,Rep-27,26,"Sales Rep: Are you satisfied with the product? Customer: Yes, the product is performing well. Sales Rep: Would you consider increasing the order? Customer: We are evaluating the next purchase.",Follow-up required
CALL002494,2020-04-01,70006157,A1219150303,Philiphines,Rep-27,22,"Sales Rep: Are you satisfied with the product? Customer: Yes, the product is performing well. Sales Rep: Would you consider increasing the order? Customer: We are evaluating the next purchase.",Follow-up required
CALL002495,2020-01-01,90015144,A2520150505,Norway,Rep-12,21,"Sales Rep: Are you satisfied with the product? Customer: Yes, the product is performing well. Sales Rep: Would you consider increasing the order? Customer: We are evaluating the next purchase.",Follow-up required
CALL002496,2021-03-01,90017051,A4721110707,Portugal,Rep-10,5,"Sales Rep: Are you satisfied with the product? Customer: Yes, the product is performing well. Sales Rep: Would you consider increasing the order? Customer: We are evaluating the next purchase.",Follow-up required
CALL002497,2019-10-01,70003182,A2821150801,Indonesia,Rep-13,18,"Sales Rep: Are you satisfied with the product? Customer: Yes, the product is performing well. Sales Rep: Would you consider increasing the order? Customer: We are evaluating the next purchase.",Follow-up required
CALL002498,2020-11-01,80006155,A4720110701,Philiphines,Rep-25,19,"Sales Rep: Are you satisfied with the product? Customer: Yes, the product is performing well. Sales Rep: Would you consider increasing the order? Customer: We are evaluating the next purchase.",Follow-up required
CALL002499,2018-11-01,90020097,A0621150307,Austria,Rep-18,17,"Sales Rep: Are you satisfied with the product? Customer: Yes, the product is performing well. Sales Rep: Would you consider increasing the order? Customer: We are evaluating the next purchase.",Follow-up required
CALL002500,2018-10-01,90013123,A1618150101,Italy,Rep-10,10,"Sales Rep: Are you satisfied with the product? Customer: Yes, the product is performing well. Sales Rep: Would you consider increasing the order? Customer: We are evaluating the next purchase.",Follow-up required
CALL002501,2018-09-01,90005159,A1420150502,Pakistan,Rep-05,29,"Sales Rep: Are you satisfied with the product? Customer: Yes, the product is performing well. Sales Rep: Would you consider increasing the order? Customer: We are evaluating the next purchase.",Follow-up required
CALL002502,2018-11-01,90015148,A6819160203,Norway,Rep-02,29,"Sales Rep: Are you satisfied with the product? Customer: Yes, the product is performing well. Sales Rep: Would you consider increasing the order? Customer: We are evaluating the next purchase.",Follow-up required
CALL002503,2021-03-01,90006156,A7321160303,Philiphines,Rep-16,29,"Sales Rep: Are you satisfied with the product? Customer: Yes, the product is performing well. Sales Rep: Would you consider increasing the order? Customer: We are evaluating the next purchase.",Follow-up required
CALL002504,2019-07-01,90014136,A4021150405,Netherlands,Rep-25,17,"Sales Rep: Are you satisfied with the product? Customer: Yes, the product is performing well. Sales Rep: Would you consider increasing the order? Customer: We are evaluating the next purchase.",Follow-up required
CALL002505,2021-03-01,70009133,A2620150602,Newzealand,Rep-13,21,"Sales Rep: Are you satisfied with the product? Customer: Yes, the product is performing well. Sales Rep: Would you consider increasing the order? Customer: We are evaluating the next purchase.",Follow-up required
CALL002506,2020-10-01,90005160,A1420150501,Pakistan,Rep-17,14,"Sales Rep: Are you satisfied with the product? Customer: Yes, the product is performing well. Sales Rep: Would you consider increasing the order? Customer: We are evaluating the next purchase.",Follow-up required
CALL002507,2019-12-01,90020102,A5721110503,Austria,Rep-26,23,"Sales Rep: Are you satisfied with the product? Customer: Yes, the product is performing well. Sales Rep: Would you consider increasing the order? Customer: We are evaluating the next purchase.",Follow-up required
CALL002508,2020-02-01,70019204,A7321160302,Sweden,Rep-20,17,"Sales Rep: Are you satisfied with the product? Customer: Yes, the product is performing well. Sales Rep: Would you consider increasing the order? Customer: We are evaluating the next purchase.",Follow-up required
CALL002509,2020-04-01,90017059,A1320150402,Portugal,Rep-08,13,"Sales Rep: Are you satisfied with the product? Customer: Yes, the product is performing well. Sales Rep: Would you consider increasing the order? Customer: We are evaluating the next purchase.",Follow-up required
CALL002510,2019-11-01,90016176,A6818160202,Poland,Rep-11,9,"Sales Rep: Are you satisfied with the product? Customer: Yes, the product is performing well. Sales Rep: Would you consider increasing the order? Customer: We are evaluating the next purchase.",Follow-up required
CALL002511,2021-06-01,90021094,A1718150204,United Kingdom,Rep-20,5,"Sales Rep: Are you satisfied with the product? Customer: Yes, the product is performing well. Sales Rep: Would you consider increasing the order? Customer: We are evaluating the next purchase.",Follow-up required
CALL002512,2019-04-01,90005162,A5620110402,Pakistan,Rep-11,4,"Sales Rep: Are you satisfied with the product? Customer: Yes, the product is performing well. Sales Rep: Would you consider increasing the order? Customer: We are evaluating the next purchase.",Follow-up required
CALL002513,2018-09-01,90013124,A3819150203,Italy,Rep-06,14,"Sales Rep: Are you satisfied with the product? Customer: Yes, the product is performing well. Sales Rep: Would you consider increasing the order? Customer: We are evaluating the next purchase.",Follow-up required
CALL002514,2019-05-01,90011189,A1219150301,France,Rep-28,30,"Sales Rep: Are you satisfied with the product? Customer: Yes, the product is performing well. Sales Rep: Would you consider increasing the order? Customer: We are evaluating the next purchase.",Follow-up required
CALL002515,2020-06-01,80001019,A3920150303,China,Rep-18,27,"Sales Rep: Are you satisfied with the product? Customer: Yes, the product is performing well. Sales Rep: Would you consider increasing the order? Customer: We are evaluating the next purchase.",Follow-up required
CALL002516,2018-11-01,90022082,A2219150206,USA,Rep-28,10,"Sales Rep: Are you satisfied with the product? Customer: Yes, the product is performing well. Sales Rep: Would you consider increasing the order? Customer: We are evaluating the next purchase.",Follow-up required
CALL002517,2020-05-01,90019200,A2118150102,Sweden,Rep-27,21,"Sales Rep: Are you satisfied with the product? Customer: Yes, the product is performing well. Sales Rep: Would you consider increasing the order? Customer: We are evaluating the next purchase.",Follow-up required
CALL002518,2019-08-01,90020101,A5318110107,Austria,Rep-10,9,"Sales Rep: Are you satisfied with the product? Customer: Yes, the product is performing well. Sales Rep: Would you consider increasing the order? Customer: We are evaluating the next purchase.",Follow-up required
CALL002519,2021-04-01,90018114,A4319110304,Spain,Rep-26,16,"Sales Rep: Are you satisfied with the product? Customer: Yes, the product is performing well. Sales Rep: Would you consider increasing the order? Customer: We are evaluating the next purchase.",Follow-up required
CALL002520,2021-07-01,90017059,A4620110601,Portugal,Rep-13,26,"Sales Rep: Are you satisfied with the product? Customer: Yes, the product is performing well. Sales Rep: Would you consider increasing the order? Customer: We are evaluating the next purchase.",Follow-up required
CALL002521,2020-03-01,90008165,A5519110302,Australia,Rep-15,22,"Sales Rep: Are you satisfied with the product? Customer: Yes, the product is performing well. Sales Rep: Would you consider increasing the order? Customer: We are evaluating the next purchase.",Follow-up required
CALL002522,2020-07-01,90020099,A4519110501,Austria,Rep-21,29,"Sales Rep: Are you satisfied with the product? Customer: Yes, the product is performing well. Sales Rep: Would you consider increasing the order? Customer: We are evaluating the next purchase.",Follow-up required
CALL002523,2019-06-01,90006153,A4319110306,Philiphines,Rep-30,12,"Sales Rep: Are you satisfied with the product? Customer: Yes, the product is performing well. Sales Rep: Would you consider increasing the order? Customer: We are evaluating the next purchase.",Follow-up required
CALL002524,2018-10-01,90001020,A2419150402,China,Rep-23,8,"Sales Rep: Are you satisfied with the product? Customer: Yes, the product is performing well. Sales Rep: Would you consider increasing the order? Customer: We are evaluating the next purchase.",Follow-up required
CALL002525,2020-10-01,70007199,A1819150301,South Korea,Rep-26,13,"Sales Rep: Are you satisfied with the product? Customer: Yes, the product is performing well. Sales Rep: Would you consider increasing the order? Customer: We are evaluating the next purchase.",Follow-up required
CALL002526,2021-05-01,90005161,A6119110202,Pakistan,Rep-11,30,"Sales Rep: Are you satisfied with the product? Customer: Yes, the product is performing well. Sales Rep: Would you consider increasing the order? Customer: We are evaluating the next purchase.",Follow-up required
CALL002527,2019-01-01,90001021,A3920150305,China,Rep-04,28,"Sales Rep: Are you satisfied with the product? Customer: Yes, the product is performing well. Sales Rep: Would you consider increasing the order? Customer: We are evaluating the next purchase.",Follow-up required
CALL002528,2018-12-01,80007196,A2620150601,South Korea,Rep-15,24,"Sales Rep: Are you satisfied with the product? Customer: Yes, the product is performing well. Sales Rep: Would you consider increasing the order? Customer: We are evaluating the next purchase.",Follow-up required
CALL002529,2018-10-01,80006154,A0921150603,Philiphines,Rep-01,8,"Sales Rep: Are you satisfied with the product? Customer: Yes, the product is performing well. Sales Rep: Would you consider increasing the order? Customer: We are evaluating the next purchase.",Follow-up required
CALL002530,2021-02-01,80001019,A2620150601,China,Rep-09,26,"Sales Rep: Are you satisfied with the product? Customer: Yes, the product is performing well. Sales Rep: Would you consider increasing the order? Customer: We are evaluating the next purchase.",Follow-up required
CALL002531,2021-01-01,90017055,A3119150301,Portugal,Rep-13,27,"Sales Rep: Are you satisfied with the product? Customer: Yes, the product is performing well. Sales Rep: Would you consider increasing the order? Customer: We are evaluating the next purchase.",Follow-up required
CALL002532,2020-02-01,90003179,A6918160303,Indonesia,Rep-14,22,"Sales Rep: Are you satisfied with the product? Customer: Yes, the product is performing well. Sales Rep: Would you consider increasing the order? Customer: We are evaluating the next purchase.",Follow-up required
CALL002533,2018-11-01,80007196,A2821150806,South Korea,Rep-16,7,"Sales Rep: Are you satisfied with the product? Customer: Yes, the product is performing well. Sales Rep: Would you consider increasing the order? Customer: We are evaluating the next purchase.",Follow-up required
CALL002534,2021-08-01,90002011,A3621150804,India,Rep-19,27,"Sales Rep: Are you satisfied with the product? Customer: Yes, the product is performing well. Sales Rep: Would you consider increasing the order? Customer: We are evaluating the next purchase.",Follow-up required
CALL002535,2021-08-01,70003181,A6919160302,Indonesia,Rep-22,7,"Sales Rep: Are you satisfied with the product? Customer: Yes, the product is performing well. Sales Rep: Would you consider increasing the order? Customer: We are evaluating the next purchase.",Follow-up required
CALL002536,2019-09-01,80006154,A6718160102,Philiphines,Rep-20,6,"Sales Rep: Are you satisfied with the product? Customer: Yes, the product is performing well. Sales Rep: Would you consider increasing the order? Customer: We are evaluating the next purchase.",Follow-up required
CALL002537,2020-06-01,90011188,A2118150101,France,Rep-28,11,"Sales Rep: Are you satisfied with the product? Customer: Yes, the product is performing well. Sales Rep: Would you consider increasing the order? Customer: We are evaluating the next purchase.",Follow-up required
CALL002538,2020-02-01,90021091,A3019150206,United Kingdom,Rep-19,16,"Sales Rep: Are you satisfied with the product? Customer: Yes, the product is performing well. Sales Rep: Would you consider increasing the order? Customer: We are evaluating the next purchase.",Follow-up required
CALL002539,2020-09-01,70020104,A5419110202,Austria,Rep-14,29,"Sales Rep: Are you satisfied with the product? Customer: Yes, the product is performing well. Sales Rep: Would you consider increasing the order? Customer: We are evaluating the next purchase.",Follow-up required
CALL002540,2018-12-01,90012038,A1319150401,Germany,Rep-08,4,"Sales Rep: Are you satisfied with the product? Customer: Yes, the product is performing well. Sales Rep: Would you consider increasing the order? Customer: We are evaluating the next purchase.",Follow-up required
CALL002541,2019-09-01,90010046,A4721110705,Bangladesh,Rep-30,28,"Sales Rep: Are you satisfied with the product? Customer: Yes, the product is performing well. Sales Rep: Would you consider increasing the order? Customer: We are evaluating the next purchase.",Follow-up required
CALL002542,2019-03-01,90004062,A4519110502,Japan,Rep-24,15,"Sales Rep: Are you satisfied with the product? Customer: Yes, the product is performing well. Sales Rep: Would you consider increasing the order? Customer: We are evaluating the next purchase.",Follow-up required
CALL002543,2021-03-01,90006153,A2620150601,Philiphines,Rep-08,15,"Sales Rep: Are you satisfied with the product? Customer: Yes, the product is performing well. Sales Rep: Would you consider increasing the order? Customer: We are evaluating the next purchase.",Follow-up required
CALL002544,2019-05-01,90017049,A3420150602,Portugal,Rep-17,18,"Sales Rep: Are you satisfied with the product? Customer: Yes, the product is performing well. Sales Rep: Would you consider increasing the order? Customer: We are evaluating the next purchase.",Follow-up required
CALL002545,2018-10-01,90022083,A5519110304,USA,Rep-09,18,"Sales Rep: Are you satisfied with the product? Customer: Yes, the product is performing well. Sales Rep: Would you consider increasing the order? Customer: We are evaluating the next purchase.",Follow-up required
CALL002546,2020-03-01,90014136,A4620110608,Netherlands,Rep-19,8,"Sales Rep: Are you satisfied with the product? Customer: Yes, the product is performing well. Sales Rep: Would you consider increasing the order? Customer: We are evaluating the next purchase.",Follow-up required
CALL002547,2021-06-01,90023030,A2218150201,Canada,Rep-12,28,"Sales Rep: Are you satisfied with the product? Customer: Yes, the product is performing well. Sales Rep: Would you consider increasing the order? Customer: We are evaluating the next purchase.",Follow-up required
CALL002548,2020-10-01,90015147,A3421150606,Norway,Rep-03,29,"Sales Rep: Are you satisfied with the product? Customer: Yes, the product is performing well. Sales Rep: Would you consider increasing the order? Customer: We are evaluating the next purchase.",Follow-up required
CALL002549,2020-12-01,90001021,A3521150706,China,Rep-24,11,"Sales Rep: Are you satisfied with the product? Customer: Yes, the product is performing well. Sales Rep: Would you consider increasing the order? Customer: We are evaluating the next purchase.",Follow-up required
CALL002550,2020-12-01,90002009,A2918150106,India,Rep-03,5,"Sales Rep: Are you satisfied with the product? Customer: Yes, the product is performing well. Sales Rep: Would you consider increasing the order? Customer: We are evaluating the next purchase.",Follow-up required
CALL002551,2021-04-01,90009129,A3819150203,Newzealand,Rep-29,23,"Sales Rep: Are you satisfied with the product? Customer: Yes, the product is performing well. Sales Rep: Would you consider increasing the order? Customer: We are evaluating the next purchase.",Follow-up required
CALL002552,2018-12-01,80006154,A0721150403,Philiphines,Rep-25,25,"Sales Rep: Are you satisfied with the product? Customer: Yes, the product is performing well. Sales Rep: Would you consider increasing the order? Customer: We are evaluating the next purchase.",Follow-up required
CALL002553,2019-12-01,90008165,A4620110601,Australia,Rep-30,24,"Sales Rep: Are you satisfied with the product? Customer: Yes, the product is performing well. Sales Rep: Would you consider increasing the order? Customer: We are evaluating the next purchase.",Follow-up required
CALL002554,2020-05-01,90016176,A4721110706,Poland,Rep-27,19,"Sales Rep: Are you satisfied with the product? Customer: Yes, the product is performing well. Sales Rep: Would you consider increasing the order? Customer: We are evaluating the next purchase.",Follow-up required
CALL002555,2019-07-01,90011185,A5318110102,France,Rep-25,14,"Sales Rep: Are you satisfied with the product? Customer: Yes, the product is performing well. Sales Rep: Would you consider increasing the order? Customer: We are evaluating the next purchase.",Follow-up required
CALL002556,2019-07-01,90012039,A6319160203,Germany,Rep-07,28,"Sales Rep: Are you satisfied with the product? Customer: Yes, the product is performing well. Sales Rep: Would you consider increasing the order? Customer: We are evaluating the next purchase.",Follow-up required
CALL002557,2019-03-01,70005163,A0519150201,Pakistan,Rep-19,25,"Sales Rep: Are you satisfied with the product? Customer: Yes, the product is performing well. Sales Rep: Would you consider increasing the order? Customer: We are evaluating the next purchase.",Follow-up required
CALL002558,2019-10-01,90008164,A2319150304,Australia,Rep-05,27,"Sales Rep: Are you satisfied with the product? Customer: Yes, the product is performing well. Sales Rep: Would you consider increasing the order? Customer: We are evaluating the next purchase.",Follow-up required
CALL002559,2020-09-01,70005163,A3119150302,Pakistan,Rep-09,27,"Sales Rep: Are you satisfied with the product? Customer: Yes, the product is performing well. Sales Rep: Would you consider increasing the order? Customer: We are evaluating the next purchase.",Follow-up required
CALL002560,2019-02-01,70019204,A4218110201,Sweden,Rep-30,28,"Sales Rep: Are you satisfied with the product? Customer: Yes, the product is performing well. Sales Rep: Would you consider increasing the order? Customer: We are evaluating the next purchase.",Follow-up required
CALL002561,2019-10-01,90012039,A3320150501,Germany,Rep-15,26,"Sales Rep: Are you satisfied with the product? Customer: Yes, the product is performing well. Sales Rep: Would you consider increasing the order? Customer: We are evaluating the next purchase.",Follow-up required
CALL002562,2021-03-01,90006153,A4319110306,Philiphines,Rep-02,10,"Sales Rep: Are you satisfied with the product? Customer: Yes, the product is performing well. Sales Rep: Would you consider increasing the order? Customer: We are evaluating the next purchase.",Follow-up required
CALL002563,2019-10-01,90003180,A3018150202,Indonesia,Rep-04,20,"Sales Rep: Are you satisfied with the product? Customer: Yes, the product is performing well. Sales Rep: Would you consider increasing the order? Customer: We are evaluating the next purchase.",Follow-up required
CALL002564,2018-09-01,70009133,A5318110102,Newzealand,Rep-24,24,"Sales Rep: Are you satisfied with the product? Customer: Yes, the product is performing well. Sales Rep: Would you consider increasing the order? Customer: We are evaluating the next purchase.",Follow-up required
CALL002565,2020-07-01,70010048,A0620150305,Bangladesh,Rep-27,9,"Sales Rep: Are you satisfied with the product? Customer: Yes, the product is performing well. Sales Rep: Would you consider increasing the order? Customer: We are evaluating the next purchase.",Follow-up required
CALL002566,2020-11-01,90005159,A1819150304,Pakistan,Rep-10,20,"Sales Rep: Are you satisfied with the product? Customer: Yes, the product is performing well. Sales Rep: Would you consider increasing the order? Customer: We are evaluating the next purchase.",Follow-up required
CALL002567,2019-09-01,90009127,A3019150204,Newzealand,Rep-07,19,"Sales Rep: Are you satisfied with the product? Customer: Yes, the product is performing well. Sales Rep: Would you consider increasing the order? Customer: We are evaluating the next purchase.",Follow-up required
CALL002568,2019-03-01,70003182,A2218150201,Indonesia,Rep-13,20,"Sales Rep: Are you satisfied with the product? Customer: Yes, the product is performing well. Sales Rep: Would you consider increasing the order? Customer: We are evaluating the next purchase.",Follow-up required
CALL002569,2021-03-01,80001019,A4419110401,China,Rep-13,21,"Sales Rep: Are you satisfied with the product? Customer: Yes, the product is performing well. Sales Rep: Would you consider increasing the order? Customer: We are evaluating the next purchase.",Follow-up required
CALL002570,2019-12-01,90015148,A0721150404,Norway,Rep-29,21,"Sales Rep: Are you satisfied with the product? Customer: Yes, the product is performing well. Sales Rep: Would you consider increasing the order? Customer: We are evaluating the next purchase.",Follow-up required
CALL002571,2019-09-01,70012043,A4218110208,Germany,Rep-03,20,"Sales Rep: Are you satisfied with the product? Customer: Yes, the product is performing well. Sales Rep: Would you consider increasing the order? Customer: We are evaluating the next purchase.",Follow-up required
CALL002572,2018-10-01,90020097,A3421150605,Austria,Rep-24,8,"Sales Rep: Are you satisfied with the product? Customer: Yes, the product is performing well. Sales Rep: Would you consider increasing the order? Customer: We are evaluating the next purchase.",Follow-up required
CALL002573,2020-06-01,90005162,A6018110103,Pakistan,Rep-09,7,"Sales Rep: Are you satisfied with the product? Customer: Yes, the product is performing well. Sales Rep: Would you consider increasing the order? Customer: We are evaluating the next purchase.",Follow-up required
CALL002574,2020-11-01,70010047,A3521150702,Bangladesh,Rep-24,29,"Sales Rep: Are you satisfied with the product? Customer: Yes, the product is performing well. Sales Rep: Would you consider increasing the order? Customer: We are evaluating the next purchase.",Follow-up required
CALL002575,2019-09-01,90005159,A4520110505,Pakistan,Rep-01,11,"Sales Rep: Are you satisfied with the product? Customer: Yes, the product is performing well. Sales Rep: Would you consider increasing the order? Customer: We are evaluating the next purchase.",Follow-up required
CALL002576,2021-03-01,70007199,A2821150806,South Korea,Rep-29,29,"Sales Rep: Are you satisfied with the product? Customer: Yes, the product is performing well. Sales Rep: Would you consider increasing the order? Customer: We are evaluating the next purchase.",Follow-up required
CALL002577,2018-09-01,90001020,A1118150201,China,Rep-14,6,"Sales Rep: Are you satisfied with the product? Customer: Yes, the product is performing well. Sales Rep: Would you consider increasing the order? Customer: We are evaluating the next purchase.",Follow-up required
CALL002578,2019-03-01,90020103,A6919160302,Austria,Rep-15,13,"Sales Rep: Are you satisfied with the product? Customer: Yes, the product is performing well. Sales Rep: Would you consider increasing the order? Customer: We are evaluating the next purchase.",Follow-up required
CALL002579,2020-03-01,90002009,A0418150105,India,Rep-24,19,"Sales Rep: Are you satisfied with the product? Customer: Yes, the product is performing well. Sales Rep: Would you consider increasing the order? Customer: We are evaluating the next purchase.",Follow-up required
CALL002580,2020-04-01,90022078,A1718150201,USA,Rep-20,6,"Sales Rep: Are you satisfied with the product? Customer: Yes, the product is performing well. Sales Rep: Would you consider increasing the order? Customer: We are evaluating the next purchase.",Follow-up required
CALL002581,2018-09-01,70013126,A1119150203,Italy,Rep-20,16,"Sales Rep: Are you satisfied with the product? Customer: Yes, the product is performing well. Sales Rep: Would you consider increasing the order? Customer: We are evaluating the next purchase.",Follow-up required
CALL002582,2021-01-01,70007198,A2118150101,South Korea,Rep-16,29,"Sales Rep: Are you satisfied with the product? Customer: Yes, the product is performing well. Sales Rep: Would you consider increasing the order? Customer: We are evaluating the next purchase.",Follow-up required
CALL002583,2019-08-01,80006154,A6018110102,Philiphines,Rep-05,10,"Sales Rep: Are you satisfied with the product? Customer: Yes, the product is performing well. Sales Rep: Would you consider increasing the order? Customer: We are evaluating the next purchase.",Follow-up required
CALL002584,2021-04-01,90012033,A5318110107,Germany,Rep-17,22,"Sales Rep: Are you satisfied with the product? Customer: Yes, the product is performing well. Sales Rep: Would you consider increasing the order? Customer: We are evaluating the next purchase.",Follow-up required
CALL002585,2019-01-01,90019200,A1018150101,Sweden,Rep-19,5,"Sales Rep: Are you satisfied with the product? Customer: Yes, the product is performing well. Sales Rep: Would you consider increasing the order? Customer: We are evaluating the next purchase.",Follow-up required
CALL002586,2020-11-01,90020099,A6218160102,Austria,Rep-25,26,"Sales Rep: Are you satisfied with the product? Customer: Yes, the product is performing well. Sales Rep: Would you consider increasing the order? Customer: We are evaluating the next purchase.",Follow-up required
CALL002587,2021-01-01,90010046,A6218160101,Bangladesh,Rep-29,30,"Sales Rep: Are you satisfied with the product? Customer: Yes, the product is performing well. Sales Rep: Would you consider increasing the order? Customer: We are evaluating the next purchase.",Follow-up required
CALL002588,2021-08-01,90019200,A3320150504,Sweden,Rep-28,12,"Sales Rep: Are you satisfied with the product? Customer: Yes, the product is performing well. Sales Rep: Would you consider increasing the order? Customer: We are evaluating the next purchase.",Follow-up required
CALL002589,2020-04-01,90020103,A0821150504,Austria,Rep-16,13,"Sales Rep: Are you satisfied with the product? Customer: Yes, the product is performing well. Sales Rep: Would you consider increasing the order? Customer: We are evaluating the next purchase.",Follow-up required
CALL002590,2021-02-01,90018110,A1319150401,Spain,Rep-12,14,"Sales Rep: Are you satisfied with the product? Customer: Yes, the product is performing well. Sales Rep: Would you consider increasing the order? Customer: We are evaluating the next purchase.",Follow-up required
CALL002591,2020-10-01,80007196,A4020150401,South Korea,Rep-01,23,"Sales Rep: Are you satisfied with the product? Customer: Yes, the product is performing well. Sales Rep: Would you consider increasing the order? Customer: We are evaluating the next purchase.",Follow-up required
CALL002592,2019-04-01,90011186,A3621150806,France,Rep-23,19,"Sales Rep: Are you satisfied with the product? Customer: Yes, the product is performing well. Sales Rep: Would you consider increasing the order? Customer: We are evaluating the next purchase.",Follow-up required
CALL002593,2020-09-01,90004067,A3920150303,Japan,Rep-19,10,"Sales Rep: Are you satisfied with the product? Customer: Yes, the product is performing well. Sales Rep: Would you consider increasing the order? Customer: We are evaluating the next purchase.",Follow-up required
CALL002594,2021-06-01,80007195,A4620110607,South Korea,Rep-02,4,"Sales Rep: Are you satisfied with the product? Customer: Yes, the product is performing well. Sales Rep: Would you consider increasing the order? Customer: We are evaluating the next purchase.",Follow-up required
CALL002595,2021-04-01,90016175,A4118110106,Poland,Rep-21,10,"Sales Rep: Are you satisfied with the product? Customer: Yes, the product is performing well. Sales Rep: Would you consider increasing the order? Customer: We are evaluating the next purchase.",Follow-up required
CALL002596,2019-11-01,90002007,A2918150106,India,Rep-06,29,"Sales Rep: Are you satisfied with the product? Customer: Yes, the product is performing well. Sales Rep: Would you consider increasing the order? Customer: We are evaluating the next purchase.",Follow-up required
CALL002597,2021-02-01,70013125,A5721110503,Italy,Rep-30,27,"Sales Rep: Are you satisfied with the product? Customer: Yes, the product is performing well. Sales Rep: Would you consider increasing the order? Customer: We are evaluating the next purchase.",Follow-up required
CALL002598,2018-11-01,70013126,A4419110402,Italy,Rep-29,9,"Sales Rep: Are you satisfied with the product? Customer: Yes, the product is performing well. Sales Rep: Would you consider increasing the order? Customer: We are evaluating the next purchase.",Follow-up required
CALL002599,2020-07-01,90004061,A0118150103,Japan,Rep-24,14,"Sales Rep: Are you satisfied with the product? Customer: Yes, the product is performing well. Sales Rep: Would you consider increasing the order? Customer: We are evaluating the next purchase.",Follow-up required
CALL002600,2019-01-01,90022071,A6719160101,USA,Rep-07,8,"Sales Rep: Are you satisfied with the product? Customer: Yes, the product is performing well. Sales Rep: Would you consider increasing the order? Customer: We are evaluating the next purchase.",Follow-up required
CALL002601,2019-08-01,90005161,A3220150406,Pakistan,Rep-07,21,"Sales Rep: Are you satisfied with the product? Customer: Yes, the product is performing well. Sales Rep: Would you consider increasing the order? Customer: We are evaluating the next purchase.",Follow-up required
CALL002602,2021-08-01,70005163,A3019150204,Pakistan,Rep-07,19,"Sales Rep: Are you satisfied with the product? Customer: Yes, the product is performing well. Sales Rep: Would you consider increasing the order? Customer: We are evaluating the next purchase.",Follow-up required
CALL002603,2020-04-01,90013123,A2419150402,Italy,Rep-11,24,"Sales Rep: Are you satisfied with the product? Customer: Yes, the product is performing well. Sales Rep: Would you consider increasing the order? Customer: We are evaluating the next purchase.",Follow-up required
CALL002604,2020-12-01,90011192,A6319160202,France,Rep-07,27,"Sales Rep: Are you satisfied with the product? Customer: Yes, the product is performing well. Sales Rep: Would you consider increasing the order? Customer: We are evaluating the next purchase.",Follow-up required
CALL002605,2021-03-01,90004062,A4620110605,Japan,Rep-07,9,"Sales Rep: Are you satisfied with the product? Customer: Yes, the product is performing well. Sales Rep: Would you consider increasing the order? Customer: We are evaluating the next purchase.",Follow-up required
CALL002606,2020-02-01,90006153,A1819150304,Philiphines,Rep-12,8,"Sales Rep: Are you satisfied with the product? Customer: Yes, the product is performing well. Sales Rep: Would you consider increasing the order? Customer: We are evaluating the next purchase.",Follow-up required
CALL002607,2018-11-01,90002007,A2721150705,India,Rep-06,9,"Sales Rep: Are you satisfied with the product? Customer: Yes, the product is performing well. Sales Rep: Would you consider increasing the order? Customer: We are evaluating the next purchase.",Follow-up required
CALL002608,2019-09-01,90017054,A3019150205,Portugal,Rep-13,30,"Sales Rep: Are you satisfied with the product? Customer: Yes, the product is performing well. Sales Rep: Would you consider increasing the order? Customer: We are evaluating the next purchase.",Follow-up required
CALL002609,2019-07-01,90018114,A3521150702,Spain,Rep-25,28,"Sales Rep: Are you satisfied with the product? Customer: Yes, the product is performing well. Sales Rep: Would you consider increasing the order? Customer: We are evaluating the next purchase.",Follow-up required
CALL002610,2020-04-01,70010048,A4319110302,Bangladesh,Rep-05,29,"Sales Rep: Are you satisfied with the product? Customer: Yes, the product is performing well. Sales Rep: Would you consider increasing the order? Customer: We are evaluating the next purchase.",Follow-up required
CALL002611,2020-05-01,90012034,A2721150702,Germany,Rep-10,22,"Sales Rep: Are you satisfied with the product? Customer: Yes, the product is performing well. Sales Rep: Would you consider increasing the order? Customer: We are evaluating the next purchase.",Follow-up required
CALL002612,2018-12-01,90002002,A2419150402,India,Rep-04,8,"Sales Rep: Are you satisfied with the product? Customer: Yes, the product is performing well. Sales Rep: Would you consider increasing the order? Customer: We are evaluating the next purchase.",Follow-up required
CALL002613,2020-02-01,90020101,A1118150201,Austria,Rep-29,18,"Sales Rep: Are you satisfied with the product? Customer: Yes, the product is performing well. Sales Rep: Would you consider increasing the order? Customer: We are evaluating the next purchase.",Follow-up required
CALL002614,2018-12-01,70003182,A2918150101,Indonesia,Rep-09,20,"Sales Rep: Are you satisfied with the product? Customer: Yes, the product is performing well. Sales Rep: Would you consider increasing the order? Customer: We are evaluating the next purchase.",Follow-up required
CALL002615,2021-02-01,90019203,A2821150806,Sweden,Rep-14,6,"Sales Rep: Are you satisfied with the product? Customer: Yes, the product is performing well. Sales Rep: Would you consider increasing the order? Customer: We are evaluating the next purchase.",Follow-up required
CALL002616,2019-11-01,90016176,A4319110302,Poland,Rep-15,13,"Sales Rep: Are you satisfied with the product? Customer: Yes, the product is performing well. Sales Rep: Would you consider increasing the order? Customer: We are evaluating the next purchase.",Follow-up required
CALL002617,2019-06-01,70003182,A4721110707,Indonesia,Rep-11,11,"Sales Rep: Are you satisfied with the product? Customer: Yes, the product is performing well. Sales Rep: Would you consider increasing the order? Customer: We are evaluating the next purchase.",Follow-up required
CALL002618,2020-12-01,90018112,A0321150303,Spain,Rep-13,27,"Sales Rep: Are you satisfied with the product? Customer: Yes, the product is performing well. Sales Rep: Would you consider increasing the order? Customer: We are evaluating the next purchase.",Follow-up required
CALL002619,2018-12-01,90008165,A6018110105,Australia,Rep-15,30,"Sales Rep: Are you satisfied with the product? Customer: Yes, the product is performing well. Sales Rep: Would you consider increasing the order? Customer: We are evaluating the next purchase.",Follow-up required
CALL002620,2019-04-01,90011189,A5318110107,France,Rep-01,11,"Sales Rep: Are you satisfied with the product? Customer: Yes, the product is performing well. Sales Rep: Would you consider increasing the order? Customer: We are evaluating the next purchase.",Follow-up required
CALL002621,2019-11-01,90019202,A7018160402,Sweden,Rep-28,22,"Sales Rep: Are you satisfied with the product? Customer: Yes, the product is performing well. Sales Rep: Would you consider increasing the order? Customer: We are evaluating the next purchase.",Follow-up required
CALL002622,2019-08-01,90018109,A3320150502,Spain,Rep-24,19,"Sales Rep: Are you satisfied with the product? Customer: Yes, the product is performing well. Sales Rep: Would you consider increasing the order? Customer: We are evaluating the next purchase.",Follow-up required
CALL002623,2021-06-01,90004065,A0921150601,Japan,Rep-26,9,"Sales Rep: Are you satisfied with the product? Customer: Yes, the product is performing well. Sales Rep: Would you consider increasing the order? Customer: We are evaluating the next purchase.",Follow-up required
CALL002624,2020-06-01,70014142,A2319150301,Netherlands,Rep-10,27,"Sales Rep: Are you satisfied with the product? Customer: Yes, the product is performing well. Sales Rep: Would you consider increasing the order? Customer: We are evaluating the next purchase.",Follow-up required
CALL002625,2020-04-01,90017057,A5721110502,Portugal,Rep-20,7,"Sales Rep: Are you satisfied with the product? Customer: Yes, the product is performing well. Sales Rep: Would you consider increasing the order? Customer: We are evaluating the next purchase.",Follow-up required
CALL002626,2020-02-01,90001021,A6218160101,China,Rep-01,30,"Sales Rep: Are you satisfied with the product? Customer: Yes, the product is performing well. Sales Rep: Would you consider increasing the order? Customer: We are evaluating the next purchase.",Follow-up required
CALL002627,2021-02-01,90018105,A0321150303,Spain,Rep-21,19,"Sales Rep: Are you satisfied with the product? Customer: Yes, the product is performing well. Sales Rep: Would you consider increasing the order? Customer: We are evaluating the next purchase.",Follow-up required
CALL002628,2019-11-01,90022079,A5520110307,USA,Rep-04,6,"Sales Rep: Are you satisfied with the product? Customer: Yes, the product is performing well. Sales Rep: Would you consider increasing the order? Customer: We are evaluating the next purchase.",Follow-up required
CALL002629,2019-11-01,80007196,A0721150401,South Korea,Rep-30,18,"Sales Rep: Are you satisfied with the product? Customer: Yes, the product is performing well. Sales Rep: Would you consider increasing the order? Customer: We are evaluating the next purchase.",Follow-up required
CALL002630,2021-04-01,90001020,A2319150302,China,Rep-11,10,"Sales Rep: Are you satisfied with the product? Customer: Yes, the product is performing well. Sales Rep: Would you consider increasing the order? Customer: We are evaluating the next purchase.",Follow-up required
CALL002631,2020-08-01,90023025,A2118150104,Canada,Rep-26,19,"Sales Rep: Are you satisfied with the product? Customer: Yes, the product is performing well. Sales Rep: Would you consider increasing the order? Customer: We are evaluating the next purchase.",Follow-up required
CALL002632,2020-01-01,90008166,A5318110107,Australia,Rep-18,25,"Sales Rep: Are you satisfied with the product? Customer: Yes, the product is performing well. Sales Rep: Would you consider increasing the order? Customer: We are evaluating the next purchase.",Follow-up required
CALL002633,2020-01-01,80001019,A5621110404,China,Rep-26,26,"Sales Rep: Are you satisfied with the product? Customer: Yes, the product is performing well. Sales Rep: Would you consider increasing the order? Customer: We are evaluating the next purchase.",Follow-up required
CALL002634,2019-02-01,90011185,A5721110501,France,Rep-12,24,"Sales Rep: Are you satisfied with the product? Customer: Yes, the product is performing well. Sales Rep: Would you consider increasing the order? Customer: We are evaluating the next purchase.",Follow-up required
CALL002635,2018-09-01,90006156,A5318110107,Philiphines,Rep-23,17,"Sales Rep: Are you satisfied with the product? Customer: Yes, the product is performing well. Sales Rep: Would you consider increasing the order? Customer: We are evaluating the next purchase.",Follow-up required
CALL002636,2021-01-01,90020100,A7118160101,Austria,Rep-01,14,"Sales Rep: Are you satisfied with the product? Customer: Yes, the product is performing well. Sales Rep: Would you consider increasing the order? Customer: We are evaluating the next purchase.",Follow-up required
CALL002637,2019-03-01,90021091,A4520110507,United Kingdom,Rep-13,6,"Sales Rep: Are you satisfied with the product? Customer: Yes, the product is performing well. Sales Rep: Would you consider increasing the order? Customer: We are evaluating the next purchase.",Follow-up required
CALL002638,2021-01-01,90011186,A4118110104,France,Rep-11,4,"Sales Rep: Are you satisfied with the product? Customer: Yes, the product is performing well. Sales Rep: Would you consider increasing the order? Customer: We are evaluating the next purchase.",Follow-up required
CALL002639,2019-10-01,70014142,A4620110606,Netherlands,Rep-17,20,"Sales Rep: Are you satisfied with the product? Customer: Yes, the product is performing well. Sales Rep: Would you consider increasing the order? Customer: We are evaluating the next purchase.",Follow-up required
CALL002640,2019-10-01,90014135,A0219150202,Netherlands,Rep-03,25,"Sales Rep: Are you satisfied with the product? Customer: Yes, the product is performing well. Sales Rep: Would you consider increasing the order? Customer: We are evaluating the next purchase.",Follow-up required
CALL002641,2019-12-01,90004066,A7220160202,Japan,Rep-10,5,"Sales Rep: Are you satisfied with the product? Customer: Yes, the product is performing well. Sales Rep: Would you consider increasing the order? Customer: We are evaluating the next purchase.",Follow-up required
CALL002642,2018-09-01,90011191,A7220160202,France,Rep-25,15,"Sales Rep: Are you satisfied with the product? Customer: Yes, the product is performing well. Sales Rep: Would you consider increasing the order? Customer: We are evaluating the next purchase.",Follow-up required
CALL002643,2020-10-01,90009130,A5318110107,Newzealand,Rep-06,27,"Sales Rep: Are you satisfied with the product? Customer: Yes, the product is performing well. Sales Rep: Would you consider increasing the order? Customer: We are evaluating the next purchase.",Follow-up required
CALL002644,2019-02-01,70008169,A4218110201,Australia,Rep-29,20,"Sales Rep: Are you satisfied with the product? Customer: Yes, the product is performing well. Sales Rep: Would you consider increasing the order? Customer: We are evaluating the next purchase.",Follow-up required
CALL002645,2019-11-01,90023023,A5721110503,Canada,Rep-22,29,"Sales Rep: Are you satisfied with the product? Customer: Yes, the product is performing well. Sales Rep: Would you consider increasing the order? Customer: We are evaluating the next purchase.",Follow-up required
CALL002646,2019-07-01,90020103,A4218110205,Austria,Rep-03,22,"Sales Rep: Are you satisfied with the product? Customer: Yes, the product is performing well. Sales Rep: Would you consider increasing the order? Customer: We are evaluating the next purchase.",Follow-up required
CALL002647,2021-05-01,90023029,A3718150103,Canada,Rep-21,26,"Sales Rep: Are you satisfied with the product? Customer: Yes, the product is performing well. Sales Rep: Would you consider increasing the order? Customer: We are evaluating the next purchase.",Follow-up required
CALL002648,2020-04-01,70007199,A1718150201,South Korea,Rep-03,12,"Sales Rep: Are you satisfied with the product? Customer: Yes, the product is performing well. Sales Rep: Would you consider increasing the order? Customer: We are evaluating the next purchase.",Follow-up required
CALL002649,2019-03-01,70008170,A4520110505,Australia,Rep-15,24,"Sales Rep: Are you satisfied with the product? Customer: Yes, the product is performing well. Sales Rep: Would you consider increasing the order? Customer: We are evaluating the next purchase.",Follow-up required
CALL002650,2020-08-01,90017057,A6918160303,Portugal,Rep-05,18,"Sales Rep: Are you satisfied with the product? Customer: Yes, the product is performing well. Sales Rep: Would you consider increasing the order? Customer: We are evaluating the next purchase.",Follow-up required
CALL002651,2020-12-01,90022077,A4721110704,USA,Rep-14,10,"Sales Rep: Are you satisfied with the product? Customer: Yes, the product is performing well. Sales Rep: Would you consider increasing the order? Customer: We are evaluating the next purchase.",Follow-up required
CALL002652,2020-04-01,90018105,A2020150501,Spain,Rep-04,30,"Sales Rep: Are you satisfied with the product? Customer: Yes, the product is performing well. Sales Rep: Would you consider increasing the order? Customer: We are evaluating the next purchase.",Follow-up required
CALL002653,2019-12-01,70013125,A6219160103,Italy,Rep-25,8,"Sales Rep: Are you satisfied with the product? Customer: Yes, the product is performing well. Sales Rep: Would you consider increasing the order? Customer: We are evaluating the next purchase.",Follow-up required
CALL002654,2020-09-01,90022077,A6818160202,USA,Rep-20,10,"Sales Rep: Are you satisfied with the product? Customer: Yes, the product is performing well. Sales Rep: Would you consider increasing the order? Customer: We are evaluating the next purchase.",Follow-up required
CALL002655,2019-08-01,90005159,A2219150205,Pakistan,Rep-03,8,"Sales Rep: Are you satisfied with the product? Customer: Yes, the product is performing well. Sales Rep: Would you consider increasing the order? Customer: We are evaluating the next purchase.",Follow-up required
CALL002656,2020-10-01,90023028,A5318110108,Canada,Rep-06,14,"Sales Rep: Are you satisfied with the product? Customer: Yes, the product is performing well. Sales Rep: Would you consider increasing the order? Customer: We are evaluating the next purchase.",Follow-up required
CALL002657,2018-10-01,90020101,A5520110305,Austria,Rep-24,6,"Sales Rep: Are you satisfied with the product? Customer: Yes, the product is performing well. Sales Rep: Would you consider increasing the order? Customer: We are evaluating the next purchase.",Follow-up required
CALL002658,2020-12-01,90004067,A1718150201,Japan,Rep-14,6,"Sales Rep: Are you satisfied with the product? Customer: Yes, the product is performing well. Sales Rep: Would you consider increasing the order? Customer: We are evaluating the next purchase.",Follow-up required
CALL002659,2020-05-01,90013123,A7118160101,Italy,Rep-30,10,"Sales Rep: Are you satisfied with the product? Customer: Yes, the product is performing well. Sales Rep: Would you consider increasing the order? Customer: We are evaluating the next purchase.",Follow-up required
CALL002660,2019-01-01,90012033,A2721150702,Germany,Rep-01,21,"Sales Rep: Are you satisfied with the product? Customer: Yes, the product is performing well. Sales Rep: Would you consider increasing the order? Customer: We are evaluating the next purchase.",Follow-up required
CALL002661,2021-07-01,90020101,A4218110202,Austria,Rep-04,26,"Sales Rep: Are you satisfied with the product? Customer: Yes, the product is performing well. Sales Rep: Would you consider increasing the order? Customer: We are evaluating the next purchase.",Follow-up required
CALL002662,2019-11-01,90015149,A2419150402,Norway,Rep-14,26,"Sales Rep: Are you satisfied with the product? Customer: Yes, the product is performing well. Sales Rep: Would you consider increasing the order? Customer: We are evaluating the next purchase.",Follow-up required
CALL002663,2019-08-01,90015144,A4218110207,Norway,Rep-24,12,"Sales Rep: Are you satisfied with the product? Customer: Yes, the product is performing well. Sales Rep: Would you consider increasing the order? Customer: We are evaluating the next purchase.",Follow-up required
CALL002664,2020-08-01,70010048,A4519110502,Bangladesh,Rep-16,26,"Sales Rep: Are you satisfied with the product? Customer: Yes, the product is performing well. Sales Rep: Would you consider increasing the order? Customer: We are evaluating the next purchase.",Follow-up required
CALL002665,2019-07-01,90013117,A4620110602,Italy,Rep-11,4,"Sales Rep: Are you satisfied with the product? Customer: Yes, the product is performing well. Sales Rep: Would you consider increasing the order? Customer: We are evaluating the next purchase.",Follow-up required
CALL002666,2020-09-01,70006158,A6119110201,Philiphines,Rep-14,29,"Sales Rep: Are you satisfied with the product? Customer: Yes, the product is performing well. Sales Rep: Would you consider increasing the order? Customer: We are evaluating the next purchase.",Follow-up required
CALL002667,2018-09-01,90005160,A4419110408,Pakistan,Rep-06,11,"Sales Rep: Are you satisfied with the product? Customer: Yes, the product is performing well. Sales Rep: Would you consider increasing the order? Customer: We are evaluating the next purchase.",Follow-up required
CALL002668,2020-03-01,90002009,A6120110207,India,Rep-04,15,"Sales Rep: Are you satisfied with the product? Customer: Yes, the product is performing well. Sales Rep: Would you consider increasing the order? Customer: We are evaluating the next purchase.",Follow-up required
CALL002669,2021-04-01,70014142,A7321160303,Netherlands,Rep-01,7,"Sales Rep: Are you satisfied with the product? Customer: Yes, the product is performing well. Sales Rep: Would you consider increasing the order? Customer: We are evaluating the next purchase.",Follow-up required
CALL002670,2018-10-01,90002001,A4118110101,India,Rep-14,21,"Sales Rep: Are you satisfied with the product? Customer: Yes, the product is performing well. Sales Rep: Would you consider increasing the order? Customer: We are evaluating the next purchase.",Follow-up required
CALL002671,2019-08-01,90023022,A4520110508,Canada,Rep-14,9,"Sales Rep: Are you satisfied with the product? Customer: Yes, the product is performing well. Sales Rep: Would you consider increasing the order? Customer: We are evaluating the next purchase.",Follow-up required
CALL002672,2019-11-01,90004061,A4821110802,Japan,Rep-11,10,"Sales Rep: Are you satisfied with the product? Customer: Yes, the product is performing well. Sales Rep: Would you consider increasing the order? Customer: We are evaluating the next purchase.",Follow-up required
CALL002673,2019-02-01,80007195,A1521150601,South Korea,Rep-15,10,"Sales Rep: Are you satisfied with the product? Customer: Yes, the product is performing well. Sales Rep: Would you consider increasing the order? Customer: We are evaluating the next purchase.",Follow-up required
CALL002674,2018-09-01,90005160,A3819150205,Pakistan,Rep-18,4,"Sales Rep: Are you satisfied with the product? Customer: Yes, the product is performing well. Sales Rep: Would you consider increasing the order? Customer: We are evaluating the next purchase.",Follow-up required
CALL002675,2020-10-01,90015144,A4319110306,Norway,Rep-02,11,"Sales Rep: Are you satisfied with the product? Customer: Yes, the product is performing well. Sales Rep: Would you consider increasing the order? Customer: We are evaluating the next purchase.",Follow-up required
CALL002676,2021-05-01,90004061,A4520110508,Japan,Rep-06,27,"Sales Rep: Are you satisfied with the product? Customer: Yes, the product is performing well. Sales Rep: Would you consider increasing the order? Customer: We are evaluating the next purchase.",Follow-up required
CALL002677,2020-03-01,90023022,A4419110406,Canada,Rep-09,9,"Sales Rep: Are you satisfied with the product? Customer: Yes, the product is performing well. Sales Rep: Would you consider increasing the order? Customer: We are evaluating the next purchase.",Follow-up required
CALL002678,2020-09-01,90017053,A3019150205,Portugal,Rep-12,21,"Sales Rep: Are you satisfied with the product? Customer: Yes, the product is performing well. Sales Rep: Would you consider increasing the order? Customer: We are evaluating the next purchase.",Follow-up required
CALL002679,2021-05-01,90014141,A6520160402,Netherlands,Rep-01,6,"Sales Rep: Are you satisfied with the product? Customer: Yes, the product is performing well. Sales Rep: Would you consider increasing the order? Customer: We are evaluating the next purchase.",Follow-up required
CALL002680,2019-05-01,90016173,A6120110207,Poland,Rep-25,10,"Sales Rep: Are you satisfied with the product? Customer: Yes, the product is performing well. Sales Rep: Would you consider increasing the order? Customer: We are evaluating the next purchase.",Follow-up required
CALL002681,2019-01-01,90020098,A3621150804,Austria,Rep-22,27,"Sales Rep: Are you satisfied with the product? Customer: Yes, the product is performing well. Sales Rep: Would you consider increasing the order? Customer: We are evaluating the next purchase.",Follow-up required
CALL002682,2020-07-01,90011189,A2721150705,France,Rep-20,10,"Sales Rep: Are you satisfied with the product? Customer: Yes, the product is performing well. Sales Rep: Would you consider increasing the order? Customer: We are evaluating the next purchase.",Follow-up required
CALL002683,2019-02-01,90020101,A3220150405,Austria,Rep-13,8,"Sales Rep: Are you satisfied with the product? Customer: Yes, the product is performing well. Sales Rep: Would you consider increasing the order? Customer: We are evaluating the next purchase.",Follow-up required
CALL002684,2018-10-01,70004069,A1920150404,Japan,Rep-29,18,"Sales Rep: Are you satisfied with the product? Customer: Yes, the product is performing well. Sales Rep: Would you consider increasing the order? Customer: We are evaluating the next purchase.",Follow-up required
CALL002685,2019-03-01,90016173,A1018150103,Poland,Rep-09,10,"Sales Rep: Are you satisfied with the product? Customer: Yes, the product is performing well. Sales Rep: Would you consider increasing the order? Customer: We are evaluating the next purchase.",Follow-up required
CALL002686,2019-04-01,80007196,A6019110107,South Korea,Rep-25,18,"Sales Rep: Are you satisfied with the product? Customer: Yes, the product is performing well. Sales Rep: Would you consider increasing the order? Customer: We are evaluating the next purchase.",Follow-up required
CALL002687,2018-11-01,90008166,A1219150302,Australia,Rep-03,10,"Sales Rep: Are you satisfied with the product? Customer: Yes, the product is performing well. Sales Rep: Would you consider increasing the order? Customer: We are evaluating the next purchase.",Follow-up required
CALL002688,2019-09-01,90008167,A4021150403,Australia,Rep-05,16,"Sales Rep: Are you satisfied with the product? Customer: Yes, the product is performing well. Sales Rep: Would you consider increasing the order? Customer: We are evaluating the next purchase.",Follow-up required
CALL002689,2020-09-01,90013118,A2419150405,Italy,Rep-18,14,"Sales Rep: Are you satisfied with the product? Customer: Yes, the product is performing well. Sales Rep: Would you consider increasing the order? Customer: We are evaluating the next purchase.",Follow-up required
CALL002690,2021-04-01,70015151,A2420150406,Norway,Rep-10,26,"Sales Rep: Are you satisfied with the product? Customer: Yes, the product is performing well. Sales Rep: Would you consider increasing the order? Customer: We are evaluating the next purchase.",Follow-up required
CALL002691,2020-06-01,90022080,A4620110604,USA,Rep-22,15,"Sales Rep: Are you satisfied with the product? Customer: Yes, the product is performing well. Sales Rep: Would you consider increasing the order? Customer: We are evaluating the next purchase.",Follow-up required
CALL002692,2019-03-01,90002011,A4821110807,India,Rep-19,17,"Sales Rep: Are you satisfied with the product? Customer: Yes, the product is performing well. Sales Rep: Would you consider increasing the order? Customer: We are evaluating the next purchase.",Follow-up required
CALL002693,2019-12-01,70009134,A1118150201,Newzealand,Rep-10,17,"Sales Rep: Are you satisfied with the product? Customer: Yes, the product is performing well. Sales Rep: Would you consider increasing the order? Customer: We are evaluating the next purchase.",Follow-up required
CALL002694,2018-11-01,70007199,A5419110202,South Korea,Rep-10,18,"Sales Rep: Are you satisfied with the product? Customer: Yes, the product is performing well. Sales Rep: Would you consider increasing the order? Customer: We are evaluating the next purchase.",Follow-up required
CALL002695,2020-06-01,70023032,A0821150503,Canada,Rep-04,17,"Sales Rep: Are you satisfied with the product? Customer: Yes, the product is performing well. Sales Rep: Would you consider increasing the order? Customer: We are evaluating the next purchase.",Follow-up required
CALL002696,2019-01-01,90020102,A7219160201,Austria,Rep-13,19,"Sales Rep: Are you satisfied with the product? Customer: Yes, the product is performing well. Sales Rep: Would you consider increasing the order? Customer: We are evaluating the next purchase.",Follow-up required
CALL002697,2019-01-01,90023025,A6520160403,Canada,Rep-27,18,"Sales Rep: Are you satisfied with the product? Customer: Yes, the product is performing well. Sales Rep: Would you consider increasing the order? Customer: We are evaluating the next purchase.",Follow-up required
CALL002698,2020-07-01,80001019,A1819150303,China,Rep-25,11,"Sales Rep: Are you satisfied with the product? Customer: Yes, the product is performing well. Sales Rep: Would you consider increasing the order? Customer: We are evaluating the next purchase.",Follow-up required
CALL002699,2019-11-01,90008164,A4620110605,Australia,Rep-25,26,"Sales Rep: Are you satisfied with the product? Customer: Yes, the product is performing well. Sales Rep: Would you consider increasing the order? Customer: We are evaluating the next purchase.",Follow-up required
CALL002700,2020-04-01,90002002,A6218160101,India,Rep-18,29,"Sales Rep: Are you satisfied with the product? Customer: Yes, the product is performing well. Sales Rep: Would you consider increasing the order? Customer: We are evaluating the next purchase.",Follow-up required
CALL002701,2019-08-01,70006158,A3320150502,Philiphines,Rep-25,20,"Sales Rep: Are you satisfied with the product? Customer: Yes, the product is performing well. Sales Rep: Would you consider increasing the order? Customer: We are evaluating the next purchase.",Follow-up required
CALL002702,2019-04-01,90002016,A4520110505,India,Rep-26,8,"Sales Rep: Are you satisfied with the product? Customer: Yes, the product is performing well. Sales Rep: Would you consider increasing the order? Customer: We are evaluating the next purchase.",Follow-up required
CALL002703,2019-01-01,90002001,A3019150206,India,Rep-29,25,"Sales Rep: Are you satisfied with the product? Customer: Yes, the product is performing well. Sales Rep: Would you consider increasing the order? Customer: We are evaluating the next purchase.",Follow-up required
CALL002704,2020-05-01,90022079,A4021150403,USA,Rep-05,27,"Sales Rep: Are you satisfied with the product? Customer: Yes, the product is performing well. Sales Rep: Would you consider increasing the order? Customer: We are evaluating the next purchase.",Follow-up required
CALL002705,2020-11-01,90017050,A7119160103,Portugal,Rep-25,18,"Sales Rep: Are you satisfied with the product? Customer: Yes, the product is performing well. Sales Rep: Would you consider increasing the order? Customer: We are evaluating the next purchase.",Follow-up required
CALL002706,2020-03-01,70017060,A5318110103,Portugal,Rep-22,9,"Sales Rep: Are you satisfied with the product? Customer: Yes, the product is performing well. Sales Rep: Would you consider increasing the order? Customer: We are evaluating the next purchase.",Follow-up required
CALL002707,2021-08-01,90005159,A5620110402,Pakistan,Rep-07,30,"Sales Rep: Are you satisfied with the product? Customer: Yes, the product is performing well. Sales Rep: Would you consider increasing the order? Customer: We are evaluating the next purchase.",Follow-up required
CALL002708,2018-11-01,70007199,A0519150208,South Korea,Rep-25,30,"Sales Rep: Are you satisfied with the product? Customer: Yes, the product is performing well. Sales Rep: Would you consider increasing the order? Customer: We are evaluating the next purchase.",Follow-up required
CALL002709,2019-07-01,70023031,A2420150406,Canada,Rep-14,29,"Sales Rep: Are you satisfied with the product? Customer: Yes, the product is performing well. Sales Rep: Would you consider increasing the order? Customer: We are evaluating the next purchase.",Follow-up required
CALL002710,2019-01-01,70022085,A2118150101,USA,Rep-15,16,"Sales Rep: Are you satisfied with the product? Customer: Yes, the product is performing well. Sales Rep: Would you consider increasing the order? Customer: We are evaluating the next purchase.",Follow-up required
CALL002711,2021-08-01,90020099,A2918150104,Austria,Rep-11,13,"Sales Rep: Are you satisfied with the product? Customer: Yes, the product is performing well. Sales Rep: Would you consider increasing the order? Customer: We are evaluating the next purchase.",Follow-up required
CALL002712,2021-05-01,90003179,A0519150201,Indonesia,Rep-12,15,"Sales Rep: Are you satisfied with the product? Customer: Yes, the product is performing well. Sales Rep: Would you consider increasing the order? Customer: We are evaluating the next purchase.",Follow-up required
CALL002713,2021-02-01,70021096,A0219150202,United Kingdom,Rep-28,15,"Sales Rep: Are you satisfied with the product? Customer: Yes, the product is performing well. Sales Rep: Would you consider increasing the order? Customer: We are evaluating the next purchase.",Follow-up required
CALL002714,2020-12-01,90017059,A2821150805,Portugal,Rep-14,20,"Sales Rep: Are you satisfied with the product? Customer: Yes, the product is performing well. Sales Rep: Would you consider increasing the order? Customer: We are evaluating the next purchase.",Follow-up required
CALL002715,2019-06-01,90022079,A0921150604,USA,Rep-20,28,"Sales Rep: Are you satisfied with the product? Customer: Yes, the product is performing well. Sales Rep: Would you consider increasing the order? Customer: We are evaluating the next purchase.",Follow-up required
CALL002716,2018-11-01,70011194,A6019110108,France,Rep-14,25,"Sales Rep: Are you satisfied with the product? Customer: Yes, the product is performing well. Sales Rep: Would you consider increasing the order? Customer: We are evaluating the next purchase.",Follow-up required
CALL002717,2020-08-01,90020097,A0519150205,Austria,Rep-08,24,"Sales Rep: Are you satisfied with the product? Customer: Yes, the product is performing well. Sales Rep: Would you consider increasing the order? Customer: We are evaluating the next purchase.",Follow-up required
CALL002718,2019-07-01,90005162,A4218110202,Pakistan,Rep-13,22,"Sales Rep: Are you satisfied with the product? Customer: Yes, the product is performing well. Sales Rep: Would you consider increasing the order? Customer: We are evaluating the next purchase.",Follow-up required
CALL002719,2020-02-01,70019204,A5419110207,Sweden,Rep-22,28,"Sales Rep: Are you satisfied with the product? Customer: Yes, the product is performing well. Sales Rep: Would you consider increasing the order? Customer: We are evaluating the next purchase.",Follow-up required
CALL002720,2020-01-01,70004069,A2218150202,Japan,Rep-09,4,"Sales Rep: Are you satisfied with the product? Customer: Yes, the product is performing well. Sales Rep: Would you consider increasing the order? Customer: We are evaluating the next purchase.",Follow-up required
CALL002721,2020-10-01,70005163,A0821150501,Pakistan,Rep-15,16,"Sales Rep: Are you satisfied with the product? Customer: Yes, the product is performing well. Sales Rep: Would you consider increasing the order? Customer: We are evaluating the next purchase.",Follow-up required
CALL002722,2018-11-01,90008168,A0519150207,Australia,Rep-05,22,"Sales Rep: Are you satisfied with the product? Customer: Yes, the product is performing well. Sales Rep: Would you consider increasing the order? Customer: We are evaluating the next purchase.",Follow-up required
CALL002723,2020-08-01,90018113,A4821110804,Spain,Rep-10,22,"Sales Rep: Are you satisfied with the product? Customer: Yes, the product is performing well. Sales Rep: Would you consider increasing the order? Customer: We are evaluating the next purchase.",Follow-up required
CALL002724,2020-07-01,90008164,A3018150202,Australia,Rep-03,12,"Sales Rep: Are you satisfied with the product? Customer: Yes, the product is performing well. Sales Rep: Would you consider increasing the order? Customer: We are evaluating the next purchase.",Follow-up required
CALL002725,2021-07-01,90006153,A6818160202,Philiphines,Rep-02,24,"Sales Rep: Are you satisfied with the product? Customer: Yes, the product is performing well. Sales Rep: Would you consider increasing the order? Customer: We are evaluating the next purchase.",Follow-up required
CALL002726,2019-03-01,90012039,A5621110404,Germany,Rep-09,22,"Sales Rep: Are you satisfied with the product? Customer: Yes, the product is performing well. Sales Rep: Would you consider increasing the order? Customer: We are evaluating the next purchase.",Follow-up required
CALL002727,2019-10-01,90022077,A4720110701,USA,Rep-11,27,"Sales Rep: Are you satisfied with the product? Customer: Yes, the product is performing well. Sales Rep: Would you consider increasing the order? Customer: We are evaluating the next purchase.",Follow-up required
CALL002728,2019-05-01,90021090,A2020150501,United Kingdom,Rep-15,30,"Sales Rep: Are you satisfied with the product? Customer: Yes, the product is performing well. Sales Rep: Would you consider increasing the order? Customer: We are evaluating the next purchase.",Follow-up required
CALL002729,2021-08-01,90022075,A1319150401,USA,Rep-27,22,"Sales Rep: Are you satisfied with the product? Customer: Yes, the product is performing well. Sales Rep: Would you consider increasing the order? Customer: We are evaluating the next purchase.",Follow-up required
CALL002730,2020-09-01,70005163,A5318110103,Pakistan,Rep-23,17,"Sales Rep: Are you satisfied with the product? Customer: Yes, the product is performing well. Sales Rep: Would you consider increasing the order? Customer: We are evaluating the next purchase.",Follow-up required
CALL002731,2019-01-01,70021096,A5419110204,United Kingdom,Rep-28,12,"Sales Rep: Are you satisfied with the product? Customer: Yes, the product is performing well. Sales Rep: Would you consider increasing the order? Customer: We are evaluating the next purchase.",Follow-up required
CALL002732,2021-01-01,90016176,A0118150104,Poland,Rep-10,29,"Sales Rep: Are you satisfied with the product? Customer: Yes, the product is performing well. Sales Rep: Would you consider increasing the order? Customer: We are evaluating the next purchase.",Follow-up required
CALL002733,2019-01-01,90016176,A2118150101,Poland,Rep-20,17,"Sales Rep: Are you satisfied with the product? Customer: Yes, the product is performing well. Sales Rep: Would you consider increasing the order? Customer: We are evaluating the next purchase.",Follow-up required
CALL002734,2018-11-01,90013124,A2720150701,Italy,Rep-28,22,"Sales Rep: Are you satisfied with the product? Customer: Yes, the product is performing well. Sales Rep: Would you consider increasing the order? Customer: We are evaluating the next purchase.",Follow-up required
CALL002735,2021-05-01,80006155,A0321150302,Philiphines,Rep-23,14,"Sales Rep: Are you satisfied with the product? Customer: Yes, the product is performing well. Sales Rep: Would you consider increasing the order? Customer: We are evaluating the next purchase.",Follow-up required
CALL002736,2021-08-01,90017053,A6120110207,Portugal,Rep-22,27,"Sales Rep: Are you satisfied with the product? Customer: Yes, the product is performing well. Sales Rep: Would you consider increasing the order? Customer: We are evaluating the next purchase.",Follow-up required
CALL002737,2020-02-01,70011194,A1119150203,France,Rep-21,4,"Sales Rep: Are you satisfied with the product? Customer: Yes, the product is performing well. Sales Rep: Would you consider increasing the order? Customer: We are evaluating the next purchase.",Follow-up required
CALL002738,2018-09-01,90005161,A2520150502,Pakistan,Rep-12,5,"Sales Rep: Are you satisfied with the product? Customer: Yes, the product is performing well. Sales Rep: Would you consider increasing the order? Customer: We are evaluating the next purchase.",Follow-up required
CALL002739,2019-02-01,90009129,A1919150403,Newzealand,Rep-20,10,"Sales Rep: Are you satisfied with the product? Customer: Yes, the product is performing well. Sales Rep: Would you consider increasing the order? Customer: We are evaluating the next purchase.",Follow-up required
CALL002740,2020-01-01,90017054,A1421150503,Portugal,Rep-19,15,"Sales Rep: Are you satisfied with the product? Customer: Yes, the product is performing well. Sales Rep: Would you consider increasing the order? Customer: We are evaluating the next purchase.",Follow-up required
CALL002741,2021-04-01,90002008,A3521150701,India,Rep-27,13,"Sales Rep: Are you satisfied with the product? Customer: Yes, the product is performing well. Sales Rep: Would you consider increasing the order? Customer: We are evaluating the next purchase.",Follow-up required
CALL002742,2019-01-01,80001019,A2118150104,China,Rep-08,15,"Sales Rep: Are you satisfied with the product? Customer: Yes, the product is performing well. Sales Rep: Would you consider increasing the order? Customer: We are evaluating the next purchase.",Follow-up required
CALL002743,2019-09-01,90007197,A5519110303,South Korea,Rep-27,14,"Sales Rep: Are you satisfied with the product? Customer: Yes, the product is performing well. Sales Rep: Would you consider increasing the order? Customer: We are evaluating the next purchase.",Follow-up required
CALL002744,2019-05-01,90002001,A2620150605,India,Rep-05,27,"Sales Rep: Are you satisfied with the product? Customer: Yes, the product is performing well. Sales Rep: Would you consider increasing the order? Customer: We are evaluating the next purchase.",Follow-up required
CALL002745,2021-06-01,70002017,A2319150302,India,Rep-24,25,"Sales Rep: Are you satisfied with the product? Customer: Yes, the product is performing well. Sales Rep: Would you consider increasing the order? Customer: We are evaluating the next purchase.",Follow-up required
CALL002746,2018-12-01,70017060,A0620150303,Portugal,Rep-28,8,"Sales Rep: Are you satisfied with the product? Customer: Yes, the product is performing well. Sales Rep: Would you consider increasing the order? Customer: We are evaluating the next purchase.",Follow-up required
CALL002747,2019-07-01,90015150,A0519150201,Norway,Rep-08,13,"Sales Rep: Are you satisfied with the product? Customer: Yes, the product is performing well. Sales Rep: Would you consider increasing the order? Customer: We are evaluating the next purchase.",Follow-up required
CALL002748,2019-06-01,90015147,A2821150804,Norway,Rep-10,5,"Sales Rep: Are you satisfied with the product? Customer: Yes, the product is performing well. Sales Rep: Would you consider increasing the order? Customer: We are evaluating the next purchase.",Follow-up required
CALL002749,2018-12-01,90017059,A5721110501,Portugal,Rep-24,29,"Sales Rep: Are you satisfied with the product? Customer: Yes, the product is performing well. Sales Rep: Would you consider increasing the order? Customer: We are evaluating the next purchase.",Follow-up required
CALL002750,2020-04-01,90010044,A4218110202,Bangladesh,Rep-04,19,"Sales Rep: Are you satisfied with the product? Customer: Yes, the product is performing well. Sales Rep: Would you consider increasing the order? Customer: We are evaluating the next purchase.",Follow-up required
CALL002751,2020-04-01,70005163,A7321160303,Pakistan,Rep-29,20,"Sales Rep: Are you satisfied with the product? Customer: Yes, the product is performing well. Sales Rep: Would you consider increasing the order? Customer: We are evaluating the next purchase.",Follow-up required
CALL002752,2019-04-01,70017060,A2620150601,Portugal,Rep-20,23,"Sales Rep: Are you satisfied with the product? Customer: Yes, the product is performing well. Sales Rep: Would you consider increasing the order? Customer: We are evaluating the next purchase.",Follow-up required
CALL002753,2020-08-01,70002017,A7019160401,India,Rep-06,25,"Sales Rep: Are you satisfied with the product? Customer: Yes, the product is performing well. Sales Rep: Would you consider increasing the order? Customer: We are evaluating the next purchase.",Follow-up required
CALL002754,2019-02-01,90021093,A3019150204,United Kingdom,Rep-20,9,"Sales Rep: Are you satisfied with the product? Customer: Yes, the product is performing well. Sales Rep: Would you consider increasing the order? Customer: We are evaluating the next purchase.",Follow-up required
CALL002755,2019-01-01,90009128,A6621160503,Newzealand,Rep-16,24,"Sales Rep: Are you satisfied with the product? Customer: Yes, the product is performing well. Sales Rep: Would you consider increasing the order? Customer: We are evaluating the next purchase.",Follow-up required
CALL002756,2019-03-01,90023025,A5721110501,Canada,Rep-24,10,"Sales Rep: Are you satisfied with the product? Customer: Yes, the product is performing well. Sales Rep: Would you consider increasing the order? Customer: We are evaluating the next purchase.",Follow-up required
CALL002757,2021-07-01,90004064,A5721110507,Japan,Rep-20,18,"Sales Rep: Are you satisfied with the product? Customer: Yes, the product is performing well. Sales Rep: Would you consider increasing the order? Customer: We are evaluating the next purchase.",Follow-up required
CALL002758,2020-05-01,70010048,A0118150101,Bangladesh,Rep-06,17,"Sales Rep: Are you satisfied with the product? Customer: Yes, the product is performing well. Sales Rep: Would you consider increasing the order? Customer: We are evaluating the next purchase.",Follow-up required
CALL002759,2020-01-01,90019200,A6818160202,Sweden,Rep-14,15,"Sales Rep: Are you satisfied with the product? Customer: Yes, the product is performing well. Sales Rep: Would you consider increasing the order? Customer: We are evaluating the next purchase.",Follow-up required
CALL002760,2021-05-01,90017053,A0519150203,Portugal,Rep-23,12,"Sales Rep: Are you satisfied with the product? Customer: Yes, the product is performing well. Sales Rep: Would you consider increasing the order? Customer: We are evaluating the next purchase.",Follow-up required
CALL002761,2021-06-01,90010046,A0620150305,Bangladesh,Rep-17,16,"Sales Rep: Are you satisfied with the product? Customer: Yes, the product is performing well. Sales Rep: Would you consider increasing the order? Customer: We are evaluating the next purchase.",Follow-up required
CALL002762,2019-12-01,90017057,A4720110701,Portugal,Rep-15,29,"Sales Rep: Are you satisfied with the product? Customer: Yes, the product is performing well. Sales Rep: Would you consider increasing the order? Customer: We are evaluating the next purchase.",Follow-up required
CALL002763,2021-07-01,90009132,A3920150305,Newzealand,Rep-28,28,"Sales Rep: Are you satisfied with the product? Customer: Yes, the product is performing well. Sales Rep: Would you consider increasing the order? Customer: We are evaluating the next purchase.",Follow-up required
CALL002764,2020-11-01,90017050,A3019150204,Portugal,Rep-10,4,"Sales Rep: Are you satisfied with the product? Customer: Yes, the product is performing well. Sales Rep: Would you consider increasing the order? Customer: We are evaluating the next purchase.",Follow-up required
CALL002765,2021-07-01,70012042,A7018160402,Germany,Rep-15,11,"Sales Rep: Are you satisfied with the product? Customer: Yes, the product is performing well. Sales Rep: Would you consider increasing the order? Customer: We are evaluating the next purchase.",Follow-up required
CALL002766,2020-01-01,70023031,A5318110107,Canada,Rep-05,6,"Sales Rep: Are you satisfied with the product? Customer: Yes, the product is performing well. Sales Rep: Would you consider increasing the order? Customer: We are evaluating the next purchase.",Follow-up required
CALL002767,2020-05-01,90020102,A5519110304,Austria,Rep-19,18,"Sales Rep: Are you satisfied with the product? Customer: Yes, the product is performing well. Sales Rep: Would you consider increasing the order? Customer: We are evaluating the next purchase.",Follow-up required
CALL002768,2021-03-01,90004063,A2021150503,Japan,Rep-26,25,"Sales Rep: Are you satisfied with the product? Customer: Yes, the product is performing well. Sales Rep: Would you consider increasing the order? Customer: We are evaluating the next purchase.",Follow-up required
CALL002769,2021-02-01,90008167,A1319150401,Australia,Rep-15,26,"Sales Rep: Are you satisfied with the product? Customer: Yes, the product is performing well. Sales Rep: Would you consider increasing the order? Customer: We are evaluating the next purchase.",Follow-up required
CALL002770,2018-10-01,90020098,A0118150102,Austria,Rep-25,12,"Sales Rep: Are you satisfied with the product? Customer: Yes, the product is performing well. Sales Rep: Would you consider increasing the order? Customer: We are evaluating the next purchase.",Follow-up required
CALL002771,2021-07-01,90012038,A2821150802,Germany,Rep-27,29,"Sales Rep: Are you satisfied with the product? Customer: Yes, the product is performing well. Sales Rep: Would you consider increasing the order? Customer: We are evaluating the next purchase.",Follow-up required
CALL002772,2021-06-01,90020100,A0320150301,Austria,Rep-22,16,"Sales Rep: Are you satisfied with the product? Customer: Yes, the product is performing well. Sales Rep: Would you consider increasing the order? Customer: We are evaluating the next purchase.",Follow-up required
CALL002773,2021-01-01,90011188,A2118150106,France,Rep-18,4,"Sales Rep: Are you satisfied with the product? Customer: Yes, the product is performing well. Sales Rep: Would you consider increasing the order? Customer: We are evaluating the next purchase.",Follow-up required
CALL002774,2019-10-01,90018106,A1819150301,Spain,Rep-29,27,"Sales Rep: Are you satisfied with the product? Customer: Yes, the product is performing well. Sales Rep: Would you consider increasing the order? Customer: We are evaluating the next purchase.",Follow-up required
CALL002775,2018-09-01,90018112,A6419160303,Spain,Rep-13,14,"Sales Rep: Are you satisfied with the product? Customer: Yes, the product is performing well. Sales Rep: Would you consider increasing the order? Customer: We are evaluating the next purchase.",Follow-up required
CALL002776,2021-06-01,70007198,A3220150404,South Korea,Rep-08,8,"Sales Rep: Are you satisfied with the product? Customer: Yes, the product is performing well. Sales Rep: Would you consider increasing the order? Customer: We are evaluating the next purchase.",Follow-up required
CALL002777,2021-04-01,90015148,A2520150505,Norway,Rep-07,23,"Sales Rep: Are you satisfied with the product? Customer: Yes, the product is performing well. Sales Rep: Would you consider increasing the order? Customer: We are evaluating the next purchase.",Follow-up required
CALL002778,2019-02-01,70010048,A3320150501,Bangladesh,Rep-02,26,"Sales Rep: Are you satisfied with the product? Customer: Yes, the product is performing well. Sales Rep: Would you consider increasing the order? Customer: We are evaluating the next purchase.",Follow-up required
CALL002779,2021-06-01,70010048,A0418150101,Bangladesh,Rep-06,12,"Sales Rep: Are you satisfied with the product? Customer: Yes, the product is performing well. Sales Rep: Would you consider increasing the order? Customer: We are evaluating the next purchase.",Follow-up required
CALL002780,2019-12-01,90001021,A3320150506,China,Rep-15,22,"Sales Rep: Are you satisfied with the product? Customer: Yes, the product is performing well. Sales Rep: Would you consider increasing the order? Customer: We are evaluating the next purchase.",Follow-up required
CALL002781,2019-11-01,70010048,A0118150103,Bangladesh,Rep-28,17,"Sales Rep: Are you satisfied with the product? Customer: Yes, the product is performing well. Sales Rep: Would you consider increasing the order? Customer: We are evaluating the next purchase.",Follow-up required
CALL002782,2020-10-01,90020099,A2419150402,Austria,Rep-01,15,"Sales Rep: Are you satisfied with the product? Customer: Yes, the product is performing well. Sales Rep: Would you consider increasing the order? Customer: We are evaluating the next purchase.",Follow-up required
CALL002783,2019-05-01,90011192,A4721110704,France,Rep-11,7,"Sales Rep: Are you satisfied with the product? Customer: Yes, the product is performing well. Sales Rep: Would you consider increasing the order? Customer: We are evaluating the next purchase.",Follow-up required
CALL002784,2019-10-01,70014142,A7220160203,Netherlands,Rep-16,23,"Sales Rep: Are you satisfied with the product? Customer: Yes, the product is performing well. Sales Rep: Would you consider increasing the order? Customer: We are evaluating the next purchase.",Follow-up required
CALL002785,2019-09-01,70017060,A6918160303,Portugal,Rep-09,17,"Sales Rep: Are you satisfied with the product? Customer: Yes, the product is performing well. Sales Rep: Would you consider increasing the order? Customer: We are evaluating the next purchase.",Follow-up required
CALL002786,2019-06-01,90004062,A4118110104,Japan,Rep-13,10,"Sales Rep: Are you satisfied with the product? Customer: Yes, the product is performing well. Sales Rep: Would you consider increasing the order? Customer: We are evaluating the next purchase.",Follow-up required
CALL002787,2021-01-01,90020101,A5621110408,Austria,Rep-23,13,"Sales Rep: Are you satisfied with the product? Customer: Yes, the product is performing well. Sales Rep: Would you consider increasing the order? Customer: We are evaluating the next purchase.",Follow-up required
CALL002788,2021-03-01,70021096,A1521150603,United Kingdom,Rep-24,13,"Sales Rep: Are you satisfied with the product? Customer: Yes, the product is performing well. Sales Rep: Would you consider increasing the order? Customer: We are evaluating the next purchase.",Follow-up required
CALL002789,2021-03-01,90004061,A6818160202,Japan,Rep-16,27,"Sales Rep: Are you satisfied with the product? Customer: Yes, the product is performing well. Sales Rep: Would you consider increasing the order? Customer: We are evaluating the next purchase.",Follow-up required
CALL002790,2019-02-01,70006158,A6519160401,Philiphines,Rep-04,4,"Sales Rep: Are you satisfied with the product? Customer: Yes, the product is performing well. Sales Rep: Would you consider increasing the order? Customer: We are evaluating the next purchase.",Follow-up required
CALL002791,2018-11-01,90004067,A4319110305,Japan,Rep-25,5,"Sales Rep: Are you satisfied with the product? Customer: Yes, the product is performing well. Sales Rep: Would you consider increasing the order? Customer: We are evaluating the next purchase.",Follow-up required
CALL002792,2018-12-01,70023031,A5621110408,Canada,Rep-22,18,"Sales Rep: Are you satisfied with the product? Customer: Yes, the product is performing well. Sales Rep: Would you consider increasing the order? Customer: We are evaluating the next purchase.",Follow-up required
CALL002793,2021-06-01,90002014,A4319110304,India,Rep-23,5,"Sales Rep: Are you satisfied with the product? Customer: Yes, the product is performing well. Sales Rep: Would you consider increasing the order? Customer: We are evaluating the next purchase.",Follow-up required
CALL002794,2019-12-01,90018114,A7020160403,Spain,Rep-27,23,"Sales Rep: Are you satisfied with the product? Customer: Yes, the product is performing well. Sales Rep: Would you consider increasing the order? Customer: We are evaluating the next purchase.",Follow-up required
CALL002795,2021-05-01,80007196,A1118150201,South Korea,Rep-25,29,"Sales Rep: Are you satisfied with the product? Customer: Yes, the product is performing well. Sales Rep: Would you consider increasing the order? Customer: We are evaluating the next purchase.",Follow-up required
CALL002796,2020-09-01,90023027,A4620110606,Canada,Rep-12,25,"Sales Rep: Are you satisfied with the product? Customer: Yes, the product is performing well. Sales Rep: Would you consider increasing the order? Customer: We are evaluating the next purchase.",Follow-up required
CALL002797,2021-08-01,70007199,A0821150501,South Korea,Rep-04,22,"Sales Rep: Are you satisfied with the product? Customer: Yes, the product is performing well. Sales Rep: Would you consider increasing the order? Customer: We are evaluating the next purchase.",Follow-up required
CALL002798,2021-06-01,90004065,A5318110103,Japan,Rep-09,15,"Sales Rep: Are you satisfied with the product? Customer: Yes, the product is performing well. Sales Rep: Would you consider increasing the order? Customer: We are evaluating the next purchase.",Follow-up required
CALL002799,2018-10-01,90016171,A7219160201,Poland,Rep-27,24,"Sales Rep: Are you satisfied with the product? Customer: Yes, the product is performing well. Sales Rep: Would you consider increasing the order? Customer: We are evaluating the next purchase.",Follow-up required
CALL002800,2020-01-01,90001020,A4419110408,China,Rep-16,9,"Sales Rep: Are you satisfied with the product? Customer: Yes, the product is performing well. Sales Rep: Would you consider increasing the order? Customer: We are evaluating the next purchase.",Follow-up required
CALL002801,2020-10-01,90016176,A4821110805,Poland,Rep-02,9,"Sales Rep: Are you satisfied with the product? Customer: Yes, the product is performing well. Sales Rep: Would you consider increasing the order? Customer: We are evaluating the next purchase.",Follow-up required
CALL002802,2019-11-01,70007198,A0519150202,South Korea,Rep-23,14,"Sales Rep: Are you satisfied with the product? Customer: Yes, the product is performing well. Sales Rep: Would you consider increasing the order? Customer: We are evaluating the next purchase.",Follow-up required
CALL002803,2019-05-01,90001020,A0621150308,China,Rep-13,28,"Sales Rep: Are you satisfied with the product? Customer: Yes, the product is performing well. Sales Rep: Would you consider increasing the order? Customer: We are evaluating the next purchase.",Follow-up required
CALL002804,2018-12-01,90001021,A5318110105,China,Rep-22,12,"Sales Rep: Are you satisfied with the product? Customer: Yes, the product is performing well. Sales Rep: Would you consider increasing the order? Customer: We are evaluating the next purchase.",Follow-up required
CALL002805,2020-07-01,90012037,A1119150203,Germany,Rep-01,8,"Sales Rep: Are you satisfied with the product? Customer: Yes, the product is performing well. Sales Rep: Would you consider increasing the order? Customer: We are evaluating the next purchase.",Follow-up required
CALL002806,2021-03-01,90019201,A6018110105,Sweden,Rep-14,27,"Sales Rep: Are you satisfied with the product? Customer: Yes, the product is performing well. Sales Rep: Would you consider increasing the order? Customer: We are evaluating the next purchase.",Follow-up required
CALL002807,2021-01-01,90015150,A4218110208,Norway,Rep-01,14,"Sales Rep: Are you satisfied with the product? Customer: Yes, the product is performing well. Sales Rep: Would you consider increasing the order? Customer: We are evaluating the next purchase.",Follow-up required
CALL002808,2020-12-01,90021095,A1919150401,United Kingdom,Rep-16,12,"Sales Rep: Are you satisfied with the product? Customer: Yes, the product is performing well. Sales Rep: Would you consider increasing the order? Customer: We are evaluating the next purchase.",Follow-up required
CALL002809,2019-11-01,90005160,A3320150504,Pakistan,Rep-13,18,"Sales Rep: Are you satisfied with the product? Customer: Yes, the product is performing well. Sales Rep: Would you consider increasing the order? Customer: We are evaluating the next purchase.",Follow-up required
CALL002810,2020-01-01,90020098,A2118150101,Austria,Rep-29,18,"Sales Rep: Are you satisfied with the product? Customer: Yes, the product is performing well. Sales Rep: Would you consider increasing the order? Customer: We are evaluating the next purchase.",Follow-up required
CALL002811,2019-06-01,70011193,A2520150502,France,Rep-03,22,"Sales Rep: Are you satisfied with the product? Customer: Yes, the product is performing well. Sales Rep: Would you consider increasing the order? Customer: We are evaluating the next purchase.",Follow-up required
CALL002812,2021-06-01,90012037,A2918150105,Germany,Rep-27,20,"Sales Rep: Are you satisfied with the product? Customer: Yes, the product is performing well. Sales Rep: Would you consider increasing the order? Customer: We are evaluating the next purchase.",Follow-up required
CALL002813,2019-02-01,90005160,A4118110102,Pakistan,Rep-21,4,"Sales Rep: Are you satisfied with the product? Customer: Yes, the product is performing well. Sales Rep: Would you consider increasing the order? Customer: We are evaluating the next purchase.",Follow-up required
CALL002814,2018-12-01,90014139,A6720160103,Netherlands,Rep-26,21,"Sales Rep: Are you satisfied with the product? Customer: Yes, the product is performing well. Sales Rep: Would you consider increasing the order? Customer: We are evaluating the next purchase.",Follow-up required
CALL002815,2020-03-01,90011187,A2918150102,France,Rep-04,5,"Sales Rep: Are you satisfied with the product? Customer: Yes, the product is performing well. Sales Rep: Would you consider increasing the order? Customer: We are evaluating the next purchase.",Follow-up required
CALL002816,2019-03-01,90023022,A1421150503,Canada,Rep-21,28,"Sales Rep: Are you satisfied with the product? Customer: Yes, the product is performing well. Sales Rep: Would you consider increasing the order? Customer: We are evaluating the next purchase.",Follow-up required
CALL002817,2021-01-01,90013124,A7118160101,Italy,Rep-23,10,"Sales Rep: Are you satisfied with the product? Customer: Yes, the product is performing well. Sales Rep: Would you consider increasing the order? Customer: We are evaluating the next purchase.",Follow-up required
CALL002818,2021-03-01,90015149,A1420150501,Norway,Rep-09,12,"Sales Rep: Are you satisfied with the product? Customer: Yes, the product is performing well. Sales Rep: Would you consider increasing the order? Customer: We are evaluating the next purchase.",Follow-up required
CALL002819,2020-01-01,70010048,A4419110406,Bangladesh,Rep-14,4,"Sales Rep: Are you satisfied with the product? Customer: Yes, the product is performing well. Sales Rep: Would you consider increasing the order? Customer: We are evaluating the next purchase.",Follow-up required
CALL002820,2021-07-01,90011192,A0821150501,France,Rep-04,13,"Sales Rep: Are you satisfied with the product? Customer: Yes, the product is performing well. Sales Rep: Would you consider increasing the order? Customer: We are evaluating the next purchase.",Follow-up required
CALL002821,2020-06-01,70019204,A4821110804,Sweden,Rep-21,21,"Sales Rep: Are you satisfied with the product? Customer: Yes, the product is performing well. Sales Rep: Would you consider increasing the order? Customer: We are evaluating the next purchase.",Follow-up required
CALL002822,2020-01-01,70011194,A3019150205,France,Rep-11,29,"Sales Rep: Are you satisfied with the product? Customer: Yes, the product is performing well. Sales Rep: Would you consider increasing the order? Customer: We are evaluating the next purchase.",Follow-up required
CALL002823,2020-12-01,90018112,A7321160303,Spain,Rep-07,22,"Sales Rep: Are you satisfied with the product? Customer: Yes, the product is performing well. Sales Rep: Would you consider increasing the order? Customer: We are evaluating the next purchase.",Follow-up required
CALL002824,2021-01-01,70021096,A6018110102,United Kingdom,Rep-07,29,"Sales Rep: Are you satisfied with the product? Customer: Yes, the product is performing well. Sales Rep: Would you consider increasing the order? Customer: We are evaluating the next purchase.",Follow-up required
CALL002825,2020-09-01,90002003,A4620110608,India,Rep-09,8,"Sales Rep: Are you satisfied with the product? Customer: Yes, the product is performing well. Sales Rep: Would you consider increasing the order? Customer: We are evaluating the next purchase.",Follow-up required
CALL002826,2018-12-01,90017055,A1219150303,Portugal,Rep-21,18,"Sales Rep: Are you satisfied with the product? Customer: Yes, the product is performing well. Sales Rep: Would you consider increasing the order? Customer: We are evaluating the next purchase.",Follow-up required
CALL002827,2021-05-01,70016177,A6018110103,Poland,Rep-07,5,"Sales Rep: Are you satisfied with the product? Customer: Yes, the product is performing well. Sales Rep: Would you consider increasing the order? Customer: We are evaluating the next purchase.",Follow-up required
CALL002828,2019-03-01,70010047,A2219150204,Bangladesh,Rep-12,7,"Sales Rep: Are you satisfied with the product? Customer: Yes, the product is performing well. Sales Rep: Would you consider increasing the order? Customer: We are evaluating the next purchase.",Follow-up required
CALL002829,2020-10-01,90023029,A4821110808,Canada,Rep-15,11,"Sales Rep: Are you satisfied with the product? Customer: Yes, the product is performing well. Sales Rep: Would you consider increasing the order? Customer: We are evaluating the next purchase.",Follow-up required
CALL002830,2020-12-01,90002005,A5620110402,India,Rep-10,22,"Sales Rep: Are you satisfied with the product? Customer: Yes, the product is performing well. Sales Rep: Would you consider increasing the order? Customer: We are evaluating the next purchase.",Follow-up required
CALL002831,2019-06-01,90003179,A1618150101,Indonesia,Rep-26,13,"Sales Rep: Are you satisfied with the product? Customer: Yes, the product is performing well. Sales Rep: Would you consider increasing the order? Customer: We are evaluating the next purchase.",Follow-up required
CALL002832,2019-06-01,90020100,A0620150303,Austria,Rep-22,11,"Sales Rep: Are you satisfied with the product? Customer: Yes, the product is performing well. Sales Rep: Would you consider increasing the order? Customer: We are evaluating the next purchase.",Follow-up required
CALL002833,2019-11-01,90002005,A2721150702,India,Rep-22,4,"Sales Rep: Are you satisfied with the product? Customer: Yes, the product is performing well. Sales Rep: Would you consider increasing the order? Customer: We are evaluating the next purchase.",Follow-up required
CALL002834,2019-09-01,80007195,A5721110504,South Korea,Rep-07,17,"Sales Rep: Are you satisfied with the product? Customer: Yes, the product is performing well. Sales Rep: Would you consider increasing the order? Customer: We are evaluating the next purchase.",Follow-up required
CALL002835,2019-04-01,90011187,A3621150806,France,Rep-27,27,"Sales Rep: Are you satisfied with the product? Customer: Yes, the product is performing well. Sales Rep: Would you consider increasing the order? Customer: We are evaluating the next purchase.",Follow-up required
CALL002836,2019-09-01,90022077,A6319160203,USA,Rep-05,19,"Sales Rep: Are you satisfied with the product? Customer: Yes, the product is performing well. Sales Rep: Would you consider increasing the order? Customer: We are evaluating the next purchase.",Follow-up required
CALL002837,2019-09-01,90005159,A4720110702,Pakistan,Rep-16,17,"Sales Rep: Are you satisfied with the product? Customer: Yes, the product is performing well. Sales Rep: Would you consider increasing the order? Customer: We are evaluating the next purchase.",Follow-up required
CALL002838,2021-04-01,90009128,A1718150203,Newzealand,Rep-18,23,"Sales Rep: Are you satisfied with the product? Customer: Yes, the product is performing well. Sales Rep: Would you consider increasing the order? Customer: We are evaluating the next purchase.",Follow-up required
CALL002839,2019-08-01,90011192,A3019150205,France,Rep-18,12,"Sales Rep: Are you satisfied with the product? Customer: Yes, the product is performing well. Sales Rep: Would you consider increasing the order? Customer: We are evaluating the next purchase.",Follow-up required
CALL002840,2019-03-01,90020101,A7118160101,Austria,Rep-12,27,"Sales Rep: Are you satisfied with the product? Customer: Yes, the product is performing well. Sales Rep: Would you consider increasing the order? Customer: We are evaluating the next purchase.",Follow-up required
CALL002841,2018-12-01,90003180,A2319150302,Indonesia,Rep-01,13,"Sales Rep: Are you satisfied with the product? Customer: Yes, the product is performing well. Sales Rep: Would you consider increasing the order? Customer: We are evaluating the next purchase.",Follow-up required
CALL002842,2021-07-01,90010046,A4218110201,Bangladesh,Rep-10,12,"Sales Rep: Are you satisfied with the product? Customer: Yes, the product is performing well. Sales Rep: Would you consider increasing the order? Customer: We are evaluating the next purchase.",Follow-up required
CALL002843,2019-10-01,70007199,A1018150102,South Korea,Rep-22,29,"Sales Rep: Are you satisfied with the product? Customer: Yes, the product is performing well. Sales Rep: Would you consider increasing the order? Customer: We are evaluating the next purchase.",Follow-up required
CALL002844,2020-07-01,90008168,A6520160402,Australia,Rep-20,30,"Sales Rep: Are you satisfied with the product? Customer: Yes, the product is performing well. Sales Rep: Would you consider increasing the order? Customer: We are evaluating the next purchase.",Follow-up required
CALL002845,2021-08-01,70008169,A7220160202,Australia,Rep-10,27,"Sales Rep: Are you satisfied with the product? Customer: Yes, the product is performing well. Sales Rep: Would you consider increasing the order? Customer: We are evaluating the next purchase.",Follow-up required
CALL002846,2021-07-01,90020100,A2319150305,Austria,Rep-04,13,"Sales Rep: Are you satisfied with the product? Customer: Yes, the product is performing well. Sales Rep: Would you consider increasing the order? Customer: We are evaluating the next purchase.",Follow-up required
CALL002847,2019-08-01,90002003,A5620110401,India,Rep-28,16,"Sales Rep: Are you satisfied with the product? Customer: Yes, the product is performing well. Sales Rep: Would you consider increasing the order? Customer: We are evaluating the next purchase.",Follow-up required
CALL002848,2019-11-01,90006153,A3621150806,Philiphines,Rep-28,17,"Sales Rep: Are you satisfied with the product? Customer: Yes, the product is performing well. Sales Rep: Would you consider increasing the order? Customer: We are evaluating the next purchase.",Follow-up required
CALL002849,2020-06-01,90023027,A2821150801,Canada,Rep-17,20,"Sales Rep: Are you satisfied with the product? Customer: Yes, the product is performing well. Sales Rep: Would you consider increasing the order? Customer: We are evaluating the next purchase.",Follow-up required
CALL002850,2021-05-01,90014136,A7020160403,Netherlands,Rep-18,27,"Sales Rep: Are you satisfied with the product? Customer: Yes, the product is performing well. Sales Rep: Would you consider increasing the order? Customer: We are evaluating the next purchase.",Follow-up required
CALL002851,2019-06-01,90008165,A3819150205,Australia,Rep-04,18,"Sales Rep: Are you satisfied with the product? Customer: Yes, the product is performing well. Sales Rep: Would you consider increasing the order? Customer: We are evaluating the next purchase.",Follow-up required
CALL002852,2019-07-01,90021086,A5419110208,United Kingdom,Rep-08,19,"Sales Rep: Are you satisfied with the product? Customer: Yes, the product is performing well. Sales Rep: Would you consider increasing the order? Customer: We are evaluating the next purchase.",Follow-up required
CALL002853,2021-02-01,90008168,A2520150505,Australia,Rep-04,18,"Sales Rep: Are you satisfied with the product? Customer: Yes, the product is performing well. Sales Rep: Would you consider increasing the order? Customer: We are evaluating the next purchase.",Follow-up required
CALL002854,2018-12-01,90023027,A1919150401,Canada,Rep-28,23,"Sales Rep: Are you satisfied with the product? Customer: Yes, the product is performing well. Sales Rep: Would you consider increasing the order? Customer: We are evaluating the next purchase.",Follow-up required
CALL002855,2021-03-01,90017054,A3420150602,Portugal,Rep-26,18,"Sales Rep: Are you satisfied with the product? Customer: Yes, the product is performing well. Sales Rep: Would you consider increasing the order? Customer: We are evaluating the next purchase.",Follow-up required
CALL002856,2019-03-01,70011194,A5520110305,France,Rep-21,7,"Sales Rep: Are you satisfied with the product? Customer: Yes, the product is performing well. Sales Rep: Would you consider increasing the order? Customer: We are evaluating the next purchase.",Follow-up required
CALL002857,2019-05-01,90012037,A3421150606,Germany,Rep-22,8,"Sales Rep: Are you satisfied with the product? Customer: Yes, the product is performing well. Sales Rep: Would you consider increasing the order? Customer: We are evaluating the next purchase.",Follow-up required
CALL002858,2021-07-01,90004068,A4118110105,Japan,Rep-20,24,"Sales Rep: Are you satisfied with the product? Customer: Yes, the product is performing well. Sales Rep: Would you consider increasing the order? Customer: We are evaluating the next purchase.",Follow-up required
CALL002859,2019-07-01,90022075,A4721110705,USA,Rep-27,9,"Sales Rep: Are you satisfied with the product? Customer: Yes, the product is performing well. Sales Rep: Would you consider increasing the order? Customer: We are evaluating the next purchase.",Follow-up required
CALL002860,2019-04-01,90002016,A4218110202,India,Rep-29,10,"Sales Rep: Are you satisfied with the product? Customer: Yes, the product is performing well. Sales Rep: Would you consider increasing the order? Customer: We are evaluating the next purchase.",Follow-up required
CALL002861,2019-09-01,70016177,A2419150404,Poland,Rep-08,22,"Sales Rep: Are you satisfied with the product? Customer: Yes, the product is performing well. Sales Rep: Would you consider increasing the order? Customer: We are evaluating the next purchase.",Follow-up required
CALL002862,2021-01-01,90005160,A0418150102,Pakistan,Rep-09,17,"Sales Rep: Are you satisfied with the product? Customer: Yes, the product is performing well. Sales Rep: Would you consider increasing the order? Customer: We are evaluating the next purchase.",Follow-up required
CALL002863,2020-04-01,70015151,A0118150103,Norway,Rep-17,18,"Sales Rep: Are you satisfied with the product? Customer: Yes, the product is performing well. Sales Rep: Would you consider increasing the order? Customer: We are evaluating the next purchase.",Follow-up required
CALL002864,2018-11-01,90001021,A3621150804,China,Rep-07,24,"Sales Rep: Are you satisfied with the product? Customer: Yes, the product is performing well. Sales Rep: Would you consider increasing the order? Customer: We are evaluating the next purchase.",Follow-up required
CALL002865,2019-03-01,70010047,A2720150701,Bangladesh,Rep-04,14,"Sales Rep: Are you satisfied with the product? Customer: Yes, the product is performing well. Sales Rep: Would you consider increasing the order? Customer: We are evaluating the next purchase.",Follow-up required
CALL002866,2020-12-01,90017053,A2219150205,Portugal,Rep-20,5,"Sales Rep: Are you satisfied with the product? Customer: Yes, the product is performing well. Sales Rep: Would you consider increasing the order? Customer: We are evaluating the next purchase.",Follow-up required
CALL002867,2021-06-01,90019203,A2821150801,Sweden,Rep-25,25,"Sales Rep: Are you satisfied with the product? Customer: Yes, the product is performing well. Sales Rep: Would you consider increasing the order? Customer: We are evaluating the next purchase.",Follow-up required
CALL002868,2020-12-01,90002005,A1819150304,India,Rep-07,6,"Sales Rep: Are you satisfied with the product? Customer: Yes, the product is performing well. Sales Rep: Would you consider increasing the order? Customer: We are evaluating the next purchase.",Follow-up required
CALL002869,2019-03-01,70004069,A3220150404,Japan,Rep-21,30,"Sales Rep: Are you satisfied with the product? Customer: Yes, the product is performing well. Sales Rep: Would you consider increasing the order? Customer: We are evaluating the next purchase.",Follow-up required
CALL002870,2020-08-01,70012042,A5621110408,Germany,Rep-21,25,"Sales Rep: Are you satisfied with the product? Customer: Yes, the product is performing well. Sales Rep: Would you consider increasing the order? Customer: We are evaluating the next purchase.",Follow-up required
CALL002871,2019-10-01,90018109,A6520160403,Spain,Rep-10,23,"Sales Rep: Are you satisfied with the product? Customer: Yes, the product is performing well. Sales Rep: Would you consider increasing the order? Customer: We are evaluating the next purchase.",Follow-up required
CALL002872,2020-07-01,90020098,A6718160102,Austria,Rep-07,29,"Sales Rep: Are you satisfied with the product? Customer: Yes, the product is performing well. Sales Rep: Would you consider increasing the order? Customer: We are evaluating the next purchase.",Follow-up required
CALL002873,2019-01-01,90018105,A4218110202,Spain,Rep-03,4,"Sales Rep: Are you satisfied with the product? Customer: Yes, the product is performing well. Sales Rep: Would you consider increasing the order? Customer: We are evaluating the next purchase.",Follow-up required
CALL002874,2020-12-01,90004066,A4020150401,Japan,Rep-02,11,"Sales Rep: Are you satisfied with the product? Customer: Yes, the product is performing well. Sales Rep: Would you consider increasing the order? Customer: We are evaluating the next purchase.",Follow-up required
CALL002875,2019-02-01,70013125,A0418150102,Italy,Rep-13,16,"Sales Rep: Are you satisfied with the product? Customer: Yes, the product is performing well. Sales Rep: Would you consider increasing the order? Customer: We are evaluating the next purchase.",Follow-up required
CALL002876,2021-01-01,90019203,A0118150101,Sweden,Rep-08,13,"Sales Rep: Are you satisfied with the product? Customer: Yes, the product is performing well. Sales Rep: Would you consider increasing the order? Customer: We are evaluating the next purchase.",Follow-up required
CALL002877,2020-11-01,90017050,A2821150802,Portugal,Rep-19,9,"Sales Rep: Are you satisfied with the product? Customer: Yes, the product is performing well. Sales Rep: Would you consider increasing the order? Customer: We are evaluating the next purchase.",Follow-up required
CALL002878,2021-07-01,90020099,A1421150503,Austria,Rep-14,25,"Sales Rep: Are you satisfied with the product? Customer: Yes, the product is performing well. Sales Rep: Would you consider increasing the order? Customer: We are evaluating the next purchase.",Follow-up required
CALL002879,2020-05-01,70007198,A1521150603,South Korea,Rep-01,27,"Sales Rep: Are you satisfied with the product? Customer: Yes, the product is performing well. Sales Rep: Would you consider increasing the order? Customer: We are evaluating the next purchase.",Follow-up required
CALL002880,2019-01-01,90015144,A3421150606,Norway,Rep-01,5,"Sales Rep: Are you satisfied with the product? Customer: Yes, the product is performing well. Sales Rep: Would you consider increasing the order? Customer: We are evaluating the next purchase.",Follow-up required
CALL002881,2021-02-01,70011193,A4519110502,France,Rep-30,14,"Sales Rep: Are you satisfied with the product? Customer: Yes, the product is performing well. Sales Rep: Would you consider increasing the order? Customer: We are evaluating the next purchase.",Follow-up required
CALL002882,2021-01-01,90001020,A0321150303,China,Rep-01,21,"Sales Rep: Are you satisfied with the product? Customer: Yes, the product is performing well. Sales Rep: Would you consider increasing the order? Customer: We are evaluating the next purchase.",Follow-up required
CALL002883,2019-05-01,90022074,A3421150605,USA,Rep-11,26,"Sales Rep: Are you satisfied with the product? Customer: Yes, the product is performing well. Sales Rep: Would you consider increasing the order? Customer: We are evaluating the next purchase.",Follow-up required
CALL002884,2021-07-01,70019204,A0118150102,Sweden,Rep-07,21,"Sales Rep: Are you satisfied with the product? Customer: Yes, the product is performing well. Sales Rep: Would you consider increasing the order? Customer: We are evaluating the next purchase.",Follow-up required
CALL002885,2021-07-01,90004067,A4821110807,Japan,Rep-17,24,"Sales Rep: Are you satisfied with the product? Customer: Yes, the product is performing well. Sales Rep: Would you consider increasing the order? Customer: We are evaluating the next purchase.",Follow-up required
CALL002886,2020-07-01,90012041,A2319150304,Germany,Rep-03,14,"Sales Rep: Are you satisfied with the product? Customer: Yes, the product is performing well. Sales Rep: Would you consider increasing the order? Customer: We are evaluating the next purchase.",Follow-up required
CALL002887,2021-07-01,70010047,A2118150102,Bangladesh,Rep-18,14,"Sales Rep: Are you satisfied with the product? Customer: Yes, the product is performing well. Sales Rep: Would you consider increasing the order? Customer: We are evaluating the next purchase.",Follow-up required
CALL002888,2021-01-01,70019204,A6419160302,Sweden,Rep-22,11,"Sales Rep: Are you satisfied with the product? Customer: Yes, the product is performing well. Sales Rep: Would you consider increasing the order? Customer: We are evaluating the next purchase.",Follow-up required
CALL002889,2020-05-01,90010044,A6620160501,Bangladesh,Rep-13,16,"Sales Rep: Are you satisfied with the product? Customer: Yes, the product is performing well. Sales Rep: Would you consider increasing the order? Customer: We are evaluating the next purchase.",Follow-up required
CALL002890,2018-10-01,90014135,A2918150102,Netherlands,Rep-26,7,"Sales Rep: Are you satisfied with the product? Customer: Yes, the product is performing well. Sales Rep: Would you consider increasing the order? Customer: We are evaluating the next purchase.",Follow-up required
CALL002891,2020-07-01,90012035,A3220150401,Germany,Rep-05,22,"Sales Rep: Are you satisfied with the product? Customer: Yes, the product is performing well. Sales Rep: Would you consider increasing the order? Customer: We are evaluating the next purchase.",Follow-up required
CALL002892,2020-01-01,90022082,A3019150205,USA,Rep-30,8,"Sales Rep: Are you satisfied with the product? Customer: Yes, the product is performing well. Sales Rep: Would you consider increasing the order? Customer: We are evaluating the next purchase.",Follow-up required
CALL002893,2019-11-01,90002003,A1219150301,India,Rep-26,29,"Sales Rep: Are you satisfied with the product? Customer: Yes, the product is performing well. Sales Rep: Would you consider increasing the order? Customer: We are evaluating the next purchase.",Follow-up required
CALL002894,2020-02-01,90002006,A4218110206,India,Rep-01,13,"Sales Rep: Are you satisfied with the product? Customer: Yes, the product is performing well. Sales Rep: Would you consider increasing the order? Customer: We are evaluating the next purchase.",Follow-up required
CALL002895,2019-03-01,90020101,A2821150804,Austria,Rep-29,4,"Sales Rep: Are you satisfied with the product? Customer: Yes, the product is performing well. Sales Rep: Would you consider increasing the order? Customer: We are evaluating the next purchase.",Follow-up required
CALL002896,2019-05-01,70013126,A4520110504,Italy,Rep-24,13,"Sales Rep: Are you satisfied with the product? Customer: Yes, the product is performing well. Sales Rep: Would you consider increasing the order? Customer: We are evaluating the next purchase.",Follow-up required
CALL002897,2019-12-01,70003181,A5318110103,Indonesia,Rep-19,7,"Sales Rep: Are you satisfied with the product? Customer: Yes, the product is performing well. Sales Rep: Would you consider increasing the order? Customer: We are evaluating the next purchase.",Follow-up required
CALL002898,2020-02-01,70007199,A1320150403,South Korea,Rep-26,23,"Sales Rep: Are you satisfied with the product? Customer: Yes, the product is performing well. Sales Rep: Would you consider increasing the order? Customer: We are evaluating the next purchase.",Follow-up required
CALL002899,2021-04-01,70015152,A4821110807,Norway,Rep-23,6,"Sales Rep: Are you satisfied with the product? Customer: Yes, the product is performing well. Sales Rep: Would you consider increasing the order? Customer: We are evaluating the next purchase.",Follow-up required
CALL002900,2018-12-01,90020097,A3018150202,Austria,Rep-10,10,"Sales Rep: Are you satisfied with the product? Customer: Yes, the product is performing well. Sales Rep: Would you consider increasing the order? Customer: We are evaluating the next purchase.",Follow-up required
CALL002901,2019-04-01,90022075,A5419110201,USA,Rep-07,10,"Sales Rep: Are you satisfied with the product? Customer: Yes, the product is performing well. Sales Rep: Would you consider increasing the order? Customer: We are evaluating the next purchase.",Follow-up required
CALL002902,2020-10-01,90005159,A4620110605,Pakistan,Rep-30,21,"Sales Rep: Are you satisfied with the product? Customer: Yes, the product is performing well. Sales Rep: Would you consider increasing the order? Customer: We are evaluating the next purchase.",Follow-up required
CALL002903,2019-12-01,90011188,A3621150802,France,Rep-13,22,"Sales Rep: Are you satisfied with the product? Customer: Yes, the product is performing well. Sales Rep: Would you consider increasing the order? Customer: We are evaluating the next purchase.",Follow-up required
CALL002904,2019-02-01,90014141,A4821110807,Netherlands,Rep-18,15,"Sales Rep: Are you satisfied with the product? Customer: Yes, the product is performing well. Sales Rep: Would you consider increasing the order? Customer: We are evaluating the next purchase.",Follow-up required
CALL002905,2019-09-01,90019200,A0418150103,Sweden,Rep-25,13,"Sales Rep: Are you satisfied with the product? Customer: Yes, the product is performing well. Sales Rep: Would you consider increasing the order? Customer: We are evaluating the next purchase.",Follow-up required
CALL002906,2019-07-01,90019200,A2821150802,Sweden,Rep-05,28,"Sales Rep: Are you satisfied with the product? Customer: Yes, the product is performing well. Sales Rep: Would you consider increasing the order? Customer: We are evaluating the next purchase.",Follow-up required
CALL002907,2020-04-01,70016178,A4318110301,Poland,Rep-30,23,"Sales Rep: Are you satisfied with the product? Customer: Yes, the product is performing well. Sales Rep: Would you consider increasing the order? Customer: We are evaluating the next purchase.",Follow-up required
CALL002908,2021-02-01,90020100,A6119110202,Austria,Rep-12,23,"Sales Rep: Are you satisfied with the product? Customer: Yes, the product is performing well. Sales Rep: Would you consider increasing the order? Customer: We are evaluating the next purchase.",Follow-up required
CALL002909,2021-03-01,90011192,A5419110202,France,Rep-20,13,"Sales Rep: Are you satisfied with the product? Customer: Yes, the product is performing well. Sales Rep: Would you consider increasing the order? Customer: We are evaluating the next purchase.",Follow-up required
CALL002910,2021-08-01,70022085,A4218110205,USA,Rep-18,20,"Sales Rep: Are you satisfied with the product? Customer: Yes, the product is performing well. Sales Rep: Would you consider increasing the order? Customer: We are evaluating the next purchase.",Follow-up required
CALL002911,2018-11-01,70015151,A0219150201,Norway,Rep-08,29,"Sales Rep: Are you satisfied with the product? Customer: Yes, the product is performing well. Sales Rep: Would you consider increasing the order? Customer: We are evaluating the next purchase.",Follow-up required
CALL002912,2019-06-01,70023031,A6520160403,Canada,Rep-03,9,"Sales Rep: Are you satisfied with the product? Customer: Yes, the product is performing well. Sales Rep: Would you consider increasing the order? Customer: We are evaluating the next purchase.",Follow-up required
CALL002913,2019-06-01,70007198,A0321150303,South Korea,Rep-05,9,"Sales Rep: Are you satisfied with the product? Customer: Yes, the product is performing well. Sales Rep: Would you consider increasing the order? Customer: We are evaluating the next purchase.",Follow-up required
CALL002914,2020-04-01,90010044,A2620150601,Bangladesh,Rep-05,28,"Sales Rep: Are you satisfied with the product? Customer: Yes, the product is performing well. Sales Rep: Would you consider increasing the order? Customer: We are evaluating the next purchase.",Follow-up required
CALL002915,2021-04-01,90012040,A5721110504,Germany,Rep-29,11,"Sales Rep: Are you satisfied with the product? Customer: Yes, the product is performing well. Sales Rep: Would you consider increasing the order? Customer: We are evaluating the next purchase.",Follow-up required
CALL002916,2020-06-01,70008169,A2021150503,Australia,Rep-21,9,"Sales Rep: Are you satisfied with the product? Customer: Yes, the product is performing well. Sales Rep: Would you consider increasing the order? Customer: We are evaluating the next purchase.",Follow-up required
CALL002917,2020-04-01,90009129,A5318110108,Newzealand,Rep-26,16,"Sales Rep: Are you satisfied with the product? Customer: Yes, the product is performing well. Sales Rep: Would you consider increasing the order? Customer: We are evaluating the next purchase.",Follow-up required
CALL002918,2019-01-01,70015152,A5721110502,Norway,Rep-11,22,"Sales Rep: Are you satisfied with the product? Customer: Yes, the product is performing well. Sales Rep: Would you consider increasing the order? Customer: We are evaluating the next purchase.",Follow-up required
CALL002919,2019-09-01,90020103,A6519160401,Austria,Rep-20,14,"Sales Rep: Are you satisfied with the product? Customer: Yes, the product is performing well. Sales Rep: Would you consider increasing the order? Customer: We are evaluating the next purchase.",Follow-up required
CALL002920,2021-01-01,90014136,A7220160202,Netherlands,Rep-23,23,"Sales Rep: Are you satisfied with the product? Customer: Yes, the product is performing well. Sales Rep: Would you consider increasing the order? Customer: We are evaluating the next purchase.",Follow-up required
CALL002921,2019-05-01,70004070,A5318110107,Japan,Rep-30,23,"Sales Rep: Are you satisfied with the product? Customer: Yes, the product is performing well. Sales Rep: Would you consider increasing the order? Customer: We are evaluating the next purchase.",Follow-up required
CALL002922,2019-07-01,90017055,A1219150303,Portugal,Rep-08,15,"Sales Rep: Are you satisfied with the product? Customer: Yes, the product is performing well. Sales Rep: Would you consider increasing the order? Customer: We are evaluating the next purchase.",Follow-up required
CALL002923,2021-08-01,90017049,A5318110104,Portugal,Rep-05,7,"Sales Rep: Are you satisfied with the product? Customer: Yes, the product is performing well. Sales Rep: Would you consider increasing the order? Customer: We are evaluating the next purchase.",Follow-up required
CALL002924,2019-05-01,90017055,A2918150106,Portugal,Rep-27,6,"Sales Rep: Are you satisfied with the product? Customer: Yes, the product is performing well. Sales Rep: Would you consider increasing the order? Customer: We are evaluating the next purchase.",Follow-up required
CALL002925,2019-09-01,90005159,A2821150802,Pakistan,Rep-19,9,"Sales Rep: Are you satisfied with the product? Customer: Yes, the product is performing well. Sales Rep: Would you consider increasing the order? Customer: We are evaluating the next purchase.",Follow-up required
CALL002926,2020-03-01,90011191,A7119160103,France,Rep-20,29,"Sales Rep: Are you satisfied with the product? Customer: Yes, the product is performing well. Sales Rep: Would you consider increasing the order? Customer: We are evaluating the next purchase.",Follow-up required
CALL002927,2018-09-01,70011194,A2918150106,France,Rep-02,4,"Sales Rep: Are you satisfied with the product? Customer: Yes, the product is performing well. Sales Rep: Would you consider increasing the order? Customer: We are evaluating the next purchase.",Follow-up required
CALL002928,2021-05-01,90020100,A5318110108,Austria,Rep-13,14,"Sales Rep: Are you satisfied with the product? Customer: Yes, the product is performing well. Sales Rep: Would you consider increasing the order? Customer: We are evaluating the next purchase.",Follow-up required
CALL002929,2019-10-01,90020101,A4218110204,Austria,Rep-07,26,"Sales Rep: Are you satisfied with the product? Customer: Yes, the product is performing well. Sales Rep: Would you consider increasing the order? Customer: We are evaluating the next purchase.",Follow-up required
CALL002930,2018-09-01,90002013,A4721110708,India,Rep-03,8,"Sales Rep: Are you satisfied with the product? Customer: Yes, the product is performing well. Sales Rep: Would you consider increasing the order? Customer: We are evaluating the next purchase.",Follow-up required
CALL002931,2020-11-01,90001021,A2319150305,China,Rep-20,12,"Sales Rep: Are you satisfied with the product? Customer: Yes, the product is performing well. Sales Rep: Would you consider increasing the order? Customer: We are evaluating the next purchase.",Follow-up required
CALL002932,2021-02-01,90019202,A2420150406,Sweden,Rep-05,22,"Sales Rep: Are you satisfied with the product? Customer: Yes, the product is performing well. Sales Rep: Would you consider increasing the order? Customer: We are evaluating the next purchase.",Follow-up required
CALL002933,2021-02-01,80007196,A1420150502,South Korea,Rep-11,7,"Sales Rep: Are you satisfied with the product? Customer: Yes, the product is performing well. Sales Rep: Would you consider increasing the order? Customer: We are evaluating the next purchase.",Follow-up required
CALL002934,2019-02-01,90022077,A1018150102,USA,Rep-11,14,"Sales Rep: Are you satisfied with the product? Customer: Yes, the product is performing well. Sales Rep: Would you consider increasing the order? Customer: We are evaluating the next purchase.",Follow-up required
CALL002935,2020-08-01,90014140,A7118160101,Netherlands,Rep-25,5,"Sales Rep: Are you satisfied with the product? Customer: Yes, the product is performing well. Sales Rep: Would you consider increasing the order? Customer: We are evaluating the next purchase.",Follow-up required
CALL002936,2020-08-01,70008170,A0519150207,Australia,Rep-24,30,"Sales Rep: Are you satisfied with the product? Customer: Yes, the product is performing well. Sales Rep: Would you consider increasing the order? Customer: We are evaluating the next purchase.",Follow-up required
CALL002937,2020-08-01,70023032,A5520110307,Canada,Rep-06,24,"Sales Rep: Are you satisfied with the product? Customer: Yes, the product is performing well. Sales Rep: Would you consider increasing the order? Customer: We are evaluating the next purchase.",Follow-up required
CALL002938,2021-06-01,90002011,A6218160102,India,Rep-11,8,"Sales Rep: Are you satisfied with the product? Customer: Yes, the product is performing well. Sales Rep: Would you consider increasing the order? Customer: We are evaluating the next purchase.",Follow-up required
CALL002939,2020-01-01,90002009,A3220150402,India,Rep-25,19,"Sales Rep: Are you satisfied with the product? Customer: Yes, the product is performing well. Sales Rep: Would you consider increasing the order? Customer: We are evaluating the next purchase.",Follow-up required
CALL002940,2019-06-01,90012038,A2118150102,Germany,Rep-24,24,"Sales Rep: Are you satisfied with the product? Customer: Yes, the product is performing well. Sales Rep: Would you consider increasing the order? Customer: We are evaluating the next purchase.",Follow-up required
CALL002941,2019-08-01,90012038,A4419110406,Germany,Rep-24,7,"Sales Rep: Are you satisfied with the product? Customer: Yes, the product is performing well. Sales Rep: Would you consider increasing the order? Customer: We are evaluating the next purchase.",Follow-up required
CALL002942,2020-08-01,70013126,A7020160403,Italy,Rep-19,26,"Sales Rep: Are you satisfied with the product? Customer: Yes, the product is performing well. Sales Rep: Would you consider increasing the order? Customer: We are evaluating the next purchase.",Follow-up required
CALL002943,2019-10-01,70013126,A4319110305,Italy,Rep-30,10,"Sales Rep: Are you satisfied with the product? Customer: Yes, the product is performing well. Sales Rep: Would you consider increasing the order? Customer: We are evaluating the next purchase.",Follow-up required
CALL002944,2019-02-01,90021092,A2520150502,United Kingdom,Rep-15,15,"Sales Rep: Are you satisfied with the product? Customer: Yes, the product is performing well. Sales Rep: Would you consider increasing the order? Customer: We are evaluating the next purchase.",Follow-up required
CALL002945,2020-11-01,90001020,A4721110705,China,Rep-24,18,"Sales Rep: Are you satisfied with the product? Customer: Yes, the product is performing well. Sales Rep: Would you consider increasing the order? Customer: We are evaluating the next purchase.",Follow-up required
CALL002946,2019-12-01,90002002,A7321160301,India,Rep-15,6,"Sales Rep: Are you satisfied with the product? Customer: Yes, the product is performing well. Sales Rep: Would you consider increasing the order? Customer: We are evaluating the next purchase.",Follow-up required
CALL002947,2019-06-01,70008170,A2319150301,Australia,Rep-23,29,"Sales Rep: Are you satisfied with the product? Customer: Yes, the product is performing well. Sales Rep: Would you consider increasing the order? Customer: We are evaluating the next purchase.",Follow-up required
CALL002948,2018-09-01,90012041,A5419110204,Germany,Rep-21,4,"Sales Rep: Are you satisfied with the product? Customer: Yes, the product is performing well. Sales Rep: Would you consider increasing the order? Customer: We are evaluating the next purchase.",Follow-up required
CALL002949,2021-05-01,90016175,A4118110101,Poland,Rep-11,8,"Sales Rep: Are you satisfied with the product? Customer: Yes, the product is performing well. Sales Rep: Would you consider increasing the order? Customer: We are evaluating the next purchase.",Follow-up required
CALL002950,2021-06-01,90005162,A5520110307,Pakistan,Rep-13,29,"Sales Rep: Are you satisfied with the product? Customer: Yes, the product is performing well. Sales Rep: Would you consider increasing the order? Customer: We are evaluating the next purchase.",Follow-up required
CALL002951,2019-03-01,90014141,A7220160202,Netherlands,Rep-13,29,"Sales Rep: Are you satisfied with the product? Customer: Yes, the product is performing well. Sales Rep: Would you consider increasing the order? Customer: We are evaluating the next purchase.",Follow-up required
CALL002952,2020-06-01,90004062,A6018110105,Japan,Rep-06,15,"Sales Rep: Are you satisfied with the product? Customer: Yes, the product is performing well. Sales Rep: Would you consider increasing the order? Customer: We are evaluating the next purchase.",Follow-up required
CALL002953,2021-06-01,90004065,A4419110406,Japan,Rep-03,11,"Sales Rep: Are you satisfied with the product? Customer: Yes, the product is performing well. Sales Rep: Would you consider increasing the order? Customer: We are evaluating the next purchase.",Follow-up required
CALL002954,2021-05-01,90017057,A4419110404,Portugal,Rep-16,4,"Sales Rep: Are you satisfied with the product? Customer: Yes, the product is performing well. Sales Rep: Would you consider increasing the order? Customer: We are evaluating the next purchase.",Follow-up required
CALL002955,2020-08-01,90022080,A0519150203,USA,Rep-12,7,"Sales Rep: Are you satisfied with the product? Customer: Yes, the product is performing well. Sales Rep: Would you consider increasing the order? Customer: We are evaluating the next purchase.",Follow-up required
CALL002956,2021-06-01,90003180,A1618150101,Indonesia,Rep-22,4,"Sales Rep: Are you satisfied with the product? Customer: Yes, the product is performing well. Sales Rep: Would you consider increasing the order? Customer: We are evaluating the next purchase.",Follow-up required
CALL002957,2019-12-01,90002016,A4118110102,India,Rep-27,5,"Sales Rep: Are you satisfied with the product? Customer: Yes, the product is performing well. Sales Rep: Would you consider increasing the order? Customer: We are evaluating the next purchase.",Follow-up required
CALL002958,2020-04-01,90006156,A0219150202,Philiphines,Rep-23,11,"Sales Rep: Are you satisfied with the product? Customer: Yes, the product is performing well. Sales Rep: Would you consider increasing the order? Customer: We are evaluating the next purchase.",Follow-up required
CALL002959,2019-12-01,90016174,A1718150203,Poland,Rep-11,19,"Sales Rep: Are you satisfied with the product? Customer: Yes, the product is performing well. Sales Rep: Would you consider increasing the order? Customer: We are evaluating the next purchase.",Follow-up required
CALL002960,2018-09-01,90023028,A7321160302,Canada,Rep-29,10,"Sales Rep: Are you satisfied with the product? Customer: Yes, the product is performing well. Sales Rep: Would you consider increasing the order? Customer: We are evaluating the next purchase.",Follow-up required
CALL002961,2019-03-01,90017049,A1119150203,Portugal,Rep-26,5,"Sales Rep: Are you satisfied with the product? Customer: Yes, the product is performing well. Sales Rep: Would you consider increasing the order? Customer: We are evaluating the next purchase.",Follow-up required
CALL002962,2020-03-01,90019203,A3621150801,Sweden,Rep-06,14,"Sales Rep: Are you satisfied with the product? Customer: Yes, the product is performing well. Sales Rep: Would you consider increasing the order? Customer: We are evaluating the next purchase.",Follow-up required
CALL002963,2019-06-01,90021086,A2118150106,United Kingdom,Rep-04,26,"Sales Rep: Are you satisfied with the product? Customer: Yes, the product is performing well. Sales Rep: Would you consider increasing the order? Customer: We are evaluating the next purchase.",Follow-up required
CALL002964,2020-11-01,90020100,A7220160202,Austria,Rep-30,17,"Sales Rep: Are you satisfied with the product? Customer: Yes, the product is performing well. Sales Rep: Would you consider increasing the order? Customer: We are evaluating the next purchase.",Follow-up required
CALL002965,2019-08-01,90022071,A4218110206,USA,Rep-29,15,"Sales Rep: Are you satisfied with the product? Customer: Yes, the product is performing well. Sales Rep: Would you consider increasing the order? Customer: We are evaluating the next purchase.",Follow-up required
CALL002966,2021-01-01,90017057,A3521150706,Portugal,Rep-22,13,"Sales Rep: Are you satisfied with the product? Customer: Yes, the product is performing well. Sales Rep: Would you consider increasing the order? Customer: We are evaluating the next purchase.",Follow-up required
CALL002967,2021-06-01,90008166,A1119150203,Australia,Rep-28,26,"Sales Rep: Are you satisfied with the product? Customer: Yes, the product is performing well. Sales Rep: Would you consider increasing the order? Customer: We are evaluating the next purchase.",Follow-up required
CALL002968,2020-11-01,70012042,A3718150103,Germany,Rep-18,13,"Sales Rep: Are you satisfied with the product? Customer: Yes, the product is performing well. Sales Rep: Would you consider increasing the order? Customer: We are evaluating the next purchase.",Follow-up required
CALL002969,2021-01-01,70021096,A3220150404,United Kingdom,Rep-09,13,"Sales Rep: Are you satisfied with the product? Customer: Yes, the product is performing well. Sales Rep: Would you consider increasing the order? Customer: We are evaluating the next purchase.",Follow-up required
CALL002970,2019-06-01,70021096,A2721150704,United Kingdom,Rep-10,12,"Sales Rep: Are you satisfied with the product? Customer: Yes, the product is performing well. Sales Rep: Would you consider increasing the order? Customer: We are evaluating the next purchase.",Follow-up required
CALL002971,2021-03-01,80006155,A5621110403,Philiphines,Rep-07,24,"Sales Rep: Are you satisfied with the product? Customer: Yes, the product is performing well. Sales Rep: Would you consider increasing the order? Customer: We are evaluating the next purchase.",Follow-up required
CALL002972,2019-06-01,90022081,A3120150305,USA,Rep-23,18,"Sales Rep: Are you satisfied with the product? Customer: Yes, the product is performing well. Sales Rep: Would you consider increasing the order? Customer: We are evaluating the next purchase.",Follow-up required
CALL002973,2020-09-01,90004064,A7119160103,Japan,Rep-01,21,"Sales Rep: Are you satisfied with the product? Customer: Yes, the product is performing well. Sales Rep: Would you consider increasing the order? Customer: We are evaluating the next purchase.",Follow-up required
CALL002974,2019-06-01,70006158,A2721150704,Philiphines,Rep-04,13,"Sales Rep: Are you satisfied with the product? Customer: Yes, the product is performing well. Sales Rep: Would you consider increasing the order? Customer: We are evaluating the next purchase.",Follow-up required
CALL002975,2019-05-01,90020103,A3119150301,Austria,Rep-14,18,"Sales Rep: Are you satisfied with the product? Customer: Yes, the product is performing well. Sales Rep: Would you consider increasing the order? Customer: We are evaluating the next purchase.",Follow-up required
CALL002976,2020-03-01,90012038,A4721110704,Germany,Rep-19,28,"Sales Rep: Are you satisfied with the product? Customer: Yes, the product is performing well. Sales Rep: Would you consider increasing the order? Customer: We are evaluating the next purchase.",Follow-up required
CALL002977,2018-12-01,90015149,A2419150401,Norway,Rep-25,23,"Sales Rep: Are you satisfied with the product? Customer: Yes, the product is performing well. Sales Rep: Would you consider increasing the order? Customer: We are evaluating the next purchase.",Follow-up required
CALL002978,2020-05-01,90002008,A2319150305,India,Rep-05,18,"Sales Rep: Are you satisfied with the product? Customer: Yes, the product is performing well. Sales Rep: Would you consider increasing the order? Customer: We are evaluating the next purchase.",Follow-up required
CALL002979,2020-12-01,90019200,A1420150502,Sweden,Rep-30,4,"Sales Rep: Are you satisfied with the product? Customer: Yes, the product is performing well. Sales Rep: Would you consider increasing the order? Customer: We are evaluating the next purchase.",Follow-up required
CALL002980,2020-11-01,90020103,A7321160302,Austria,Rep-11,21,"Sales Rep: Are you satisfied with the product? Customer: Yes, the product is performing well. Sales Rep: Would you consider increasing the order? Customer: We are evaluating the next purchase.",Follow-up required
CALL002981,2020-04-01,90002014,A2821150806,India,Rep-12,6,"Sales Rep: Are you satisfied with the product? Customer: Yes, the product is performing well. Sales Rep: Would you consider increasing the order? Customer: We are evaluating the next purchase.",Follow-up required
CALL002982,2020-06-01,90018105,A4721110707,Spain,Rep-10,28,"Sales Rep: Are you satisfied with the product? Customer: Yes, the product is performing well. Sales Rep: Would you consider increasing the order? Customer: We are evaluating the next purchase.",Follow-up required
CALL002983,2019-04-01,70007199,A3018150201,South Korea,Rep-27,10,"Sales Rep: Are you satisfied with the product? Customer: Yes, the product is performing well. Sales Rep: Would you consider increasing the order? Customer: We are evaluating the next purchase.",Follow-up required
CALL002984,2020-10-01,90016171,A6119110201,Poland,Rep-13,7,"Sales Rep: Are you satisfied with the product? Customer: Yes, the product is performing well. Sales Rep: Would you consider increasing the order? Customer: We are evaluating the next purchase.",Follow-up required
CALL002985,2020-12-01,70014143,A0418150101,Netherlands,Rep-22,14,"Sales Rep: Are you satisfied with the product? Customer: Yes, the product is performing well. Sales Rep: Would you consider increasing the order? Customer: We are evaluating the next purchase.",Follow-up required
CALL002986,2020-08-01,90013118,A4620110604,Italy,Rep-25,19,"Sales Rep: Are you satisfied with the product? Customer: Yes, the product is performing well. Sales Rep: Would you consider increasing the order? Customer: We are evaluating the next purchase.",Follow-up required
CALL002987,2019-01-01,70015152,A4620110604,Norway,Rep-03,17,"Sales Rep: Are you satisfied with the product? Customer: Yes, the product is performing well. Sales Rep: Would you consider increasing the order? Customer: We are evaluating the next purchase.",Follow-up required
CALL002988,2021-01-01,90011187,A3320150505,France,Rep-29,5,"Sales Rep: Are you satisfied with the product? Customer: Yes, the product is performing well. Sales Rep: Would you consider increasing the order? Customer: We are evaluating the next purchase.",Follow-up required
CALL002989,2020-02-01,70002017,A4519110502,India,Rep-26,8,"Sales Rep: Are you satisfied with the product? Customer: Yes, the product is performing well. Sales Rep: Would you consider increasing the order? Customer: We are evaluating the next purchase.",Follow-up required
CALL002990,2021-06-01,90021095,A2620150606,United Kingdom,Rep-30,9,"Sales Rep: Are you satisfied with the product? Customer: Yes, the product is performing well. Sales Rep: Would you consider increasing the order? Customer: We are evaluating the next purchase.",Follow-up required
CALL002991,2019-10-01,90021091,A5621110403,United Kingdom,Rep-09,11,"Sales Rep: Are you satisfied with the product? Customer: Yes, the product is performing well. Sales Rep: Would you consider increasing the order? Customer: We are evaluating the next purchase.",Follow-up required
CALL002992,2019-06-01,90023026,A0519150202,Canada,Rep-04,5,"Sales Rep: Are you satisfied with the product? Customer: Yes, the product is performing well. Sales Rep: Would you consider increasing the order? Customer: We are evaluating the next purchase.",Follow-up required
CALL002993,2020-09-01,90015148,A3819150205,Norway,Rep-09,14,"Sales Rep: Are you satisfied with the product? Customer: Yes, the product is performing well. Sales Rep: Would you consider increasing the order? Customer: We are evaluating the next purchase.",Follow-up required
CALL002994,2021-07-01,90009132,A3621150802,Newzealand,Rep-29,20,"Sales Rep: Are you satisfied with the product? Customer: Yes, the product is performing well. Sales Rep: Would you consider increasing the order? Customer: We are evaluating the next purchase.",Follow-up required
CALL002995,2019-10-01,70004069,A6119110201,Japan,Rep-13,28,"Sales Rep: Are you satisfied with the product? Customer: Yes, the product is performing well. Sales Rep: Would you consider increasing the order? Customer: We are evaluating the next purchase.",Follow-up required
CALL002996,2019-05-01,90014136,A3718150105,Netherlands,Rep-11,30,"Sales Rep: Are you satisfied with the product? Customer: Yes, the product is performing well. Sales Rep: Would you consider increasing the order? Customer: We are evaluating the next purchase.",Follow-up required
CALL002997,2018-09-01,70023031,A3621150801,Canada,Rep-10,28,"Sales Rep: Are you satisfied with the product? Customer: Yes, the product is performing well. Sales Rep: Would you consider increasing the order? Customer: We are evaluating the next purchase.",Follow-up required
CALL002998,2021-02-01,90012040,A3320150505,Germany,Rep-29,30,"Sales Rep: Are you satisfied with the product? Customer: Yes, the product is performing well. Sales Rep: Would you consider increasing the order? Customer: We are evaluating the next purchase.",Follow-up required
CALL002999,2018-10-01,70011193,A2520150501,France,Rep-14,21,"Sales Rep: Are you satisfied with the product? Customer: Yes, the product is performing well. Sales Rep: Would you consider increasing the order? Customer: We are evaluating the next purchase.",Follow-up required
CALL003000,2019-12-01,90022077,A2821150801,USA,Rep-29,24,"Sales Rep: Are you satisfied with the product? Customer: Yes, the product is performing well. Sales Rep: Would you consider increasing the order? Customer: We are evaluating the next purchase.",Follow-up required
