note_id,date,customer_code,product_code,market,sales_rep,note_text,deal_stage,competitor_mentioned
CRM000001,2019-03-01,90009132,A3521150706,Newzealand,Rep-10,Customer is satisfied with the product and is considering expanding the order.,Renewal,0
CRM000002,2018-09-01,90019202,A2118150106,Sweden,Rep-15,Customer is satisfied with the product and is considering expanding the order.,Qualified,0
CRM000003,2019-08-01,90019200,A6519160401,Sweden,Rep-23,Customer requested a better commercial offer before renewing the purchase.,Prospecting,0
CRM000004,2019-02-01,90019202,A6621160503,Sweden,Rep-26,Customer mentioned a competitor's promotional pricing.,Qualified,1
CRM000005,2020-08-01,70016177,A2218150201,Poland,Rep-19,Customer mentioned a competitor's promotional pricing.,Qualified,1
CRM000006,2018-12-01,90011192,A4721110704,France,Rep-16,Customer raised concerns about product availability and delayed delivery.,Qualified,0
CRM000007,2020-06-01,90014139,A0519150203,Netherlands,Rep-17,Customer is satisfied with the product and is considering expanding the order.,Proposal,0
CRM000008,2020-11-01,90015145,A6919160302,Norway,Rep-24,Customer mentioned a competitor's promotional pricing.,Proposal,1
CRM000009,2021-03-01,90016173,A6621160503,Poland,Rep-07,Customer asked for more information about the premium variant.,Negotiation,0
CRM000010,2020-04-01,90017050,A6018110103,Portugal,Rep-10,Customer is considering a competitor because our price is higher.,Qualified,1
CRM000011,2018-11-01,90012034,A6319160202,Germany,Rep-23,Customer asked for more information about the premium variant.,Renewal,0
CRM000012,2018-10-01,90011192,A2918150102,France,Rep-29,Customer is satisfied with the product and is considering expanding the order.,Qualified,0
CRM000013,2018-11-01,90003179,A3521150704,Indonesia,Rep-19,Customer is considering a competitor because our price is higher.,Negotiation,1
CRM000014,2021-01-01,80007196,A5419110205,South Korea,Rep-01,Customer asked for more information about the premium variant.,Negotiation,0
CRM000015,2020-04-01,70009134,A2918150101,Newzealand,Rep-30,Customer raised concerns about product availability and delayed delivery.,Proposal,0
CRM000016,2019-11-01,90022074,A0418150102,USA,Rep-27,Customer is satisfied with the product and is considering expanding the order.,Prospecting,0
CRM000017,2021-04-01,90019203,A2419150401,Sweden,Rep-21,Customer is considering a competitor because our price is higher.,Proposal,1
CRM000018,2018-12-01,90007197,A3120150304,South Korea,Rep-20,Customer is considering a competitor because our price is higher.,Prospecting,1
CRM000019,2019-02-01,90003179,A1618150101,Indonesia,Rep-07,Customer is considering a competitor because our price is higher.,Prospecting,1
CRM000020,2020-03-01,90003180,A2319150306,Indonesia,Rep-24,Customer requested a better commercial offer before renewing the purchase.,Negotiation,0
CRM000021,2019-02-01,90004062,A7119160103,Japan,Rep-22,Customer is considering a competitor because our price is higher.,Qualified,1
CRM000022,2020-12-01,80007195,A1320150402,South Korea,Rep-12,Customer raised concerns about product availability and delayed delivery.,Prospecting,0
CRM000023,2019-06-01,90010044,A1320150403,Bangladesh,Rep-14,Customer requested a better commercial offer before renewing the purchase.,Negotiation,0
CRM000024,2019-06-01,90018110,A1718150203,Spain,Rep-22,Customer is satisfied with the product and is considering expanding the order.,Negotiation,0
CRM000025,2020-12-01,90005161,A5621110403,Pakistan,Rep-22,Customer raised concerns about product availability and delayed delivery.,Negotiation,0
CRM000026,2020-12-01,90011188,A2520150504,France,Rep-19,Customer is considering a competitor because our price is higher.,Negotiation,1
CRM000027,2019-06-01,90023029,A4118110107,Canada,Rep-08,Customer mentioned a competitor's promotional pricing.,Proposal,1
CRM000028,2019-03-01,90018108,A2420150406,Spain,Rep-04,Customer asked for more information about the premium variant.,Negotiation,0
CRM000029,2018-11-01,90014135,A1420150501,Netherlands,Rep-17,Customer asked for more information about the premium variant.,Prospecting,0
CRM000030,2021-07-01,90008165,A1819150301,Australia,Rep-12,Customer requested a better commercial offer before renewing the purchase.,Qualified,0
CRM000031,2020-09-01,90013121,A2118150102,Italy,Rep-28,Customer is satisfied with the product and is considering expanding the order.,Prospecting,0
CRM000032,2020-06-01,90004065,A2721150706,Japan,Rep-24,Customer raised concerns about product availability and delayed delivery.,Renewal,0
CRM000033,2019-07-01,90005161,A3621150802,Pakistan,Rep-13,Customer requested a better commercial offer before renewing the purchase.,Negotiation,0
CRM000034,2018-11-01,90007197,A0621150308,South Korea,Rep-05,Customer mentioned a competitor's promotional pricing.,Prospecting,1
CRM000035,2019-12-01,90013117,A6018110103,Italy,Rep-16,Customer raised concerns about product availability and delayed delivery.,Negotiation,0
CRM000036,2019-01-01,90018110,A4821110802,Spain,Rep-12,Customer is considering a competitor because our price is higher.,Proposal,1
CRM000037,2018-09-01,90020101,A4821110802,Austria,Rep-02,Customer is considering a competitor because our price is higher.,Negotiation,1
CRM000038,2020-05-01,90017055,A5318110104,Portugal,Rep-30,Customer raised concerns about product availability and delayed delivery.,Proposal,0
CRM000039,2019-08-01,90015149,A1018150103,Norway,Rep-26,Customer asked for more information about the premium variant.,Proposal,0
CRM000040,2019-01-01,90014141,A3220150402,Netherlands,Rep-30,Customer requested a better commercial offer before renewing the purchase.,Proposal,0
CRM000041,2020-01-01,90012039,A2721150702,Germany,Rep-19,Customer mentioned a competitor's promotional pricing.,Negotiation,1
CRM000042,2018-10-01,90011188,A4419110407,France,Rep-10,Customer asked for more information about the premium variant.,Qualified,0
CRM000043,2021-04-01,90008164,A4520110508,Australia,Rep-07,Customer asked for more information about the premium variant.,Proposal,0
CRM000044,2018-09-01,90013120,A4218110205,Italy,Rep-30,Customer is considering a competitor because our price is higher.,Proposal,1
CRM000045,2021-05-01,90023030,A3019150206,Canada,Rep-17,Customer requested a better commercial offer before renewing the purchase.,Prospecting,0
CRM000046,2019-11-01,90023023,A1618150104,Canada,Rep-08,Customer is considering a competitor because our price is higher.,Negotiation,1
CRM000047,2019-06-01,90007197,A5721110502,South Korea,Rep-28,Customer raised concerns about product availability and delayed delivery.,Prospecting,0
CRM000048,2019-05-01,70013125,A4821110806,Italy,Rep-14,Customer is considering a competitor because our price is higher.,Proposal,1
CRM000049,2019-06-01,90001020,A4721110705,China,Rep-03,Customer raised concerns about product availability and delayed delivery.,Qualified,0
CRM000050,2019-02-01,80006154,A3220150405,Philiphines,Rep-28,Customer mentioned a competitor's promotional pricing.,Proposal,1
CRM000051,2020-10-01,90002010,A0321150303,India,Rep-07,Customer asked for more information about the premium variant.,Proposal,0
CRM000052,2019-09-01,90008165,A4319110304,Australia,Rep-09,Customer is considering a competitor because our price is higher.,Negotiation,1
CRM000053,2019-07-01,90022077,A3621150802,USA,Rep-14,Customer is satisfied with the product and is considering expanding the order.,Proposal,0
CRM000054,2020-06-01,70006157,A4419110407,Philiphines,Rep-08,Customer is considering a competitor because our price is higher.,Renewal,1
CRM000055,2021-05-01,90019201,A7018160402,Sweden,Rep-13,Customer is satisfied with the product and is considering expanding the order.,Negotiation,0
CRM000056,2018-11-01,90010045,A5621110407,Bangladesh,Rep-24,Customer is considering a competitor because our price is higher.,Renewal,1
CRM000057,2019-07-01,90010045,A3320150501,Bangladesh,Rep-11,Customer is satisfied with the product and is considering expanding the order.,Renewal,0
CRM000058,2021-02-01,90018109,A5520110305,Spain,Rep-20,Customer raised concerns about product availability and delayed delivery.,Qualified,0
CRM000059,2021-06-01,90014141,A5519110303,Netherlands,Rep-21,Customer requested a better commercial offer before renewing the purchase.,Negotiation,0
CRM000060,2021-05-01,90015149,A4721110708,Norway,Rep-10,Customer raised concerns about product availability and delayed delivery.,Negotiation,0
CRM000061,2021-08-01,70015152,A3320150502,Norway,Rep-13,Customer asked for more information about the premium variant.,Proposal,0
CRM000062,2019-08-01,90020100,A5419110203,Austria,Rep-26,Customer asked for more information about the premium variant.,Negotiation,0
CRM000063,2018-12-01,90014136,A4118110104,Netherlands,Rep-23,Customer requested a better commercial offer before renewing the purchase.,Renewal,0
CRM000064,2019-09-01,70020104,A3819150205,Austria,Rep-10,Customer mentioned a competitor's promotional pricing.,Renewal,1
CRM000065,2019-02-01,90003180,A6018110105,Indonesia,Rep-05,Customer mentioned a competitor's promotional pricing.,Negotiation,1
CRM000066,2019-05-01,90014141,A2118150105,Netherlands,Rep-01,Customer mentioned a competitor's promotional pricing.,Negotiation,1
CRM000067,2019-02-01,70005163,A4118110101,Pakistan,Rep-11,Customer asked for more information about the premium variant.,Prospecting,0
CRM000068,2021-05-01,90023024,A2319150306,Canada,Rep-18,Customer is considering a competitor because our price is higher.,Proposal,1
CRM000069,2020-05-01,90009128,A0418150101,Newzealand,Rep-12,Customer mentioned a competitor's promotional pricing.,Proposal,1
CRM000070,2018-10-01,90013124,A4721110705,Italy,Rep-04,Customer is considering a competitor because our price is higher.,Negotiation,1
CRM000071,2019-11-01,70018115,A1521150601,Spain,Rep-13,Customer asked for more information about the premium variant.,Qualified,0
CRM000072,2020-06-01,90015150,A6621160503,Norway,Rep-08,Customer requested a better commercial offer before renewing the purchase.,Negotiation,0
CRM000073,2019-05-01,70021096,A0519150201,United Kingdom,Rep-28,Customer is satisfied with the product and is considering expanding the order.,Proposal,0
CRM000074,2021-08-01,90022081,A2219150205,USA,Rep-01,Customer is considering a competitor because our price is higher.,Negotiation,1
CRM000075,2019-04-01,90019201,A3119150301,Sweden,Rep-17,Customer raised concerns about product availability and delayed delivery.,Prospecting,0
CRM000076,2020-10-01,90012040,A0921150601,Germany,Rep-24,Customer raised concerns about product availability and delayed delivery.,Negotiation,0
CRM000077,2019-12-01,90011185,A5721110505,France,Rep-26,Customer asked for more information about the premium variant.,Proposal,0
CRM000078,2019-07-01,90002007,A4620110602,India,Rep-05,Customer raised concerns about product availability and delayed delivery.,Qualified,0
CRM000079,2020-06-01,90021086,A0220150203,United Kingdom,Rep-05,Customer mentioned a competitor's promotional pricing.,Proposal,1
CRM000080,2021-01-01,90012041,A6018110101,Germany,Rep-03,Customer asked for more information about the premium variant.,Qualified,0
CRM000081,2019-05-01,90011186,A2319150305,France,Rep-16,Customer is considering a competitor because our price is higher.,Qualified,1
CRM000082,2020-03-01,90007197,A1521150603,South Korea,Rep-14,Customer raised concerns about product availability and delayed delivery.,Renewal,0
CRM000083,2021-01-01,90003180,A0519150202,Indonesia,Rep-26,Customer mentioned a competitor's promotional pricing.,Prospecting,1
CRM000084,2019-04-01,90017051,A5318110101,Portugal,Rep-17,Customer mentioned a competitor's promotional pricing.,Qualified,1
CRM000085,2020-07-01,90014141,A4620110608,Netherlands,Rep-24,Customer mentioned a competitor's promotional pricing.,Qualified,1
CRM000086,2021-02-01,90012040,A6018110103,Germany,Rep-19,Customer mentioned a competitor's promotional pricing.,Proposal,1
CRM000087,2021-07-01,90005159,A2520150505,Pakistan,Rep-14,Customer mentioned a competitor's promotional pricing.,Proposal,1
CRM000088,2019-02-01,90023025,A3718150101,Canada,Rep-21,Customer requested a better commercial offer before renewing the purchase.,Proposal,0
CRM000089,2019-11-01,90023029,A4218110207,Canada,Rep-28,Customer is satisfied with the product and is considering expanding the order.,Qualified,0
CRM000090,2019-08-01,90022079,A3521150706,USA,Rep-06,Customer is considering a competitor because our price is higher.,Negotiation,1
CRM000091,2019-03-01,90009129,A5621110404,Newzealand,Rep-24,Customer is satisfied with the product and is considering expanding the order.,Negotiation,0
CRM000092,2020-07-01,70012042,A4620110605,Germany,Rep-12,Customer asked for more information about the premium variant.,Proposal,0
CRM000093,2019-12-01,90009132,A3119150301,Newzealand,Rep-03,Customer asked for more information about the premium variant.,Renewal,0
CRM000094,2020-11-01,70013126,A4218110202,Italy,Rep-26,Customer is considering a competitor because our price is higher.,Proposal,1
CRM000095,2020-03-01,90009127,A4419110406,Newzealand,Rep-25,Customer asked for more information about the premium variant.,Proposal,0
CRM000096,2020-02-01,90011187,A3019150205,France,Rep-25,Customer is satisfied with the product and is considering expanding the order.,Qualified,0
CRM000097,2021-07-01,90012034,A4218110205,Germany,Rep-07,Customer is considering a competitor because our price is higher.,Renewal,1
CRM000098,2021-05-01,90011191,A5721110507,France,Rep-04,Customer asked for more information about the premium variant.,Proposal,0
CRM000099,2020-12-01,90006153,A4821110808,Philiphines,Rep-02,Customer requested a better commercial offer before renewing the purchase.,Negotiation,0
CRM000100,2020-01-01,90017053,A4118110102,Portugal,Rep-29,Customer is considering a competitor because our price is higher.,Proposal,1
CRM000101,2019-05-01,90015148,A0321150302,Norway,Rep-23,Customer is considering a competitor because our price is higher.,Proposal,1
CRM000102,2020-10-01,90019201,A4118110102,Sweden,Rep-14,Customer raised concerns about product availability and delayed delivery.,Negotiation,0
CRM000103,2019-10-01,70016177,A1018150103,Poland,Rep-14,Customer is satisfied with the product and is considering expanding the order.,Proposal,0
CRM000104,2020-08-01,90001020,A1119150203,China,Rep-21,Customer is satisfied with the product and is considering expanding the order.,Negotiation,0
CRM000105,2020-06-01,90021094,A0621150307,United Kingdom,Rep-05,Customer is satisfied with the product and is considering expanding the order.,Qualified,0
CRM000106,2020-09-01,90012038,A4721110706,Germany,Rep-08,Customer asked for more information about the premium variant.,Renewal,0
CRM000107,2020-05-01,90012034,A7321160303,Germany,Rep-22,Customer requested a better commercial offer before renewing the purchase.,Proposal,0
CRM000108,2021-02-01,90011187,A0418150107,France,Rep-13,Customer mentioned a competitor's promotional pricing.,Renewal,1
CRM000109,2019-12-01,90022081,A6319160203,USA,Rep-06,Customer raised concerns about product availability and delayed delivery.,Negotiation,0
CRM000110,2019-04-01,90005161,A3621150805,Pakistan,Rep-03,Customer requested a better commercial offer before renewing the purchase.,Qualified,0
CRM000111,2020-12-01,90009127,A5419110205,Newzealand,Rep-16,Customer mentioned a competitor's promotional pricing.,Negotiation,1
CRM000112,2019-03-01,90023026,A3819150205,Canada,Rep-15,Customer raised concerns about product availability and delayed delivery.,Renewal,0
CRM000113,2018-11-01,90005159,A4821110801,Pakistan,Rep-18,Customer asked for more information about the premium variant.,Qualified,0
CRM000114,2020-06-01,70015152,A4520110508,Norway,Rep-24,Customer asked for more information about the premium variant.,Qualified,0
CRM000115,2018-10-01,90011186,A3320150502,France,Rep-30,Customer is satisfied with the product and is considering expanding the order.,Prospecting,0
CRM000116,2019-08-01,90008165,A6319160203,Australia,Rep-06,Customer asked for more information about the premium variant.,Negotiation,0
CRM000117,2020-06-01,90008165,A6620160501,Australia,Rep-17,Customer is considering a competitor because our price is higher.,Negotiation,1
CRM000118,2021-02-01,70017060,A6219160103,Portugal,Rep-19,Customer mentioned a competitor's promotional pricing.,Proposal,1
CRM000119,2019-08-01,90023025,A0519150208,Canada,Rep-08,Customer is considering a competitor because our price is higher.,Qualified,1
CRM000120,2018-09-01,90017049,A7220160203,Portugal,Rep-01,Customer requested a better commercial offer before renewing the purchase.,Qualified,0
CRM000121,2020-05-01,90021087,A4318110301,United Kingdom,Rep-20,Customer asked for more information about the premium variant.,Negotiation,0
CRM000122,2021-01-01,90023027,A3019150206,Canada,Rep-18,Customer is considering a competitor because our price is higher.,Negotiation,1
CRM000123,2019-05-01,90023027,A5519110304,Canada,Rep-13,Customer is considering a competitor because our price is higher.,Negotiation,1
CRM000124,2019-05-01,90018109,A1319150401,Spain,Rep-25,Customer is considering a competitor because our price is higher.,Negotiation,1
CRM000125,2018-09-01,90001020,A5520110307,China,Rep-26,Customer is satisfied with the product and is considering expanding the order.,Qualified,0
CRM000126,2019-04-01,90019202,A4721110705,Sweden,Rep-25,Customer is considering a competitor because our price is higher.,Proposal,1
CRM000127,2019-10-01,80007195,A5318110105,South Korea,Rep-05,Customer is considering a competitor because our price is higher.,Qualified,1
CRM000128,2020-03-01,90014136,A3521150706,Netherlands,Rep-30,Customer is satisfied with the product and is considering expanding the order.,Prospecting,0
CRM000129,2019-02-01,70010047,A6719160101,Bangladesh,Rep-20,Customer is satisfied with the product and is considering expanding the order.,Proposal,0
CRM000130,2021-03-01,90013124,A7321160301,Italy,Rep-30,Customer is considering a competitor because our price is higher.,Negotiation,1
CRM000131,2020-10-01,70004069,A4021150405,Japan,Rep-06,Customer raised concerns about product availability and delayed delivery.,Negotiation,0
CRM000132,2019-04-01,90017056,A5318110104,Portugal,Rep-24,Customer is considering a competitor because our price is higher.,Proposal,1
CRM000133,2020-06-01,70004069,A3920150303,Japan,Rep-01,Customer raised concerns about product availability and delayed delivery.,Qualified,0
CRM000134,2020-06-01,80007195,A4721110706,South Korea,Rep-04,Customer requested a better commercial offer before renewing the purchase.,Qualified,0
CRM000135,2019-06-01,90012041,A4419110405,Germany,Rep-02,Customer is satisfied with the product and is considering expanding the order.,Proposal,0
CRM000136,2021-02-01,90022083,A2419150402,USA,Rep-19,Customer mentioned a competitor's promotional pricing.,Proposal,1
CRM000137,2019-05-01,70004070,A2118150102,Japan,Rep-04,Customer requested a better commercial offer before renewing the purchase.,Renewal,0
CRM000138,2019-10-01,90016176,A0418150102,Poland,Rep-22,Customer is considering a competitor because our price is higher.,Proposal,1
CRM000139,2021-06-01,70009134,A5721110501,Newzealand,Rep-27,Customer mentioned a competitor's promotional pricing.,Negotiation,1
CRM000140,2019-11-01,80006154,A3220150405,Philiphines,Rep-13,Customer mentioned a competitor's promotional pricing.,Proposal,1
CRM000141,2020-08-01,90018108,A1219150302,Spain,Rep-21,Customer requested a better commercial offer before renewing the purchase.,Prospecting,0
CRM000142,2021-01-01,90008168,A4319110302,Australia,Rep-29,Customer raised concerns about product availability and delayed delivery.,Qualified,0
CRM000143,2019-12-01,70007199,A1320150402,South Korea,Rep-13,Customer requested a better commercial offer before renewing the purchase.,Negotiation,0
CRM000144,2019-08-01,70004069,A3420150601,Japan,Rep-07,Customer mentioned a competitor's promotional pricing.,Negotiation,1
CRM000145,2019-06-01,90013120,A4519110501,Italy,Rep-12,Customer is considering a competitor because our price is higher.,Renewal,1
CRM000146,2019-07-01,70014142,A3320150501,Netherlands,Rep-11,Customer mentioned a competitor's promotional pricing.,Prospecting,1
CRM000147,2019-02-01,90020101,A4721110704,Austria,Rep-12,Customer is satisfied with the product and is considering expanding the order.,Negotiation,0
CRM000148,2019-09-01,90017059,A3920150301,Portugal,Rep-12,Customer requested a better commercial offer before renewing the purchase.,Proposal,0
CRM000149,2020-12-01,80001019,A0320150301,China,Rep-29,Customer requested a better commercial offer before renewing the purchase.,Renewal,0
CRM000150,2020-03-01,90013122,A6019110107,Italy,Rep-01,Customer requested a better commercial offer before renewing the purchase.,Qualified,0
CRM000151,2020-06-01,90009127,A5721110507,Newzealand,Rep-07,Customer mentioned a competitor's promotional pricing.,Qualified,1
CRM000152,2020-11-01,90013117,A6119110201,Italy,Rep-27,Customer requested a better commercial offer before renewing the purchase.,Renewal,0
CRM000153,2018-09-01,90019200,A0418150108,Sweden,Rep-16,Customer asked for more information about the premium variant.,Qualified,0
CRM000154,2021-08-01,90020101,A2118150106,Austria,Rep-28,Customer is considering a competitor because our price is higher.,Qualified,1
CRM000155,2021-01-01,90017056,A1018150102,Portugal,Rep-02,Customer asked for more information about the premium variant.,Proposal,0
CRM000156,2020-05-01,90004067,A5318110101,Japan,Rep-03,Customer raised concerns about product availability and delayed delivery.,Proposal,0
CRM000157,2019-06-01,70004070,A0519150207,Japan,Rep-27,Customer raised concerns about product availability and delayed delivery.,Renewal,0
CRM000158,2021-08-01,70014143,A6018110102,Netherlands,Rep-08,Customer is considering a competitor because our price is higher.,Renewal,1
CRM000159,2019-06-01,90016175,A6819160203,Poland,Rep-17,Customer asked for more information about the premium variant.,Proposal,0
CRM000160,2019-07-01,90009129,A4118110105,Newzealand,Rep-19,Customer raised concerns about product availability and delayed delivery.,Renewal,0
CRM000161,2020-02-01,90008165,A6718160102,Australia,Rep-04,Customer raised concerns about product availability and delayed delivery.,Negotiation,0
CRM000162,2019-08-01,90009128,A1920150404,Newzealand,Rep-04,Customer requested a better commercial offer before renewing the purchase.,Qualified,0
CRM000163,2020-12-01,90019200,A6119110203,Sweden,Rep-21,Customer raised concerns about product availability and delayed delivery.,Qualified,0
CRM000164,2019-01-01,70004069,A2319150306,Japan,Rep-27,Customer requested a better commercial offer before renewing the purchase.,Negotiation,0
CRM000165,2021-03-01,90006153,A4721110706,Philiphines,Rep-06,Customer is considering a competitor because our price is higher.,Negotiation,1
CRM000166,2021-04-01,70009133,A6219160103,Newzealand,Rep-22,Customer mentioned a competitor's promotional pricing.,Prospecting,1
CRM000167,2021-01-01,90012035,A7321160303,Germany,Rep-17,Customer raised concerns about product availability and delayed delivery.,Qualified,0
CRM000168,2020-09-01,90021087,A3521150701,United Kingdom,Rep-20,Customer mentioned a competitor's promotional pricing.,Qualified,1
CRM000169,2020-11-01,90023023,A4620110607,Canada,Rep-18,Customer asked for more information about the premium variant.,Prospecting,0
CRM000170,2020-11-01,90003179,A6018110105,Indonesia,Rep-09,Customer is satisfied with the product and is considering expanding the order.,Qualified,0
CRM000171,2019-04-01,90018112,A3220150401,Spain,Rep-05,Customer is satisfied with the product and is considering expanding the order.,Renewal,0
CRM000172,2019-03-01,90013119,A4520110506,Italy,Rep-27,Customer mentioned a competitor's promotional pricing.,Negotiation,1
CRM000173,2019-03-01,90012035,A3521150701,Germany,Rep-16,Customer asked for more information about the premium variant.,Proposal,0
CRM000174,2019-10-01,90011188,A1118150201,France,Rep-25,Customer requested a better commercial offer before renewing the purchase.,Qualified,0
CRM000175,2021-04-01,90023025,A4821110806,Canada,Rep-02,Customer is considering a competitor because our price is higher.,Renewal,1
CRM000176,2020-05-01,90005161,A2821150806,Pakistan,Rep-17,Customer requested a better commercial offer before renewing the purchase.,Proposal,0
CRM000177,2021-01-01,90001020,A3119150301,China,Rep-25,Customer raised concerns about product availability and delayed delivery.,Qualified,0
CRM000178,2019-11-01,70014143,A1718150203,Netherlands,Rep-11,Customer raised concerns about product availability and delayed delivery.,Negotiation,0
CRM000179,2018-10-01,90009128,A3521150705,Newzealand,Rep-26,Customer is satisfied with the product and is considering expanding the order.,Proposal,0
CRM000180,2021-02-01,90002006,A0118150102,India,Rep-26,Customer is considering a competitor because our price is higher.,Proposal,1
CRM000181,2020-10-01,90019201,A6018110102,Sweden,Rep-27,Customer mentioned a competitor's promotional pricing.,Qualified,1
CRM000182,2021-03-01,90023027,A7119160102,Canada,Rep-05,Customer is satisfied with the product and is considering expanding the order.,Qualified,0
CRM000183,2019-11-01,80006155,A1521150602,Philiphines,Rep-27,Customer asked for more information about the premium variant.,Proposal,0
CRM000184,2020-08-01,90021087,A5721110507,United Kingdom,Rep-27,Customer is considering a competitor because our price is higher.,Proposal,1
CRM000185,2018-10-01,90008166,A2218150202,Australia,Rep-03,Customer requested a better commercial offer before renewing the purchase.,Qualified,0
CRM000186,2019-05-01,90013119,A4118110107,Italy,Rep-06,Customer is considering a competitor because our price is higher.,Qualified,1
CRM000187,2021-05-01,90006156,A3420150601,Philiphines,Rep-17,Customer raised concerns about product availability and delayed delivery.,Renewal,0
CRM000188,2020-06-01,70016177,A4218110205,Poland,Rep-22,Customer is considering a competitor because our price is higher.,Proposal,1
CRM000189,2019-04-01,90017057,A3718150103,Portugal,Rep-10,Customer mentioned a competitor's promotional pricing.,Proposal,1
CRM000190,2019-06-01,90018112,A0118150103,Spain,Rep-22,Customer mentioned a competitor's promotional pricing.,Renewal,1
CRM000191,2019-01-01,80006154,A1718150204,Philiphines,Rep-02,Customer asked for more information about the premium variant.,Qualified,0
CRM000192,2019-09-01,90017059,A0921150601,Portugal,Rep-28,Customer asked for more information about the premium variant.,Renewal,0
CRM000193,2019-07-01,90008165,A4218110202,Australia,Rep-03,Customer is satisfied with the product and is considering expanding the order.,Renewal,0
CRM000194,2020-01-01,70013126,A6319160203,Italy,Rep-26,Customer is considering a competitor because our price is higher.,Proposal,1
CRM000195,2019-01-01,70009134,A0519150203,Newzealand,Rep-29,Customer is satisfied with the product and is considering expanding the order.,Qualified,0
CRM000196,2020-02-01,90016176,A6419160303,Poland,Rep-23,Customer is satisfied with the product and is considering expanding the order.,Qualified,0
CRM000197,2020-05-01,90009129,A7321160302,Newzealand,Rep-05,Customer asked for more information about the premium variant.,Negotiation,0
CRM000198,2020-04-01,90006153,A6018110103,Philiphines,Rep-18,Customer is considering a competitor because our price is higher.,Qualified,1
CRM000199,2019-03-01,90004063,A4520110505,Japan,Rep-05,Customer is satisfied with the product and is considering expanding the order.,Qualified,0
CRM000200,2018-10-01,90019200,A2821150802,Sweden,Rep-19,Customer asked for more information about the premium variant.,Qualified,0
CRM000201,2019-09-01,90018108,A1018150102,Spain,Rep-27,Customer raised concerns about product availability and delayed delivery.,Negotiation,0
CRM000202,2021-06-01,90018106,A3119150301,Spain,Rep-04,Customer requested a better commercial offer before renewing the purchase.,Renewal,0
CRM000203,2019-06-01,70015151,A4319110305,Norway,Rep-12,Customer raised concerns about product availability and delayed delivery.,Renewal,0
CRM000204,2019-09-01,70017060,A2821150801,Portugal,Rep-12,Customer mentioned a competitor's promotional pricing.,Negotiation,1
CRM000205,2020-12-01,90022074,A1118150202,USA,Rep-11,Customer raised concerns about product availability and delayed delivery.,Qualified,0
CRM000206,2019-02-01,90017050,A1420150502,Portugal,Rep-03,Customer is satisfied with the product and is considering expanding the order.,Prospecting,0
CRM000207,2020-03-01,70003181,A5721110508,Indonesia,Rep-23,Customer requested a better commercial offer before renewing the purchase.,Proposal,0
CRM000208,2020-04-01,70010048,A6219160103,Bangladesh,Rep-23,Customer requested a better commercial offer before renewing the purchase.,Prospecting,0
CRM000209,2019-01-01,90022079,A5419110204,USA,Rep-25,Customer is considering a competitor because our price is higher.,Renewal,1
CRM000210,2018-12-01,90003179,A3220150406,Indonesia,Rep-18,Customer is considering a competitor because our price is higher.,Renewal,1
CRM000211,2019-05-01,70014142,A4218110204,Netherlands,Rep-19,Customer requested a better commercial offer before renewing the purchase.,Prospecting,0
CRM000212,2019-05-01,70013126,A0219150202,Italy,Rep-27,Customer requested a better commercial offer before renewing the purchase.,Renewal,0
CRM000213,2020-02-01,70003181,A1018150101,Indonesia,Rep-17,Customer asked for more information about the premium variant.,Qualified,0
CRM000214,2020-12-01,90001020,A2720150701,China,Rep-06,Customer is considering a competitor because our price is higher.,Proposal,1
CRM000215,2019-12-01,90014141,A5621110405,Netherlands,Rep-22,Customer is satisfied with the product and is considering expanding the order.,Proposal,0
CRM000216,2019-02-01,90005159,A6219160103,Pakistan,Rep-15,Customer raised concerns about product availability and delayed delivery.,Qualified,0
CRM000217,2020-02-01,90013117,A4620110608,Italy,Rep-12,Customer is considering a competitor because our price is higher.,Proposal,1
CRM000218,2019-04-01,90017056,A3621150801,Portugal,Rep-30,Customer mentioned a competitor's promotional pricing.,Proposal,1
CRM000219,2019-07-01,90022079,A7118160101,USA,Rep-03,Customer mentioned a competitor's promotional pricing.,Qualified,1
CRM000220,2020-02-01,90004065,A0220150203,Japan,Rep-20,Customer is considering a competitor because our price is higher.,Proposal,1
CRM000221,2020-10-01,90004061,A0321150303,Japan,Rep-30,Customer asked for more information about the premium variant.,Prospecting,0
CRM000222,2021-05-01,90011187,A2720150701,France,Rep-27,Customer is considering a competitor because our price is higher.,Proposal,1
CRM000223,2021-02-01,70010047,A3920150305,Bangladesh,Rep-15,Customer is satisfied with the product and is considering expanding the order.,Negotiation,0
CRM000224,2021-06-01,80007195,A6419160301,South Korea,Rep-12,Customer requested a better commercial offer before renewing the purchase.,Qualified,0
CRM000225,2019-01-01,90013123,A4419110407,Italy,Rep-03,Customer mentioned a competitor's promotional pricing.,Qualified,1
CRM000226,2019-11-01,70016177,A5721110504,Poland,Rep-23,Customer is satisfied with the product and is considering expanding the order.,Proposal,0
CRM000227,2020-12-01,90020100,A4319110305,Austria,Rep-24,Customer is considering a competitor because our price is higher.,Proposal,1
CRM000228,2019-03-01,90012037,A4620110605,Germany,Rep-03,Customer is considering a competitor because our price is higher.,Qualified,1
CRM000229,2021-03-01,90021090,A3621150801,United Kingdom,Rep-11,Customer raised concerns about product availability and delayed delivery.,Negotiation,0
CRM000230,2020-02-01,70016177,A2821150802,Poland,Rep-27,Customer asked for more information about the premium variant.,Proposal,0
CRM000231,2020-02-01,90011188,A6019110108,France,Rep-04,Customer raised concerns about product availability and delayed delivery.,Negotiation,0
CRM000232,2021-07-01,90005160,A0219150201,Pakistan,Rep-26,Customer requested a better commercial offer before renewing the purchase.,Renewal,0
CRM000233,2018-11-01,90013122,A1819150303,Italy,Rep-14,Customer requested a better commercial offer before renewing the purchase.,Prospecting,0
CRM000234,2021-02-01,90021087,A4620110601,United Kingdom,Rep-18,Customer mentioned a competitor's promotional pricing.,Renewal,1
CRM000235,2019-05-01,90004066,A0219150201,Japan,Rep-10,Customer raised concerns about product availability and delayed delivery.,Proposal,0
CRM000236,2019-03-01,90003179,A4821110801,Indonesia,Rep-29,Customer raised concerns about product availability and delayed delivery.,Qualified,0
CRM000237,2020-09-01,90021092,A2319150302,United Kingdom,Rep-19,Customer mentioned a competitor's promotional pricing.,Prospecting,1
CRM000238,2018-12-01,90015150,A3019150205,Norway,Rep-05,Customer is considering a competitor because our price is higher.,Proposal,1
CRM000239,2021-05-01,90001021,A4218110206,China,Rep-01,Customer raised concerns about product availability and delayed delivery.,Proposal,0
CRM000240,2020-06-01,90016171,A2219150206,Poland,Rep-10,Customer asked for more information about the premium variant.,Prospecting,0
CRM000241,2021-05-01,90012033,A6018110103,Germany,Rep-25,Customer asked for more information about the premium variant.,Negotiation,0
CRM000242,2018-12-01,90013124,A2520150505,Italy,Rep-17,Customer asked for more information about the premium variant.,Negotiation,0
CRM000243,2020-07-01,90014135,A3420150601,Netherlands,Rep-28,Customer asked for more information about the premium variant.,Negotiation,0
CRM000244,2021-02-01,90020101,A6319160202,Austria,Rep-28,Customer is considering a competitor because our price is higher.,Qualified,1
CRM000245,2018-11-01,90020098,A1420150501,Austria,Rep-26,Customer asked for more information about the premium variant.,Renewal,0
CRM000246,2020-11-01,70012043,A4720110701,Germany,Rep-26,Customer requested a better commercial offer before renewing the purchase.,Prospecting,0
CRM000247,2019-01-01,90011185,A1219150303,France,Rep-22,Customer requested a better commercial offer before renewing the purchase.,Proposal,0
CRM000248,2019-09-01,90022075,A4620110601,USA,Rep-11,Customer mentioned a competitor's promotional pricing.,Negotiation,1
CRM000249,2020-11-01,90002005,A0921150601,India,Rep-28,Customer asked for more information about the premium variant.,Renewal,0
CRM000250,2019-03-01,70009133,A6119110203,Newzealand,Rep-07,Customer asked for more information about the premium variant.,Negotiation,0
CRM000251,2020-04-01,90017050,A2620150604,Portugal,Rep-07,Customer mentioned a competitor's promotional pricing.,Qualified,1
CRM000252,2019-01-01,80007195,A6018110103,South Korea,Rep-15,Customer raised concerns about product availability and delayed delivery.,Negotiation,0
CRM000253,2021-03-01,90023028,A5318110107,Canada,Rep-04,Customer requested a better commercial offer before renewing the purchase.,Proposal,0
CRM000254,2020-08-01,90017050,A7018160402,Portugal,Rep-04,Customer asked for more information about the premium variant.,Proposal,0
CRM000255,2019-07-01,90008165,A3018150201,Australia,Rep-22,Customer requested a better commercial offer before renewing the purchase.,Proposal,0
CRM000256,2021-03-01,90015147,A2020150501,Norway,Rep-04,Customer requested a better commercial offer before renewing the purchase.,Prospecting,0
CRM000257,2019-09-01,90018113,A2720150701,Spain,Rep-15,Customer is considering a competitor because our price is higher.,Proposal,1
CRM000258,2021-03-01,90020100,A0821150501,Austria,Rep-24,Customer asked for more information about the premium variant.,Prospecting,0
CRM000259,2020-01-01,90019202,A1320150403,Sweden,Rep-21,Customer asked for more information about the premium variant.,Qualified,0
CRM000260,2021-02-01,90004065,A5318110104,Japan,Rep-15,Customer raised concerns about product availability and delayed delivery.,Qualified,0
CRM000261,2020-03-01,90023023,A2420150406,Canada,Rep-11,Customer raised concerns about product availability and delayed delivery.,Proposal,0
CRM000262,2021-06-01,90010044,A3718150101,Bangladesh,Rep-03,Customer mentioned a competitor's promotional pricing.,Proposal,1
CRM000263,2021-01-01,70010047,A4721110705,Bangladesh,Rep-25,Customer is considering a competitor because our price is higher.,Qualified,1
CRM000264,2019-09-01,90020100,A3320150506,Austria,Rep-16,Customer is satisfied with the product and is considering expanding the order.,Negotiation,0
CRM000265,2020-08-01,90005162,A4021150405,Pakistan,Rep-23,Customer is considering a competitor because our price is higher.,Negotiation,1
CRM000266,2020-08-01,80007195,A2720150701,South Korea,Rep-09,Customer requested a better commercial offer before renewing the purchase.,Qualified,0
CRM000267,2019-04-01,70020104,A0118150103,Austria,Rep-04,Customer is considering a competitor because our price is higher.,Renewal,1
CRM000268,2019-07-01,70015151,A0721150404,Norway,Rep-02,Customer raised concerns about product availability and delayed delivery.,Renewal,0
CRM000269,2021-04-01,70003181,A3119150302,Indonesia,Rep-10,Customer is satisfied with the product and is considering expanding the order.,Qualified,0
CRM000270,2021-02-01,90010044,A0921150604,Bangladesh,Rep-21,Customer requested a better commercial offer before renewing the purchase.,Prospecting,0
CRM000271,2021-06-01,70011193,A6019110108,France,Rep-29,Customer is satisfied with the product and is considering expanding the order.,Qualified,0
CRM000272,2020-05-01,90015150,A2620150604,Norway,Rep-09,Customer is satisfied with the product and is considering expanding the order.,Proposal,0
CRM000273,2020-06-01,90008166,A1819150301,Australia,Rep-01,Customer requested a better commercial offer before renewing the purchase.,Renewal,0
CRM000274,2019-09-01,70014143,A2620150606,Netherlands,Rep-04,Customer requested a better commercial offer before renewing the purchase.,Negotiation,0
CRM000275,2021-04-01,70009133,A1920150404,Newzealand,Rep-15,Customer raised concerns about product availability and delayed delivery.,Negotiation,0
CRM000276,2020-10-01,90018106,A3421150604,Spain,Rep-14,Customer requested a better commercial offer before renewing the purchase.,Proposal,0
CRM000277,2020-12-01,90018109,A7119160102,Spain,Rep-18,Customer is satisfied with the product and is considering expanding the order.,Prospecting,0
CRM000278,2018-09-01,90010046,A0320150301,Bangladesh,Rep-08,Customer raised concerns about product availability and delayed delivery.,Negotiation,0
CRM000279,2019-10-01,90011187,A5318110101,France,Rep-16,Customer requested a better commercial offer before renewing the purchase.,Negotiation,0
CRM000280,2019-10-01,90017056,A5520110307,Portugal,Rep-04,Customer requested a better commercial offer before renewing the purchase.,Qualified,0
CRM000281,2019-01-01,70023031,A5419110207,Canada,Rep-21,Customer requested a better commercial offer before renewing the purchase.,Proposal,0
CRM000282,2019-04-01,70006158,A2821150804,Philiphines,Rep-10,Customer mentioned a competitor's promotional pricing.,Negotiation,1
CRM000283,2020-02-01,70009134,A7321160303,Newzealand,Rep-22,Customer requested a better commercial offer before renewing the purchase.,Qualified,0
CRM000284,2019-09-01,90003179,A4118110102,Indonesia,Rep-20,Customer is considering a competitor because our price is higher.,Proposal,1
CRM000285,2021-01-01,90012040,A2721150705,Germany,Rep-06,Customer is satisfied with the product and is considering expanding the order.,Qualified,0
CRM000286,2020-04-01,90002007,A2918150101,India,Rep-21,Customer raised concerns about product availability and delayed delivery.,Renewal,0
CRM000287,2019-05-01,90004065,A3220150404,Japan,Rep-01,Customer asked for more information about the premium variant.,Negotiation,0
CRM000288,2021-05-01,90007197,A7321160301,South Korea,Rep-01,Customer is considering a competitor because our price is higher.,Renewal,1
CRM000289,2019-03-01,90010045,A4218110205,Bangladesh,Rep-16,Customer is satisfied with the product and is considering expanding the order.,Proposal,0
CRM000290,2020-07-01,90015150,A3718150103,Norway,Rep-21,Customer raised concerns about product availability and delayed delivery.,Qualified,0
CRM000291,2018-10-01,90013117,A0519150202,Italy,Rep-06,Customer is considering a competitor because our price is higher.,Negotiation,1
CRM000292,2020-11-01,90016171,A7321160301,Poland,Rep-29,Customer asked for more information about the premium variant.,Renewal,0
CRM000293,2019-12-01,90009132,A6120110207,Newzealand,Rep-11,Customer raised concerns about product availability and delayed delivery.,Renewal,0
CRM000294,2021-04-01,90023023,A4021150403,Canada,Rep-02,Customer raised concerns about product availability and delayed delivery.,Prospecting,0
CRM000295,2019-04-01,90005161,A0519150202,Pakistan,Rep-21,Customer asked for more information about the premium variant.,Negotiation,0
CRM000296,2021-05-01,90022079,A1420150501,USA,Rep-27,Customer asked for more information about the premium variant.,Proposal,0
CRM000297,2019-09-01,70011193,A2821150801,France,Rep-24,Customer requested a better commercial offer before renewing the purchase.,Prospecting,0
CRM000298,2021-06-01,90004063,A3521150704,Japan,Rep-23,Customer is considering a competitor because our price is higher.,Prospecting,1
CRM000299,2019-03-01,90012038,A4419110407,Germany,Rep-23,Customer raised concerns about product availability and delayed delivery.,Negotiation,0
CRM000300,2020-11-01,90010045,A0418150102,Bangladesh,Rep-26,Customer is considering a competitor because our price is higher.,Negotiation,1
CRM000301,2020-10-01,90020102,A4118110105,Austria,Rep-19,Customer requested a better commercial offer before renewing the purchase.,Qualified,0
CRM000302,2019-01-01,70006158,A3819150205,Philiphines,Rep-24,Customer mentioned a competitor's promotional pricing.,Prospecting,1
CRM000303,2021-03-01,70013125,A3521150705,Italy,Rep-15,Customer requested a better commercial offer before renewing the purchase.,Qualified,0
CRM000304,2019-02-01,90014141,A1119150203,Netherlands,Rep-02,Customer asked for more information about the premium variant.,Negotiation,0
CRM000305,2020-04-01,90003180,A0921150601,Indonesia,Rep-28,Customer raised concerns about product availability and delayed delivery.,Negotiation,0
CRM000306,2020-08-01,90013118,A5721110501,Italy,Rep-24,Customer mentioned a competitor's promotional pricing.,Proposal,1
CRM000307,2020-07-01,90005160,A5419110208,Pakistan,Rep-05,Customer is considering a competitor because our price is higher.,Prospecting,1
CRM000308,2020-03-01,90002016,A0118150104,India,Rep-06,Customer asked for more information about the premium variant.,Prospecting,0
CRM000309,2021-04-01,90012041,A3420150601,Germany,Rep-19,Customer raised concerns about product availability and delayed delivery.,Negotiation,0
CRM000310,2019-07-01,90016171,A4520110507,Poland,Rep-30,Customer is considering a competitor because our price is higher.,Prospecting,1
CRM000311,2021-08-01,90020098,A3521150701,Austria,Rep-19,Customer raised concerns about product availability and delayed delivery.,Proposal,0
CRM000312,2021-08-01,90009127,A4118110105,Newzealand,Rep-09,Customer asked for more information about the premium variant.,Qualified,0
CRM000313,2019-02-01,70002018,A3018150202,India,Rep-21,Customer mentioned a competitor's promotional pricing.,Negotiation,1
CRM000314,2020-06-01,70020104,A2721150704,Austria,Rep-04,Customer requested a better commercial offer before renewing the purchase.,Proposal,0
CRM000315,2020-10-01,70014142,A6018110102,Netherlands,Rep-05,Customer is satisfied with the product and is considering expanding the order.,Proposal,0
CRM000316,2019-05-01,90020097,A3220150406,Austria,Rep-13,Customer asked for more information about the premium variant.,Qualified,0
CRM000317,2019-11-01,90014136,A7321160303,Netherlands,Rep-01,Customer mentioned a competitor's promotional pricing.,Negotiation,1
CRM000318,2019-11-01,90020100,A1219150303,Austria,Rep-05,Customer is satisfied with the product and is considering expanding the order.,Negotiation,0
CRM000319,2021-08-01,70009133,A6520160403,Newzealand,Rep-22,Customer is satisfied with the product and is considering expanding the order.,Renewal,0
CRM000320,2021-07-01,90018114,A7119160102,Spain,Rep-15,Customer requested a better commercial offer before renewing the purchase.,Negotiation,0
CRM000321,2019-07-01,90017055,A1018150101,Portugal,Rep-12,Customer asked for more information about the premium variant.,Prospecting,0
CRM000322,2020-04-01,70006157,A2821150804,Philiphines,Rep-29,Customer raised concerns about product availability and delayed delivery.,Negotiation,0
CRM000323,2021-06-01,90001021,A3320150501,China,Rep-05,Customer is considering a competitor because our price is higher.,Qualified,1
CRM000324,2018-10-01,90008167,A1521150602,Australia,Rep-09,Customer is satisfied with the product and is considering expanding the order.,Prospecting,0
CRM000325,2021-06-01,90011185,A5419110202,France,Rep-20,Customer asked for more information about the premium variant.,Negotiation,0
CRM000326,2021-02-01,90016171,A6119110201,Poland,Rep-15,Customer is considering a competitor because our price is higher.,Prospecting,1
CRM000327,2018-10-01,70006158,A7220160202,Philiphines,Rep-11,Customer requested a better commercial offer before renewing the purchase.,Renewal,0
CRM000328,2020-04-01,90009130,A1819150304,Newzealand,Rep-09,Customer raised concerns about product availability and delayed delivery.,Renewal,0
CRM000329,2019-10-01,80001019,A4419110401,China,Rep-23,Customer asked for more information about the premium variant.,Prospecting,0
CRM000330,2020-03-01,90009129,A2620150602,Newzealand,Rep-18,Customer is satisfied with the product and is considering expanding the order.,Renewal,0
CRM000331,2020-11-01,90001021,A7119160103,China,Rep-11,Customer is satisfied with the product and is considering expanding the order.,Negotiation,0
CRM000332,2018-11-01,70010048,A2821150802,Bangladesh,Rep-20,Customer is considering a competitor because our price is higher.,Prospecting,1
CRM000333,2020-03-01,70014143,A4218110206,Netherlands,Rep-24,Customer mentioned a competitor's promotional pricing.,Renewal,1
CRM000334,2019-09-01,90009128,A4218110207,Newzealand,Rep-29,Customer is satisfied with the product and is considering expanding the order.,Proposal,0
CRM000335,2019-06-01,90002007,A5520110307,India,Rep-05,Customer is satisfied with the product and is considering expanding the order.,Qualified,0
CRM000336,2019-01-01,90023029,A6018110102,Canada,Rep-12,Customer is satisfied with the product and is considering expanding the order.,Renewal,0
CRM000337,2020-05-01,70005163,A1618150103,Pakistan,Rep-11,Customer asked for more information about the premium variant.,Negotiation,0
CRM000338,2019-07-01,80001019,A0320150301,China,Rep-16,Customer is satisfied with the product and is considering expanding the order.,Qualified,0
CRM000339,2021-03-01,90017051,A2319150301,Portugal,Rep-04,Customer requested a better commercial offer before renewing the purchase.,Renewal,0
CRM000340,2021-04-01,90021094,A3521150702,United Kingdom,Rep-10,Customer raised concerns about product availability and delayed delivery.,Negotiation,0
CRM000341,2018-11-01,70003182,A6121110208,Indonesia,Rep-18,Customer is satisfied with the product and is considering expanding the order.,Proposal,0
CRM000342,2019-12-01,90003180,A1819150304,Indonesia,Rep-16,Customer requested a better commercial offer before renewing the purchase.,Proposal,0
CRM000343,2021-04-01,90010046,A4218110205,Bangladesh,Rep-26,Customer is satisfied with the product and is considering expanding the order.,Proposal,0
CRM000344,2018-10-01,70020104,A6120110207,Austria,Rep-29,Customer requested a better commercial offer before renewing the purchase.,Prospecting,0
CRM000345,2020-05-01,90020102,A3320150502,Austria,Rep-17,Customer is satisfied with the product and is considering expanding the order.,Proposal,0
CRM000346,2021-02-01,90003179,A4620110604,Indonesia,Rep-10,Customer requested a better commercial offer before renewing the purchase.,Qualified,0
CRM000347,2019-12-01,90002006,A4620110604,India,Rep-15,Customer is considering a competitor because our price is higher.,Qualified,1
CRM000348,2019-06-01,90015148,A6018110101,Norway,Rep-01,Customer is satisfied with the product and is considering expanding the order.,Negotiation,0
CRM000349,2020-09-01,90012035,A0721150403,Germany,Rep-02,Customer requested a better commercial offer before renewing the purchase.,Prospecting,0
CRM000350,2019-04-01,70014142,A2721150704,Netherlands,Rep-01,Customer is satisfied with the product and is considering expanding the order.,Prospecting,0
CRM000351,2020-09-01,90012033,A4419110406,Germany,Rep-03,Customer is satisfied with the product and is considering expanding the order.,Negotiation,0
CRM000352,2018-09-01,70006157,A6419160302,Philiphines,Rep-07,Customer raised concerns about product availability and delayed delivery.,Proposal,0
CRM000353,2021-04-01,90023026,A3019150205,Canada,Rep-19,Customer mentioned a competitor's promotional pricing.,Negotiation,1
CRM000354,2019-10-01,90011185,A1521150601,France,Rep-17,Customer is satisfied with the product and is considering expanding the order.,Proposal,0
CRM000355,2021-05-01,90014136,A4419110406,Netherlands,Rep-17,Customer is satisfied with the product and is considering expanding the order.,Renewal,0
CRM000356,2019-12-01,90014136,A4419110404,Netherlands,Rep-02,Customer mentioned a competitor's promotional pricing.,Qualified,1
CRM000357,2019-09-01,90014139,A0519150203,Netherlands,Rep-10,Customer mentioned a competitor's promotional pricing.,Prospecting,1
CRM000358,2020-01-01,90005159,A1521150603,Pakistan,Rep-10,Customer requested a better commercial offer before renewing the purchase.,Negotiation,0
CRM000359,2019-10-01,90018107,A4318110301,Spain,Rep-12,Customer asked for more information about the premium variant.,Qualified,0
CRM000360,2021-02-01,70009133,A4721110708,Newzealand,Rep-03,Customer requested a better commercial offer before renewing the purchase.,Qualified,0
CRM000361,2019-06-01,90011189,A3420150601,France,Rep-18,Customer raised concerns about product availability and delayed delivery.,Renewal,0
CRM000362,2019-07-01,70007198,A7020160403,South Korea,Rep-29,Customer requested a better commercial offer before renewing the purchase.,Negotiation,0
CRM000363,2021-08-01,90002008,A3320150506,India,Rep-22,Customer is considering a competitor because our price is higher.,Proposal,1
CRM000364,2020-01-01,90022081,A2520150504,USA,Rep-05,Customer raised concerns about product availability and delayed delivery.,Qualified,0
CRM000365,2018-10-01,90003180,A0418150107,Indonesia,Rep-11,Customer is satisfied with the product and is considering expanding the order.,Proposal,0
CRM000366,2018-09-01,90014141,A0620150303,Netherlands,Rep-23,Customer requested a better commercial offer before renewing the purchase.,Prospecting,0
CRM000367,2019-08-01,90010044,A2821150805,Bangladesh,Rep-19,Customer asked for more information about the premium variant.,Proposal,0
CRM000368,2020-03-01,90011191,A3521150704,France,Rep-01,Customer asked for more information about the premium variant.,Proposal,0
CRM000369,2020-06-01,70010047,A4218110206,Bangladesh,Rep-16,Customer is satisfied with the product and is considering expanding the order.,Proposal,0
CRM000370,2021-03-01,90002006,A2918150106,India,Rep-30,Customer is satisfied with the product and is considering expanding the order.,Proposal,0
CRM000371,2020-11-01,70006157,A4520110507,Philiphines,Rep-01,Customer is satisfied with the product and is considering expanding the order.,Negotiation,0
CRM000372,2020-11-01,80007196,A4721110705,South Korea,Rep-07,Customer requested a better commercial offer before renewing the purchase.,Prospecting,0
CRM000373,2018-11-01,90002010,A2118150104,India,Rep-01,Customer is satisfied with the product and is considering expanding the order.,Qualified,0
CRM000374,2020-05-01,90021093,A2918150101,United Kingdom,Rep-19,Customer is considering a competitor because our price is higher.,Renewal,1
CRM000375,2019-09-01,90018110,A0519150201,Spain,Rep-22,Customer is satisfied with the product and is considering expanding the order.,Prospecting,0
CRM000376,2020-05-01,90018106,A1718150203,Spain,Rep-11,Customer asked for more information about the premium variant.,Qualified,0
CRM000377,2020-11-01,90018106,A2918150106,Spain,Rep-29,Customer asked for more information about the premium variant.,Negotiation,0
CRM000378,2020-11-01,70003182,A7119160103,Indonesia,Rep-21,Customer asked for more information about the premium variant.,Qualified,0
CRM000379,2019-06-01,90016175,A1718150203,Poland,Rep-06,Customer is satisfied with the product and is considering expanding the order.,Qualified,0
CRM000380,2021-03-01,80007196,A5318110101,South Korea,Rep-06,Customer mentioned a competitor's promotional pricing.,Proposal,1
CRM000381,2019-07-01,90014140,A4419110404,Netherlands,Rep-01,Customer requested a better commercial offer before renewing the purchase.,Qualified,0
CRM000382,2021-05-01,70015152,A0418150102,Norway,Rep-24,Customer raised concerns about product availability and delayed delivery.,Prospecting,0
CRM000383,2019-09-01,90001021,A5318110108,China,Rep-02,Customer mentioned a competitor's promotional pricing.,Negotiation,1
CRM000384,2020-08-01,90023024,A5519110301,Canada,Rep-12,Customer mentioned a competitor's promotional pricing.,Qualified,1
CRM000385,2019-11-01,90001020,A4118110105,China,Rep-09,Customer raised concerns about product availability and delayed delivery.,Renewal,0
CRM000386,2021-03-01,70007199,A6818160202,South Korea,Rep-20,Customer requested a better commercial offer before renewing the purchase.,Qualified,0
CRM000387,2020-08-01,90012037,A5620110401,Germany,Rep-02,Customer requested a better commercial offer before renewing the purchase.,Prospecting,0
CRM000388,2019-10-01,70018115,A6520160403,Spain,Rep-16,Customer mentioned a competitor's promotional pricing.,Prospecting,1
CRM000389,2020-04-01,90015149,A4520110506,Norway,Rep-26,Customer raised concerns about product availability and delayed delivery.,Negotiation,0
CRM000390,2020-09-01,90023026,A4419110408,Canada,Rep-11,Customer is satisfied with the product and is considering expanding the order.,Negotiation,0
CRM000391,2019-09-01,90001020,A0921150601,China,Rep-10,Customer raised concerns about product availability and delayed delivery.,Prospecting,0
CRM000392,2020-01-01,90023022,A6921160301,Canada,Rep-10,Customer mentioned a competitor's promotional pricing.,Proposal,1
CRM000393,2021-08-01,90008164,A0519150207,Australia,Rep-16,Customer raised concerns about product availability and delayed delivery.,Qualified,0
CRM000394,2020-12-01,90006153,A5721110501,Philiphines,Rep-25,Customer asked for more information about the premium variant.,Renewal,0
CRM000395,2020-09-01,90016176,A0621150307,Poland,Rep-06,Customer asked for more information about the premium variant.,Proposal,0
CRM000396,2020-11-01,90009127,A4620110604,Newzealand,Rep-22,Customer mentioned a competitor's promotional pricing.,Renewal,1
CRM000397,2020-11-01,90014141,A5620110402,Netherlands,Rep-11,Customer is satisfied with the product and is considering expanding the order.,Negotiation,0
CRM000398,2019-12-01,90009128,A3320150505,Newzealand,Rep-18,Customer mentioned a competitor's promotional pricing.,Proposal,1
CRM000399,2018-10-01,90021089,A3120150304,United Kingdom,Rep-25,Customer is satisfied with the product and is considering expanding the order.,Prospecting,0
CRM000400,2018-10-01,90019201,A4620110605,Sweden,Rep-13,Customer is satisfied with the product and is considering expanding the order.,Negotiation,0
CRM000401,2021-02-01,90017059,A4318110301,Portugal,Rep-21,Customer asked for more information about the premium variant.,Proposal,0
CRM000402,2019-03-01,70004070,A4118110101,Japan,Rep-22,Customer is considering a competitor because our price is higher.,Proposal,1
CRM000403,2019-06-01,70009133,A6819160203,Newzealand,Rep-11,Customer requested a better commercial offer before renewing the purchase.,Proposal,0
CRM000404,2020-06-01,90016176,A0118150102,Poland,Rep-13,Customer is satisfied with the product and is considering expanding the order.,Qualified,0
CRM000405,2021-08-01,90013121,A1320150402,Italy,Rep-10,Customer mentioned a competitor's promotional pricing.,Proposal,1
CRM000406,2021-03-01,90004066,A1319150401,Japan,Rep-18,Customer asked for more information about the premium variant.,Proposal,0
CRM000407,2020-02-01,70009133,A0821150501,Newzealand,Rep-07,Customer asked for more information about the premium variant.,Proposal,0
CRM000408,2019-08-01,90015148,A1919150401,Norway,Rep-04,Customer is considering a competitor because our price is higher.,Renewal,1
CRM000409,2021-03-01,90012038,A2520150504,Germany,Rep-23,Customer is satisfied with the product and is considering expanding the order.,Prospecting,0
CRM000410,2020-10-01,70002018,A4118110106,India,Rep-07,Customer asked for more information about the premium variant.,Prospecting,0
CRM000411,2019-04-01,90021095,A0418150107,United Kingdom,Rep-18,Customer requested a better commercial offer before renewing the purchase.,Proposal,0
CRM000412,2019-04-01,90011192,A0821150503,France,Rep-29,Customer mentioned a competitor's promotional pricing.,Negotiation,1
CRM000413,2020-03-01,90022079,A6019110108,USA,Rep-28,Customer is satisfied with the product and is considering expanding the order.,Proposal,0
CRM000414,2021-01-01,90004061,A6218160101,Japan,Rep-21,Customer is satisfied with the product and is considering expanding the order.,Renewal,0
CRM000415,2021-07-01,90012034,A6718160102,Germany,Rep-05,Customer is satisfied with the product and is considering expanding the order.,Proposal,0
CRM000416,2018-09-01,90009132,A2821150804,Newzealand,Rep-09,Customer raised concerns about product availability and delayed delivery.,Renewal,0
CRM000417,2018-11-01,90006153,A0418150101,Philiphines,Rep-01,Customer is satisfied with the product and is considering expanding the order.,Proposal,0
CRM000418,2019-07-01,90020097,A3119150302,Austria,Rep-21,Customer raised concerns about product availability and delayed delivery.,Qualified,0
CRM000419,2019-06-01,90019203,A6620160501,Sweden,Rep-13,Customer asked for more information about the premium variant.,Prospecting,0
CRM000420,2019-07-01,90023029,A4218110202,Canada,Rep-10,Customer is satisfied with the product and is considering expanding the order.,Proposal,0
CRM000421,2020-11-01,90019201,A3920150305,Sweden,Rep-01,Customer raised concerns about product availability and delayed delivery.,Proposal,0
CRM000422,2021-06-01,70003181,A2419150402,Indonesia,Rep-19,Customer requested a better commercial offer before renewing the purchase.,Qualified,0
CRM000423,2019-06-01,90016173,A4520110507,Poland,Rep-25,Customer raised concerns about product availability and delayed delivery.,Prospecting,0
CRM000424,2020-09-01,80001019,A3920150305,China,Rep-09,Customer is satisfied with the product and is considering expanding the order.,Qualified,0
CRM000425,2021-02-01,90013117,A2219150206,Italy,Rep-20,Customer mentioned a competitor's promotional pricing.,Proposal,1
CRM000426,2020-06-01,90013124,A3920150303,Italy,Rep-17,Customer is considering a competitor because our price is higher.,Negotiation,1
CRM000427,2020-10-01,90012038,A3521150701,Germany,Rep-29,Customer asked for more information about the premium variant.,Renewal,0
CRM000428,2020-06-01,90014135,A1618150104,Netherlands,Rep-22,Customer asked for more information about the premium variant.,Negotiation,0
CRM000429,2019-12-01,90004064,A2721150705,Japan,Rep-08,Customer requested a better commercial offer before renewing the purchase.,Negotiation,0
CRM000430,2019-09-01,90019201,A5318110102,Sweden,Rep-09,Customer is considering a competitor because our price is higher.,Renewal,1
CRM000431,2019-12-01,70003182,A3120150306,Indonesia,Rep-24,Customer is considering a competitor because our price is higher.,Negotiation,1
CRM000432,2019-07-01,90002014,A2319150301,India,Rep-25,Customer asked for more information about the premium variant.,Qualified,0
CRM000433,2020-12-01,70023032,A3220150402,Canada,Rep-10,Customer is considering a competitor because our price is higher.,Proposal,1
CRM000434,2018-09-01,90017055,A0220150203,Portugal,Rep-20,Customer is satisfied with the product and is considering expanding the order.,Proposal,0
CRM000435,2020-07-01,70008169,A4319110302,Australia,Rep-13,Customer asked for more information about the premium variant.,Prospecting,0
CRM000436,2018-10-01,90018109,A5419110202,Spain,Rep-11,Customer mentioned a competitor's promotional pricing.,Qualified,1
CRM000437,2021-06-01,90017049,A4620110607,Portugal,Rep-03,Customer requested a better commercial offer before renewing the purchase.,Prospecting,0
CRM000438,2020-08-01,90022079,A0321150303,USA,Rep-18,Customer is considering a competitor because our price is higher.,Renewal,1
CRM000439,2018-11-01,90002011,A4821110804,India,Rep-21,Customer is satisfied with the product and is considering expanding the order.,Renewal,0
CRM000440,2019-02-01,90021088,A0519150207,United Kingdom,Rep-20,Customer mentioned a competitor's promotional pricing.,Proposal,1
CRM000441,2018-09-01,90008165,A3421150604,Australia,Rep-02,Customer requested a better commercial offer before renewing the purchase.,Negotiation,0
CRM000442,2021-07-01,90016174,A4720110702,Poland,Rep-01,Customer requested a better commercial offer before renewing the purchase.,Negotiation,0
CRM000443,2019-09-01,90006153,A3521150706,Philiphines,Rep-30,Customer asked for more information about the premium variant.,Qualified,0
CRM000444,2018-12-01,90020101,A6018110102,Austria,Rep-26,Customer raised concerns about product availability and delayed delivery.,Negotiation,0
CRM000445,2020-08-01,70010048,A3421150605,Bangladesh,Rep-01,Customer asked for more information about the premium variant.,Renewal,0
CRM000446,2019-01-01,90003180,A2219150204,Indonesia,Rep-13,Customer mentioned a competitor's promotional pricing.,Qualified,1
CRM000447,2021-02-01,90018114,A3521150702,Spain,Rep-27,Customer requested a better commercial offer before renewing the purchase.,Qualified,0
CRM000448,2020-07-01,90017050,A5519110301,Portugal,Rep-16,Customer asked for more information about the premium variant.,Prospecting,0
CRM000449,2020-05-01,70018115,A4118110107,Spain,Rep-10,Customer asked for more information about the premium variant.,Proposal,0
CRM000450,2021-04-01,90020103,A6720160103,Austria,Rep-15,Customer is considering a competitor because our price is higher.,Proposal,1
CRM000451,2020-02-01,90008165,A2319150302,Australia,Rep-10,Customer requested a better commercial offer before renewing the purchase.,Qualified,0
CRM000452,2020-07-01,90009129,A4821110801,Newzealand,Rep-02,Customer is considering a competitor because our price is higher.,Qualified,1
CRM000453,2021-07-01,90018114,A1018150102,Spain,Rep-09,Customer asked for more information about the premium variant.,Proposal,0
CRM000454,2021-06-01,80007195,A2620150602,South Korea,Rep-05,Customer is considering a competitor because our price is higher.,Proposal,1
CRM000455,2021-03-01,90011185,A7321160301,France,Rep-06,Customer is considering a competitor because our price is higher.,Renewal,1
CRM000456,2019-07-01,70003182,A5519110301,Indonesia,Rep-18,Customer requested a better commercial offer before renewing the purchase.,Qualified,0
CRM000457,2020-01-01,90018107,A3818150201,Spain,Rep-04,Customer requested a better commercial offer before renewing the purchase.,Qualified,0
CRM000458,2021-05-01,90006156,A3220150405,Philiphines,Rep-11,Customer is considering a competitor because our price is higher.,Proposal,1
CRM000459,2020-09-01,90011189,A6119110201,France,Rep-27,Customer is satisfied with the product and is considering expanding the order.,Proposal,0
CRM000460,2020-10-01,70003181,A0619150301,Indonesia,Rep-17,Customer raised concerns about product availability and delayed delivery.,Negotiation,0
CRM000461,2021-04-01,90018108,A5721110504,Spain,Rep-14,Customer requested a better commercial offer before renewing the purchase.,Negotiation,0
CRM000462,2020-05-01,70013125,A4519110501,Italy,Rep-18,Customer mentioned a competitor's promotional pricing.,Prospecting,1
CRM000463,2019-11-01,70008169,A0519150207,Australia,Rep-01,Customer is considering a competitor because our price is higher.,Negotiation,1
CRM000464,2019-04-01,70015152,A2319150301,Norway,Rep-28,Customer mentioned a competitor's promotional pricing.,Negotiation,1
CRM000465,2019-07-01,90008168,A1718150201,Australia,Rep-03,Customer mentioned a competitor's promotional pricing.,Proposal,1
CRM000466,2021-06-01,90015144,A2419150401,Norway,Rep-14,Customer is satisfied with the product and is considering expanding the order.,Negotiation,0
CRM000467,2019-05-01,90022083,A3320150506,USA,Rep-03,Customer is considering a competitor because our price is higher.,Proposal,1
CRM000468,2021-02-01,90021092,A4620110605,United Kingdom,Rep-10,Customer asked for more information about the premium variant.,Proposal,0
CRM000469,2019-01-01,90019200,A4821110808,Sweden,Rep-22,Customer mentioned a competitor's promotional pricing.,Proposal,1
CRM000470,2021-01-01,90013123,A3019150205,Italy,Rep-13,Customer raised concerns about product availability and delayed delivery.,Renewal,0
CRM000471,2019-01-01,90022083,A0821150504,USA,Rep-28,Customer is considering a competitor because our price is higher.,Negotiation,1
CRM000472,2019-04-01,90019202,A3120150305,Sweden,Rep-02,Customer is considering a competitor because our price is higher.,Negotiation,1
CRM000473,2021-07-01,70014142,A2620150605,Netherlands,Rep-19,Customer requested a better commercial offer before renewing the purchase.,Qualified,0
CRM000474,2019-09-01,90019200,A0621150307,Sweden,Rep-08,Customer raised concerns about product availability and delayed delivery.,Negotiation,0
CRM000475,2019-02-01,90013117,A1219150301,Italy,Rep-06,Customer requested a better commercial offer before renewing the purchase.,Prospecting,0
CRM000476,2021-06-01,90014136,A6621160503,Netherlands,Rep-06,Customer is considering a competitor because our price is higher.,Renewal,1
CRM000477,2019-03-01,90015150,A7018160402,Norway,Rep-21,Customer is satisfied with the product and is considering expanding the order.,Proposal,0
CRM000478,2021-03-01,90018108,A7321160302,Spain,Rep-13,Customer is satisfied with the product and is considering expanding the order.,Prospecting,0
CRM000479,2020-11-01,90014136,A3019150204,Netherlands,Rep-17,Customer raised concerns about product availability and delayed delivery.,Prospecting,0
CRM000480,2020-08-01,90009128,A2218150201,Newzealand,Rep-06,Customer mentioned a competitor's promotional pricing.,Proposal,1
CRM000481,2019-11-01,90014139,A7119160103,Netherlands,Rep-02,Customer is satisfied with the product and is considering expanding the order.,Renewal,0
CRM000482,2021-05-01,70008170,A6720160103,Australia,Rep-06,Customer requested a better commercial offer before renewing the purchase.,Proposal,0
CRM000483,2021-07-01,90021091,A5419110208,United Kingdom,Rep-22,Customer asked for more information about the premium variant.,Proposal,0
CRM000484,2020-11-01,90019201,A7118160101,Sweden,Rep-10,Customer asked for more information about the premium variant.,Proposal,0
CRM000485,2020-06-01,70007198,A4319110306,South Korea,Rep-16,Customer asked for more information about the premium variant.,Renewal,0
CRM000486,2021-02-01,90007197,A3220150401,South Korea,Rep-10,Customer asked for more information about the premium variant.,Renewal,0
CRM000487,2019-07-01,90012035,A4218110202,Germany,Rep-20,Customer raised concerns about product availability and delayed delivery.,Renewal,0
CRM000488,2021-07-01,70007198,A4721110708,South Korea,Rep-26,Customer requested a better commercial offer before renewing the purchase.,Negotiation,0
CRM000489,2019-12-01,70009134,A4821110806,Newzealand,Rep-01,Customer mentioned a competitor's promotional pricing.,Renewal,1
CRM000490,2018-12-01,90020097,A4620110604,Austria,Rep-01,Customer is satisfied with the product and is considering expanding the order.,Proposal,0
CRM000491,2019-10-01,70014143,A6620160501,Netherlands,Rep-21,Customer asked for more information about the premium variant.,Proposal,0
CRM000492,2019-10-01,90007197,A2918150101,South Korea,Rep-14,Customer mentioned a competitor's promotional pricing.,Renewal,1
CRM000493,2019-11-01,90023029,A5419110204,Canada,Rep-22,Customer is satisfied with the product and is considering expanding the order.,Proposal,0
CRM000494,2020-02-01,90017054,A2520150505,Portugal,Rep-16,Customer mentioned a competitor's promotional pricing.,Qualified,1
CRM000495,2019-11-01,70009133,A0118150103,Newzealand,Rep-17,Customer is considering a competitor because our price is higher.,Proposal,1
CRM000496,2020-07-01,90012034,A2319150306,Germany,Rep-09,Customer mentioned a competitor's promotional pricing.,Prospecting,1
CRM000497,2020-11-01,70009133,A3521150704,Newzealand,Rep-29,Customer is considering a competitor because our price is higher.,Qualified,1
CRM000498,2020-03-01,70003182,A3320150505,Indonesia,Rep-26,Customer is satisfied with the product and is considering expanding the order.,Qualified,0
CRM000499,2020-01-01,90022078,A2918150105,USA,Rep-16,Customer is considering a competitor because our price is higher.,Qualified,1
CRM000500,2019-06-01,90013123,A2520150504,Italy,Rep-05,Customer mentioned a competitor's promotional pricing.,Negotiation,1
CRM000501,2018-09-01,90006153,A4218110201,Philiphines,Rep-09,Customer raised concerns about product availability and delayed delivery.,Proposal,0
CRM000502,2020-09-01,90021087,A6119110203,United Kingdom,Rep-10,Customer mentioned a competitor's promotional pricing.,Proposal,1
CRM000503,2019-07-01,70010047,A2821150801,Bangladesh,Rep-05,Customer is considering a competitor because our price is higher.,Proposal,1
CRM000504,2021-03-01,80006154,A7321160303,Philiphines,Rep-13,Customer mentioned a competitor's promotional pricing.,Qualified,1
CRM000505,2020-12-01,90003179,A3320150505,Indonesia,Rep-23,Customer is satisfied with the product and is considering expanding the order.,Proposal,0
CRM000506,2020-11-01,90020101,A3120150305,Austria,Rep-01,Customer raised concerns about product availability and delayed delivery.,Negotiation,0
CRM000507,2019-11-01,90010046,A2419150402,Bangladesh,Rep-10,Customer is satisfied with the product and is considering expanding the order.,Renewal,0
CRM000508,2021-03-01,90006153,A2918150101,Philiphines,Rep-29,Customer raised concerns about product availability and delayed delivery.,Negotiation,0
CRM000509,2019-11-01,90003180,A3718150105,Indonesia,Rep-04,Customer is considering a competitor because our price is higher.,Negotiation,1
CRM000510,2018-09-01,80007195,A4020150401,South Korea,Rep-21,Customer asked for more information about the premium variant.,Negotiation,0
CRM000511,2019-11-01,90009129,A0118150102,Newzealand,Rep-21,Customer mentioned a competitor's promotional pricing.,Proposal,1
CRM000512,2020-10-01,90022080,A1521150601,USA,Rep-13,Customer is satisfied with the product and is considering expanding the order.,Negotiation,0
CRM000513,2019-03-01,90021090,A3119150302,United Kingdom,Rep-29,Customer raised concerns about product availability and delayed delivery.,Proposal,0
CRM000514,2021-08-01,90005159,A6921160301,Pakistan,Rep-14,Customer raised concerns about product availability and delayed delivery.,Proposal,0
CRM000515,2019-07-01,90011191,A4419110406,France,Rep-29,Customer is satisfied with the product and is considering expanding the order.,Negotiation,0
CRM000516,2020-10-01,90013121,A5519110304,Italy,Rep-27,Customer requested a better commercial offer before renewing the purchase.,Renewal,0
CRM000517,2019-08-01,90023029,A5519110302,Canada,Rep-09,Customer mentioned a competitor's promotional pricing.,Qualified,1
CRM000518,2019-03-01,70005163,A6120110207,Pakistan,Rep-08,Customer requested a better commercial offer before renewing the purchase.,Renewal,0
CRM000519,2021-03-01,90015144,A4020150401,Norway,Rep-02,Customer requested a better commercial offer before renewing the purchase.,Proposal,0
CRM000520,2020-05-01,90011186,A4419110408,France,Rep-14,Customer requested a better commercial offer before renewing the purchase.,Negotiation,0
CRM000521,2020-04-01,80007195,A3621150802,South Korea,Rep-09,Customer asked for more information about the premium variant.,Qualified,0
CRM000522,2021-07-01,80001019,A2319150304,China,Rep-19,Customer is satisfied with the product and is considering expanding the order.,Negotiation,0
CRM000523,2020-07-01,70007199,A2118150104,South Korea,Rep-10,Customer is satisfied with the product and is considering expanding the order.,Negotiation,0
CRM000524,2020-12-01,90004068,A4519110502,Japan,Rep-19,Customer raised concerns about product availability and delayed delivery.,Renewal,0
CRM000525,2019-11-01,90007197,A0921150603,South Korea,Rep-29,Customer requested a better commercial offer before renewing the purchase.,Proposal,0
CRM000526,2021-05-01,70002017,A3420150602,India,Rep-02,Customer mentioned a competitor's promotional pricing.,Proposal,1
CRM000527,2020-02-01,70014142,A2420150406,Netherlands,Rep-21,Customer mentioned a competitor's promotional pricing.,Renewal,1
CRM000528,2019-02-01,90018106,A5318110105,Spain,Rep-18,Customer is satisfied with the product and is considering expanding the order.,Proposal,0
CRM000529,2019-04-01,90008168,A6818160202,Australia,Rep-16,Customer asked for more information about the premium variant.,Proposal,0
CRM000530,2020-01-01,70010048,A1421150503,Bangladesh,Rep-15,Customer raised concerns about product availability and delayed delivery.,Negotiation,0
CRM000531,2020-01-01,80007195,A3420150602,South Korea,Rep-20,Customer asked for more information about the premium variant.,Renewal,0
CRM000532,2018-12-01,90019201,A2419150404,Sweden,Rep-11,Customer is considering a competitor because our price is higher.,Renewal,1
CRM000533,2020-01-01,90014139,A2620150601,Netherlands,Rep-03,Customer asked for more information about the premium variant.,Proposal,0
CRM000534,2020-12-01,90018108,A4118110101,Spain,Rep-02,Customer asked for more information about the premium variant.,Proposal,0
CRM000535,2021-06-01,70014143,A2319150306,Netherlands,Rep-24,Customer mentioned a competitor's promotional pricing.,Qualified,1
CRM000536,2019-11-01,90023028,A3421150606,Canada,Rep-23,Customer mentioned a competitor's promotional pricing.,Negotiation,1
CRM000537,2020-09-01,70020104,A2620150601,Austria,Rep-08,Customer raised concerns about product availability and delayed delivery.,Qualified,0
CRM000538,2019-08-01,90009129,A0220150203,Newzealand,Rep-19,Customer requested a better commercial offer before renewing the purchase.,Renewal,0
CRM000539,2020-12-01,80001019,A1521150603,China,Rep-17,Customer requested a better commercial offer before renewing the purchase.,Qualified,0
CRM000540,2018-10-01,90008165,A5721110503,Australia,Rep-25,Customer requested a better commercial offer before renewing the purchase.,Proposal,0
CRM000541,2020-07-01,90013120,A2118150105,Italy,Rep-21,Customer is considering a competitor because our price is higher.,Proposal,1
CRM000542,2018-11-01,90010045,A2520150504,Bangladesh,Rep-27,Customer mentioned a competitor's promotional pricing.,Proposal,1
CRM000543,2019-06-01,90002002,A3420150601,India,Rep-30,Customer is considering a competitor because our price is higher.,Negotiation,1
CRM000544,2021-03-01,90012033,A2620150601,Germany,Rep-26,Customer is satisfied with the product and is considering expanding the order.,Renewal,0
CRM000545,2019-06-01,90011191,A2419150404,France,Rep-22,Customer mentioned a competitor's promotional pricing.,Negotiation,1
CRM000546,2021-05-01,90020101,A3521150706,Austria,Rep-23,Customer is satisfied with the product and is considering expanding the order.,Renewal,0
CRM000547,2021-05-01,70015152,A6121110208,Norway,Rep-05,Customer is satisfied with the product and is considering expanding the order.,Proposal,0
CRM000548,2019-12-01,70010047,A7119160102,Bangladesh,Rep-05,Customer is satisfied with the product and is considering expanding the order.,Prospecting,0
CRM000549,2018-11-01,90019202,A4319110305,Sweden,Rep-21,Customer is considering a competitor because our price is higher.,Negotiation,1
CRM000550,2020-05-01,90002010,A0118150104,India,Rep-27,Customer is satisfied with the product and is considering expanding the order.,Negotiation,0
CRM000551,2019-02-01,90019201,A6018110105,Sweden,Rep-12,Customer raised concerns about product availability and delayed delivery.,Negotiation,0
CRM000552,2020-03-01,90018105,A3119150302,Spain,Rep-24,Customer mentioned a competitor's promotional pricing.,Proposal,1
CRM000553,2021-01-01,70003181,A4419110406,Indonesia,Rep-19,Customer mentioned a competitor's promotional pricing.,Qualified,1
CRM000554,2019-07-01,70021096,A0621150308,United Kingdom,Rep-01,Customer requested a better commercial offer before renewing the purchase.,Renewal,0
CRM000555,2019-12-01,90008164,A3521150705,Australia,Rep-20,Customer mentioned a competitor's promotional pricing.,Qualified,1
CRM000556,2019-01-01,90018110,A2319150305,Spain,Rep-15,Customer mentioned a competitor's promotional pricing.,Negotiation,1
CRM000557,2020-04-01,90021094,A4118110106,United Kingdom,Rep-09,Customer is satisfied with the product and is considering expanding the order.,Proposal,0
CRM000558,2020-12-01,70005163,A5519110302,Pakistan,Rep-19,Customer is satisfied with the product and is considering expanding the order.,Renewal,0
CRM000559,2020-01-01,90020097,A6018110105,Austria,Rep-20,Customer raised concerns about product availability and delayed delivery.,Negotiation,0
CRM000560,2020-02-01,90021093,A7321160301,United Kingdom,Rep-19,Customer requested a better commercial offer before renewing the purchase.,Qualified,0
CRM000561,2020-09-01,90020102,A4821110804,Austria,Rep-06,Customer is satisfied with the product and is considering expanding the order.,Qualified,0
CRM000562,2019-09-01,90015144,A5318110101,Norway,Rep-20,Customer mentioned a competitor's promotional pricing.,Qualified,1
CRM000563,2021-03-01,90002010,A6019110108,India,Rep-16,Customer raised concerns about product availability and delayed delivery.,Qualified,0
CRM000564,2020-03-01,90005161,A5419110207,Pakistan,Rep-21,Customer is considering a competitor because our price is higher.,Qualified,1
CRM000565,2020-04-01,90015144,A6520160403,Norway,Rep-14,Customer mentioned a competitor's promotional pricing.,Proposal,1
CRM000566,2021-04-01,70019204,A4218110207,Sweden,Rep-29,Customer is satisfied with the product and is considering expanding the order.,Negotiation,0
CRM000567,2021-02-01,70009134,A2118150105,Newzealand,Rep-07,Customer is satisfied with the product and is considering expanding the order.,Prospecting,0
CRM000568,2019-06-01,90017051,A4318110301,Portugal,Rep-12,Customer is considering a competitor because our price is higher.,Qualified,1
CRM000569,2020-03-01,90001020,A0821150501,China,Rep-15,Customer asked for more information about the premium variant.,Qualified,0
CRM000570,2018-09-01,90005161,A1421150503,Pakistan,Rep-21,Customer mentioned a competitor's promotional pricing.,Proposal,1
CRM000571,2020-07-01,90017050,A7118160101,Portugal,Rep-17,Customer raised concerns about product availability and delayed delivery.,Negotiation,0
CRM000572,2020-04-01,90014141,A5519110303,Netherlands,Rep-13,Customer is satisfied with the product and is considering expanding the order.,Prospecting,0
CRM000573,2019-08-01,90013121,A4821110808,Italy,Rep-11,Customer asked for more information about the premium variant.,Negotiation,0
CRM000574,2018-12-01,90021088,A1118150201,United Kingdom,Rep-15,Customer is satisfied with the product and is considering expanding the order.,Proposal,0
CRM000575,2021-03-01,70023031,A5519110304,Canada,Rep-30,Customer is satisfied with the product and is considering expanding the order.,Renewal,0
CRM000576,2021-02-01,90015145,A5721110503,Norway,Rep-23,Customer requested a better commercial offer before renewing the purchase.,Negotiation,0
CRM000577,2020-02-01,80001019,A2319150301,China,Rep-23,Customer raised concerns about product availability and delayed delivery.,Proposal,0
CRM000578,2020-11-01,90001021,A1819150301,China,Rep-28,Customer is considering a competitor because our price is higher.,Negotiation,1
CRM000579,2020-09-01,90021088,A2021150503,United Kingdom,Rep-04,Customer requested a better commercial offer before renewing the purchase.,Proposal,0
CRM000580,2019-04-01,90003180,A0219150201,Indonesia,Rep-13,Customer raised concerns about product availability and delayed delivery.,Renewal,0
CRM000581,2020-10-01,90016176,A1219150302,Poland,Rep-01,Customer asked for more information about the premium variant.,Qualified,0
CRM000582,2021-08-01,90020101,A5419110202,Austria,Rep-03,Customer mentioned a competitor's promotional pricing.,Proposal,1
CRM000583,2020-04-01,90006156,A3320150506,Philiphines,Rep-06,Customer is considering a competitor because our price is higher.,Negotiation,1
CRM000584,2019-12-01,90008168,A1219150301,Australia,Rep-27,Customer raised concerns about product availability and delayed delivery.,Proposal,0
CRM000585,2021-02-01,70011193,A5318110107,France,Rep-20,Customer mentioned a competitor's promotional pricing.,Negotiation,1
CRM000586,2020-12-01,70015152,A7220160202,Norway,Rep-18,Customer mentioned a competitor's promotional pricing.,Renewal,1
CRM000587,2020-07-01,90015145,A4519110502,Norway,Rep-19,Customer is satisfied with the product and is considering expanding the order.,Prospecting,0
CRM000588,2020-11-01,70018115,A2821150802,Spain,Rep-26,Customer mentioned a competitor's promotional pricing.,Negotiation,1
CRM000589,2021-02-01,90016173,A2118150106,Poland,Rep-22,Customer mentioned a competitor's promotional pricing.,Proposal,1
CRM000590,2020-05-01,90011191,A2218150201,France,Rep-19,Customer is satisfied with the product and is considering expanding the order.,Proposal,0
CRM000591,2020-12-01,90013119,A2218150202,Italy,Rep-24,Customer raised concerns about product availability and delayed delivery.,Qualified,0
CRM000592,2019-03-01,90008165,A2918150105,Australia,Rep-19,Customer mentioned a competitor's promotional pricing.,Renewal,1
CRM000593,2018-10-01,90003180,A0519150205,Indonesia,Rep-09,Customer raised concerns about product availability and delayed delivery.,Negotiation,0
CRM000594,2020-02-01,90009127,A1018150102,Newzealand,Rep-10,Customer is satisfied with the product and is considering expanding the order.,Negotiation,0
CRM000595,2020-04-01,90015149,A3019150205,Norway,Rep-18,Customer raised concerns about product availability and delayed delivery.,Negotiation,0
CRM000596,2021-05-01,80006155,A6718160102,Philiphines,Rep-21,Customer requested a better commercial offer before renewing the purchase.,Negotiation,0
CRM000597,2019-09-01,70012042,A4419110402,Germany,Rep-10,Customer mentioned a competitor's promotional pricing.,Negotiation,1
CRM000598,2018-10-01,90020097,A4118110104,Austria,Rep-20,Customer asked for more information about the premium variant.,Renewal,0
CRM000599,2019-03-01,90013124,A7019160401,Italy,Rep-16,Customer asked for more information about the premium variant.,Prospecting,0
CRM000600,2019-03-01,90014139,A2721150704,Netherlands,Rep-15,Customer mentioned a competitor's promotional pricing.,Qualified,1
CRM000601,2020-03-01,90002012,A6919160302,India,Rep-05,Customer raised concerns about product availability and delayed delivery.,Prospecting,0
CRM000602,2019-07-01,90017051,A0821150504,Portugal,Rep-20,Customer mentioned a competitor's promotional pricing.,Proposal,1
CRM000603,2020-02-01,70003181,A1521150603,Indonesia,Rep-23,Customer mentioned a competitor's promotional pricing.,Proposal,1
CRM000604,2021-06-01,90007197,A1421150503,South Korea,Rep-19,Customer raised concerns about product availability and delayed delivery.,Proposal,0
CRM000605,2019-07-01,90019202,A4218110208,Sweden,Rep-18,Customer requested a better commercial offer before renewing the purchase.,Prospecting,0
CRM000606,2019-06-01,90016171,A0418150108,Poland,Rep-24,Customer raised concerns about product availability and delayed delivery.,Qualified,0
CRM000607,2019-10-01,80007196,A3120150305,South Korea,Rep-20,Customer mentioned a competitor's promotional pricing.,Proposal,1
CRM000608,2020-12-01,90014136,A4419110401,Netherlands,Rep-29,Customer asked for more information about the premium variant.,Proposal,0
CRM000609,2019-11-01,90020100,A6819160203,Austria,Rep-16,Customer asked for more information about the premium variant.,Proposal,0
CRM000610,2021-05-01,70006157,A5620110401,Philiphines,Rep-19,Customer is satisfied with the product and is considering expanding the order.,Negotiation,0
CRM000611,2019-04-01,90014139,A4520110506,Netherlands,Rep-20,Customer requested a better commercial offer before renewing the purchase.,Proposal,0
CRM000612,2020-02-01,90015149,A7119160102,Norway,Rep-27,Customer requested a better commercial offer before renewing the purchase.,Proposal,0
CRM000613,2020-02-01,70018115,A0921150603,Spain,Rep-12,Customer is satisfied with the product and is considering expanding the order.,Prospecting,0
CRM000614,2018-11-01,90002012,A4620110606,India,Rep-23,Customer is considering a competitor because our price is higher.,Prospecting,1
CRM000615,2019-09-01,90013123,A4520110507,Italy,Rep-29,Customer asked for more information about the premium variant.,Negotiation,0
CRM000616,2019-01-01,70011194,A1819150303,France,Rep-06,Customer requested a better commercial offer before renewing the purchase.,Proposal,0
CRM000617,2019-05-01,90003179,A6218160102,Indonesia,Rep-22,Customer is considering a competitor because our price is higher.,Negotiation,1
CRM000618,2021-01-01,90012035,A5721110502,Germany,Rep-27,Customer is considering a competitor because our price is higher.,Negotiation,1
CRM000619,2021-03-01,90023023,A2821150805,Canada,Rep-17,Customer requested a better commercial offer before renewing the purchase.,Qualified,0
CRM000620,2021-02-01,90021086,A6419160303,United Kingdom,Rep-22,Customer is considering a competitor because our price is higher.,Negotiation,1
CRM000621,2021-08-01,70007199,A3718150103,South Korea,Rep-06,Customer asked for more information about the premium variant.,Proposal,0
CRM000622,2018-09-01,70022085,A3119150301,USA,Rep-02,Customer is considering a competitor because our price is higher.,Proposal,1
CRM000623,2020-10-01,70003181,A3420150601,Indonesia,Rep-16,Customer raised concerns about product availability and delayed delivery.,Negotiation,0
CRM000624,2019-06-01,80006155,A1219150301,Philiphines,Rep-27,Customer asked for more information about the premium variant.,Negotiation,0
CRM000625,2019-02-01,90018108,A7321160303,Spain,Rep-16,Customer asked for more information about the premium variant.,Qualified,0
CRM000626,2020-07-01,90019203,A3220150405,Sweden,Rep-11,Customer is considering a competitor because our price is higher.,Renewal,1
CRM000627,2019-05-01,90009127,A6621160503,Newzealand,Rep-07,Customer raised concerns about product availability and delayed delivery.,Renewal,0
CRM000628,2021-01-01,90002002,A4419110406,India,Rep-10,Customer asked for more information about the premium variant.,Negotiation,0
CRM000629,2020-06-01,90020099,A6621160503,Austria,Rep-04,Customer asked for more information about the premium variant.,Proposal,0
CRM000630,2019-02-01,90016171,A4419110408,Poland,Rep-14,Customer requested a better commercial offer before renewing the purchase.,Prospecting,0
CRM000631,2019-11-01,90015150,A5318110108,Norway,Rep-25,Customer asked for more information about the premium variant.,Negotiation,0
CRM000632,2019-02-01,70012043,A7220160202,Germany,Rep-19,Customer is considering a competitor because our price is higher.,Renewal,1
CRM000633,2018-10-01,90021087,A5621110407,United Kingdom,Rep-14,Customer is satisfied with the product and is considering expanding the order.,Qualified,0
CRM000634,2021-08-01,70023031,A3621150801,Canada,Rep-02,Customer is satisfied with the product and is considering expanding the order.,Renewal,0
CRM000635,2019-10-01,70010047,A2319150304,Bangladesh,Rep-13,Customer mentioned a competitor's promotional pricing.,Renewal,1
CRM000636,2020-10-01,90006153,A3920150305,Philiphines,Rep-18,Customer is considering a competitor because our price is higher.,Proposal,1
CRM000637,2019-04-01,70023031,A2821150802,Canada,Rep-18,Customer asked for more information about the premium variant.,Qualified,0
CRM000638,2019-03-01,80007195,A3018150201,South Korea,Rep-14,Customer requested a better commercial offer before renewing the purchase.,Proposal,0
CRM000639,2021-04-01,90017051,A2021150504,Portugal,Rep-21,Customer raised concerns about product availability and delayed delivery.,Negotiation,0
CRM000640,2020-11-01,90017053,A0519150203,Portugal,Rep-24,Customer asked for more information about the premium variant.,Qualified,0
CRM000641,2020-05-01,90001020,A4821110804,China,Rep-13,Customer is considering a competitor because our price is higher.,Negotiation,1
CRM000642,2020-01-01,90022075,A4520110504,USA,Rep-11,Customer is considering a competitor because our price is higher.,Renewal,1
CRM000643,2019-09-01,90006156,A1521150601,Philiphines,Rep-19,Customer mentioned a competitor's promotional pricing.,Negotiation,1
CRM000644,2021-08-01,70018115,A2218150202,Spain,Rep-07,Customer asked for more information about the premium variant.,Qualified,0
CRM000645,2021-07-01,90008167,A6319160202,Australia,Rep-26,Customer is satisfied with the product and is considering expanding the order.,Prospecting,0
CRM000646,2020-02-01,90019203,A4218110208,Sweden,Rep-04,Customer raised concerns about product availability and delayed delivery.,Negotiation,0
CRM000647,2020-11-01,90020103,A4720110701,Austria,Rep-05,Customer asked for more information about the premium variant.,Qualified,0
CRM000648,2020-05-01,70007199,A2118150106,South Korea,Rep-20,Customer mentioned a competitor's promotional pricing.,Prospecting,1
CRM000649,2020-11-01,90010046,A2721150702,Bangladesh,Rep-04,Customer mentioned a competitor's promotional pricing.,Negotiation,1
CRM000650,2019-01-01,90018107,A4721110704,Spain,Rep-18,Customer raised concerns about product availability and delayed delivery.,Proposal,0
CRM000651,2019-06-01,90021091,A2419150401,United Kingdom,Rep-02,Customer raised concerns about product availability and delayed delivery.,Negotiation,0
CRM000652,2019-10-01,90002016,A3621150802,India,Rep-27,Customer requested a better commercial offer before renewing the purchase.,Renewal,0
CRM000653,2021-01-01,90017057,A4319110305,Portugal,Rep-03,Customer is considering a competitor because our price is higher.,Negotiation,1
CRM000654,2021-08-01,90009127,A5419110205,Newzealand,Rep-12,Customer requested a better commercial offer before renewing the purchase.,Renewal,0
CRM000655,2019-06-01,90022074,A3019150206,USA,Rep-21,Customer mentioned a competitor's promotional pricing.,Negotiation,1
CRM000656,2019-06-01,70015151,A6319160203,Norway,Rep-05,Customer raised concerns about product availability and delayed delivery.,Negotiation,0
CRM000657,2021-04-01,70003181,A6620160501,Indonesia,Rep-12,Customer asked for more information about the premium variant.,Negotiation,0
CRM000658,2021-08-01,90014136,A5318110105,Netherlands,Rep-26,Customer is satisfied with the product and is considering expanding the order.,Proposal,0
CRM000659,2020-02-01,70021096,A6819160203,United Kingdom,Rep-26,Customer is satisfied with the product and is considering expanding the order.,Proposal,0
CRM000660,2019-11-01,70022084,A6319160201,USA,Rep-14,Customer is satisfied with the product and is considering expanding the order.,Proposal,0
CRM000661,2020-05-01,90022073,A1718150204,USA,Rep-11,Customer is satisfied with the product and is considering expanding the order.,Qualified,0
CRM000662,2020-11-01,90018110,A3521150701,Spain,Rep-24,Customer is satisfied with the product and is considering expanding the order.,Negotiation,0
CRM000663,2021-04-01,70005163,A6119110201,Pakistan,Rep-12,Customer is considering a competitor because our price is higher.,Qualified,1
CRM000664,2019-07-01,80001019,A0519150208,China,Rep-25,Customer is considering a competitor because our price is higher.,Proposal,1
CRM000665,2020-06-01,90023025,A2118150101,Canada,Rep-24,Customer mentioned a competitor's promotional pricing.,Qualified,1
CRM000666,2019-05-01,90015144,A4218110205,Norway,Rep-25,Customer requested a better commercial offer before renewing the purchase.,Proposal,0
CRM000667,2020-08-01,90012035,A2219150204,Germany,Rep-19,Customer raised concerns about product availability and delayed delivery.,Qualified,0
CRM000668,2019-03-01,90020103,A2218150201,Austria,Rep-28,Customer mentioned a competitor's promotional pricing.,Negotiation,1
CRM000669,2021-03-01,80007196,A4319110306,South Korea,Rep-26,Customer is satisfied with the product and is considering expanding the order.,Negotiation,0
CRM000670,2020-01-01,80007196,A6121110208,South Korea,Rep-19,Customer mentioned a competitor's promotional pricing.,Proposal,1
CRM000671,2021-06-01,90017053,A1018150103,Portugal,Rep-28,Customer mentioned a competitor's promotional pricing.,Prospecting,1
CRM000672,2021-01-01,90001020,A0321150302,China,Rep-09,Customer raised concerns about product availability and delayed delivery.,Qualified,0
CRM000673,2020-11-01,90017050,A1319150401,Portugal,Rep-26,Customer is satisfied with the product and is considering expanding the order.,Proposal,0
CRM000674,2020-05-01,90010046,A3521150704,Bangladesh,Rep-30,Customer asked for more information about the premium variant.,Negotiation,0
CRM000675,2019-04-01,80001019,A2821150801,China,Rep-25,Customer requested a better commercial offer before renewing the purchase.,Negotiation,0
CRM000676,2018-10-01,90016173,A2118150102,Poland,Rep-19,Customer raised concerns about product availability and delayed delivery.,Qualified,0
CRM000677,2019-10-01,70019204,A3818150201,Sweden,Rep-29,Customer mentioned a competitor's promotional pricing.,Negotiation,1
CRM000678,2021-07-01,70006158,A5520110307,Philiphines,Rep-02,Customer is considering a competitor because our price is higher.,Prospecting,1
CRM000679,2019-11-01,70009134,A4218110201,Newzealand,Rep-11,Customer is considering a competitor because our price is higher.,Qualified,1
CRM000680,2021-02-01,90012038,A0519150208,Germany,Rep-29,Customer is considering a competitor because our price is higher.,Negotiation,1
CRM000681,2018-11-01,90011187,A5520110305,France,Rep-14,Customer is considering a competitor because our price is higher.,Qualified,1
CRM000682,2020-03-01,90018110,A4721110705,Spain,Rep-27,Customer is satisfied with the product and is considering expanding the order.,Qualified,0
CRM000683,2018-09-01,90003180,A4520110505,Indonesia,Rep-29,Customer raised concerns about product availability and delayed delivery.,Qualified,0
CRM000684,2021-06-01,90011192,A4821110807,France,Rep-11,Customer is satisfied with the product and is considering expanding the order.,Negotiation,0
CRM000685,2019-05-01,70010048,A5318110101,Bangladesh,Rep-05,Customer requested a better commercial offer before renewing the purchase.,Qualified,0
CRM000686,2020-01-01,70020104,A0721150401,Austria,Rep-17,Customer requested a better commercial offer before renewing the purchase.,Qualified,0
CRM000687,2019-06-01,90018109,A2118150104,Spain,Rep-03,Customer raised concerns about product availability and delayed delivery.,Renewal,0
CRM000688,2020-08-01,90022080,A6219160103,USA,Rep-04,Customer requested a better commercial offer before renewing the purchase.,Proposal,0
CRM000689,2020-08-01,70003182,A1521150601,Indonesia,Rep-21,Customer mentioned a competitor's promotional pricing.,Proposal,1
CRM000690,2019-05-01,70007199,A1018150101,South Korea,Rep-14,Customer requested a better commercial offer before renewing the purchase.,Renewal,0
CRM000691,2021-07-01,90002005,A4419110405,India,Rep-21,Customer asked for more information about the premium variant.,Proposal,0
CRM000692,2020-08-01,70008169,A0418150107,Australia,Rep-14,Customer asked for more information about the premium variant.,Proposal,0
CRM000693,2020-06-01,70016177,A0118150104,Poland,Rep-26,Customer asked for more information about the premium variant.,Proposal,0
CRM000694,2018-11-01,90008166,A0621150308,Australia,Rep-14,Customer is considering a competitor because our price is higher.,Prospecting,1
CRM000695,2018-09-01,70010048,A0621150307,Bangladesh,Rep-06,Customer requested a better commercial offer before renewing the purchase.,Renewal,0
CRM000696,2019-03-01,80007196,A4118110102,South Korea,Rep-10,Customer is satisfied with the product and is considering expanding the order.,Prospecting,0
CRM000697,2018-11-01,70014143,A3420150601,Netherlands,Rep-19,Customer raised concerns about product availability and delayed delivery.,Proposal,0
CRM000698,2020-10-01,70007198,A4319110304,South Korea,Rep-16,Customer is considering a competitor because our price is higher.,Renewal,1
CRM000699,2019-06-01,90013121,A0519150205,Italy,Rep-14,Customer is satisfied with the product and is considering expanding the order.,Negotiation,0
CRM000700,2021-06-01,90005161,A2118150104,Pakistan,Rep-22,Customer requested a better commercial offer before renewing the purchase.,Proposal,0
CRM000701,2020-09-01,70005163,A4118110104,Pakistan,Rep-01,Customer mentioned a competitor's promotional pricing.,Renewal,1
CRM000702,2020-12-01,90022074,A4419110407,USA,Rep-29,Customer is considering a competitor because our price is higher.,Qualified,1
CRM000703,2019-09-01,70014142,A2721150706,Netherlands,Rep-14,Customer raised concerns about product availability and delayed delivery.,Negotiation,0
CRM000704,2019-04-01,90018105,A4821110808,Spain,Rep-01,Customer requested a better commercial offer before renewing the purchase.,Negotiation,0
CRM000705,2018-11-01,90022077,A4419110402,USA,Rep-08,Customer mentioned a competitor's promotional pricing.,Negotiation,1
CRM000706,2019-07-01,90017050,A6018110102,Portugal,Rep-26,Customer asked for more information about the premium variant.,Negotiation,0
CRM000707,2018-10-01,90002013,A3320150502,India,Rep-25,Customer is considering a competitor because our price is higher.,Qualified,1
CRM000708,2021-05-01,90022081,A4319110304,USA,Rep-13,Customer is considering a competitor because our price is higher.,Qualified,1
CRM000709,2021-05-01,90018114,A2118150106,Spain,Rep-22,Customer is considering a competitor because our price is higher.,Proposal,1
CRM000710,2020-01-01,90021089,A0721150404,United Kingdom,Rep-15,Customer asked for more information about the premium variant.,Renewal,0
CRM000711,2020-05-01,90012040,A5721110508,Germany,Rep-05,Customer mentioned a competitor's promotional pricing.,Prospecting,1
CRM000712,2019-12-01,90004064,A3320150505,Japan,Rep-29,Customer raised concerns about product availability and delayed delivery.,Qualified,0
CRM000713,2021-07-01,90012038,A6319160203,Germany,Rep-08,Customer asked for more information about the premium variant.,Renewal,0
CRM000714,2019-01-01,90001020,A0620150305,China,Rep-01,Customer requested a better commercial offer before renewing the purchase.,Proposal,0
CRM000715,2019-11-01,70006157,A0418150102,Philiphines,Rep-28,Customer asked for more information about the premium variant.,Proposal,0
CRM000716,2020-12-01,90021092,A3220150401,United Kingdom,Rep-30,Customer asked for more information about the premium variant.,Proposal,0
CRM000717,2020-07-01,90003179,A6918160303,Indonesia,Rep-13,Customer asked for more information about the premium variant.,Negotiation,0
CRM000718,2020-12-01,90002005,A4118110102,India,Rep-07,Customer is satisfied with the product and is considering expanding the order.,Prospecting,0
CRM000719,2021-02-01,70014142,A0418150102,Netherlands,Rep-17,Customer asked for more information about the premium variant.,Negotiation,0
CRM000720,2019-11-01,90023025,A6419160302,Canada,Rep-23,Customer raised concerns about product availability and delayed delivery.,Proposal,0
CRM000721,2021-04-01,90004065,A5519110303,Japan,Rep-07,Customer requested a better commercial offer before renewing the purchase.,Qualified,0
CRM000722,2021-02-01,90008165,A6121110208,Australia,Rep-17,Customer raised concerns about product availability and delayed delivery.,Proposal,0
CRM000723,2020-06-01,90023027,A2319150305,Canada,Rep-07,Customer raised concerns about product availability and delayed delivery.,Qualified,0
CRM000724,2021-03-01,90016176,A4721110704,Poland,Rep-15,Customer mentioned a competitor's promotional pricing.,Qualified,1
CRM000725,2019-09-01,90023023,A0118150103,Canada,Rep-14,Customer requested a better commercial offer before renewing the purchase.,Prospecting,0
CRM000726,2020-04-01,90011185,A1219150301,France,Rep-11,Customer asked for more information about the premium variant.,Proposal,0
CRM000727,2021-03-01,90012041,A3220150404,Germany,Rep-25,Customer is considering a competitor because our price is higher.,Qualified,1
CRM000728,2019-02-01,90004065,A6818160202,Japan,Rep-26,Customer asked for more information about the premium variant.,Negotiation,0
CRM000729,2019-07-01,90018108,A1521150601,Spain,Rep-14,Customer is satisfied with the product and is considering expanding the order.,Negotiation,0
CRM000730,2021-02-01,90009127,A4720110701,Newzealand,Rep-21,Customer asked for more information about the premium variant.,Renewal,0
CRM000731,2021-06-01,90009130,A3920150303,Newzealand,Rep-04,Customer mentioned a competitor's promotional pricing.,Negotiation,1
CRM000732,2020-11-01,90004068,A6119110201,Japan,Rep-20,Customer asked for more information about the premium variant.,Renewal,0
CRM000733,2021-01-01,90017049,A6818160202,Portugal,Rep-01,Customer mentioned a competitor's promotional pricing.,Negotiation,1
CRM000734,2020-02-01,70012043,A1018150103,Germany,Rep-30,Customer is satisfied with the product and is considering expanding the order.,Qualified,0
CRM000735,2020-02-01,90005159,A5621110407,Pakistan,Rep-07,Customer is satisfied with the product and is considering expanding the order.,Prospecting,0
CRM000736,2020-08-01,90006153,A4721110704,Philiphines,Rep-03,Customer raised concerns about product availability and delayed delivery.,Renewal,0
CRM000737,2021-01-01,90021087,A6119110203,United Kingdom,Rep-21,Customer is considering a competitor because our price is higher.,Prospecting,1
CRM000738,2020-01-01,90005161,A1421150503,Pakistan,Rep-09,Customer requested a better commercial offer before renewing the purchase.,Proposal,0
CRM000739,2019-05-01,90013118,A2821150801,Italy,Rep-17,Customer is satisfied with the product and is considering expanding the order.,Qualified,0
CRM000740,2021-08-01,90011192,A5721110503,France,Rep-16,Customer raised concerns about product availability and delayed delivery.,Negotiation,0
CRM000741,2021-03-01,90017056,A4020150401,Portugal,Rep-11,Customer mentioned a competitor's promotional pricing.,Prospecting,1
CRM000742,2020-02-01,70016178,A7220160202,Poland,Rep-01,Customer requested a better commercial offer before renewing the purchase.,Negotiation,0
CRM000743,2020-07-01,70007199,A2118150106,South Korea,Rep-25,Customer requested a better commercial offer before renewing the purchase.,Proposal,0
CRM000744,2019-07-01,90011188,A5419110208,France,Rep-28,Customer asked for more information about the premium variant.,Qualified,0
CRM000745,2019-08-01,80001019,A4821110801,China,Rep-27,Customer requested a better commercial offer before renewing the purchase.,Proposal,0
CRM000746,2020-08-01,90023028,A0519150201,Canada,Rep-23,Customer is satisfied with the product and is considering expanding the order.,Renewal,0
CRM000747,2020-09-01,90003180,A4319110305,Indonesia,Rep-14,Customer is considering a competitor because our price is higher.,Renewal,1
CRM000748,2018-12-01,90018106,A1219150302,Spain,Rep-21,Customer raised concerns about product availability and delayed delivery.,Qualified,0
CRM000749,2019-09-01,90004068,A2721150706,Japan,Rep-17,Customer is considering a competitor because our price is higher.,Prospecting,1
CRM000750,2019-02-01,90016173,A0721150403,Poland,Rep-24,Customer mentioned a competitor's promotional pricing.,Proposal,1
CRM000751,2020-10-01,80007195,A2219150205,South Korea,Rep-19,Customer requested a better commercial offer before renewing the purchase.,Negotiation,0
CRM000752,2020-06-01,70010048,A0721150404,Bangladesh,Rep-01,Customer raised concerns about product availability and delayed delivery.,Qualified,0
CRM000753,2019-02-01,70015151,A3019150204,Norway,Rep-25,Customer raised concerns about product availability and delayed delivery.,Negotiation,0
CRM000754,2021-08-01,90015149,A4721110705,Norway,Rep-13,Customer is satisfied with the product and is considering expanding the order.,Proposal,0
CRM000755,2019-10-01,90022074,A2319150306,USA,Rep-17,Customer raised concerns about product availability and delayed delivery.,Proposal,0
CRM000756,2020-08-01,90013120,A2219150205,Italy,Rep-09,Customer mentioned a competitor's promotional pricing.,Proposal,1
CRM000757,2020-06-01,70006157,A4319110305,Philiphines,Rep-06,Customer mentioned a competitor's promotional pricing.,Negotiation,1
CRM000758,2019-03-01,90018108,A4821110804,Spain,Rep-10,Customer is satisfied with the product and is considering expanding the order.,Renewal,0
CRM000759,2019-01-01,90017053,A3220150405,Portugal,Rep-03,Customer raised concerns about product availability and delayed delivery.,Renewal,0
CRM000760,2021-02-01,90013119,A2721150705,Italy,Rep-14,Customer asked for more information about the premium variant.,Renewal,0
CRM000761,2021-03-01,90001020,A4821110801,China,Rep-05,Customer is considering a competitor because our price is higher.,Prospecting,1
CRM000762,2018-11-01,90014140,A2918150102,Netherlands,Rep-17,Customer requested a better commercial offer before renewing the purchase.,Proposal,0
CRM000763,2020-02-01,90021095,A4721110706,United Kingdom,Rep-09,Customer is considering a competitor because our price is higher.,Renewal,1
CRM000764,2021-08-01,90021088,A1718150201,United Kingdom,Rep-13,Customer asked for more information about the premium variant.,Negotiation,0
CRM000765,2020-04-01,90019201,A5318110107,Sweden,Rep-26,Customer is satisfied with the product and is considering expanding the order.,Proposal,0
CRM000766,2019-10-01,70009133,A2821150805,Newzealand,Rep-12,Customer raised concerns about product availability and delayed delivery.,Qualified,0
CRM000767,2020-06-01,90005161,A5621110408,Pakistan,Rep-06,Customer raised concerns about product availability and delayed delivery.,Proposal,0
CRM000768,2021-01-01,90022073,A1718150201,USA,Rep-30,Customer asked for more information about the premium variant.,Prospecting,0
CRM000769,2020-08-01,90021086,A3621150804,United Kingdom,Rep-11,Customer requested a better commercial offer before renewing the purchase.,Prospecting,0
CRM000770,2019-06-01,90004068,A0621150308,Japan,Rep-14,Customer mentioned a competitor's promotional pricing.,Renewal,1
CRM000771,2020-05-01,90011189,A4821110806,France,Rep-07,Customer mentioned a competitor's promotional pricing.,Proposal,1
CRM000772,2018-11-01,90014136,A3320150506,Netherlands,Rep-15,Customer requested a better commercial offer before renewing the purchase.,Proposal,0
CRM000773,2018-10-01,90011191,A2721150702,France,Rep-04,Customer raised concerns about product availability and delayed delivery.,Qualified,0
CRM000774,2021-05-01,90011185,A5318110103,France,Rep-21,Customer is satisfied with the product and is considering expanding the order.,Qualified,0
CRM000775,2019-10-01,70013125,A0418150101,Italy,Rep-23,Customer raised concerns about product availability and delayed delivery.,Prospecting,0
CRM000776,2021-07-01,90008165,A4520110506,Australia,Rep-14,Customer is satisfied with the product and is considering expanding the order.,Qualified,0
CRM000777,2019-04-01,90013119,A1919150401,Italy,Rep-21,Customer mentioned a competitor's promotional pricing.,Proposal,1
CRM000778,2019-12-01,90012038,A6620160502,Germany,Rep-26,Customer requested a better commercial offer before renewing the purchase.,Negotiation,0
CRM000779,2020-03-01,90017059,A5419110202,Portugal,Rep-17,Customer asked for more information about the premium variant.,Qualified,0
CRM000780,2018-10-01,90014141,A2721150706,Netherlands,Rep-16,Customer mentioned a competitor's promotional pricing.,Negotiation,1
CRM000781,2018-11-01,90004064,A3819150205,Japan,Rep-30,Customer asked for more information about the premium variant.,Proposal,0
CRM000782,2021-06-01,70023032,A1521150603,Canada,Rep-19,Customer asked for more information about the premium variant.,Qualified,0
CRM000783,2018-11-01,90023025,A4021150405,Canada,Rep-21,Customer mentioned a competitor's promotional pricing.,Negotiation,1
CRM000784,2019-02-01,70010048,A0921150604,Bangladesh,Rep-06,Customer mentioned a competitor's promotional pricing.,Qualified,1
CRM000785,2019-03-01,90011185,A5318110101,France,Rep-06,Customer mentioned a competitor's promotional pricing.,Negotiation,1
CRM000786,2018-12-01,90021086,A2319150302,United Kingdom,Rep-02,Customer raised concerns about product availability and delayed delivery.,Renewal,0
CRM000787,2021-05-01,70020104,A4720110702,Austria,Rep-27,Customer is considering a competitor because our price is higher.,Proposal,1
CRM000788,2020-03-01,70004070,A6218160102,Japan,Rep-07,Customer mentioned a competitor's promotional pricing.,Prospecting,1
CRM000789,2019-03-01,70005163,A0620150303,Pakistan,Rep-01,Customer raised concerns about product availability and delayed delivery.,Negotiation,0
CRM000790,2019-03-01,90015148,A6119110202,Norway,Rep-30,Customer requested a better commercial offer before renewing the purchase.,Proposal,0
CRM000791,2021-05-01,90021093,A0321150303,United Kingdom,Rep-18,Customer is considering a competitor because our price is higher.,Proposal,1
CRM000792,2021-07-01,90007197,A1521150602,South Korea,Rep-02,Customer requested a better commercial offer before renewing the purchase.,Renewal,0
CRM000793,2020-04-01,90023029,A6419160303,Canada,Rep-30,Customer is considering a competitor because our price is higher.,Negotiation,1
CRM000794,2019-03-01,80007195,A4319110304,South Korea,Rep-16,Customer mentioned a competitor's promotional pricing.,Renewal,1
CRM000795,2018-10-01,90014136,A4218110204,Netherlands,Rep-27,Customer is considering a competitor because our price is higher.,Negotiation,1
CRM000796,2018-10-01,90008168,A0418150101,Australia,Rep-09,Customer requested a better commercial offer before renewing the purchase.,Proposal,0
CRM000797,2019-11-01,80001019,A4721110706,China,Rep-28,Customer asked for more information about the premium variant.,Proposal,0
CRM000798,2019-10-01,70009134,A2319150306,Newzealand,Rep-02,Customer is satisfied with the product and is considering expanding the order.,Renewal,0
CRM000799,2019-03-01,90018112,A0118150103,Spain,Rep-30,Customer is satisfied with the product and is considering expanding the order.,Qualified,0
CRM000800,2018-11-01,80007196,A1919150401,South Korea,Rep-26,Customer is satisfied with the product and is considering expanding the order.,Proposal,0
CRM000801,2021-06-01,90021090,A2020150501,United Kingdom,Rep-09,Customer asked for more information about the premium variant.,Proposal,0
CRM000802,2019-08-01,70003182,A4218110202,Indonesia,Rep-26,Customer mentioned a competitor's promotional pricing.,Renewal,1
CRM000803,2020-04-01,90017057,A7019160401,Portugal,Rep-25,Customer is satisfied with the product and is considering expanding the order.,Prospecting,0
CRM000804,2019-03-01,90012041,A4419110408,Germany,Rep-21,Customer requested a better commercial offer before renewing the purchase.,Renewal,0
CRM000805,2019-11-01,90017049,A2620150604,Portugal,Rep-09,Customer requested a better commercial offer before renewing the purchase.,Renewal,0
CRM000806,2018-12-01,90013121,A3120150304,Italy,Rep-04,Customer is considering a competitor because our price is higher.,Proposal,1
CRM000807,2020-03-01,80001019,A1118150202,China,Rep-29,Customer asked for more information about the premium variant.,Renewal,0
CRM000808,2021-06-01,90005159,A4821110805,Pakistan,Rep-19,Customer is satisfied with the product and is considering expanding the order.,Qualified,0
CRM000809,2020-09-01,70017060,A1920150404,Portugal,Rep-01,Customer raised concerns about product availability and delayed delivery.,Renewal,0
CRM000810,2019-02-01,90013123,A1320150402,Italy,Rep-23,Customer is satisfied with the product and is considering expanding the order.,Renewal,0
CRM000811,2019-02-01,90020101,A5621110408,Austria,Rep-03,Customer raised concerns about product availability and delayed delivery.,Prospecting,0
CRM000812,2020-12-01,70015151,A4218110205,Norway,Rep-21,Customer asked for more information about the premium variant.,Negotiation,0
CRM000813,2019-04-01,70020104,A2020150501,Austria,Rep-16,Customer raised concerns about product availability and delayed delivery.,Negotiation,0
CRM000814,2019-09-01,90005160,A3718150105,Pakistan,Rep-10,Customer raised concerns about product availability and delayed delivery.,Qualified,0
CRM000815,2020-11-01,90022080,A0418150103,USA,Rep-08,Customer raised concerns about product availability and delayed delivery.,Proposal,0
CRM000816,2019-03-01,70010047,A3119150301,Bangladesh,Rep-18,Customer requested a better commercial offer before renewing the purchase.,Qualified,0
CRM000817,2021-05-01,90008165,A4020150401,Australia,Rep-15,Customer requested a better commercial offer before renewing the purchase.,Qualified,0
CRM000818,2019-12-01,70005163,A3621150804,Pakistan,Rep-10,Customer raised concerns about product availability and delayed delivery.,Proposal,0
CRM000819,2020-05-01,90009132,A4519110502,Newzealand,Rep-01,Customer requested a better commercial offer before renewing the purchase.,Proposal,0
CRM000820,2021-08-01,90008166,A1420150502,Australia,Rep-03,Customer mentioned a competitor's promotional pricing.,Renewal,1
CRM000821,2021-04-01,90001020,A4721110707,China,Rep-21,Customer is considering a competitor because our price is higher.,Qualified,1
CRM000822,2019-02-01,70014143,A4419110402,Netherlands,Rep-22,Customer is satisfied with the product and is considering expanding the order.,Renewal,0
CRM000823,2019-12-01,90004063,A4721110707,Japan,Rep-18,Customer is satisfied with the product and is considering expanding the order.,Prospecting,0
CRM000824,2021-03-01,90008164,A2721150702,Australia,Rep-13,Customer asked for more information about the premium variant.,Prospecting,0
CRM000825,2021-07-01,90003180,A5621110408,Indonesia,Rep-08,Customer raised concerns about product availability and delayed delivery.,Negotiation,0
CRM000826,2019-09-01,90013121,A6019110107,Italy,Rep-08,Customer requested a better commercial offer before renewing the purchase.,Proposal,0
CRM000827,2019-11-01,90011189,A6520160403,France,Rep-20,Customer is satisfied with the product and is considering expanding the order.,Qualified,0
CRM000828,2020-12-01,90009127,A3320150506,Newzealand,Rep-14,Customer requested a better commercial offer before renewing the purchase.,Negotiation,0
CRM000829,2020-09-01,90016176,A2219150204,Poland,Rep-11,Customer requested a better commercial offer before renewing the purchase.,Renewal,0
CRM000830,2020-12-01,70003182,A4218110202,Indonesia,Rep-15,Customer raised concerns about product availability and delayed delivery.,Negotiation,0
CRM000831,2021-04-01,90012037,A1919150403,Germany,Rep-26,Customer is satisfied with the product and is considering expanding the order.,Negotiation,0
CRM000832,2018-09-01,70008170,A1219150302,Australia,Rep-09,Customer raised concerns about product availability and delayed delivery.,Prospecting,0
CRM000833,2019-04-01,90005159,A5318110103,Pakistan,Rep-15,Customer asked for more information about the premium variant.,Qualified,0
CRM000834,2021-01-01,90018110,A6419160303,Spain,Rep-15,Customer requested a better commercial offer before renewing the purchase.,Proposal,0
CRM000835,2019-06-01,90009127,A0418150101,Newzealand,Rep-13,Customer is considering a competitor because our price is higher.,Qualified,1
CRM000836,2020-01-01,90010046,A0621150308,Bangladesh,Rep-21,Customer requested a better commercial offer before renewing the purchase.,Proposal,0
CRM000837,2021-07-01,90012035,A0118150102,Germany,Rep-08,Customer is considering a competitor because our price is higher.,Proposal,1
CRM000838,2018-11-01,90009128,A5621110403,Newzealand,Rep-27,Customer mentioned a competitor's promotional pricing.,Qualified,1
CRM000839,2018-11-01,70006157,A0418150101,Philiphines,Rep-11,Customer mentioned a competitor's promotional pricing.,Proposal,1
CRM000840,2020-05-01,90011189,A1618150104,France,Rep-13,Customer asked for more information about the premium variant.,Proposal,0
CRM000841,2019-12-01,90019201,A5419110201,Sweden,Rep-30,Customer mentioned a competitor's promotional pricing.,Proposal,1
CRM000842,2019-11-01,70008169,A2918150106,Australia,Rep-11,Customer requested a better commercial offer before renewing the purchase.,Proposal,0
CRM000843,2021-02-01,90018108,A2118150102,Spain,Rep-13,Customer raised concerns about product availability and delayed delivery.,Renewal,0
CRM000844,2019-12-01,90003179,A3920150301,Indonesia,Rep-21,Customer is satisfied with the product and is considering expanding the order.,Qualified,0
CRM000845,2019-04-01,90023023,A5318110105,Canada,Rep-04,Customer asked for more information about the premium variant.,Qualified,0
CRM000846,2020-08-01,90016175,A0418150108,Poland,Rep-15,Customer is satisfied with the product and is considering expanding the order.,Qualified,0
CRM000847,2019-12-01,90002008,A1119150203,India,Rep-28,Customer is considering a competitor because our price is higher.,Qualified,1
CRM000848,2021-08-01,90017053,A1219150301,Portugal,Rep-05,Customer asked for more information about the premium variant.,Proposal,0
CRM000849,2021-02-01,90020098,A3521150704,Austria,Rep-16,Customer asked for more information about the premium variant.,Proposal,0
CRM000850,2020-08-01,90021095,A0619150301,United Kingdom,Rep-25,Customer requested a better commercial offer before renewing the purchase.,Proposal,0
CRM000851,2018-11-01,90021088,A2821150802,United Kingdom,Rep-09,Customer mentioned a competitor's promotional pricing.,Proposal,1
CRM000852,2020-11-01,90014135,A5419110201,Netherlands,Rep-05,Customer raised concerns about product availability and delayed delivery.,Negotiation,0
CRM000853,2019-05-01,80006155,A3420150602,Philiphines,Rep-09,Customer is satisfied with the product and is considering expanding the order.,Renewal,0
CRM000854,2020-02-01,90012034,A4519110502,Germany,Rep-11,Customer is considering a competitor because our price is higher.,Renewal,1
CRM000855,2020-03-01,70010048,A5520110308,Bangladesh,Rep-30,Customer is satisfied with the product and is considering expanding the order.,Negotiation,0
CRM000856,2018-11-01,90021093,A6918160303,United Kingdom,Rep-19,Customer raised concerns about product availability and delayed delivery.,Proposal,0
CRM000857,2021-06-01,70017060,A5519110302,Portugal,Rep-02,Customer is satisfied with the product and is considering expanding the order.,Proposal,0
CRM000858,2020-06-01,90001020,A5520110305,China,Rep-09,Customer mentioned a competitor's promotional pricing.,Renewal,1
CRM000859,2020-05-01,90022082,A4519110502,USA,Rep-27,Customer mentioned a competitor's promotional pricing.,Negotiation,1
CRM000860,2021-01-01,90002001,A6119110203,India,Rep-08,Customer asked for more information about the premium variant.,Prospecting,0
CRM000861,2020-01-01,90010045,A6218160102,Bangladesh,Rep-03,Customer is satisfied with the product and is considering expanding the order.,Qualified,0
CRM000862,2020-06-01,90016176,A4620110607,Poland,Rep-13,Customer is satisfied with the product and is considering expanding the order.,Negotiation,0
CRM000863,2019-05-01,90018109,A0519150207,Spain,Rep-30,Customer raised concerns about product availability and delayed delivery.,Renewal,0
CRM000864,2019-11-01,90013124,A0118150101,Italy,Rep-21,Customer is satisfied with the product and is considering expanding the order.,Negotiation,0
CRM000865,2018-12-01,90022083,A3521150704,USA,Rep-19,Customer is considering a competitor because our price is higher.,Renewal,1
CRM000866,2019-07-01,90016171,A3018150202,Poland,Rep-23,Customer mentioned a competitor's promotional pricing.,Negotiation,1
CRM000867,2019-11-01,70019204,A0619150301,Sweden,Rep-29,Customer mentioned a competitor's promotional pricing.,Negotiation,1
CRM000868,2021-08-01,70012043,A0418150103,Germany,Rep-19,Customer asked for more information about the premium variant.,Negotiation,0
CRM000869,2021-05-01,90022075,A5318110104,USA,Rep-17,Customer asked for more information about the premium variant.,Negotiation,0
CRM000870,2021-07-01,90020103,A3521150704,Austria,Rep-14,Customer mentioned a competitor's promotional pricing.,Prospecting,1
CRM000871,2020-02-01,90014135,A4821110804,Netherlands,Rep-13,Customer raised concerns about product availability and delayed delivery.,Proposal,0
CRM000872,2019-04-01,90003179,A4620110604,Indonesia,Rep-09,Customer asked for more information about the premium variant.,Proposal,0
CRM000873,2019-02-01,90018112,A3120150306,Spain,Rep-21,Customer requested a better commercial offer before renewing the purchase.,Renewal,0
CRM000874,2020-10-01,70002018,A4218110201,India,Rep-21,Customer is satisfied with the product and is considering expanding the order.,Negotiation,0
CRM000875,2018-09-01,90005161,A6718160102,Pakistan,Rep-17,Customer mentioned a competitor's promotional pricing.,Qualified,1
CRM000876,2020-04-01,70008169,A0118150104,Australia,Rep-30,Customer mentioned a competitor's promotional pricing.,Negotiation,1
CRM000877,2021-07-01,90002011,A3421150604,India,Rep-13,Customer is considering a competitor because our price is higher.,Qualified,1
CRM000878,2018-12-01,90011187,A3119150301,France,Rep-12,Customer raised concerns about product availability and delayed delivery.,Proposal,0
CRM000879,2020-12-01,70014142,A0418150108,Netherlands,Rep-15,Customer is considering a competitor because our price is higher.,Proposal,1
CRM000880,2021-02-01,70002018,A5721110504,India,Rep-23,Customer raised concerns about product availability and delayed delivery.,Proposal,0
CRM000881,2020-10-01,70002017,A1919150403,India,Rep-04,Customer is satisfied with the product and is considering expanding the order.,Proposal,0
CRM000882,2020-11-01,90011189,A4218110207,France,Rep-28,Customer raised concerns about product availability and delayed delivery.,Proposal,0
CRM000883,2019-05-01,90009130,A2219150205,Newzealand,Rep-14,Customer raised concerns about product availability and delayed delivery.,Negotiation,0
CRM000884,2020-11-01,90005160,A5721110508,Pakistan,Rep-22,Customer is considering a competitor because our price is higher.,Prospecting,1
CRM000885,2020-05-01,90011186,A2219150204,France,Rep-17,Customer is considering a competitor because our price is higher.,Qualified,1
CRM000886,2021-01-01,90005162,A5318110107,Pakistan,Rep-20,Customer is satisfied with the product and is considering expanding the order.,Qualified,0
CRM000887,2019-06-01,70004069,A0418150105,Japan,Rep-25,Customer is considering a competitor because our price is higher.,Negotiation,1
CRM000888,2019-07-01,90004065,A6121110208,Japan,Rep-12,Customer raised concerns about product availability and delayed delivery.,Qualified,0
CRM000889,2021-05-01,70014143,A4318110301,Netherlands,Rep-06,Customer is satisfied with the product and is considering expanding the order.,Renewal,0
CRM000890,2020-05-01,90019202,A2918150106,Sweden,Rep-30,Customer is satisfied with the product and is considering expanding the order.,Qualified,0
CRM000891,2019-12-01,90001020,A6018110103,China,Rep-21,Customer requested a better commercial offer before renewing the purchase.,Proposal,0
CRM000892,2020-11-01,90014141,A6620160501,Netherlands,Rep-15,Customer raised concerns about product availability and delayed delivery.,Renewal,0
CRM000893,2021-06-01,70017060,A4419110407,Portugal,Rep-19,Customer requested a better commercial offer before renewing the purchase.,Negotiation,0
CRM000894,2021-02-01,90017054,A4118110102,Portugal,Rep-06,Customer is considering a competitor because our price is higher.,Negotiation,1
CRM000895,2019-06-01,90009132,A3521150705,Newzealand,Rep-07,Customer is considering a competitor because our price is higher.,Proposal,1
CRM000896,2019-11-01,90020101,A2721150706,Austria,Rep-26,Customer is considering a competitor because our price is higher.,Negotiation,1
CRM000897,2020-03-01,90004066,A3018150201,Japan,Rep-08,Customer raised concerns about product availability and delayed delivery.,Proposal,0
CRM000898,2020-09-01,90013124,A2218150201,Italy,Rep-20,Customer asked for more information about the premium variant.,Qualified,0
CRM000899,2020-03-01,90006153,A0619150302,Philiphines,Rep-07,Customer asked for more information about the premium variant.,Proposal,0
CRM000900,2020-02-01,70003182,A0619150302,Indonesia,Rep-16,Customer raised concerns about product availability and delayed delivery.,Proposal,0
CRM000901,2021-05-01,90012034,A4419110407,Germany,Rep-03,Customer requested a better commercial offer before renewing the purchase.,Proposal,0
CRM000902,2018-11-01,90002015,A1420150501,India,Rep-14,Customer mentioned a competitor's promotional pricing.,Proposal,1
CRM000903,2021-01-01,90016174,A4118110104,Poland,Rep-24,Customer requested a better commercial offer before renewing the purchase.,Qualified,0
CRM000904,2019-11-01,90014141,A4721110705,Netherlands,Rep-10,Customer asked for more information about the premium variant.,Qualified,0
CRM000905,2018-11-01,90022082,A3521150704,USA,Rep-05,Customer is considering a competitor because our price is higher.,Renewal,1
CRM000906,2020-10-01,90002009,A1919150401,India,Rep-20,Customer is satisfied with the product and is considering expanding the order.,Renewal,0
CRM000907,2020-03-01,70009134,A3220150404,Newzealand,Rep-23,Customer requested a better commercial offer before renewing the purchase.,Negotiation,0
CRM000908,2020-01-01,90023029,A6120110205,Canada,Rep-04,Customer mentioned a competitor's promotional pricing.,Proposal,1
CRM000909,2021-08-01,90004064,A3621150802,Japan,Rep-20,Customer mentioned a competitor's promotional pricing.,Negotiation,1
CRM000910,2019-12-01,90023023,A4319110306,Canada,Rep-18,Customer raised concerns about product availability and delayed delivery.,Qualified,0
CRM000911,2019-03-01,90009132,A3421150604,Newzealand,Rep-01,Customer asked for more information about the premium variant.,Qualified,0
CRM000912,2019-02-01,90016171,A4218110202,Poland,Rep-04,Customer asked for more information about the premium variant.,Negotiation,0
CRM000913,2021-08-01,90018107,A5520110307,Spain,Rep-12,Customer raised concerns about product availability and delayed delivery.,Prospecting,0
CRM000914,2019-03-01,90002011,A6621160503,India,Rep-26,Customer asked for more information about the premium variant.,Qualified,0
CRM000915,2021-06-01,90022079,A6319160203,USA,Rep-18,Customer is considering a competitor because our price is higher.,Negotiation,1
CRM000916,2019-10-01,70015152,A5419110204,Norway,Rep-03,Customer is considering a competitor because our price is higher.,Prospecting,1
CRM000917,2018-11-01,90001020,A0821150501,China,Rep-17,Customer asked for more information about the premium variant.,Proposal,0
CRM000918,2019-07-01,90004066,A4620110602,Japan,Rep-04,Customer mentioned a competitor's promotional pricing.,Proposal,1
CRM000919,2019-05-01,70009134,A3621150806,Newzealand,Rep-13,Customer raised concerns about product availability and delayed delivery.,Prospecting,0
CRM000920,2019-09-01,90004066,A5620110401,Japan,Rep-13,Customer mentioned a competitor's promotional pricing.,Negotiation,1
CRM000921,2019-04-01,90008165,A0418150101,Australia,Rep-29,Customer requested a better commercial offer before renewing the purchase.,Proposal,0
CRM000922,2021-07-01,70014143,A2520150506,Netherlands,Rep-16,Customer asked for more information about the premium variant.,Proposal,0
CRM000923,2020-09-01,90022079,A2620150602,USA,Rep-17,Customer is satisfied with the product and is considering expanding the order.,Proposal,0
CRM000924,2021-03-01,90014135,A4118110102,Netherlands,Rep-20,Customer is considering a competitor because our price is higher.,Proposal,1
CRM000925,2020-07-01,90008165,A2520150506,Australia,Rep-17,Customer is satisfied with the product and is considering expanding the order.,Proposal,0
CRM000926,2019-12-01,90002002,A5419110205,India,Rep-24,Customer requested a better commercial offer before renewing the purchase.,Negotiation,0
CRM000927,2021-07-01,70014143,A2721150705,Netherlands,Rep-01,Customer requested a better commercial offer before renewing the purchase.,Proposal,0
CRM000928,2018-10-01,90015150,A6818160202,Norway,Rep-23,Customer asked for more information about the premium variant.,Qualified,0
CRM000929,2020-09-01,90007197,A2419150404,South Korea,Rep-15,Customer is satisfied with the product and is considering expanding the order.,Prospecting,0
CRM000930,2021-04-01,90011189,A0821150503,France,Rep-25,Customer mentioned a competitor's promotional pricing.,Proposal,1
CRM000931,2020-04-01,70020104,A0418150108,Austria,Rep-17,Customer is considering a competitor because our price is higher.,Negotiation,1
CRM000932,2021-03-01,90023029,A6520160403,Canada,Rep-01,Customer requested a better commercial offer before renewing the purchase.,Qualified,0
CRM000933,2019-10-01,70007199,A2918150106,South Korea,Rep-27,Customer is satisfied with the product and is considering expanding the order.,Proposal,0
CRM000934,2021-05-01,70007198,A3920150301,South Korea,Rep-16,Customer is satisfied with the product and is considering expanding the order.,Qualified,0
CRM000935,2018-11-01,90023028,A6019110108,Canada,Rep-01,Customer asked for more information about the premium variant.,Proposal,0
CRM000936,2021-03-01,90021093,A1819150301,United Kingdom,Rep-29,Customer is considering a competitor because our price is higher.,Proposal,1
CRM000937,2019-03-01,90008167,A3621150804,Australia,Rep-07,Customer is satisfied with the product and is considering expanding the order.,Proposal,0
CRM000938,2019-07-01,90018106,A7321160302,Spain,Rep-27,Customer is considering a competitor because our price is higher.,Proposal,1
CRM000939,2018-11-01,90013124,A6620160502,Italy,Rep-29,Customer asked for more information about the premium variant.,Qualified,0
CRM000940,2019-10-01,90019201,A3718150101,Sweden,Rep-04,Customer mentioned a competitor's promotional pricing.,Proposal,1
CRM000941,2019-11-01,70004070,A7220160203,Japan,Rep-30,Customer requested a better commercial offer before renewing the purchase.,Qualified,0
CRM000942,2020-06-01,90003180,A4419110405,Indonesia,Rep-11,Customer asked for more information about the premium variant.,Renewal,0
CRM000943,2020-10-01,90014140,A7321160302,Netherlands,Rep-12,Customer asked for more information about the premium variant.,Prospecting,0
CRM000944,2019-11-01,70007199,A0418150105,South Korea,Rep-27,Customer mentioned a competitor's promotional pricing.,Proposal,1
CRM000945,2020-10-01,90023026,A7020160403,Canada,Rep-04,Customer is considering a competitor because our price is higher.,Proposal,1
CRM000946,2019-05-01,90009132,A3320150502,Newzealand,Rep-05,Customer mentioned a competitor's promotional pricing.,Qualified,1
CRM000947,2018-11-01,70012043,A4218110208,Germany,Rep-06,Customer is considering a competitor because our price is higher.,Prospecting,1
CRM000948,2019-02-01,90010044,A2821150802,Bangladesh,Rep-04,Customer requested a better commercial offer before renewing the purchase.,Qualified,0
CRM000949,2019-05-01,70016178,A7321160303,Poland,Rep-06,Customer raised concerns about product availability and delayed delivery.,Prospecting,0
CRM000950,2020-11-01,90016171,A2419150401,Poland,Rep-27,Customer is satisfied with the product and is considering expanding the order.,Proposal,0
CRM000951,2019-04-01,90012041,A2520150501,Germany,Rep-17,Customer is considering a competitor because our price is higher.,Negotiation,1
CRM000952,2020-10-01,90015150,A6119110203,Norway,Rep-08,Customer asked for more information about the premium variant.,Proposal,0
CRM000953,2020-04-01,90019202,A0418150103,Sweden,Rep-28,Customer is satisfied with the product and is considering expanding the order.,Proposal,0
CRM000954,2019-04-01,90017055,A4118110107,Portugal,Rep-05,Customer asked for more information about the premium variant.,Proposal,0
CRM000955,2020-12-01,80006154,A3220150404,Philiphines,Rep-11,Customer is satisfied with the product and is considering expanding the order.,Proposal,0
CRM000956,2019-03-01,70015152,A2219150204,Norway,Rep-05,Customer raised concerns about product availability and delayed delivery.,Prospecting,0
CRM000957,2020-05-01,90006156,A4620110608,Philiphines,Rep-02,Customer raised concerns about product availability and delayed delivery.,Negotiation,0
CRM000958,2019-07-01,90012041,A4021150403,Germany,Rep-27,Customer mentioned a competitor's promotional pricing.,Proposal,1
CRM000959,2019-09-01,70018115,A7220160202,Spain,Rep-09,Customer mentioned a competitor's promotional pricing.,Renewal,1
CRM000960,2020-04-01,90006153,A3621150806,Philiphines,Rep-21,Customer raised concerns about product availability and delayed delivery.,Proposal,0
CRM000961,2019-11-01,90015147,A4620110605,Norway,Rep-10,Customer is considering a competitor because our price is higher.,Qualified,1
CRM000962,2019-04-01,90002001,A2620150602,India,Rep-01,Customer mentioned a competitor's promotional pricing.,Proposal,1
CRM000963,2020-10-01,90015150,A2118150102,Norway,Rep-26,Customer raised concerns about product availability and delayed delivery.,Proposal,0
CRM000964,2021-05-01,90018108,A4720110702,Spain,Rep-04,Customer requested a better commercial offer before renewing the purchase.,Renewal,0
CRM000965,2020-02-01,90018112,A4021150403,Spain,Rep-27,Customer mentioned a competitor's promotional pricing.,Qualified,1
CRM000966,2021-06-01,90011192,A0519150202,France,Rep-04,Customer is considering a competitor because our price is higher.,Negotiation,1
CRM000967,2019-03-01,90017051,A1521150601,Portugal,Rep-09,Customer requested a better commercial offer before renewing the purchase.,Prospecting,0
CRM000968,2018-12-01,90010044,A1819150303,Bangladesh,Rep-13,Customer requested a better commercial offer before renewing the purchase.,Proposal,0
CRM000969,2020-07-01,80006155,A1320150403,Philiphines,Rep-22,Customer mentioned a competitor's promotional pricing.,Negotiation,1
CRM000970,2020-07-01,90014139,A4218110204,Netherlands,Rep-09,Customer mentioned a competitor's promotional pricing.,Proposal,1
CRM000971,2021-01-01,90014139,A2520150505,Netherlands,Rep-08,Customer requested a better commercial offer before renewing the purchase.,Proposal,0
CRM000972,2019-11-01,90005161,A1018150101,Pakistan,Rep-28,Customer raised concerns about product availability and delayed delivery.,Proposal,0
CRM000973,2019-01-01,90013118,A5520110308,Italy,Rep-18,Customer is considering a competitor because our price is higher.,Proposal,1
CRM000974,2019-02-01,70010047,A3819150203,Bangladesh,Rep-09,Customer mentioned a competitor's promotional pricing.,Prospecting,1
CRM000975,2020-04-01,90022083,A5620110401,USA,Rep-17,Customer is considering a competitor because our price is higher.,Negotiation,1
CRM000976,2021-04-01,90013117,A3320150502,Italy,Rep-02,Customer raised concerns about product availability and delayed delivery.,Qualified,0
CRM000977,2020-10-01,90021089,A7321160301,United Kingdom,Rep-14,Customer asked for more information about the premium variant.,Proposal,0
CRM000978,2020-09-01,70003181,A3320150504,Indonesia,Rep-13,Customer is considering a competitor because our price is higher.,Negotiation,1
CRM000979,2019-03-01,90016175,A0921150603,Poland,Rep-02,Customer asked for more information about the premium variant.,Proposal,0
CRM000980,2020-07-01,80006155,A0418150105,Philiphines,Rep-10,Customer is satisfied with the product and is considering expanding the order.,Renewal,0
CRM000981,2020-09-01,90019202,A2118150102,Sweden,Rep-25,Customer is considering a competitor because our price is higher.,Negotiation,1
CRM000982,2018-11-01,70009133,A3220150401,Newzealand,Rep-24,Customer is considering a competitor because our price is higher.,Prospecting,1
CRM000983,2020-01-01,90010046,A3521150705,Bangladesh,Rep-26,Customer mentioned a competitor's promotional pricing.,Prospecting,1
CRM000984,2020-12-01,70006158,A2021150504,Philiphines,Rep-18,Customer mentioned a competitor's promotional pricing.,Proposal,1
CRM000985,2020-06-01,90022080,A2219150204,USA,Rep-23,Customer requested a better commercial offer before renewing the purchase.,Renewal,0
CRM000986,2019-01-01,70006157,A2420150406,Philiphines,Rep-19,Customer requested a better commercial offer before renewing the purchase.,Prospecting,0
CRM000987,2020-12-01,90022077,A4821110807,USA,Rep-07,Customer asked for more information about the premium variant.,Proposal,0
CRM000988,2020-11-01,90015150,A6620160501,Norway,Rep-01,Customer requested a better commercial offer before renewing the purchase.,Prospecting,0
CRM000989,2019-07-01,90022082,A5318110107,USA,Rep-08,Customer raised concerns about product availability and delayed delivery.,Renewal,0
CRM000990,2019-09-01,90023025,A7220160202,Canada,Rep-20,Customer is considering a competitor because our price is higher.,Qualified,1
CRM000991,2019-02-01,90009128,A5318110101,Newzealand,Rep-17,Customer requested a better commercial offer before renewing the purchase.,Renewal,0
CRM000992,2019-11-01,70019204,A7220160202,Sweden,Rep-30,Customer is considering a competitor because our price is higher.,Proposal,1
CRM000993,2019-08-01,80007196,A3421150606,South Korea,Rep-10,Customer raised concerns about product availability and delayed delivery.,Qualified,0
CRM000994,2020-11-01,90005160,A5721110507,Pakistan,Rep-23,Customer requested a better commercial offer before renewing the purchase.,Renewal,0
CRM000995,2019-03-01,90001021,A6121110208,China,Rep-05,Customer is satisfied with the product and is considering expanding the order.,Proposal,0
CRM000996,2019-05-01,90001020,A1521150601,China,Rep-08,Customer requested a better commercial offer before renewing the purchase.,Prospecting,0
CRM000997,2020-06-01,90007197,A2520150504,South Korea,Rep-12,Customer requested a better commercial offer before renewing the purchase.,Negotiation,0
CRM000998,2019-12-01,90001021,A3421150605,China,Rep-14,Customer asked for more information about the premium variant.,Prospecting,0
CRM000999,2018-12-01,90017051,A4821110801,Portugal,Rep-04,Customer is considering a competitor because our price is higher.,Qualified,1
CRM001000,2020-03-01,90018109,A6119110201,Spain,Rep-09,Customer is considering a competitor because our price is higher.,Qualified,1
CRM001001,2018-10-01,90022080,A4218110204,USA,Rep-08,Customer is satisfied with the product and is considering expanding the order.,Proposal,0
CRM001002,2019-05-01,90005160,A5419110203,Pakistan,Rep-11,Customer is satisfied with the product and is considering expanding the order.,Proposal,0
CRM001003,2019-05-01,90009129,A3320150506,Newzealand,Rep-06,Customer asked for more information about the premium variant.,Renewal,0
CRM001004,2018-11-01,90021087,A7019160401,United Kingdom,Rep-23,Customer is considering a competitor because our price is higher.,Negotiation,1
CRM001005,2020-02-01,90002005,A2218150201,India,Rep-13,Customer is considering a competitor because our price is higher.,Negotiation,1
CRM001006,2020-01-01,70015151,A5519110303,Norway,Rep-28,Customer mentioned a competitor's promotional pricing.,Qualified,1
CRM001007,2018-10-01,70012043,A2821150801,Germany,Rep-17,Customer is satisfied with the product and is considering expanding the order.,Prospecting,0
CRM001008,2021-01-01,90018110,A2520150501,Spain,Rep-01,Customer is considering a competitor because our price is higher.,Qualified,1
CRM001009,2019-07-01,90015148,A7219160201,Norway,Rep-03,Customer mentioned a competitor's promotional pricing.,Proposal,1
CRM001010,2018-10-01,70012043,A0821150503,Germany,Rep-25,Customer mentioned a competitor's promotional pricing.,Proposal,1
CRM001011,2020-06-01,90004063,A1420150502,Japan,Rep-09,Customer requested a better commercial offer before renewing the purchase.,Negotiation,0
CRM001012,2020-08-01,70023031,A4821110804,Canada,Rep-09,Customer asked for more information about the premium variant.,Proposal,0
CRM001013,2019-03-01,90010044,A6720160103,Bangladesh,Rep-19,Customer raised concerns about product availability and delayed delivery.,Proposal,0
CRM001014,2018-10-01,90022082,A1919150403,USA,Rep-03,Customer mentioned a competitor's promotional pricing.,Proposal,1
CRM001015,2020-02-01,90007197,A6720160103,South Korea,Rep-14,Customer asked for more information about the premium variant.,Qualified,0
CRM001016,2019-10-01,90003179,A1618150104,Indonesia,Rep-01,Customer asked for more information about the premium variant.,Proposal,0
CRM001017,2019-08-01,90005160,A2918150106,Pakistan,Rep-04,Customer requested a better commercial offer before renewing the purchase.,Proposal,0
CRM001018,2018-12-01,90008168,A6918160303,Australia,Rep-10,Customer mentioned a competitor's promotional pricing.,Negotiation,1
CRM001019,2018-09-01,90010045,A7321160302,Bangladesh,Rep-23,Customer requested a better commercial offer before renewing the purchase.,Proposal,0
CRM001020,2019-02-01,90004067,A5621110408,Japan,Rep-01,Customer is considering a competitor because our price is higher.,Proposal,1
CRM001021,2019-10-01,90013123,A2721150705,Italy,Rep-11,Customer is considering a competitor because our price is higher.,Qualified,1
CRM001022,2020-08-01,90011189,A3320150506,France,Rep-30,Customer is considering a competitor because our price is higher.,Renewal,1
CRM001023,2020-06-01,70009133,A5621110408,Newzealand,Rep-06,Customer is satisfied with the product and is considering expanding the order.,Renewal,0
CRM001024,2020-03-01,90005161,A2319150304,Pakistan,Rep-11,Customer is considering a competitor because our price is higher.,Proposal,1
CRM001025,2019-03-01,90023027,A3120150306,Canada,Rep-06,Customer raised concerns about product availability and delayed delivery.,Proposal,0
CRM001026,2021-02-01,80007196,A7321160303,South Korea,Rep-25,Customer mentioned a competitor's promotional pricing.,Prospecting,1
CRM001027,2019-01-01,70014142,A3220150405,Netherlands,Rep-12,Customer raised concerns about product availability and delayed delivery.,Qualified,0
CRM001028,2021-06-01,90015149,A1420150501,Norway,Rep-16,Customer requested a better commercial offer before renewing the purchase.,Qualified,0
CRM001029,2020-10-01,70006158,A5621110407,Philiphines,Rep-17,Customer is satisfied with the product and is considering expanding the order.,Proposal,0
CRM001030,2019-11-01,90008167,A4720110701,Australia,Rep-25,Customer raised concerns about product availability and delayed delivery.,Negotiation,0
CRM001031,2019-10-01,70005163,A2319150304,Pakistan,Rep-15,Customer mentioned a competitor's promotional pricing.,Qualified,1
CRM001032,2020-04-01,90023025,A3220150404,Canada,Rep-02,Customer asked for more information about the premium variant.,Negotiation,0
CRM001033,2020-03-01,90013117,A6520160402,Italy,Rep-22,Customer is satisfied with the product and is considering expanding the order.,Renewal,0
CRM001034,2020-07-01,70015151,A4821110802,Norway,Rep-02,Customer asked for more information about the premium variant.,Renewal,0
CRM001035,2019-11-01,90014135,A4021150405,Netherlands,Rep-28,Customer is considering a competitor because our price is higher.,Proposal,1
CRM001036,2021-07-01,90020100,A4118110105,Austria,Rep-04,Customer is satisfied with the product and is considering expanding the order.,Prospecting,0
CRM001037,2020-09-01,90017050,A4721110705,Portugal,Rep-09,Customer is considering a competitor because our price is higher.,Negotiation,1
CRM001038,2020-10-01,80006155,A2118150106,Philiphines,Rep-26,Customer asked for more information about the premium variant.,Qualified,0
CRM001039,2020-07-01,90012034,A1018150103,Germany,Rep-11,Customer is satisfied with the product and is considering expanding the order.,Qualified,0
CRM001040,2021-07-01,90022074,A5419110205,USA,Rep-19,Customer asked for more information about the premium variant.,Renewal,0
CRM001041,2019-06-01,90012034,A0721150404,Germany,Rep-28,Customer raised concerns about product availability and delayed delivery.,Qualified,0
CRM001042,2020-11-01,70019204,A4620110606,Sweden,Rep-05,Customer raised concerns about product availability and delayed delivery.,Proposal,0
CRM001043,2018-11-01,90023024,A4118110105,Canada,Rep-23,Customer asked for more information about the premium variant.,Proposal,0
CRM001044,2020-08-01,90005162,A5318110103,Pakistan,Rep-20,Customer asked for more information about the premium variant.,Proposal,0
CRM001045,2020-03-01,70007198,A5621110404,South Korea,Rep-29,Customer is satisfied with the product and is considering expanding the order.,Negotiation,0
CRM001046,2020-08-01,90011188,A3019150206,France,Rep-26,Customer is satisfied with the product and is considering expanding the order.,Prospecting,0
CRM001047,2020-02-01,80001019,A3320150504,China,Rep-10,Customer is considering a competitor because our price is higher.,Negotiation,1
CRM001048,2020-11-01,90012040,A4118110102,Germany,Rep-23,Customer asked for more information about the premium variant.,Qualified,0
CRM001049,2019-05-01,70007199,A4721110708,South Korea,Rep-09,Customer raised concerns about product availability and delayed delivery.,Qualified,0
CRM001050,2020-01-01,70003181,A5520110305,Indonesia,Rep-07,Customer requested a better commercial offer before renewing the purchase.,Qualified,0
CRM001051,2019-07-01,90001021,A0519150207,China,Rep-12,Customer is satisfied with the product and is considering expanding the order.,Renewal,0
CRM001052,2020-05-01,90019200,A7118160101,Sweden,Rep-29,Customer requested a better commercial offer before renewing the purchase.,Negotiation,0
CRM001053,2019-12-01,90001021,A1521150602,China,Rep-17,Customer requested a better commercial offer before renewing the purchase.,Qualified,0
CRM001054,2018-12-01,70003181,A2118150102,Indonesia,Rep-09,Customer mentioned a competitor's promotional pricing.,Prospecting,1
CRM001055,2021-03-01,70020104,A4721110706,Austria,Rep-06,Customer is satisfied with the product and is considering expanding the order.,Renewal,0
CRM001056,2020-04-01,90023024,A5519110304,Canada,Rep-21,Customer is satisfied with the product and is considering expanding the order.,Proposal,0
CRM001057,2019-09-01,90017059,A0418150107,Portugal,Rep-21,Customer asked for more information about the premium variant.,Negotiation,0
CRM001058,2019-11-01,70011194,A3521150706,France,Rep-03,Customer is considering a competitor because our price is higher.,Prospecting,1
CRM001059,2019-02-01,90021089,A4721110704,United Kingdom,Rep-18,Customer raised concerns about product availability and delayed delivery.,Proposal,0
CRM001060,2021-05-01,70019204,A6119110203,Sweden,Rep-23,Customer is satisfied with the product and is considering expanding the order.,Prospecting,0
CRM001061,2019-10-01,90004063,A4118110104,Japan,Rep-25,Customer is considering a competitor because our price is higher.,Prospecting,1
CRM001062,2020-01-01,70009133,A6018110101,Newzealand,Rep-22,Customer asked for more information about the premium variant.,Proposal,0
CRM001063,2019-05-01,90022075,A6120110205,USA,Rep-09,Customer mentioned a competitor's promotional pricing.,Proposal,1
CRM001064,2018-10-01,90018112,A4520110504,Spain,Rep-08,Customer is considering a competitor because our price is higher.,Negotiation,1
CRM001065,2020-04-01,90020098,A4519110502,Austria,Rep-12,Customer mentioned a competitor's promotional pricing.,Qualified,1
CRM001066,2019-10-01,70006158,A6218160102,Philiphines,Rep-01,Customer is considering a competitor because our price is higher.,Proposal,1
CRM001067,2020-06-01,90021088,A6018110101,United Kingdom,Rep-11,Customer requested a better commercial offer before renewing the purchase.,Qualified,0
CRM001068,2019-05-01,90015148,A5721110502,Norway,Rep-28,Customer asked for more information about the premium variant.,Negotiation,0
CRM001069,2019-01-01,70014142,A7118160101,Netherlands,Rep-16,Customer asked for more information about the premium variant.,Negotiation,0
CRM001070,2018-12-01,90011188,A4218110208,France,Rep-19,Customer is satisfied with the product and is considering expanding the order.,Qualified,0
CRM001071,2019-02-01,90017059,A5318110107,Portugal,Rep-19,Customer raised concerns about product availability and delayed delivery.,Renewal,0
CRM001072,2019-06-01,90020099,A3220150404,Austria,Rep-05,Customer is considering a competitor because our price is higher.,Qualified,1
CRM001073,2020-04-01,80001019,A4021150405,China,Rep-26,Customer asked for more information about the premium variant.,Negotiation,0
CRM001074,2019-12-01,90014135,A2821150802,Netherlands,Rep-10,Customer raised concerns about product availability and delayed delivery.,Prospecting,0
CRM001075,2021-05-01,90014140,A1521150601,Netherlands,Rep-14,Customer requested a better commercial offer before renewing the purchase.,Qualified,0
CRM001076,2019-02-01,90010046,A0519150205,Bangladesh,Rep-12,Customer raised concerns about product availability and delayed delivery.,Qualified,0
CRM001077,2019-08-01,90001021,A4319110306,China,Rep-10,Customer is satisfied with the product and is considering expanding the order.,Prospecting,0
CRM001078,2019-03-01,90009130,A5621110408,Newzealand,Rep-15,Customer asked for more information about the premium variant.,Negotiation,0
CRM001079,2019-02-01,90021092,A5620110401,United Kingdom,Rep-24,Customer raised concerns about product availability and delayed delivery.,Proposal,0
CRM001080,2020-07-01,70007199,A0418150103,South Korea,Rep-19,Customer mentioned a competitor's promotional pricing.,Negotiation,1
CRM001081,2020-11-01,90003179,A3320150506,Indonesia,Rep-29,Customer is considering a competitor because our price is higher.,Qualified,1
CRM001082,2018-12-01,90015147,A5318110102,Norway,Rep-18,Customer asked for more information about the premium variant.,Prospecting,0
CRM001083,2019-10-01,90016175,A0821150503,Poland,Rep-22,Customer is considering a competitor because our price is higher.,Negotiation,1
CRM001084,2021-07-01,90006153,A0721150404,Philiphines,Rep-10,Customer mentioned a competitor's promotional pricing.,Qualified,1
CRM001085,2019-07-01,90005162,A3621150804,Pakistan,Rep-29,Customer raised concerns about product availability and delayed delivery.,Negotiation,0
CRM001086,2021-08-01,70006158,A2721150705,Philiphines,Rep-05,Customer is considering a competitor because our price is higher.,Negotiation,1
CRM001087,2019-07-01,70007199,A7220160203,South Korea,Rep-05,Customer mentioned a competitor's promotional pricing.,Prospecting,1
CRM001088,2019-01-01,90012038,A4318110301,Germany,Rep-18,Customer is satisfied with the product and is considering expanding the order.,Proposal,0
CRM001089,2021-08-01,90022077,A2821150801,USA,Rep-10,Customer is satisfied with the product and is considering expanding the order.,Prospecting,0
CRM001090,2020-04-01,90005159,A7321160301,Pakistan,Rep-14,Customer is satisfied with the product and is considering expanding the order.,Negotiation,0
CRM001091,2021-01-01,90022081,A3320150505,USA,Rep-11,Customer raised concerns about product availability and delayed delivery.,Negotiation,0
CRM001092,2019-06-01,90020097,A4821110808,Austria,Rep-26,Customer is satisfied with the product and is considering expanding the order.,Negotiation,0
CRM001093,2021-04-01,90017053,A4821110802,Portugal,Rep-05,Customer is satisfied with the product and is considering expanding the order.,Prospecting,0
CRM001094,2019-04-01,70020104,A6319160202,Austria,Rep-12,Customer raised concerns about product availability and delayed delivery.,Renewal,0
CRM001095,2019-05-01,90012038,A6818160201,Germany,Rep-06,Customer raised concerns about product availability and delayed delivery.,Proposal,0
CRM001096,2020-02-01,90018107,A0220150203,Spain,Rep-02,Customer mentioned a competitor's promotional pricing.,Prospecting,1
CRM001097,2020-03-01,90010044,A1118150201,Bangladesh,Rep-05,Customer is considering a competitor because our price is higher.,Proposal,1
CRM001098,2020-06-01,90020102,A2721150705,Austria,Rep-01,Customer asked for more information about the premium variant.,Qualified,0
CRM001099,2019-04-01,90004063,A6120110207,Japan,Rep-29,Customer asked for more information about the premium variant.,Prospecting,0
CRM001100,2019-02-01,90016173,A1018150101,Poland,Rep-23,Customer raised concerns about product availability and delayed delivery.,Prospecting,0
CRM001101,2020-07-01,90012034,A7321160301,Germany,Rep-19,Customer raised concerns about product availability and delayed delivery.,Negotiation,0
CRM001102,2021-08-01,90013123,A3420150601,Italy,Rep-04,Customer is considering a competitor because our price is higher.,Negotiation,1
CRM001103,2019-07-01,90017055,A2319150301,Portugal,Rep-29,Customer raised concerns about product availability and delayed delivery.,Renewal,0
CRM001104,2020-04-01,90022075,A4519110501,USA,Rep-03,Customer is considering a competitor because our price is higher.,Qualified,1
CRM001105,2019-01-01,90019202,A7018160402,Sweden,Rep-30,Customer is considering a competitor because our price is higher.,Renewal,1
CRM001106,2018-09-01,90006153,A4620110608,Philiphines,Rep-18,Customer mentioned a competitor's promotional pricing.,Qualified,1
CRM001107,2021-04-01,70015151,A1319150401,Norway,Rep-11,Customer is satisfied with the product and is considering expanding the order.,Prospecting,0
CRM001108,2019-10-01,80006154,A5318110108,Philiphines,Rep-20,Customer asked for more information about the premium variant.,Proposal,0
CRM001109,2018-09-01,90016173,A4821110808,Poland,Rep-01,Customer asked for more information about the premium variant.,Renewal,0
CRM001110,2020-02-01,70020104,A6319160201,Austria,Rep-16,Customer is considering a competitor because our price is higher.,Negotiation,1
CRM001111,2020-12-01,70004069,A4218110206,Japan,Rep-28,Customer is satisfied with the product and is considering expanding the order.,Proposal,0
CRM001112,2021-04-01,90004066,A5520110305,Japan,Rep-24,Customer asked for more information about the premium variant.,Prospecting,0
CRM001113,2019-04-01,90018109,A0418150102,Spain,Rep-06,Customer mentioned a competitor's promotional pricing.,Proposal,1
CRM001114,2019-03-01,90017050,A3521150704,Portugal,Rep-27,Customer is considering a competitor because our price is higher.,Qualified,1
CRM001115,2020-10-01,70012043,A2520150505,Germany,Rep-16,Customer asked for more information about the premium variant.,Prospecting,0
CRM001116,2019-09-01,90008168,A1118150201,Australia,Rep-04,Customer is considering a competitor because our price is higher.,Qualified,1
CRM001117,2019-12-01,70019204,A6119110202,Sweden,Rep-30,Customer is satisfied with the product and is considering expanding the order.,Qualified,0
CRM001118,2021-02-01,90004067,A3220150401,Japan,Rep-21,Customer is satisfied with the product and is considering expanding the order.,Prospecting,0
CRM001119,2018-10-01,90023028,A3920150305,Canada,Rep-06,Customer is satisfied with the product and is considering expanding the order.,Qualified,0
CRM001120,2020-08-01,70003182,A5520110307,Indonesia,Rep-20,Customer mentioned a competitor's promotional pricing.,Qualified,1
CRM001121,2021-08-01,70008169,A5721110504,Australia,Rep-11,Customer is satisfied with the product and is considering expanding the order.,Proposal,0
CRM001122,2021-05-01,90013123,A0320150301,Italy,Rep-27,Customer is satisfied with the product and is considering expanding the order.,Qualified,0
CRM001123,2021-02-01,70017060,A4519110502,Portugal,Rep-08,Customer raised concerns about product availability and delayed delivery.,Prospecting,0
CRM001124,2020-11-01,70003182,A2918150102,Indonesia,Rep-27,Customer asked for more information about the premium variant.,Proposal,0
CRM001125,2019-07-01,90011185,A4620110601,France,Rep-09,Customer raised concerns about product availability and delayed delivery.,Proposal,0
CRM001126,2019-08-01,90001020,A0118150101,China,Rep-23,Customer requested a better commercial offer before renewing the purchase.,Prospecting,0
CRM001127,2019-05-01,80006154,A0219150201,Philiphines,Rep-07,Customer is considering a competitor because our price is higher.,Renewal,1
CRM001128,2021-01-01,90004062,A4821110806,Japan,Rep-27,Customer asked for more information about the premium variant.,Qualified,0
CRM001129,2019-03-01,90021093,A0418150102,United Kingdom,Rep-09,Customer raised concerns about product availability and delayed delivery.,Proposal,0
CRM001130,2020-11-01,80001019,A4620110601,China,Rep-20,Customer raised concerns about product availability and delayed delivery.,Negotiation,0
CRM001131,2020-03-01,90022074,A3220150401,USA,Rep-18,Customer is satisfied with the product and is considering expanding the order.,Negotiation,0
CRM001132,2019-07-01,90010045,A2218150201,Bangladesh,Rep-29,Customer requested a better commercial offer before renewing the purchase.,Renewal,0
CRM001133,2019-09-01,70006158,A7220160202,Philiphines,Rep-29,Customer requested a better commercial offer before renewing the purchase.,Proposal,0
CRM001134,2021-05-01,70015152,A4419110408,Norway,Rep-04,Customer is considering a competitor because our price is higher.,Prospecting,1
CRM001135,2021-05-01,90018106,A4218110201,Spain,Rep-29,Customer requested a better commercial offer before renewing the purchase.,Prospecting,0
CRM001136,2021-02-01,70019204,A6018110102,Sweden,Rep-30,Customer mentioned a competitor's promotional pricing.,Qualified,1
CRM001137,2021-05-01,90021091,A0620150305,United Kingdom,Rep-08,Customer requested a better commercial offer before renewing the purchase.,Qualified,0
CRM001138,2018-11-01,90012034,A2118150104,Germany,Rep-10,Customer raised concerns about product availability and delayed delivery.,Proposal,0
CRM001139,2019-11-01,70017060,A7020160403,Portugal,Rep-28,Customer is satisfied with the product and is considering expanding the order.,Renewal,0
CRM001140,2020-03-01,90019203,A2118150102,Sweden,Rep-11,Customer is considering a competitor because our price is higher.,Negotiation,1
CRM001141,2020-06-01,90008166,A1919150403,Australia,Rep-10,Customer is satisfied with the product and is considering expanding the order.,Prospecting,0
CRM001142,2021-06-01,90023025,A0621150307,Canada,Rep-05,Customer requested a better commercial offer before renewing the purchase.,Renewal,0
CRM001143,2019-10-01,90023022,A0519150205,Canada,Rep-30,Customer asked for more information about the premium variant.,Negotiation,0
CRM001144,2018-09-01,90009129,A3421150604,Newzealand,Rep-08,Customer is satisfied with the product and is considering expanding the order.,Negotiation,0
CRM001145,2021-08-01,90013117,A3220150405,Italy,Rep-04,Customer raised concerns about product availability and delayed delivery.,Negotiation,0
CRM001146,2019-07-01,90005162,A0821150501,Pakistan,Rep-16,Customer is considering a competitor because our price is higher.,Proposal,1
CRM001147,2019-01-01,90013121,A4419110408,Italy,Rep-03,Customer mentioned a competitor's promotional pricing.,Negotiation,1
CRM001148,2019-02-01,70023032,A3819150203,Canada,Rep-06,Customer asked for more information about the premium variant.,Negotiation,0
CRM001149,2019-07-01,90002003,A3521150702,India,Rep-11,Customer is satisfied with the product and is considering expanding the order.,Renewal,0
CRM001150,2021-05-01,90002011,A0118150102,India,Rep-05,Customer is satisfied with the product and is considering expanding the order.,Proposal,0
CRM001151,2019-11-01,90017051,A4319110306,Portugal,Rep-09,Customer raised concerns about product availability and delayed delivery.,Qualified,0
CRM001152,2021-02-01,90006153,A3920150305,Philiphines,Rep-14,Customer is satisfied with the product and is considering expanding the order.,Qualified,0
CRM001153,2018-10-01,90016175,A1219150302,Poland,Rep-30,Customer requested a better commercial offer before renewing the purchase.,Proposal,0
CRM001154,2019-05-01,90015147,A2021150503,Norway,Rep-26,Customer is satisfied with the product and is considering expanding the order.,Renewal,0
CRM001155,2018-12-01,90017056,A0519150207,Portugal,Rep-16,Customer raised concerns about product availability and delayed delivery.,Negotiation,0
CRM001156,2020-10-01,90018112,A4218110204,Spain,Rep-23,Customer mentioned a competitor's promotional pricing.,Renewal,1
CRM001157,2019-02-01,70003182,A3621150801,Indonesia,Rep-03,Customer is satisfied with the product and is considering expanding the order.,Proposal,0
CRM001158,2021-03-01,90004061,A3621150806,Japan,Rep-20,Customer is satisfied with the product and is considering expanding the order.,Renewal,0
CRM001159,2020-11-01,90017049,A6019110108,Portugal,Rep-02,Customer is satisfied with the product and is considering expanding the order.,Negotiation,0
CRM001160,2020-12-01,90002014,A4118110106,India,Rep-15,Customer is satisfied with the product and is considering expanding the order.,Negotiation,0
CRM001161,2020-06-01,90005160,A4218110202,Pakistan,Rep-25,Customer is considering a competitor because our price is higher.,Qualified,1
CRM001162,2020-10-01,90010046,A4118110102,Bangladesh,Rep-19,Customer raised concerns about product availability and delayed delivery.,Renewal,0
CRM001163,2020-10-01,90013123,A6819160203,Italy,Rep-08,Customer raised concerns about product availability and delayed delivery.,Qualified,0
CRM001164,2020-03-01,90005159,A3420150602,Pakistan,Rep-24,Customer is satisfied with the product and is considering expanding the order.,Renewal,0
CRM001165,2019-09-01,70022084,A4620110604,USA,Rep-06,Customer requested a better commercial offer before renewing the purchase.,Proposal,0
CRM001166,2018-11-01,90012040,A2219150205,Germany,Rep-27,Customer raised concerns about product availability and delayed delivery.,Prospecting,0
CRM001167,2019-06-01,90014136,A0418150101,Netherlands,Rep-09,Customer requested a better commercial offer before renewing the purchase.,Qualified,0
CRM001168,2020-04-01,90017049,A6218160101,Portugal,Rep-07,Customer requested a better commercial offer before renewing the purchase.,Negotiation,0
CRM001169,2021-06-01,90021089,A6818160201,United Kingdom,Rep-30,Customer mentioned a competitor's promotional pricing.,Proposal,1
CRM001170,2019-09-01,90018105,A2821150806,Spain,Rep-01,Customer is satisfied with the product and is considering expanding the order.,Negotiation,0
CRM001171,2019-06-01,90018109,A2218150202,Spain,Rep-25,Customer mentioned a competitor's promotional pricing.,Negotiation,1
CRM001172,2019-05-01,90016174,A4218110201,Poland,Rep-09,Customer is satisfied with the product and is considering expanding the order.,Proposal,0
CRM001173,2019-07-01,90023026,A3920150303,Canada,Rep-14,Customer mentioned a competitor's promotional pricing.,Proposal,1
CRM001174,2018-10-01,90001020,A3718150101,China,Rep-05,Customer asked for more information about the premium variant.,Proposal,0
CRM001175,2019-12-01,70011194,A0821150504,France,Rep-27,Customer requested a better commercial offer before renewing the purchase.,Proposal,0
CRM001176,2020-02-01,70019204,A3018150202,Sweden,Rep-06,Customer is satisfied with the product and is considering expanding the order.,Prospecting,0
CRM001177,2018-10-01,70003181,A4620110607,Indonesia,Rep-17,Customer is satisfied with the product and is considering expanding the order.,Proposal,0
CRM001178,2020-04-01,90011192,A2620150606,France,Rep-15,Customer requested a better commercial offer before renewing the purchase.,Proposal,0
CRM001179,2021-04-01,70023032,A2620150605,Canada,Rep-27,Customer asked for more information about the premium variant.,Proposal,0
CRM001180,2018-12-01,90016174,A4520110504,Poland,Rep-23,Customer asked for more information about the premium variant.,Renewal,0
CRM001181,2020-09-01,90008168,A0619150302,Australia,Rep-11,Customer requested a better commercial offer before renewing the purchase.,Qualified,0
CRM001182,2021-01-01,90012039,A2721150705,Germany,Rep-19,Customer is considering a competitor because our price is higher.,Renewal,1
CRM001183,2021-08-01,70002017,A5318110108,India,Rep-08,Customer requested a better commercial offer before renewing the purchase.,Qualified,0
CRM001184,2020-05-01,90015148,A2721150704,Norway,Rep-29,Customer raised concerns about product availability and delayed delivery.,Qualified,0
CRM001185,2018-10-01,90008166,A2118150102,Australia,Rep-29,Customer is satisfied with the product and is considering expanding the order.,Qualified,0
CRM001186,2020-09-01,90021091,A3621150804,United Kingdom,Rep-22,Customer mentioned a competitor's promotional pricing.,Qualified,1
CRM001187,2019-09-01,90003180,A3521150706,Indonesia,Rep-28,Customer raised concerns about product availability and delayed delivery.,Negotiation,0
CRM001188,2020-03-01,90023030,A0321150302,Canada,Rep-30,Customer is considering a competitor because our price is higher.,Renewal,1
CRM001189,2018-10-01,90001021,A3621150801,China,Rep-09,Customer mentioned a competitor's promotional pricing.,Qualified,1
CRM001190,2021-03-01,90005159,A4520110504,Pakistan,Rep-15,Customer raised concerns about product availability and delayed delivery.,Qualified,0
CRM001191,2021-02-01,70019204,A2821150802,Sweden,Rep-14,Customer mentioned a competitor's promotional pricing.,Renewal,1
CRM001192,2019-04-01,70003182,A4218110204,Indonesia,Rep-26,Customer mentioned a competitor's promotional pricing.,Proposal,1
CRM001193,2020-03-01,80007196,A0519150208,South Korea,Rep-29,Customer is considering a competitor because our price is higher.,Negotiation,1
CRM001194,2020-11-01,70016178,A0418150108,Poland,Rep-23,Customer requested a better commercial offer before renewing the purchase.,Renewal,0
CRM001195,2019-06-01,90001021,A4821110802,China,Rep-16,Customer asked for more information about the premium variant.,Prospecting,0
CRM001196,2018-09-01,70014143,A5721110505,Netherlands,Rep-28,Customer mentioned a competitor's promotional pricing.,Negotiation,1
CRM001197,2021-06-01,90011188,A7219160201,France,Rep-15,Customer raised concerns about product availability and delayed delivery.,Qualified,0
CRM001198,2021-07-01,90011187,A3521150702,France,Rep-14,Customer mentioned a competitor's promotional pricing.,Negotiation,1
CRM001199,2020-03-01,90003179,A3718150101,Indonesia,Rep-16,Customer asked for more information about the premium variant.,Prospecting,0
CRM001200,2020-01-01,70009134,A0621150307,Newzealand,Rep-10,Customer is satisfied with the product and is considering expanding the order.,Renewal,0
CRM001201,2019-07-01,90015148,A0519150201,Norway,Rep-23,Customer mentioned a competitor's promotional pricing.,Negotiation,1
CRM001202,2020-10-01,70003182,A5721110501,Indonesia,Rep-27,Customer is satisfied with the product and is considering expanding the order.,Proposal,0
CRM001203,2019-02-01,90014136,A5318110102,Netherlands,Rep-23,Customer raised concerns about product availability and delayed delivery.,Negotiation,0
CRM001204,2021-02-01,70015151,A1320150402,Norway,Rep-04,Customer requested a better commercial offer before renewing the purchase.,Prospecting,0
CRM001205,2019-03-01,70008170,A3120150305,Australia,Rep-13,Customer requested a better commercial offer before renewing the purchase.,Proposal,0
CRM001206,2021-05-01,90012038,A5419110202,Germany,Rep-27,Customer mentioned a competitor's promotional pricing.,Negotiation,1
CRM001207,2021-02-01,90014141,A5519110303,Netherlands,Rep-28,Customer mentioned a competitor's promotional pricing.,Qualified,1
CRM001208,2019-06-01,90017057,A5721110507,Portugal,Rep-02,Customer is satisfied with the product and is considering expanding the order.,Qualified,0
CRM001209,2018-12-01,70018115,A3421150604,Spain,Rep-21,Customer requested a better commercial offer before renewing the purchase.,Negotiation,0
CRM001210,2020-10-01,90005159,A4319110306,Pakistan,Rep-10,Customer is considering a competitor because our price is higher.,Proposal,1
CRM001211,2019-01-01,90007197,A5318110102,South Korea,Rep-16,Customer mentioned a competitor's promotional pricing.,Qualified,1
CRM001212,2019-01-01,90004062,A6019110107,Japan,Rep-05,Customer asked for more information about the premium variant.,Renewal,0
CRM001213,2018-11-01,80006154,A3420150602,Philiphines,Rep-25,Customer raised concerns about product availability and delayed delivery.,Renewal,0
CRM001214,2019-10-01,70007199,A5621110404,South Korea,Rep-10,Customer requested a better commercial offer before renewing the purchase.,Negotiation,0
CRM001215,2021-02-01,90015148,A4620110605,Norway,Rep-22,Customer mentioned a competitor's promotional pricing.,Renewal,1
CRM001216,2020-03-01,80001019,A0619150302,China,Rep-20,Customer asked for more information about the premium variant.,Qualified,0
CRM001217,2021-07-01,90017054,A2520150502,Portugal,Rep-06,Customer is considering a competitor because our price is higher.,Renewal,1
CRM001218,2019-10-01,90014139,A4118110105,Netherlands,Rep-12,Customer is satisfied with the product and is considering expanding the order.,Qualified,0
CRM001219,2021-02-01,90011187,A5520110307,France,Rep-08,Customer mentioned a competitor's promotional pricing.,Qualified,1
CRM001220,2019-09-01,90014140,A5519110304,Netherlands,Rep-08,Customer requested a better commercial offer before renewing the purchase.,Qualified,0
CRM001221,2021-01-01,90022080,A7119160102,USA,Rep-14,Customer raised concerns about product availability and delayed delivery.,Negotiation,0
CRM001222,2020-03-01,90022082,A4821110804,USA,Rep-08,Customer is considering a competitor because our price is higher.,Qualified,1
CRM001223,2020-03-01,90023023,A5419110207,Canada,Rep-29,Customer raised concerns about product availability and delayed delivery.,Renewal,0
CRM001224,2020-09-01,90015149,A0418150105,Norway,Rep-09,Customer requested a better commercial offer before renewing the purchase.,Qualified,0
CRM001225,2019-05-01,70007198,A2821150802,South Korea,Rep-22,Customer asked for more information about the premium variant.,Prospecting,0
CRM001226,2019-11-01,90008166,A5419110201,Australia,Rep-20,Customer mentioned a competitor's promotional pricing.,Negotiation,1
CRM001227,2021-01-01,90021090,A2520150501,United Kingdom,Rep-26,Customer raised concerns about product availability and delayed delivery.,Prospecting,0
CRM001228,2020-12-01,90005161,A5520110308,Pakistan,Rep-01,Customer requested a better commercial offer before renewing the purchase.,Renewal,0
CRM001229,2020-02-01,70008169,A3621150804,Australia,Rep-05,Customer raised concerns about product availability and delayed delivery.,Proposal,0
CRM001230,2019-11-01,90019202,A2319150304,Sweden,Rep-14,Customer mentioned a competitor's promotional pricing.,Renewal,1
CRM001231,2020-07-01,70015151,A7020160403,Norway,Rep-09,Customer requested a better commercial offer before renewing the purchase.,Prospecting,0
CRM001232,2019-06-01,90002012,A1219150301,India,Rep-24,Customer raised concerns about product availability and delayed delivery.,Prospecting,0
CRM001233,2021-06-01,90014139,A0519150203,Netherlands,Rep-17,Customer is satisfied with the product and is considering expanding the order.,Qualified,0
CRM001234,2021-08-01,90003180,A5620110401,Indonesia,Rep-23,Customer asked for more information about the premium variant.,Renewal,0
CRM001235,2020-09-01,70007199,A5721110502,South Korea,Rep-13,Customer asked for more information about the premium variant.,Proposal,0
CRM001236,2020-11-01,90020098,A5721110507,Austria,Rep-24,Customer asked for more information about the premium variant.,Prospecting,0
CRM001237,2021-07-01,90011188,A6419160301,France,Rep-09,Customer asked for more information about the premium variant.,Proposal,0
CRM001238,2018-11-01,90021095,A1320150403,United Kingdom,Rep-12,Customer is considering a competitor because our price is higher.,Proposal,1
CRM001239,2021-01-01,80007195,A5419110203,South Korea,Rep-29,Customer raised concerns about product availability and delayed delivery.,Proposal,0
CRM001240,2019-08-01,90006153,A2821150804,Philiphines,Rep-11,Customer mentioned a competitor's promotional pricing.,Negotiation,1
CRM001241,2020-01-01,90015145,A6120110205,Norway,Rep-08,Customer asked for more information about the premium variant.,Renewal,0
CRM001242,2019-05-01,90002013,A5721110505,India,Rep-16,Customer is satisfied with the product and is considering expanding the order.,Renewal,0
CRM001243,2021-01-01,90002007,A4620110608,India,Rep-07,Customer requested a better commercial offer before renewing the purchase.,Prospecting,0
CRM001244,2018-10-01,90001021,A4118110102,China,Rep-17,Customer raised concerns about product availability and delayed delivery.,Prospecting,0
CRM001245,2020-10-01,90009129,A3421150605,Newzealand,Rep-29,Customer mentioned a competitor's promotional pricing.,Negotiation,1
CRM001246,2019-06-01,70003182,A3920150301,Indonesia,Rep-29,Customer is considering a competitor because our price is higher.,Qualified,1
CRM001247,2020-03-01,90015148,A6018110103,Norway,Rep-27,Customer asked for more information about the premium variant.,Qualified,0
CRM001248,2018-12-01,90005160,A5721110504,Pakistan,Rep-02,Customer is satisfied with the product and is considering expanding the order.,Qualified,0
CRM001249,2019-12-01,90011186,A0418150105,France,Rep-11,Customer raised concerns about product availability and delayed delivery.,Negotiation,0
CRM001250,2020-02-01,90014136,A3521150701,Netherlands,Rep-30,Customer is considering a competitor because our price is higher.,Qualified,1
CRM001251,2020-09-01,90022078,A6319160201,USA,Rep-09,Customer is satisfied with the product and is considering expanding the order.,Renewal,0
CRM001252,2019-12-01,90019202,A4821110801,Sweden,Rep-27,Customer raised concerns about product availability and delayed delivery.,Negotiation,0
CRM001253,2019-10-01,90002002,A0721150401,India,Rep-11,Customer is considering a competitor because our price is higher.,Negotiation,1
CRM001254,2020-01-01,90018107,A0418150103,Spain,Rep-06,Customer is satisfied with the product and is considering expanding the order.,Qualified,0
CRM001255,2019-09-01,90005162,A4318110301,Pakistan,Rep-11,Customer is considering a competitor because our price is higher.,Negotiation,1
CRM001256,2021-06-01,70023031,A0519150202,Canada,Rep-14,Customer mentioned a competitor's promotional pricing.,Prospecting,1
CRM001257,2020-03-01,70008170,A3920150305,Australia,Rep-29,Customer is satisfied with the product and is considering expanding the order.,Proposal,0
CRM001258,2019-07-01,90023029,A2218150202,Canada,Rep-01,Customer requested a better commercial offer before renewing the purchase.,Renewal,0
CRM001259,2020-12-01,90005160,A3718150101,Pakistan,Rep-05,Customer is considering a competitor because our price is higher.,Proposal,1
CRM001260,2020-12-01,90008166,A2021150504,Australia,Rep-20,Customer asked for more information about the premium variant.,Prospecting,0
CRM001261,2019-03-01,70016178,A2721150706,Poland,Rep-20,Customer is considering a competitor because our price is higher.,Qualified,1
CRM001262,2020-03-01,70015151,A0721150403,Norway,Rep-24,Customer is considering a competitor because our price is higher.,Proposal,1
CRM001263,2018-10-01,70006158,A6919160302,Philiphines,Rep-26,Customer asked for more information about the premium variant.,Negotiation,0
CRM001264,2019-04-01,90006156,A6119110202,Philiphines,Rep-11,Customer raised concerns about product availability and delayed delivery.,Proposal,0
CRM001265,2021-07-01,90021091,A1819150301,United Kingdom,Rep-12,Customer is satisfied with the product and is considering expanding the order.,Proposal,0
CRM001266,2018-11-01,90005162,A3718150103,Pakistan,Rep-24,Customer mentioned a competitor's promotional pricing.,Proposal,1
CRM001267,2021-08-01,90016175,A5419110201,Poland,Rep-20,Customer mentioned a competitor's promotional pricing.,Qualified,1
CRM001268,2021-05-01,90005160,A3320150504,Pakistan,Rep-13,Customer requested a better commercial offer before renewing the purchase.,Negotiation,0
CRM001269,2020-06-01,70003182,A7321160302,Indonesia,Rep-22,Customer mentioned a competitor's promotional pricing.,Proposal,1
CRM001270,2019-11-01,70020104,A2219150205,Austria,Rep-08,Customer requested a better commercial offer before renewing the purchase.,Negotiation,0
CRM001271,2021-02-01,90009128,A6319160201,Newzealand,Rep-18,Customer raised concerns about product availability and delayed delivery.,Qualified,0
CRM001272,2021-07-01,90019200,A0418150107,Sweden,Rep-11,Customer asked for more information about the premium variant.,Negotiation,0
CRM001273,2020-02-01,90008166,A4419110405,Australia,Rep-29,Customer is considering a competitor because our price is higher.,Qualified,1
CRM001274,2020-10-01,90010046,A5318110105,Bangladesh,Rep-25,Customer requested a better commercial offer before renewing the purchase.,Renewal,0
CRM001275,2018-09-01,90008165,A6620160502,Australia,Rep-03,Customer is satisfied with the product and is considering expanding the order.,Qualified,0
CRM001276,2021-08-01,70003181,A6121110208,Indonesia,Rep-15,Customer mentioned a competitor's promotional pricing.,Renewal,1
CRM001277,2019-12-01,80007196,A1819150304,South Korea,Rep-19,Customer requested a better commercial offer before renewing the purchase.,Renewal,0
CRM001278,2019-01-01,90008168,A4218110201,Australia,Rep-06,Customer asked for more information about the premium variant.,Prospecting,0
CRM001279,2019-07-01,90007197,A3818150201,South Korea,Rep-27,Customer is considering a competitor because our price is higher.,Prospecting,1
CRM001280,2019-12-01,90015148,A3621150801,Norway,Rep-10,Customer requested a better commercial offer before renewing the purchase.,Qualified,0
CRM001281,2019-09-01,90002003,A4520110508,India,Rep-16,Customer mentioned a competitor's promotional pricing.,Proposal,1
CRM001282,2021-04-01,90021095,A7321160301,United Kingdom,Rep-13,Customer requested a better commercial offer before renewing the purchase.,Prospecting,0
CRM001283,2020-12-01,70016178,A3920150305,Poland,Rep-23,Customer requested a better commercial offer before renewing the purchase.,Qualified,0
CRM001284,2018-12-01,90020097,A0418150108,Austria,Rep-21,Customer mentioned a competitor's promotional pricing.,Negotiation,1
CRM001285,2018-11-01,90005162,A0519150207,Pakistan,Rep-10,Customer raised concerns about product availability and delayed delivery.,Proposal,0
CRM001286,2019-04-01,90018107,A7219160201,Spain,Rep-03,Customer is considering a competitor because our price is higher.,Qualified,1
CRM001287,2019-04-01,90021087,A3621150801,United Kingdom,Rep-04,Customer is considering a competitor because our price is higher.,Renewal,1
CRM001288,2019-06-01,70013126,A5721110503,Italy,Rep-19,Customer raised concerns about product availability and delayed delivery.,Renewal,0
CRM001289,2020-06-01,90009132,A5721110508,Newzealand,Rep-12,Customer requested a better commercial offer before renewing the purchase.,Negotiation,0
CRM001290,2018-09-01,90002001,A7321160302,India,Rep-18,Customer requested a better commercial offer before renewing the purchase.,Prospecting,0
CRM001291,2021-01-01,90011188,A5721110502,France,Rep-13,Customer requested a better commercial offer before renewing the purchase.,Proposal,0
CRM001292,2021-01-01,70007199,A2219150206,South Korea,Rep-16,Customer raised concerns about product availability and delayed delivery.,Qualified,0
CRM001293,2019-06-01,90021093,A1319150401,United Kingdom,Rep-06,Customer is satisfied with the product and is considering expanding the order.,Negotiation,0
CRM001294,2019-01-01,70008170,A6120110207,Australia,Rep-20,Customer raised concerns about product availability and delayed delivery.,Renewal,0
CRM001295,2020-07-01,90005162,A4720110702,Pakistan,Rep-23,Customer raised concerns about product availability and delayed delivery.,Renewal,0
CRM001296,2020-04-01,70007198,A4721110708,South Korea,Rep-21,Customer asked for more information about the premium variant.,Prospecting,0
CRM001297,2021-03-01,90018112,A4319110302,Spain,Rep-07,Customer raised concerns about product availability and delayed delivery.,Negotiation,0
CRM001298,2019-03-01,90014135,A4419110408,Netherlands,Rep-28,Customer raised concerns about product availability and delayed delivery.,Prospecting,0
CRM001299,2021-02-01,90001020,A6719160101,China,Rep-24,Customer is satisfied with the product and is considering expanding the order.,Prospecting,0
CRM001300,2020-04-01,70006158,A6620160501,Philiphines,Rep-06,Customer asked for more information about the premium variant.,Renewal,0
CRM001301,2019-03-01,90014136,A4720110701,Netherlands,Rep-11,Customer raised concerns about product availability and delayed delivery.,Negotiation,0
CRM001302,2021-06-01,90014141,A3621150804,Netherlands,Rep-03,Customer is considering a competitor because our price is higher.,Proposal,1
CRM001303,2019-04-01,90006156,A3521150701,Philiphines,Rep-03,Customer asked for more information about the premium variant.,Prospecting,0
CRM001304,2019-09-01,70008170,A5318110102,Australia,Rep-28,Customer raised concerns about product availability and delayed delivery.,Negotiation,0
CRM001305,2019-02-01,90004065,A6520160402,Japan,Rep-16,Customer requested a better commercial offer before renewing the purchase.,Proposal,0
CRM001306,2020-02-01,90011185,A2020150501,France,Rep-29,Customer mentioned a competitor's promotional pricing.,Renewal,1
CRM001307,2020-05-01,80007196,A4821110807,South Korea,Rep-30,Customer raised concerns about product availability and delayed delivery.,Negotiation,0
CRM001308,2019-03-01,90019201,A1819150303,Sweden,Rep-01,Customer mentioned a competitor's promotional pricing.,Renewal,1
CRM001309,2019-11-01,90003180,A4821110808,Indonesia,Rep-05,Customer raised concerns about product availability and delayed delivery.,Prospecting,0
CRM001310,2018-11-01,90004065,A7119160102,Japan,Rep-29,Customer requested a better commercial offer before renewing the purchase.,Negotiation,0
CRM001311,2020-09-01,70016178,A6620160502,Poland,Rep-10,Customer raised concerns about product availability and delayed delivery.,Qualified,0
CRM001312,2020-11-01,70003182,A0219150201,Indonesia,Rep-30,Customer is satisfied with the product and is considering expanding the order.,Qualified,0
CRM001313,2019-12-01,90020103,A5621110405,Austria,Rep-10,Customer mentioned a competitor's promotional pricing.,Negotiation,1
CRM001314,2019-08-01,70017060,A0220150203,Portugal,Rep-21,Customer requested a better commercial offer before renewing the purchase.,Qualified,0
CRM001315,2021-04-01,90003179,A5419110203,Indonesia,Rep-28,Customer requested a better commercial offer before renewing the purchase.,Qualified,0
CRM001316,2021-01-01,90002011,A1219150302,India,Rep-03,Customer requested a better commercial offer before renewing the purchase.,Renewal,0
CRM001317,2021-01-01,90017056,A0721150403,Portugal,Rep-11,Customer mentioned a competitor's promotional pricing.,Qualified,1
CRM001318,2021-04-01,90006156,A1219150303,Philiphines,Rep-04,Customer requested a better commercial offer before renewing the purchase.,Prospecting,0
CRM001319,2020-05-01,70019204,A2620150606,Sweden,Rep-13,Customer asked for more information about the premium variant.,Proposal,0
CRM001320,2018-11-01,90006156,A0118150103,Philiphines,Rep-06,Customer is considering a competitor because our price is higher.,Proposal,1
CRM001321,2021-07-01,90003179,A4721110706,Indonesia,Rep-27,Customer is considering a competitor because our price is higher.,Proposal,1
CRM001322,2019-06-01,90008165,A3819150203,Australia,Rep-13,Customer is satisfied with the product and is considering expanding the order.,Proposal,0
CRM001323,2018-11-01,90018108,A2420150406,Spain,Rep-21,Customer asked for more information about the premium variant.,Negotiation,0
CRM001324,2021-08-01,90008165,A0320150301,Australia,Rep-01,Customer is satisfied with the product and is considering expanding the order.,Renewal,0
CRM001325,2019-12-01,70006158,A1618150104,Philiphines,Rep-10,Customer raised concerns about product availability and delayed delivery.,Qualified,0
CRM001326,2018-12-01,90014140,A2118150104,Netherlands,Rep-25,Customer asked for more information about the premium variant.,Prospecting,0
CRM001327,2018-10-01,90017050,A1819150304,Portugal,Rep-10,Customer requested a better commercial offer before renewing the purchase.,Proposal,0
CRM001328,2019-02-01,70013125,A6921160301,Italy,Rep-29,Customer asked for more information about the premium variant.,Qualified,0
CRM001329,2021-01-01,90001020,A2721150706,China,Rep-16,Customer requested a better commercial offer before renewing the purchase.,Proposal,0
CRM001330,2019-07-01,90007197,A0321150302,South Korea,Rep-21,Customer is considering a competitor because our price is higher.,Negotiation,1
CRM001331,2020-08-01,90018108,A6818160202,Spain,Rep-07,Customer raised concerns about product availability and delayed delivery.,Qualified,0
CRM001332,2019-08-01,90002009,A6519160401,India,Rep-24,Customer asked for more information about the premium variant.,Proposal,0
CRM001333,2020-07-01,90021093,A2118150104,United Kingdom,Rep-10,Customer asked for more information about the premium variant.,Proposal,0
CRM001334,2020-11-01,90021088,A7019160401,United Kingdom,Rep-11,Customer is satisfied with the product and is considering expanding the order.,Negotiation,0
CRM001335,2020-07-01,90005162,A1118150201,Pakistan,Rep-13,Customer raised concerns about product availability and delayed delivery.,Proposal,0
CRM001336,2019-08-01,70008169,A4218110205,Australia,Rep-13,Customer asked for more information about the premium variant.,Prospecting,0
CRM001337,2019-01-01,90015145,A1521150603,Norway,Rep-13,Customer raised concerns about product availability and delayed delivery.,Negotiation,0
CRM001338,2021-05-01,90002004,A6219160103,India,Rep-08,Customer asked for more information about the premium variant.,Qualified,0
CRM001339,2020-05-01,90019203,A0619150301,Sweden,Rep-11,Customer raised concerns about product availability and delayed delivery.,Renewal,0
CRM001340,2020-10-01,70007199,A2020150501,South Korea,Rep-19,Customer asked for more information about the premium variant.,Qualified,0
CRM001341,2020-12-01,90015150,A4419110406,Norway,Rep-04,Customer is considering a competitor because our price is higher.,Negotiation,1
CRM001342,2018-10-01,80001019,A4519110502,China,Rep-29,Customer mentioned a competitor's promotional pricing.,Proposal,1
CRM001343,2019-12-01,90010045,A4319110305,Bangladesh,Rep-23,Customer requested a better commercial offer before renewing the purchase.,Qualified,0
CRM001344,2018-09-01,90003179,A2419150402,Indonesia,Rep-19,Customer asked for more information about the premium variant.,Renewal,0
CRM001345,2020-09-01,90017053,A0620150305,Portugal,Rep-09,Customer raised concerns about product availability and delayed delivery.,Qualified,0
CRM001346,2020-06-01,70010047,A1118150202,Bangladesh,Rep-13,Customer is considering a competitor because our price is higher.,Prospecting,1
CRM001347,2020-12-01,90016171,A3220150405,Poland,Rep-06,Customer asked for more information about the premium variant.,Proposal,0
CRM001348,2020-02-01,80001019,A0921150601,China,Rep-09,Customer is satisfied with the product and is considering expanding the order.,Negotiation,0
CRM001349,2019-05-01,90013119,A4319110306,Italy,Rep-27,Customer mentioned a competitor's promotional pricing.,Proposal,1
CRM001350,2020-11-01,70010047,A5318110107,Bangladesh,Rep-19,Customer raised concerns about product availability and delayed delivery.,Prospecting,0
CRM001351,2021-04-01,90008165,A4620110604,Australia,Rep-16,Customer asked for more information about the premium variant.,Negotiation,0
CRM001352,2018-12-01,90005159,A6419160303,Pakistan,Rep-19,Customer mentioned a competitor's promotional pricing.,Proposal,1
CRM001353,2020-08-01,70020104,A4419110402,Austria,Rep-23,Customer is satisfied with the product and is considering expanding the order.,Proposal,0
CRM001354,2020-03-01,90012038,A7321160301,Germany,Rep-19,Customer is satisfied with the product and is considering expanding the order.,Prospecting,0
CRM001355,2020-12-01,70007198,A6019110107,South Korea,Rep-25,Customer requested a better commercial offer before renewing the purchase.,Renewal,0
CRM001356,2019-10-01,90017054,A6219160103,Portugal,Rep-01,Customer asked for more information about the premium variant.,Negotiation,0
CRM001357,2019-12-01,70006158,A2419150405,Philiphines,Rep-26,Customer is considering a competitor because our price is higher.,Negotiation,1
CRM001358,2019-04-01,90019202,A7118160101,Sweden,Rep-11,Customer asked for more information about the premium variant.,Renewal,0
CRM001359,2020-09-01,70006158,A1018150103,Philiphines,Rep-11,Customer raised concerns about product availability and delayed delivery.,Negotiation,0
CRM001360,2020-01-01,90021092,A3220150406,United Kingdom,Rep-30,Customer mentioned a competitor's promotional pricing.,Renewal,1
CRM001361,2021-04-01,70012043,A3621150806,Germany,Rep-12,Customer raised concerns about product availability and delayed delivery.,Negotiation,0
CRM001362,2021-04-01,70010048,A6121110208,Bangladesh,Rep-10,Customer mentioned a competitor's promotional pricing.,Qualified,1
CRM001363,2021-02-01,90005159,A2118150104,Pakistan,Rep-22,Customer requested a better commercial offer before renewing the purchase.,Prospecting,0
CRM001364,2019-06-01,90016173,A0721150404,Poland,Rep-28,Customer is satisfied with the product and is considering expanding the order.,Proposal,0
CRM001365,2019-12-01,90022081,A4218110205,USA,Rep-24,Customer is satisfied with the product and is considering expanding the order.,Proposal,0
CRM001366,2019-01-01,90015150,A2419150404,Norway,Rep-18,Customer is considering a competitor because our price is higher.,Prospecting,1
CRM001367,2019-12-01,90017053,A2821150802,Portugal,Rep-07,Customer asked for more information about the premium variant.,Renewal,0
CRM001368,2019-07-01,90023022,A6319160202,Canada,Rep-27,Customer is satisfied with the product and is considering expanding the order.,Proposal,0
CRM001369,2021-04-01,90019201,A4620110601,Sweden,Rep-08,Customer requested a better commercial offer before renewing the purchase.,Proposal,0
CRM001370,2019-04-01,90002013,A4218110207,India,Rep-26,Customer requested a better commercial offer before renewing the purchase.,Prospecting,0
CRM001371,2018-11-01,90003179,A5318110108,Indonesia,Rep-05,Customer raised concerns about product availability and delayed delivery.,Proposal,0
CRM001372,2020-04-01,90023023,A3320150506,Canada,Rep-18,Customer mentioned a competitor's promotional pricing.,Prospecting,1
CRM001373,2021-05-01,90019200,A5721110503,Sweden,Rep-02,Customer requested a better commercial offer before renewing the purchase.,Renewal,0
CRM001374,2020-02-01,90010044,A0418150103,Bangladesh,Rep-24,Customer requested a better commercial offer before renewing the purchase.,Prospecting,0
CRM001375,2021-07-01,90022079,A1018150101,USA,Rep-09,Customer requested a better commercial offer before renewing the purchase.,Renewal,0
CRM001376,2021-04-01,90016175,A2721150706,Poland,Rep-02,Customer is satisfied with the product and is considering expanding the order.,Negotiation,0
CRM001377,2019-08-01,90011187,A2620150605,France,Rep-27,Customer raised concerns about product availability and delayed delivery.,Qualified,0
CRM001378,2021-01-01,90002015,A0320150301,India,Rep-14,Customer is considering a competitor because our price is higher.,Negotiation,1
CRM001379,2019-08-01,90005162,A4118110107,Pakistan,Rep-19,Customer mentioned a competitor's promotional pricing.,Qualified,1
CRM001380,2020-05-01,70011193,A2821150806,France,Rep-11,Customer is satisfied with the product and is considering expanding the order.,Proposal,0
CRM001381,2020-10-01,80006155,A5419110205,Philiphines,Rep-19,Customer is considering a competitor because our price is higher.,Qualified,1
CRM001382,2019-07-01,90008166,A4021150403,Australia,Rep-29,Customer is considering a competitor because our price is higher.,Negotiation,1
CRM001383,2018-09-01,90010044,A2918150104,Bangladesh,Rep-29,Customer asked for more information about the premium variant.,Negotiation,0
CRM001384,2020-04-01,90017051,A4520110505,Portugal,Rep-20,Customer requested a better commercial offer before renewing the purchase.,Negotiation,0
CRM001385,2020-11-01,90003179,A7119160102,Indonesia,Rep-10,Customer mentioned a competitor's promotional pricing.,Negotiation,1
CRM001386,2020-02-01,70009133,A6620160502,Newzealand,Rep-09,Customer is satisfied with the product and is considering expanding the order.,Renewal,0
CRM001387,2019-02-01,70015152,A4118110106,Norway,Rep-25,Customer is considering a competitor because our price is higher.,Prospecting,1
CRM001388,2019-05-01,90020098,A2118150101,Austria,Rep-06,Customer asked for more information about the premium variant.,Proposal,0
CRM001389,2020-05-01,90021089,A6520160403,United Kingdom,Rep-30,Customer is satisfied with the product and is considering expanding the order.,Prospecting,0
CRM001390,2020-09-01,70015151,A0321150302,Norway,Rep-24,Customer requested a better commercial offer before renewing the purchase.,Proposal,0
CRM001391,2020-01-01,90022074,A1119150203,USA,Rep-10,Customer is satisfied with the product and is considering expanding the order.,Qualified,0
CRM001392,2018-12-01,70015152,A0921150601,Norway,Rep-20,Customer mentioned a competitor's promotional pricing.,Negotiation,1
CRM001393,2021-06-01,70009134,A5621110404,Newzealand,Rep-06,Customer is satisfied with the product and is considering expanding the order.,Proposal,0
CRM001394,2020-08-01,90017049,A0821150501,Portugal,Rep-20,Customer is satisfied with the product and is considering expanding the order.,Negotiation,0
CRM001395,2020-05-01,90021091,A4319110305,United Kingdom,Rep-23,Customer requested a better commercial offer before renewing the purchase.,Qualified,0
CRM001396,2020-04-01,70022084,A3920150301,USA,Rep-10,Customer raised concerns about product availability and delayed delivery.,Negotiation,0
CRM001397,2020-03-01,90003180,A1819150301,Indonesia,Rep-28,Customer mentioned a competitor's promotional pricing.,Negotiation,1
CRM001398,2020-07-01,90003180,A3420150601,Indonesia,Rep-12,Customer raised concerns about product availability and delayed delivery.,Qualified,0
CRM001399,2019-10-01,90019200,A4821110808,Sweden,Rep-12,Customer raised concerns about product availability and delayed delivery.,Negotiation,0
CRM001400,2019-12-01,70018115,A4520110505,Spain,Rep-10,Customer raised concerns about product availability and delayed delivery.,Qualified,0
CRM001401,2021-03-01,90015149,A2918150106,Norway,Rep-02,Customer asked for more information about the premium variant.,Qualified,0
CRM001402,2021-06-01,70011194,A2821150801,France,Rep-20,Customer raised concerns about product availability and delayed delivery.,Negotiation,0
CRM001403,2019-09-01,90022079,A2219150204,USA,Rep-19,Customer is satisfied with the product and is considering expanding the order.,Qualified,0
CRM001404,2020-03-01,70010048,A2520150506,Bangladesh,Rep-16,Customer is satisfied with the product and is considering expanding the order.,Negotiation,0
CRM001405,2021-05-01,90009132,A0118150104,Newzealand,Rep-02,Customer mentioned a competitor's promotional pricing.,Renewal,1
CRM001406,2019-11-01,70010047,A2821150806,Bangladesh,Rep-25,Customer requested a better commercial offer before renewing the purchase.,Renewal,0
CRM001407,2020-11-01,70023032,A1618150104,Canada,Rep-06,Customer raised concerns about product availability and delayed delivery.,Negotiation,0
CRM001408,2020-02-01,90011186,A4520110506,France,Rep-05,Customer is satisfied with the product and is considering expanding the order.,Negotiation,0
CRM001409,2018-12-01,70011193,A4021150403,France,Rep-24,Customer mentioned a competitor's promotional pricing.,Prospecting,1
CRM001410,2020-04-01,90009129,A0519150203,Newzealand,Rep-14,Customer is satisfied with the product and is considering expanding the order.,Proposal,0
CRM001411,2020-09-01,90004068,A4821110807,Japan,Rep-30,Customer requested a better commercial offer before renewing the purchase.,Renewal,0
CRM001412,2020-05-01,90017057,A4021150405,Portugal,Rep-04,Customer is considering a competitor because our price is higher.,Renewal,1
CRM001413,2021-02-01,90023023,A2118150105,Canada,Rep-27,Customer raised concerns about product availability and delayed delivery.,Renewal,0
CRM001414,2021-02-01,90004061,A3018150202,Japan,Rep-09,Customer mentioned a competitor's promotional pricing.,Negotiation,1
CRM001415,2020-01-01,80007196,A3521150704,South Korea,Rep-23,Customer is considering a competitor because our price is higher.,Qualified,1
CRM001416,2018-10-01,90020103,A6319160201,Austria,Rep-15,Customer mentioned a competitor's promotional pricing.,Proposal,1
CRM001417,2021-05-01,70023031,A3521150702,Canada,Rep-20,Customer requested a better commercial offer before renewing the purchase.,Proposal,0
CRM001418,2020-04-01,70023031,A2020150501,Canada,Rep-22,Customer raised concerns about product availability and delayed delivery.,Negotiation,0
CRM001419,2020-09-01,90004062,A2420150406,Japan,Rep-04,Customer asked for more information about the premium variant.,Negotiation,0
CRM001420,2019-11-01,70016178,A5318110104,Poland,Rep-09,Customer raised concerns about product availability and delayed delivery.,Proposal,0
CRM001421,2021-02-01,70007199,A1718150204,South Korea,Rep-18,Customer is satisfied with the product and is considering expanding the order.,Qualified,0
CRM001422,2020-07-01,80006154,A3320150504,Philiphines,Rep-04,Customer asked for more information about the premium variant.,Proposal,0
CRM001423,2018-11-01,90018105,A0619150302,Spain,Rep-01,Customer is considering a competitor because our price is higher.,Negotiation,1
CRM001424,2020-09-01,90005162,A0118150101,Pakistan,Rep-14,Customer raised concerns about product availability and delayed delivery.,Negotiation,0
CRM001425,2021-08-01,90016173,A1920150404,Poland,Rep-08,Customer is satisfied with the product and is considering expanding the order.,Renewal,0
CRM001426,2020-03-01,90017053,A3818150201,Portugal,Rep-15,Customer mentioned a competitor's promotional pricing.,Proposal,1
CRM001427,2021-06-01,80001019,A3220150402,China,Rep-15,Customer is satisfied with the product and is considering expanding the order.,Qualified,0
CRM001428,2019-08-01,80006154,A2918150105,Philiphines,Rep-30,Customer raised concerns about product availability and delayed delivery.,Negotiation,0
CRM001429,2018-10-01,90011191,A4318110301,France,Rep-15,Customer asked for more information about the premium variant.,Proposal,0
CRM001430,2019-10-01,90005159,A4620110607,Pakistan,Rep-20,Customer mentioned a competitor's promotional pricing.,Proposal,1
CRM001431,2018-11-01,90018110,A7321160301,Spain,Rep-02,Customer asked for more information about the premium variant.,Qualified,0
CRM001432,2021-05-01,90007197,A4821110801,South Korea,Rep-27,Customer raised concerns about product availability and delayed delivery.,Prospecting,0
CRM001433,2020-03-01,70008170,A3818150201,Australia,Rep-18,Customer is considering a competitor because our price is higher.,Qualified,1
CRM001434,2020-03-01,90018112,A5419110203,Spain,Rep-08,Customer is considering a competitor because our price is higher.,Qualified,1
CRM001435,2020-04-01,70012043,A5419110204,Germany,Rep-27,Customer requested a better commercial offer before renewing the purchase.,Proposal,0
CRM001436,2020-08-01,70010048,A3119150301,Bangladesh,Rep-19,Customer raised concerns about product availability and delayed delivery.,Qualified,0
CRM001437,2018-11-01,90004063,A0519150208,Japan,Rep-06,Customer mentioned a competitor's promotional pricing.,Qualified,1
CRM001438,2021-07-01,90003180,A0418150103,Indonesia,Rep-27,Customer raised concerns about product availability and delayed delivery.,Prospecting,0
CRM001439,2019-09-01,90005161,A6519160401,Pakistan,Rep-12,Customer is satisfied with the product and is considering expanding the order.,Proposal,0
CRM001440,2020-02-01,90017056,A5318110101,Portugal,Rep-14,Customer mentioned a competitor's promotional pricing.,Proposal,1
CRM001441,2020-08-01,90016174,A6018110103,Poland,Rep-28,Customer is considering a competitor because our price is higher.,Qualified,1
CRM001442,2020-09-01,70010047,A5419110208,Bangladesh,Rep-26,Customer is considering a competitor because our price is higher.,Prospecting,1
CRM001443,2019-02-01,90002008,A1521150601,India,Rep-23,Customer is satisfied with the product and is considering expanding the order.,Qualified,0
CRM001444,2020-04-01,90008164,A4319110305,Australia,Rep-17,Customer asked for more information about the premium variant.,Negotiation,0
CRM001445,2021-07-01,90011192,A4218110204,France,Rep-02,Customer is considering a competitor because our price is higher.,Renewal,1
CRM001446,2018-09-01,70006157,A5620110401,Philiphines,Rep-28,Customer mentioned a competitor's promotional pricing.,Proposal,1
CRM001447,2019-06-01,90009130,A1018150102,Newzealand,Rep-13,Customer requested a better commercial offer before renewing the purchase.,Prospecting,0
CRM001448,2020-02-01,90009128,A4520110508,Newzealand,Rep-30,Customer asked for more information about the premium variant.,Qualified,0
CRM001449,2021-03-01,70015152,A0118150102,Norway,Rep-13,Customer asked for more information about the premium variant.,Renewal,0
CRM001450,2019-12-01,90002014,A6818160202,India,Rep-16,Customer requested a better commercial offer before renewing the purchase.,Negotiation,0
CRM001451,2019-07-01,90018105,A4319110302,Spain,Rep-23,Customer raised concerns about product availability and delayed delivery.,Prospecting,0
CRM001452,2020-06-01,90020102,A0921150601,Austria,Rep-20,Customer mentioned a competitor's promotional pricing.,Proposal,1
CRM001453,2018-09-01,90018112,A1018150101,Spain,Rep-16,Customer requested a better commercial offer before renewing the purchase.,Negotiation,0
CRM001454,2020-10-01,90004064,A3220150405,Japan,Rep-13,Customer is considering a competitor because our price is higher.,Proposal,1
CRM001455,2021-06-01,80007196,A2520150505,South Korea,Rep-19,Customer mentioned a competitor's promotional pricing.,Proposal,1
CRM001456,2019-04-01,70003182,A4118110101,Indonesia,Rep-13,Customer requested a better commercial offer before renewing the purchase.,Renewal,0
CRM001457,2021-07-01,70009133,A3818150201,Newzealand,Rep-24,Customer asked for more information about the premium variant.,Proposal,0
CRM001458,2020-09-01,90018109,A5318110104,Spain,Rep-08,Customer mentioned a competitor's promotional pricing.,Proposal,1
CRM001459,2019-01-01,90015144,A4620110608,Norway,Rep-28,Customer requested a better commercial offer before renewing the purchase.,Renewal,0
CRM001460,2020-04-01,90015145,A4319110305,Norway,Rep-17,Customer mentioned a competitor's promotional pricing.,Prospecting,1
CRM001461,2019-11-01,90011186,A0418150108,France,Rep-22,Customer is satisfied with the product and is considering expanding the order.,Proposal,0
CRM001462,2021-07-01,90018112,A4720110702,Spain,Rep-19,Customer raised concerns about product availability and delayed delivery.,Proposal,0
CRM001463,2021-05-01,70005163,A2620150601,Pakistan,Rep-15,Customer asked for more information about the premium variant.,Negotiation,0
CRM001464,2019-10-01,70007199,A7321160301,South Korea,Rep-06,Customer is satisfied with the product and is considering expanding the order.,Qualified,0
CRM001465,2020-07-01,90014140,A6818160201,Netherlands,Rep-19,Customer asked for more information about the premium variant.,Qualified,0
CRM001466,2021-07-01,70010048,A6621160503,Bangladesh,Rep-25,Customer asked for more information about the premium variant.,Proposal,0
CRM001467,2020-12-01,70023031,A1320150402,Canada,Rep-20,Customer mentioned a competitor's promotional pricing.,Prospecting,1
CRM001468,2018-10-01,70005163,A0721150401,Pakistan,Rep-19,Customer requested a better commercial offer before renewing the purchase.,Proposal,0
CRM001469,2020-01-01,80007195,A6319160202,South Korea,Rep-30,Customer requested a better commercial offer before renewing the purchase.,Proposal,0
CRM001470,2019-10-01,90023025,A3421150606,Canada,Rep-07,Customer raised concerns about product availability and delayed delivery.,Negotiation,0
CRM001471,2019-11-01,90017051,A3718150103,Portugal,Rep-18,Customer requested a better commercial offer before renewing the purchase.,Proposal,0
CRM001472,2020-08-01,90014136,A2720150701,Netherlands,Rep-22,Customer raised concerns about product availability and delayed delivery.,Qualified,0
CRM001473,2021-08-01,90017057,A3120150306,Portugal,Rep-10,Customer is satisfied with the product and is considering expanding the order.,Proposal,0
CRM001474,2020-11-01,70010047,A4218110208,Bangladesh,Rep-03,Customer mentioned a competitor's promotional pricing.,Proposal,1
CRM001475,2019-09-01,90021091,A2420150406,United Kingdom,Rep-10,Customer raised concerns about product availability and delayed delivery.,Proposal,0
CRM001476,2020-01-01,90004063,A7220160202,Japan,Rep-10,Customer asked for more information about the premium variant.,Prospecting,0
CRM001477,2019-10-01,90002014,A5419110204,India,Rep-06,Customer raised concerns about product availability and delayed delivery.,Negotiation,0
CRM001478,2020-07-01,90009129,A3521150706,Newzealand,Rep-25,Customer is satisfied with the product and is considering expanding the order.,Proposal,0
CRM001479,2019-01-01,90011185,A2918150102,France,Rep-23,Customer asked for more information about the premium variant.,Renewal,0
CRM001480,2020-10-01,90013117,A5419110208,Italy,Rep-26,Customer is satisfied with the product and is considering expanding the order.,Negotiation,0
CRM001481,2018-12-01,70011194,A2319150302,France,Rep-09,Customer mentioned a competitor's promotional pricing.,Qualified,1
CRM001482,2019-10-01,70016178,A2419150402,Poland,Rep-20,Customer requested a better commercial offer before renewing the purchase.,Prospecting,0
CRM001483,2021-04-01,90005159,A6520160403,Pakistan,Rep-03,Customer is satisfied with the product and is considering expanding the order.,Proposal,0
CRM001484,2021-06-01,90005160,A0621150307,Pakistan,Rep-21,Customer is satisfied with the product and is considering expanding the order.,Negotiation,0
CRM001485,2019-05-01,90020102,A2021150504,Austria,Rep-22,Customer is considering a competitor because our price is higher.,Proposal,1
CRM001486,2020-09-01,90016174,A6019110108,Poland,Rep-10,Customer raised concerns about product availability and delayed delivery.,Proposal,0
CRM001487,2019-07-01,90001021,A0519150201,China,Rep-29,Customer is considering a competitor because our price is higher.,Negotiation,1
CRM001488,2019-04-01,70008170,A5519110304,Australia,Rep-11,Customer asked for more information about the premium variant.,Proposal,0
CRM001489,2020-06-01,70007198,A2520150506,South Korea,Rep-28,Customer is considering a competitor because our price is higher.,Negotiation,1
CRM001490,2019-03-01,70023031,A5721110502,Canada,Rep-24,Customer is considering a competitor because our price is higher.,Proposal,1
CRM001491,2019-03-01,90016174,A7220160203,Poland,Rep-05,Customer is considering a competitor because our price is higher.,Qualified,1
CRM001492,2019-02-01,90023023,A6319160202,Canada,Rep-19,Customer asked for more information about the premium variant.,Negotiation,0
CRM001493,2020-12-01,90011191,A2620150604,France,Rep-24,Customer asked for more information about the premium variant.,Qualified,0
CRM001494,2019-12-01,70007199,A0721150404,South Korea,Rep-18,Customer requested a better commercial offer before renewing the purchase.,Qualified,0
CRM001495,2020-11-01,80006154,A3819150205,Philiphines,Rep-18,Customer mentioned a competitor's promotional pricing.,Qualified,1
CRM001496,2019-06-01,90019203,A5519110301,Sweden,Rep-14,Customer asked for more information about the premium variant.,Proposal,0
CRM001497,2020-12-01,90013124,A2319150306,Italy,Rep-26,Customer mentioned a competitor's promotional pricing.,Negotiation,1
CRM001498,2020-05-01,90022080,A1819150301,USA,Rep-21,Customer is satisfied with the product and is considering expanding the order.,Negotiation,0
CRM001499,2020-04-01,90003180,A2620150601,Indonesia,Rep-29,Customer asked for more information about the premium variant.,Renewal,0
CRM001500,2020-08-01,90018107,A4419110405,Spain,Rep-19,Customer is satisfied with the product and is considering expanding the order.,Renewal,0
CRM001501,2020-09-01,90023026,A0620150303,Canada,Rep-15,Customer is considering a competitor because our price is higher.,Proposal,1
CRM001502,2021-06-01,90017056,A7118160101,Portugal,Rep-21,Customer mentioned a competitor's promotional pricing.,Negotiation,1
CRM001503,2020-04-01,70020104,A1521150602,Austria,Rep-29,Customer requested a better commercial offer before renewing the purchase.,Renewal,0
CRM001504,2020-04-01,90011188,A5519110301,France,Rep-15,Customer is considering a competitor because our price is higher.,Qualified,1
CRM001505,2019-02-01,70014143,A2218150201,Netherlands,Rep-03,Customer asked for more information about the premium variant.,Qualified,0
CRM001506,2021-06-01,90017051,A2821150804,Portugal,Rep-19,Customer raised concerns about product availability and delayed delivery.,Negotiation,0
CRM001507,2019-11-01,90002003,A5621110405,India,Rep-23,Customer is considering a competitor because our price is higher.,Proposal,1
CRM001508,2021-05-01,90001020,A4021150405,China,Rep-16,Customer is satisfied with the product and is considering expanding the order.,Renewal,0
CRM001509,2020-09-01,90002013,A6119110201,India,Rep-16,Customer asked for more information about the premium variant.,Qualified,0
CRM001510,2021-01-01,70019204,A2620150601,Sweden,Rep-28,Customer requested a better commercial offer before renewing the purchase.,Negotiation,0
CRM001511,2019-10-01,90015149,A4319110302,Norway,Rep-26,Customer is considering a competitor because our price is higher.,Qualified,1
CRM001512,2020-02-01,70007198,A3421150606,South Korea,Rep-24,Customer mentioned a competitor's promotional pricing.,Proposal,1
CRM001513,2021-04-01,90017059,A7220160202,Portugal,Rep-28,Customer mentioned a competitor's promotional pricing.,Negotiation,1
CRM001514,2020-06-01,90012033,A0721150404,Germany,Rep-10,Customer mentioned a competitor's promotional pricing.,Renewal,1
CRM001515,2021-01-01,70015152,A1119150203,Norway,Rep-04,Customer mentioned a competitor's promotional pricing.,Renewal,1
CRM001516,2018-12-01,90001021,A0621150308,China,Rep-08,Customer is satisfied with the product and is considering expanding the order.,Qualified,0
CRM001517,2021-04-01,90015150,A4118110107,Norway,Rep-14,Customer mentioned a competitor's promotional pricing.,Qualified,1
CRM001518,2020-01-01,90007197,A6621160503,South Korea,Rep-02,Customer is satisfied with the product and is considering expanding the order.,Qualified,0
CRM001519,2020-08-01,90023026,A5318110105,Canada,Rep-21,Customer is satisfied with the product and is considering expanding the order.,Qualified,0
CRM001520,2019-05-01,90012041,A2721150704,Germany,Rep-29,Customer is considering a competitor because our price is higher.,Negotiation,1
CRM001521,2020-08-01,90022083,A3119150302,USA,Rep-10,Customer is considering a competitor because our price is higher.,Qualified,1
CRM001522,2018-11-01,80007196,A2821150801,South Korea,Rep-14,Customer asked for more information about the premium variant.,Qualified,0
CRM001523,2020-01-01,90018109,A4620110605,Spain,Rep-09,Customer is considering a competitor because our price is higher.,Negotiation,1
CRM001524,2021-03-01,90014139,A5318110105,Netherlands,Rep-09,Customer is satisfied with the product and is considering expanding the order.,Proposal,0
CRM001525,2021-06-01,90002015,A3521150705,India,Rep-17,Customer requested a better commercial offer before renewing the purchase.,Proposal,0
CRM001526,2020-05-01,70011193,A6419160302,France,Rep-25,Customer mentioned a competitor's promotional pricing.,Renewal,1
CRM001527,2019-04-01,90017055,A1920150404,Portugal,Rep-01,Customer mentioned a competitor's promotional pricing.,Qualified,1
CRM001528,2020-04-01,70022084,A1018150101,USA,Rep-04,Customer asked for more information about the premium variant.,Qualified,0
CRM001529,2018-11-01,90020098,A1018150102,Austria,Rep-24,Customer mentioned a competitor's promotional pricing.,Proposal,1
CRM001530,2019-11-01,90021091,A4519110501,United Kingdom,Rep-20,Customer asked for more information about the premium variant.,Renewal,0
CRM001531,2019-10-01,90021092,A4721110706,United Kingdom,Rep-04,Customer is satisfied with the product and is considering expanding the order.,Negotiation,0
CRM001532,2021-02-01,90019202,A7018160402,Sweden,Rep-08,Customer asked for more information about the premium variant.,Proposal,0
CRM001533,2019-02-01,90009127,A3019150204,Newzealand,Rep-09,Customer is satisfied with the product and is considering expanding the order.,Negotiation,0
CRM001534,2019-06-01,90021090,A2918150101,United Kingdom,Rep-16,Customer is satisfied with the product and is considering expanding the order.,Prospecting,0
CRM001535,2018-10-01,90002001,A3920150303,India,Rep-04,Customer is considering a competitor because our price is higher.,Proposal,1
CRM001536,2019-02-01,90008168,A2319150306,Australia,Rep-13,Customer is satisfied with the product and is considering expanding the order.,Renewal,0
CRM001537,2019-03-01,90013124,A4218110207,Italy,Rep-24,Customer asked for more information about the premium variant.,Proposal,0
CRM001538,2020-02-01,70015152,A1819150301,Norway,Rep-22,Customer is satisfied with the product and is considering expanding the order.,Proposal,0
CRM001539,2021-04-01,90020102,A4218110207,Austria,Rep-14,Customer raised concerns about product availability and delayed delivery.,Qualified,0
CRM001540,2020-09-01,90006156,A0320150301,Philiphines,Rep-04,Customer raised concerns about product availability and delayed delivery.,Renewal,0
CRM001541,2018-10-01,90012041,A2721150702,Germany,Rep-11,Customer asked for more information about the premium variant.,Negotiation,0
CRM001542,2021-04-01,90008168,A4620110607,Australia,Rep-11,Customer requested a better commercial offer before renewing the purchase.,Renewal,0
CRM001543,2019-09-01,90005162,A3220150404,Pakistan,Rep-18,Customer mentioned a competitor's promotional pricing.,Negotiation,1
CRM001544,2021-04-01,90022080,A4821110805,USA,Rep-30,Customer asked for more information about the premium variant.,Negotiation,0
CRM001545,2020-02-01,70022084,A3420150602,USA,Rep-05,Customer requested a better commercial offer before renewing the purchase.,Proposal,0
CRM001546,2019-01-01,90002014,A5519110303,India,Rep-30,Customer is considering a competitor because our price is higher.,Renewal,1
CRM001547,2021-02-01,90002006,A3818150201,India,Rep-26,Customer is considering a competitor because our price is higher.,Prospecting,1
CRM001548,2021-05-01,90017056,A6018110102,Portugal,Rep-22,Customer raised concerns about product availability and delayed delivery.,Negotiation,0
CRM001549,2019-04-01,70007199,A5419110202,South Korea,Rep-28,Customer mentioned a competitor's promotional pricing.,Negotiation,1
CRM001550,2020-01-01,80007196,A1919150403,South Korea,Rep-17,Customer mentioned a competitor's promotional pricing.,Prospecting,1
CRM001551,2020-03-01,90008166,A6419160301,Australia,Rep-25,Customer raised concerns about product availability and delayed delivery.,Negotiation,0
CRM001552,2020-01-01,90009130,A6918160303,Newzealand,Rep-14,Customer is satisfied with the product and is considering expanding the order.,Renewal,0
CRM001553,2020-09-01,70006157,A4821110807,Philiphines,Rep-06,Customer raised concerns about product availability and delayed delivery.,Prospecting,0
CRM001554,2021-04-01,90015148,A2918150102,Norway,Rep-02,Customer raised concerns about product availability and delayed delivery.,Negotiation,0
CRM001555,2020-07-01,90005162,A5419110208,Pakistan,Rep-28,Customer requested a better commercial offer before renewing the purchase.,Negotiation,0
CRM001556,2019-06-01,70007199,A3621150806,South Korea,Rep-04,Customer is satisfied with the product and is considering expanding the order.,Qualified,0
CRM001557,2019-07-01,80006154,A2218150202,Philiphines,Rep-28,Customer is considering a competitor because our price is higher.,Renewal,1
CRM001558,2020-02-01,90005159,A1819150301,Pakistan,Rep-09,Customer mentioned a competitor's promotional pricing.,Qualified,1
CRM001559,2019-08-01,90013123,A6319160202,Italy,Rep-24,Customer is satisfied with the product and is considering expanding the order.,Proposal,0
CRM001560,2020-11-01,90015149,A0519150203,Norway,Rep-01,Customer raised concerns about product availability and delayed delivery.,Negotiation,0
CRM001561,2021-08-01,70010048,A2520150505,Bangladesh,Rep-29,Customer is satisfied with the product and is considering expanding the order.,Proposal,0
CRM001562,2019-11-01,90012034,A0921150603,Germany,Rep-03,Customer raised concerns about product availability and delayed delivery.,Prospecting,0
CRM001563,2019-10-01,70005163,A4419110408,Pakistan,Rep-14,Customer asked for more information about the premium variant.,Proposal,0
CRM001564,2019-06-01,70014142,A0418150103,Netherlands,Rep-05,Customer requested a better commercial offer before renewing the purchase.,Prospecting,0
CRM001565,2019-04-01,90011192,A0519150207,France,Rep-17,Customer asked for more information about the premium variant.,Renewal,0
CRM001566,2019-04-01,90006153,A1919150401,Philiphines,Rep-05,Customer asked for more information about the premium variant.,Qualified,0
CRM001567,2020-08-01,70009134,A1920150404,Newzealand,Rep-15,Customer raised concerns about product availability and delayed delivery.,Negotiation,0
CRM001568,2021-03-01,80007195,A6018110102,South Korea,Rep-18,Customer asked for more information about the premium variant.,Proposal,0
CRM001569,2018-10-01,90017050,A6119110202,Portugal,Rep-16,Customer is satisfied with the product and is considering expanding the order.,Negotiation,0
CRM001570,2021-02-01,70008170,A6119110201,Australia,Rep-17,Customer raised concerns about product availability and delayed delivery.,Renewal,0
CRM001571,2019-10-01,80001019,A4419110408,China,Rep-03,Customer requested a better commercial offer before renewing the purchase.,Qualified,0
CRM001572,2020-08-01,70009133,A5419110207,Newzealand,Rep-25,Customer requested a better commercial offer before renewing the purchase.,Renewal,0
CRM001573,2019-09-01,90022079,A4520110506,USA,Rep-16,Customer requested a better commercial offer before renewing the purchase.,Negotiation,0
CRM001574,2020-05-01,90006153,A6018110102,Philiphines,Rep-19,Customer raised concerns about product availability and delayed delivery.,Proposal,0
CRM001575,2019-11-01,90023027,A0621150307,Canada,Rep-17,Customer raised concerns about product availability and delayed delivery.,Prospecting,0
CRM001576,2019-02-01,80007196,A1119150203,South Korea,Rep-11,Customer asked for more information about the premium variant.,Negotiation,0
CRM001577,2020-10-01,70010048,A6119110202,Bangladesh,Rep-22,Customer raised concerns about product availability and delayed delivery.,Renewal,0
CRM001578,2020-07-01,90003180,A6719160101,Indonesia,Rep-18,Customer mentioned a competitor's promotional pricing.,Prospecting,1
CRM001579,2019-10-01,90013121,A5318110104,Italy,Rep-29,Customer requested a better commercial offer before renewing the purchase.,Qualified,0
CRM001580,2019-01-01,90016173,A0519150205,Poland,Rep-21,Customer asked for more information about the premium variant.,Renewal,0
CRM001581,2020-08-01,90018107,A2520150505,Spain,Rep-28,Customer asked for more information about the premium variant.,Negotiation,0
CRM001582,2020-06-01,90019201,A6018110103,Sweden,Rep-06,Customer asked for more information about the premium variant.,Prospecting,0
CRM001583,2020-05-01,70018115,A1618150103,Spain,Rep-28,Customer requested a better commercial offer before renewing the purchase.,Proposal,0
CRM001584,2021-02-01,90005160,A0519150203,Pakistan,Rep-05,Customer is satisfied with the product and is considering expanding the order.,Negotiation,0
CRM001585,2019-10-01,70006157,A5419110208,Philiphines,Rep-02,Customer is considering a competitor because our price is higher.,Proposal,1
CRM001586,2019-02-01,90006156,A0621150308,Philiphines,Rep-14,Customer is considering a competitor because our price is higher.,Qualified,1
CRM001587,2019-07-01,80006154,A2319150304,Philiphines,Rep-23,Customer is considering a competitor because our price is higher.,Qualified,1
CRM001588,2021-01-01,90002003,A5419110207,India,Rep-03,Customer mentioned a competitor's promotional pricing.,Proposal,1
CRM001589,2019-10-01,90005160,A3320150506,Pakistan,Rep-04,Customer requested a better commercial offer before renewing the purchase.,Renewal,0
CRM001590,2019-03-01,90016171,A0721150404,Poland,Rep-19,Customer is satisfied with the product and is considering expanding the order.,Renewal,0
CRM001591,2018-09-01,90022083,A2319150306,USA,Rep-23,Customer asked for more information about the premium variant.,Proposal,0
CRM001592,2021-01-01,90014136,A3718150105,Netherlands,Rep-04,Customer is satisfied with the product and is considering expanding the order.,Proposal,0
CRM001593,2020-10-01,90002014,A7019160401,India,Rep-04,Customer is satisfied with the product and is considering expanding the order.,Qualified,0
CRM001594,2020-07-01,90006156,A0821150504,Philiphines,Rep-12,Customer is satisfied with the product and is considering expanding the order.,Renewal,0
CRM001595,2021-07-01,90013117,A3621150802,Italy,Rep-07,Customer mentioned a competitor's promotional pricing.,Proposal,1
CRM001596,2019-11-01,70014142,A5620110401,Netherlands,Rep-09,Customer is considering a competitor because our price is higher.,Qualified,1
CRM001597,2020-04-01,80007196,A6018110105,South Korea,Rep-07,Customer is satisfied with the product and is considering expanding the order.,Prospecting,0
CRM001598,2021-04-01,90005160,A1119150203,Pakistan,Rep-04,Customer is considering a competitor because our price is higher.,Qualified,1
CRM001599,2020-08-01,90010046,A0321150303,Bangladesh,Rep-26,Customer requested a better commercial offer before renewing the purchase.,Negotiation,0
CRM001600,2021-07-01,70010047,A0620150305,Bangladesh,Rep-11,Customer mentioned a competitor's promotional pricing.,Negotiation,1
CRM001601,2021-01-01,90019203,A5721110503,Sweden,Rep-11,Customer mentioned a competitor's promotional pricing.,Prospecting,1
CRM001602,2020-08-01,90004066,A3521150705,Japan,Rep-15,Customer is satisfied with the product and is considering expanding the order.,Negotiation,0
CRM001603,2021-01-01,90020098,A3819150203,Austria,Rep-28,Customer is satisfied with the product and is considering expanding the order.,Prospecting,0
CRM001604,2020-04-01,90003179,A4218110206,Indonesia,Rep-17,Customer is considering a competitor because our price is higher.,Qualified,1
CRM001605,2019-07-01,90021094,A5318110104,United Kingdom,Rep-16,Customer is satisfied with the product and is considering expanding the order.,Proposal,0
CRM001606,2021-05-01,90012039,A5519110304,Germany,Rep-15,Customer raised concerns about product availability and delayed delivery.,Proposal,0
CRM001607,2018-12-01,90008166,A6119110201,Australia,Rep-09,Customer requested a better commercial offer before renewing the purchase.,Proposal,0
CRM001608,2018-12-01,90017050,A6019110108,Portugal,Rep-07,Customer raised concerns about product availability and delayed delivery.,Qualified,0
CRM001609,2020-06-01,70011193,A3320150506,France,Rep-28,Customer mentioned a competitor's promotional pricing.,Qualified,1
CRM001610,2018-11-01,90020099,A3819150205,Austria,Rep-22,Customer asked for more information about the premium variant.,Negotiation,0
CRM001611,2019-04-01,90002002,A6219160103,India,Rep-06,Customer is satisfied with the product and is considering expanding the order.,Negotiation,0
CRM001612,2021-06-01,90018112,A2918150102,Spain,Rep-30,Customer raised concerns about product availability and delayed delivery.,Proposal,0
CRM001613,2020-07-01,90005160,A6620160501,Pakistan,Rep-12,Customer is considering a competitor because our price is higher.,Renewal,1
CRM001614,2018-10-01,90021093,A1420150501,United Kingdom,Rep-20,Customer is considering a competitor because our price is higher.,Negotiation,1
CRM001615,2020-05-01,90018112,A3521150704,Spain,Rep-23,Customer asked for more information about the premium variant.,Proposal,0
CRM001616,2020-06-01,90020099,A6019110107,Austria,Rep-14,Customer requested a better commercial offer before renewing the purchase.,Prospecting,0
CRM001617,2020-02-01,90012034,A2218150202,Germany,Rep-17,Customer requested a better commercial offer before renewing the purchase.,Renewal,0
CRM001618,2021-03-01,70021096,A0821150501,United Kingdom,Rep-04,Customer asked for more information about the premium variant.,Negotiation,0
CRM001619,2020-09-01,90021090,A2319150302,United Kingdom,Rep-04,Customer mentioned a competitor's promotional pricing.,Qualified,1
CRM001620,2021-03-01,90004067,A6520160402,Japan,Rep-27,Customer is considering a competitor because our price is higher.,Negotiation,1
CRM001621,2020-02-01,90004062,A5419110208,Japan,Rep-04,Customer requested a better commercial offer before renewing the purchase.,Qualified,0
CRM001622,2019-04-01,90002001,A3818150201,India,Rep-10,Customer mentioned a competitor's promotional pricing.,Proposal,1
CRM001623,2021-04-01,90004062,A1420150502,Japan,Rep-19,Customer is satisfied with the product and is considering expanding the order.,Prospecting,0
CRM001624,2020-04-01,90023026,A2118150102,Canada,Rep-21,Customer raised concerns about product availability and delayed delivery.,Negotiation,0
CRM001625,2019-06-01,90015149,A1018150101,Norway,Rep-12,Customer raised concerns about product availability and delayed delivery.,Negotiation,0
CRM001626,2018-12-01,90008166,A5520110308,Australia,Rep-18,Customer is satisfied with the product and is considering expanding the order.,Renewal,0
CRM001627,2020-03-01,90014140,A3320150502,Netherlands,Rep-25,Customer is considering a competitor because our price is higher.,Proposal,1
CRM001628,2020-04-01,70013126,A0621150307,Italy,Rep-15,Customer mentioned a competitor's promotional pricing.,Prospecting,1
CRM001629,2020-12-01,90004062,A0619150302,Japan,Rep-30,Customer asked for more information about the premium variant.,Negotiation,0
CRM001630,2021-06-01,90017054,A3920150301,Portugal,Rep-30,Customer is considering a competitor because our price is higher.,Proposal,1
CRM001631,2020-01-01,90018109,A0519150208,Spain,Rep-28,Customer mentioned a competitor's promotional pricing.,Negotiation,1
CRM001632,2020-07-01,90012037,A4520110505,Germany,Rep-22,Customer is satisfied with the product and is considering expanding the order.,Qualified,0
CRM001633,2021-07-01,90013118,A5620110402,Italy,Rep-09,Customer asked for more information about the premium variant.,Proposal,0
CRM001634,2021-01-01,90002014,A5621110408,India,Rep-07,Customer raised concerns about product availability and delayed delivery.,Qualified,0
CRM001635,2019-02-01,90011191,A2620150604,France,Rep-22,Customer asked for more information about the premium variant.,Proposal,0
CRM001636,2020-12-01,90014140,A0921150603,Netherlands,Rep-28,Customer is satisfied with the product and is considering expanding the order.,Negotiation,0
CRM001637,2019-09-01,90018106,A3019150205,Spain,Rep-03,Customer is considering a competitor because our price is higher.,Proposal,1
CRM001638,2020-04-01,90017049,A2620150602,Portugal,Rep-16,Customer asked for more information about the premium variant.,Negotiation,0
CRM001639,2019-07-01,90008165,A6119110203,Australia,Rep-13,Customer is considering a competitor because our price is higher.,Prospecting,1
CRM001640,2018-11-01,70009134,A0921150603,Newzealand,Rep-19,Customer asked for more information about the premium variant.,Proposal,0
CRM001641,2021-03-01,90023028,A0418150107,Canada,Rep-20,Customer raised concerns about product availability and delayed delivery.,Negotiation,0
CRM001642,2019-01-01,90019201,A0321150303,Sweden,Rep-14,Customer raised concerns about product availability and delayed delivery.,Negotiation,0
CRM001643,2019-10-01,90020103,A4620110602,Austria,Rep-20,Customer is satisfied with the product and is considering expanding the order.,Proposal,0
CRM001644,2018-11-01,70004069,A4118110104,Japan,Rep-16,Customer raised concerns about product availability and delayed delivery.,Proposal,0
CRM001645,2018-11-01,90015144,A3521150706,Norway,Rep-11,Customer requested a better commercial offer before renewing the purchase.,Renewal,0
CRM001646,2019-07-01,90013122,A4721110708,Italy,Rep-01,Customer asked for more information about the premium variant.,Prospecting,0
CRM001647,2019-08-01,90007197,A3120150306,South Korea,Rep-17,Customer asked for more information about the premium variant.,Renewal,0
CRM001648,2019-04-01,90017051,A1320150403,Portugal,Rep-16,Customer is satisfied with the product and is considering expanding the order.,Renewal,0
CRM001649,2019-10-01,90017056,A6520160403,Portugal,Rep-05,Customer is satisfied with the product and is considering expanding the order.,Negotiation,0
CRM001650,2019-04-01,90011188,A2821150802,France,Rep-02,Customer mentioned a competitor's promotional pricing.,Negotiation,1
CRM001651,2021-02-01,90022077,A3018150201,USA,Rep-26,Customer mentioned a competitor's promotional pricing.,Negotiation,1
CRM001652,2020-02-01,90015147,A5621110405,Norway,Rep-16,Customer requested a better commercial offer before renewing the purchase.,Negotiation,0
CRM001653,2021-01-01,90010045,A1320150403,Bangladesh,Rep-05,Customer requested a better commercial offer before renewing the purchase.,Negotiation,0
CRM001654,2019-11-01,70007198,A2821150801,South Korea,Rep-04,Customer is satisfied with the product and is considering expanding the order.,Prospecting,0
CRM001655,2021-08-01,90017054,A2721150705,Portugal,Rep-15,Customer requested a better commercial offer before renewing the purchase.,Negotiation,0
CRM001656,2021-07-01,90010046,A0721150404,Bangladesh,Rep-24,Customer is satisfied with the product and is considering expanding the order.,Prospecting,0
CRM001657,2021-04-01,90004064,A3119150302,Japan,Rep-30,Customer asked for more information about the premium variant.,Qualified,0
CRM001658,2018-09-01,90014141,A6121110208,Netherlands,Rep-05,Customer requested a better commercial offer before renewing the purchase.,Proposal,0
CRM001659,2021-05-01,90013117,A2720150701,Italy,Rep-15,Customer mentioned a competitor's promotional pricing.,Negotiation,1
CRM001660,2021-07-01,90015144,A2721150705,Norway,Rep-03,Customer is considering a competitor because our price is higher.,Negotiation,1
CRM001661,2021-01-01,90021091,A1618150103,United Kingdom,Rep-16,Customer mentioned a competitor's promotional pricing.,Qualified,1
CRM001662,2021-02-01,70007198,A3621150801,South Korea,Rep-21,Customer asked for more information about the premium variant.,Prospecting,0
CRM001663,2020-01-01,90019200,A4118110105,Sweden,Rep-12,Customer requested a better commercial offer before renewing the purchase.,Renewal,0
CRM001664,2021-02-01,70012043,A4721110705,Germany,Rep-18,Customer asked for more information about the premium variant.,Proposal,0
CRM001665,2020-07-01,90019203,A2020150501,Sweden,Rep-19,Customer mentioned a competitor's promotional pricing.,Prospecting,1
CRM001666,2021-07-01,90020101,A5721110501,Austria,Rep-20,Customer mentioned a competitor's promotional pricing.,Proposal,1
CRM001667,2021-03-01,90020101,A5419110207,Austria,Rep-28,Customer mentioned a competitor's promotional pricing.,Renewal,1
CRM001668,2020-05-01,80006154,A0519150205,Philiphines,Rep-09,Customer asked for more information about the premium variant.,Proposal,0
CRM001669,2019-06-01,90002015,A2219150206,India,Rep-17,Customer asked for more information about the premium variant.,Qualified,0
CRM001670,2020-06-01,90002001,A2319150302,India,Rep-14,Customer asked for more information about the premium variant.,Negotiation,0
CRM001671,2020-10-01,90018105,A6720160103,Spain,Rep-24,Customer raised concerns about product availability and delayed delivery.,Proposal,0
CRM001672,2021-04-01,90020097,A2118150106,Austria,Rep-20,Customer is considering a competitor because our price is higher.,Proposal,1
CRM001673,2018-10-01,90008167,A0320150301,Australia,Rep-10,Customer mentioned a competitor's promotional pricing.,Proposal,1
CRM001674,2019-01-01,90012035,A5721110501,Germany,Rep-23,Customer is considering a competitor because our price is higher.,Proposal,1
CRM001675,2021-04-01,70003181,A0418150102,Indonesia,Rep-25,Customer raised concerns about product availability and delayed delivery.,Qualified,0
CRM001676,2019-10-01,90021091,A3220150402,United Kingdom,Rep-02,Customer mentioned a competitor's promotional pricing.,Proposal,1
CRM001677,2021-08-01,70007198,A6019110107,South Korea,Rep-15,Customer is satisfied with the product and is considering expanding the order.,Negotiation,0
CRM001678,2020-12-01,90006156,A4520110508,Philiphines,Rep-25,Customer is satisfied with the product and is considering expanding the order.,Negotiation,0
CRM001679,2020-03-01,70011194,A0418150107,France,Rep-28,Customer asked for more information about the premium variant.,Proposal,0
CRM001680,2020-05-01,90011186,A3019150205,France,Rep-26,Customer requested a better commercial offer before renewing the purchase.,Negotiation,0
CRM001681,2020-03-01,90002003,A4319110305,India,Rep-13,Customer requested a better commercial offer before renewing the purchase.,Prospecting,0
CRM001682,2021-01-01,70002017,A1618150101,India,Rep-10,Customer mentioned a competitor's promotional pricing.,Negotiation,1
CRM001683,2019-05-01,90004063,A4721110706,Japan,Rep-25,Customer requested a better commercial offer before renewing the purchase.,Renewal,0
CRM001684,2019-06-01,90014141,A3718150103,Netherlands,Rep-14,Customer is considering a competitor because our price is higher.,Qualified,1
CRM001685,2019-02-01,90022083,A5721110503,USA,Rep-15,Customer is satisfied with the product and is considering expanding the order.,Qualified,0
CRM001686,2020-11-01,90004063,A4620110605,Japan,Rep-12,Customer requested a better commercial offer before renewing the purchase.,Proposal,0
CRM001687,2019-07-01,90010045,A0118150102,Bangladesh,Rep-26,Customer requested a better commercial offer before renewing the purchase.,Qualified,0
CRM001688,2020-05-01,90010046,A1420150502,Bangladesh,Rep-28,Customer is considering a competitor because our price is higher.,Negotiation,1
CRM001689,2019-09-01,90009127,A0621150307,Newzealand,Rep-06,Customer raised concerns about product availability and delayed delivery.,Qualified,0
CRM001690,2020-09-01,70013125,A2118150104,Italy,Rep-15,Customer is considering a competitor because our price is higher.,Qualified,1
CRM001691,2021-03-01,90016174,A1521150601,Poland,Rep-24,Customer raised concerns about product availability and delayed delivery.,Renewal,0
CRM001692,2020-09-01,70018115,A4419110408,Spain,Rep-11,Customer is considering a competitor because our price is higher.,Prospecting,1
CRM001693,2020-10-01,90005160,A7321160302,Pakistan,Rep-25,Customer raised concerns about product availability and delayed delivery.,Negotiation,0
CRM001694,2018-11-01,90018105,A5318110107,Spain,Rep-29,Customer asked for more information about the premium variant.,Qualified,0
CRM001695,2019-06-01,90011186,A6018110101,France,Rep-20,Customer mentioned a competitor's promotional pricing.,Renewal,1
CRM001696,2019-10-01,90011187,A4620110601,France,Rep-29,Customer mentioned a competitor's promotional pricing.,Proposal,1
CRM001697,2019-12-01,70009133,A4218110206,Newzealand,Rep-10,Customer mentioned a competitor's promotional pricing.,Proposal,1
CRM001698,2021-03-01,70020104,A1819150301,Austria,Rep-28,Customer is considering a competitor because our price is higher.,Negotiation,1
CRM001699,2018-11-01,90016174,A4721110704,Poland,Rep-24,Customer raised concerns about product availability and delayed delivery.,Negotiation,0
CRM001700,2020-01-01,90001020,A3320150504,China,Rep-21,Customer is satisfied with the product and is considering expanding the order.,Qualified,0
CRM001701,2019-12-01,90005160,A1718150201,Pakistan,Rep-13,Customer is considering a competitor because our price is higher.,Negotiation,1
CRM001702,2019-05-01,70006158,A5419110204,Philiphines,Rep-05,Customer mentioned a competitor's promotional pricing.,Renewal,1
CRM001703,2021-03-01,90021091,A4620110605,United Kingdom,Rep-10,Customer requested a better commercial offer before renewing the purchase.,Renewal,0
CRM001704,2021-08-01,90015149,A4620110608,Norway,Rep-13,Customer is considering a competitor because our price is higher.,Negotiation,1
CRM001705,2020-09-01,70010048,A0621150307,Bangladesh,Rep-20,Customer is satisfied with the product and is considering expanding the order.,Renewal,0
CRM001706,2020-09-01,70014143,A4419110408,Netherlands,Rep-12,Customer raised concerns about product availability and delayed delivery.,Negotiation,0
CRM001707,2020-12-01,90018112,A2821150801,Spain,Rep-16,Customer asked for more information about the premium variant.,Prospecting,0
CRM001708,2019-04-01,90016173,A2319150304,Poland,Rep-01,Customer requested a better commercial offer before renewing the purchase.,Qualified,0
CRM001709,2019-08-01,90008165,A4319110302,Australia,Rep-20,Customer is satisfied with the product and is considering expanding the order.,Proposal,0
CRM001710,2021-05-01,90009127,A2821150802,Newzealand,Rep-01,Customer mentioned a competitor's promotional pricing.,Renewal,1
CRM001711,2021-08-01,90008165,A0418150105,Australia,Rep-01,Customer asked for more information about the premium variant.,Proposal,0
CRM001712,2021-06-01,90016171,A4118110106,Poland,Rep-30,Customer raised concerns about product availability and delayed delivery.,Renewal,0
CRM001713,2019-03-01,90018113,A2118150104,Spain,Rep-07,Customer requested a better commercial offer before renewing the purchase.,Negotiation,0
CRM001714,2020-12-01,90004065,A5721110503,Japan,Rep-09,Customer is considering a competitor because our price is higher.,Renewal,1
CRM001715,2018-10-01,70009133,A3220150402,Newzealand,Rep-22,Customer requested a better commercial offer before renewing the purchase.,Renewal,0
CRM001716,2019-04-01,90004068,A6719160101,Japan,Rep-09,Customer asked for more information about the premium variant.,Proposal,0
CRM001717,2021-03-01,90015148,A2821150806,Norway,Rep-15,Customer mentioned a competitor's promotional pricing.,Qualified,1
CRM001718,2021-04-01,90013117,A1421150503,Italy,Rep-11,Customer mentioned a competitor's promotional pricing.,Negotiation,1
CRM001719,2018-12-01,80006155,A4520110504,Philiphines,Rep-25,Customer requested a better commercial offer before renewing the purchase.,Qualified,0
CRM001720,2019-05-01,90019200,A1420150502,Sweden,Rep-15,Customer asked for more information about the premium variant.,Proposal,0
CRM001721,2019-07-01,90011186,A3119150301,France,Rep-07,Customer asked for more information about the premium variant.,Renewal,0
CRM001722,2018-10-01,90008164,A5620110402,Australia,Rep-20,Customer asked for more information about the premium variant.,Prospecting,0
CRM001723,2020-09-01,90023027,A4821110806,Canada,Rep-23,Customer mentioned a competitor's promotional pricing.,Proposal,1
CRM001724,2019-01-01,90017059,A6120110207,Portugal,Rep-10,Customer raised concerns about product availability and delayed delivery.,Qualified,0
CRM001725,2020-08-01,90004068,A4218110206,Japan,Rep-13,Customer asked for more information about the premium variant.,Proposal,0
CRM001726,2020-07-01,90005160,A4721110705,Pakistan,Rep-02,Customer is considering a competitor because our price is higher.,Negotiation,1
CRM001727,2018-11-01,90021093,A4821110807,United Kingdom,Rep-20,Customer is satisfied with the product and is considering expanding the order.,Proposal,0
CRM001728,2019-11-01,90017055,A6119110203,Portugal,Rep-05,Customer raised concerns about product availability and delayed delivery.,Qualified,0
CRM001729,2020-05-01,70014143,A3119150302,Netherlands,Rep-27,Customer raised concerns about product availability and delayed delivery.,Proposal,0
CRM001730,2019-10-01,70003182,A4118110102,Indonesia,Rep-04,Customer mentioned a competitor's promotional pricing.,Renewal,1
CRM001731,2018-09-01,90021091,A0621150308,United Kingdom,Rep-28,Customer asked for more information about the premium variant.,Qualified,0
CRM001732,2021-02-01,90008168,A3120150304,Australia,Rep-17,Customer asked for more information about the premium variant.,Prospecting,0
CRM001733,2021-05-01,90018112,A5419110203,Spain,Rep-24,Customer asked for more information about the premium variant.,Proposal,0
CRM001734,2020-11-01,90004064,A6121110208,Japan,Rep-05,Customer is considering a competitor because our price is higher.,Qualified,1
CRM001735,2019-06-01,90012040,A1919150401,Germany,Rep-10,Customer mentioned a competitor's promotional pricing.,Negotiation,1
CRM001736,2021-05-01,90011189,A1320150403,France,Rep-10,Customer raised concerns about product availability and delayed delivery.,Negotiation,0
CRM001737,2020-11-01,90012037,A5620110401,Germany,Rep-02,Customer raised concerns about product availability and delayed delivery.,Negotiation,0
CRM001738,2018-09-01,90012034,A1618150104,Germany,Rep-29,Customer asked for more information about the premium variant.,Renewal,0
CRM001739,2021-08-01,90003180,A4620110601,Indonesia,Rep-14,Customer asked for more information about the premium variant.,Negotiation,0
CRM001740,2020-04-01,90023025,A0619150301,Canada,Rep-26,Customer requested a better commercial offer before renewing the purchase.,Negotiation,0
CRM001741,2021-02-01,90012033,A5318110107,Germany,Rep-30,Customer is satisfied with the product and is considering expanding the order.,Negotiation,0
CRM001742,2018-12-01,90002011,A6419160302,India,Rep-08,Customer raised concerns about product availability and delayed delivery.,Proposal,0
CRM001743,2020-04-01,90023027,A6620160501,Canada,Rep-10,Customer asked for more information about the premium variant.,Proposal,0
CRM001744,2021-02-01,90017057,A6921160301,Portugal,Rep-10,Customer is considering a competitor because our price is higher.,Renewal,1
CRM001745,2020-09-01,90006153,A6818160201,Philiphines,Rep-22,Customer is satisfied with the product and is considering expanding the order.,Negotiation,0
CRM001746,2020-12-01,90013121,A2419150405,Italy,Rep-19,Customer requested a better commercial offer before renewing the purchase.,Proposal,0
CRM001747,2021-05-01,80006154,A6319160203,Philiphines,Rep-13,Customer is satisfied with the product and is considering expanding the order.,Proposal,0
CRM001748,2019-12-01,90005160,A5519110303,Pakistan,Rep-20,Customer is satisfied with the product and is considering expanding the order.,Proposal,0
CRM001749,2019-06-01,90017049,A3320150502,Portugal,Rep-10,Customer mentioned a competitor's promotional pricing.,Renewal,1
CRM001750,2018-10-01,80007196,A0519150205,South Korea,Rep-27,Customer asked for more information about the premium variant.,Proposal,0
CRM001751,2021-04-01,90020103,A3019150205,Austria,Rep-07,Customer is satisfied with the product and is considering expanding the order.,Negotiation,0
CRM001752,2018-10-01,90015147,A2219150205,Norway,Rep-25,Customer asked for more information about the premium variant.,Proposal,0
CRM001753,2021-02-01,90011189,A6620160502,France,Rep-15,Customer is satisfied with the product and is considering expanding the order.,Prospecting,0
CRM001754,2021-01-01,70007198,A1219150301,South Korea,Rep-28,Customer mentioned a competitor's promotional pricing.,Negotiation,1
CRM001755,2019-07-01,90019203,A2620150606,Sweden,Rep-10,Customer is considering a competitor because our price is higher.,Prospecting,1
CRM001756,2020-02-01,70014142,A4821110802,Netherlands,Rep-12,Customer is considering a competitor because our price is higher.,Proposal,1
CRM001757,2021-04-01,90010045,A5519110303,Bangladesh,Rep-06,Customer is considering a competitor because our price is higher.,Prospecting,1
CRM001758,2020-10-01,90018107,A6921160301,Spain,Rep-30,Customer raised concerns about product availability and delayed delivery.,Qualified,0
CRM001759,2020-01-01,90018105,A7321160301,Spain,Rep-10,Customer requested a better commercial offer before renewing the purchase.,Renewal,0
CRM001760,2020-03-01,90019203,A7119160102,Sweden,Rep-21,Customer is satisfied with the product and is considering expanding the order.,Proposal,0
CRM001761,2020-08-01,70004070,A2821150801,Japan,Rep-07,Customer requested a better commercial offer before renewing the purchase.,Qualified,0
CRM001762,2018-09-01,90023030,A2319150305,Canada,Rep-09,Customer is satisfied with the product and is considering expanding the order.,Proposal,0
CRM001763,2020-09-01,90018105,A2118150102,Spain,Rep-25,Customer raised concerns about product availability and delayed delivery.,Renewal,0
CRM001764,2019-11-01,90022078,A7119160102,USA,Rep-15,Customer raised concerns about product availability and delayed delivery.,Proposal,0
CRM001765,2021-07-01,90003179,A2821150805,Indonesia,Rep-08,Customer raised concerns about product availability and delayed delivery.,Negotiation,0
CRM001766,2021-07-01,80006155,A3818150201,Philiphines,Rep-26,Customer is satisfied with the product and is considering expanding the order.,Renewal,0
CRM001767,2019-01-01,90021086,A4319110305,United Kingdom,Rep-19,Customer is satisfied with the product and is considering expanding the order.,Proposal,0
CRM001768,2021-07-01,90003180,A5620110402,Indonesia,Rep-21,Customer mentioned a competitor's promotional pricing.,Prospecting,1
CRM001769,2020-04-01,90003179,A6319160202,Indonesia,Rep-01,Customer raised concerns about product availability and delayed delivery.,Renewal,0
CRM001770,2021-01-01,70007198,A5519110304,South Korea,Rep-12,Customer mentioned a competitor's promotional pricing.,Proposal,1
CRM001771,2020-10-01,90002016,A1819150304,India,Rep-26,Customer mentioned a competitor's promotional pricing.,Negotiation,1
CRM001772,2020-05-01,70003181,A6319160202,Indonesia,Rep-17,Customer is satisfied with the product and is considering expanding the order.,Negotiation,0
CRM001773,2019-12-01,90014136,A6519160401,Netherlands,Rep-28,Customer asked for more information about the premium variant.,Proposal,0
CRM001774,2021-05-01,90011192,A0219150202,France,Rep-01,Customer mentioned a competitor's promotional pricing.,Negotiation,1
CRM001775,2020-02-01,70020104,A7119160102,Austria,Rep-25,Customer raised concerns about product availability and delayed delivery.,Negotiation,0
CRM001776,2020-12-01,70023032,A0118150104,Canada,Rep-11,Customer is considering a competitor because our price is higher.,Prospecting,1
CRM001777,2019-10-01,70002017,A3320150504,India,Rep-17,Customer is considering a competitor because our price is higher.,Renewal,1
CRM001778,2019-11-01,70006157,A4118110104,Philiphines,Rep-07,Customer mentioned a competitor's promotional pricing.,Prospecting,1
CRM001779,2020-06-01,90012039,A3320150505,Germany,Rep-24,Customer is satisfied with the product and is considering expanding the order.,Renewal,0
CRM001780,2020-07-01,90011188,A4319110305,France,Rep-13,Customer asked for more information about the premium variant.,Renewal,0
CRM001781,2021-02-01,90001020,A7118160101,China,Rep-04,Customer raised concerns about product availability and delayed delivery.,Negotiation,0
CRM001782,2020-10-01,90001021,A3421150605,China,Rep-04,Customer raised concerns about product availability and delayed delivery.,Proposal,0
CRM001783,2020-07-01,90015144,A6620160501,Norway,Rep-23,Customer mentioned a competitor's promotional pricing.,Negotiation,1
CRM001784,2019-05-01,90018110,A6520160403,Spain,Rep-10,Customer is considering a competitor because our price is higher.,Negotiation,1
CRM001785,2020-01-01,70007198,A4218110206,South Korea,Rep-25,Customer is satisfied with the product and is considering expanding the order.,Renewal,0
CRM001786,2018-09-01,90018108,A5419110207,Spain,Rep-21,Customer requested a better commercial offer before renewing the purchase.,Renewal,0
CRM001787,2021-03-01,90012037,A3621150805,Germany,Rep-30,Customer mentioned a competitor's promotional pricing.,Qualified,1
CRM001788,2020-08-01,90010045,A6718160102,Bangladesh,Rep-27,Customer is satisfied with the product and is considering expanding the order.,Proposal,0
CRM001789,2019-09-01,90009128,A1420150502,Newzealand,Rep-13,Customer asked for more information about the premium variant.,Qualified,0
CRM001790,2018-09-01,70011193,A0620150303,France,Rep-20,Customer mentioned a competitor's promotional pricing.,Qualified,1
CRM001791,2021-07-01,90021086,A6018110101,United Kingdom,Rep-01,Customer is satisfied with the product and is considering expanding the order.,Qualified,0
CRM001792,2021-01-01,90008168,A3018150202,Australia,Rep-03,Customer is considering a competitor because our price is higher.,Renewal,1
CRM001793,2021-03-01,90019202,A2419150405,Sweden,Rep-21,Customer mentioned a competitor's promotional pricing.,Negotiation,1
CRM001794,2020-02-01,90015148,A5621110404,Norway,Rep-25,Customer mentioned a competitor's promotional pricing.,Negotiation,1
CRM001795,2020-05-01,90013121,A7018160402,Italy,Rep-01,Customer mentioned a competitor's promotional pricing.,Negotiation,1
CRM001796,2018-12-01,70021096,A3521150702,United Kingdom,Rep-06,Customer is considering a competitor because our price is higher.,Prospecting,1
CRM001797,2019-01-01,80007195,A5721110502,South Korea,Rep-24,Customer asked for more information about the premium variant.,Qualified,0
CRM001798,2020-12-01,90020099,A6019110108,Austria,Rep-04,Customer is satisfied with the product and is considering expanding the order.,Negotiation,0
CRM001799,2019-08-01,90021094,A1219150301,United Kingdom,Rep-10,Customer is considering a competitor because our price is higher.,Proposal,1
CRM001800,2021-04-01,90010046,A2021150503,Bangladesh,Rep-14,Customer asked for more information about the premium variant.,Renewal,0
CRM001801,2020-07-01,90004063,A2520150501,Japan,Rep-18,Customer asked for more information about the premium variant.,Negotiation,0
CRM001802,2019-08-01,90011187,A0619150301,France,Rep-21,Customer raised concerns about product availability and delayed delivery.,Negotiation,0
CRM001803,2020-11-01,90001021,A1320150403,China,Rep-12,Customer asked for more information about the premium variant.,Qualified,0
CRM001804,2019-07-01,70022085,A2020150501,USA,Rep-05,Customer requested a better commercial offer before renewing the purchase.,Renewal,0
CRM001805,2021-06-01,90001021,A2219150206,China,Rep-12,Customer mentioned a competitor's promotional pricing.,Prospecting,1
CRM001806,2018-12-01,90004063,A5721110503,Japan,Rep-16,Customer asked for more information about the premium variant.,Proposal,0
CRM001807,2021-05-01,90011191,A5419110208,France,Rep-24,Customer asked for more information about the premium variant.,Qualified,0
CRM001808,2019-10-01,90018105,A3220150404,Spain,Rep-09,Customer raised concerns about product availability and delayed delivery.,Proposal,0
CRM001809,2021-03-01,70005163,A6921160301,Pakistan,Rep-30,Customer asked for more information about the premium variant.,Proposal,0
CRM001810,2020-02-01,90011187,A1920150404,France,Rep-19,Customer is considering a competitor because our price is higher.,Proposal,1
CRM001811,2021-01-01,90003180,A4721110708,Indonesia,Rep-16,Customer asked for more information about the premium variant.,Renewal,0
CRM001812,2019-07-01,70013125,A4721110706,Italy,Rep-19,Customer raised concerns about product availability and delayed delivery.,Proposal,0
CRM001813,2020-01-01,90013121,A4218110206,Italy,Rep-18,Customer is satisfied with the product and is considering expanding the order.,Proposal,0
CRM001814,2020-07-01,90006153,A5419110203,Philiphines,Rep-03,Customer mentioned a competitor's promotional pricing.,Negotiation,1
CRM001815,2021-08-01,90010044,A3621150804,Bangladesh,Rep-24,Customer asked for more information about the premium variant.,Proposal,0
CRM001816,2019-04-01,70010048,A3018150201,Bangladesh,Rep-02,Customer is considering a competitor because our price is higher.,Negotiation,1
CRM001817,2019-08-01,90022078,A5318110108,USA,Rep-08,Customer raised concerns about product availability and delayed delivery.,Negotiation,0
CRM001818,2020-09-01,90010044,A4519110502,Bangladesh,Rep-05,Customer raised concerns about product availability and delayed delivery.,Proposal,0
CRM001819,2018-09-01,90019202,A1819150303,Sweden,Rep-27,Customer is considering a competitor because our price is higher.,Proposal,1
CRM001820,2020-02-01,90004068,A4218110202,Japan,Rep-13,Customer asked for more information about the premium variant.,Proposal,0
CRM001821,2020-01-01,90012037,A0519150205,Germany,Rep-10,Customer raised concerns about product availability and delayed delivery.,Prospecting,0
CRM001822,2021-01-01,90013118,A7220160202,Italy,Rep-19,Customer raised concerns about product availability and delayed delivery.,Prospecting,0
CRM001823,2019-01-01,90009132,A3920150301,Newzealand,Rep-24,Customer raised concerns about product availability and delayed delivery.,Prospecting,0
CRM001824,2019-07-01,70015151,A5621110405,Norway,Rep-30,Customer raised concerns about product availability and delayed delivery.,Qualified,0
CRM001825,2020-01-01,90009132,A1320150402,Newzealand,Rep-25,Customer requested a better commercial offer before renewing the purchase.,Proposal,0
CRM001826,2021-01-01,90004062,A0418150102,Japan,Rep-07,Customer asked for more information about the premium variant.,Prospecting,0
CRM001827,2021-04-01,90001021,A4218110205,China,Rep-29,Customer mentioned a competitor's promotional pricing.,Proposal,1
CRM001828,2020-04-01,70021096,A0921150603,United Kingdom,Rep-02,Customer asked for more information about the premium variant.,Negotiation,0
CRM001829,2021-01-01,70004069,A2721150705,Japan,Rep-20,Customer requested a better commercial offer before renewing the purchase.,Qualified,0
CRM001830,2021-04-01,90004065,A4520110508,Japan,Rep-02,Customer is considering a competitor because our price is higher.,Renewal,1
CRM001831,2020-03-01,90021094,A2520150505,United Kingdom,Rep-23,Customer is considering a competitor because our price is higher.,Qualified,1
CRM001832,2020-03-01,90012039,A3920150301,Germany,Rep-22,Customer asked for more information about the premium variant.,Negotiation,0
CRM001833,2021-03-01,70002018,A2118150105,India,Rep-14,Customer asked for more information about the premium variant.,Prospecting,0
CRM001834,2021-07-01,90005159,A4319110305,Pakistan,Rep-10,Customer mentioned a competitor's promotional pricing.,Prospecting,1
CRM001835,2019-02-01,90009132,A1319150401,Newzealand,Rep-28,Customer mentioned a competitor's promotional pricing.,Prospecting,1
CRM001836,2019-11-01,90001020,A1018150102,China,Rep-24,Customer asked for more information about the premium variant.,Proposal,0
CRM001837,2019-06-01,70006157,A5419110208,Philiphines,Rep-12,Customer asked for more information about the premium variant.,Prospecting,0
CRM001838,2021-01-01,90015147,A4218110205,Norway,Rep-19,Customer requested a better commercial offer before renewing the purchase.,Proposal,0
CRM001839,2020-05-01,90018107,A4721110706,Spain,Rep-25,Customer is satisfied with the product and is considering expanding the order.,Qualified,0
CRM001840,2020-05-01,80001019,A2420150406,China,Rep-17,Customer is satisfied with the product and is considering expanding the order.,Prospecting,0
CRM001841,2018-09-01,70002018,A1219150302,India,Rep-15,Customer is considering a competitor because our price is higher.,Proposal,1
CRM001842,2021-07-01,80007196,A0619150302,South Korea,Rep-17,Customer asked for more information about the premium variant.,Proposal,0
CRM001843,2019-06-01,90012040,A5621110405,Germany,Rep-06,Customer requested a better commercial offer before renewing the purchase.,Proposal,0
CRM001844,2020-06-01,70010047,A2520150501,Bangladesh,Rep-01,Customer asked for more information about the premium variant.,Negotiation,0
CRM001845,2020-06-01,80007195,A3220150401,South Korea,Rep-19,Customer is satisfied with the product and is considering expanding the order.,Qualified,0
CRM001846,2021-03-01,90002009,A3320150505,India,Rep-04,Customer is considering a competitor because our price is higher.,Qualified,1
CRM001847,2021-05-01,70010048,A5419110207,Bangladesh,Rep-04,Customer asked for more information about the premium variant.,Negotiation,0
CRM001848,2020-05-01,90002016,A2720150701,India,Rep-22,Customer is considering a competitor because our price is higher.,Renewal,1
CRM001849,2020-09-01,90018112,A3120150306,Spain,Rep-13,Customer raised concerns about product availability and delayed delivery.,Negotiation,0
CRM001850,2021-03-01,90012034,A6419160302,Germany,Rep-11,Customer is satisfied with the product and is considering expanding the order.,Proposal,0
CRM001851,2020-05-01,70007198,A1718150201,South Korea,Rep-05,Customer mentioned a competitor's promotional pricing.,Qualified,1
CRM001852,2018-09-01,80007196,A2918150106,South Korea,Rep-04,Customer asked for more information about the premium variant.,Proposal,0
CRM001853,2021-01-01,90019203,A3120150304,Sweden,Rep-07,Customer is satisfied with the product and is considering expanding the order.,Qualified,0
CRM001854,2019-04-01,90002012,A2419150405,India,Rep-22,Customer asked for more information about the premium variant.,Proposal,0
CRM001855,2020-02-01,90011186,A6121110208,France,Rep-12,Customer requested a better commercial offer before renewing the purchase.,Negotiation,0
CRM001856,2018-10-01,70020104,A3521150701,Austria,Rep-22,Customer asked for more information about the premium variant.,Qualified,0
CRM001857,2019-06-01,90023028,A5721110508,Canada,Rep-07,Customer requested a better commercial offer before renewing the purchase.,Renewal,0
CRM001858,2019-07-01,80007196,A7321160302,South Korea,Rep-29,Customer requested a better commercial offer before renewing the purchase.,Negotiation,0
CRM001859,2020-01-01,80007196,A0620150305,South Korea,Rep-08,Customer raised concerns about product availability and delayed delivery.,Proposal,0
CRM001860,2020-05-01,70010047,A1219150303,Bangladesh,Rep-13,Customer raised concerns about product availability and delayed delivery.,Qualified,0
CRM001861,2019-06-01,70009134,A3019150205,Newzealand,Rep-25,Customer raised concerns about product availability and delayed delivery.,Qualified,0
CRM001862,2020-10-01,90006156,A2218150201,Philiphines,Rep-25,Customer mentioned a competitor's promotional pricing.,Proposal,1
CRM001863,2020-06-01,90023024,A2219150206,Canada,Rep-29,Customer is satisfied with the product and is considering expanding the order.,Proposal,0
CRM001864,2019-05-01,90012034,A6919160302,Germany,Rep-23,Customer is satisfied with the product and is considering expanding the order.,Negotiation,0
CRM001865,2019-02-01,80007196,A1521150603,South Korea,Rep-11,Customer is satisfied with the product and is considering expanding the order.,Qualified,0
CRM001866,2018-11-01,90005159,A3621150802,Pakistan,Rep-10,Customer mentioned a competitor's promotional pricing.,Prospecting,1
CRM001867,2020-08-01,90005159,A1219150303,Pakistan,Rep-11,Customer mentioned a competitor's promotional pricing.,Qualified,1
CRM001868,2021-07-01,90018112,A2419150402,Spain,Rep-12,Customer mentioned a competitor's promotional pricing.,Negotiation,1
CRM001869,2020-05-01,90017057,A3818150201,Portugal,Rep-06,Customer is considering a competitor because our price is higher.,Proposal,1
CRM001870,2019-03-01,90001020,A7321160303,China,Rep-14,Customer is satisfied with the product and is considering expanding the order.,Renewal,0
CRM001871,2018-09-01,90020097,A3220150401,Austria,Rep-09,Customer requested a better commercial offer before renewing the purchase.,Proposal,0
CRM001872,2018-10-01,90023029,A1219150301,Canada,Rep-10,Customer asked for more information about the premium variant.,Qualified,0
CRM001873,2019-07-01,90013120,A1521150601,Italy,Rep-26,Customer is considering a competitor because our price is higher.,Qualified,1
CRM001874,2021-08-01,90017051,A7321160303,Portugal,Rep-06,Customer raised concerns about product availability and delayed delivery.,Proposal,0
CRM001875,2019-05-01,80007196,A4620110608,South Korea,Rep-12,Customer is satisfied with the product and is considering expanding the order.,Proposal,0
CRM001876,2020-09-01,70003182,A6921160301,Indonesia,Rep-06,Customer raised concerns about product availability and delayed delivery.,Prospecting,0
CRM001877,2019-12-01,90004064,A7321160302,Japan,Rep-23,Customer requested a better commercial offer before renewing the purchase.,Prospecting,0
CRM001878,2020-07-01,90011187,A3119150302,France,Rep-06,Customer mentioned a competitor's promotional pricing.,Proposal,1
CRM001879,2021-08-01,90015145,A5419110205,Norway,Rep-25,Customer mentioned a competitor's promotional pricing.,Negotiation,1
CRM001880,2021-06-01,90017059,A6918160303,Portugal,Rep-03,Customer requested a better commercial offer before renewing the purchase.,Proposal,0
CRM001881,2020-08-01,90020103,A4721110708,Austria,Rep-23,Customer raised concerns about product availability and delayed delivery.,Proposal,0
CRM001882,2020-09-01,70015152,A6520160402,Norway,Rep-25,Customer asked for more information about the premium variant.,Proposal,0
CRM001883,2021-02-01,70021096,A0921150601,United Kingdom,Rep-24,Customer asked for more information about the premium variant.,Negotiation,0
CRM001884,2021-02-01,90009129,A0118150101,Newzealand,Rep-30,Customer is considering a competitor because our price is higher.,Proposal,1
CRM001885,2019-08-01,90006156,A6519160401,Philiphines,Rep-04,Customer is satisfied with the product and is considering expanding the order.,Renewal,0
CRM001886,2020-10-01,70005163,A2520150505,Pakistan,Rep-22,Customer requested a better commercial offer before renewing the purchase.,Renewal,0
CRM001887,2020-06-01,90004066,A6718160102,Japan,Rep-28,Customer is considering a competitor because our price is higher.,Negotiation,1
CRM001888,2019-09-01,90017057,A3819150203,Portugal,Rep-28,Customer mentioned a competitor's promotional pricing.,Renewal,1
CRM001889,2021-04-01,70012043,A5419110205,Germany,Rep-15,Customer asked for more information about the premium variant.,Proposal,0
CRM001890,2020-09-01,90021093,A1320150402,United Kingdom,Rep-18,Customer is considering a competitor because our price is higher.,Prospecting,1
CRM001891,2019-10-01,90006156,A2419150401,Philiphines,Rep-27,Customer asked for more information about the premium variant.,Qualified,0
CRM001892,2019-11-01,90003179,A3320150505,Indonesia,Rep-25,Customer requested a better commercial offer before renewing the purchase.,Proposal,0
CRM001893,2020-05-01,80006154,A4118110101,Philiphines,Rep-07,Customer raised concerns about product availability and delayed delivery.,Proposal,0
CRM001894,2019-11-01,90017054,A3521150702,Portugal,Rep-23,Customer is satisfied with the product and is considering expanding the order.,Renewal,0
CRM001895,2021-01-01,90015144,A3521150706,Norway,Rep-03,Customer mentioned a competitor's promotional pricing.,Qualified,1
CRM001896,2019-05-01,90015145,A6119110202,Norway,Rep-03,Customer is considering a competitor because our price is higher.,Prospecting,1
CRM001897,2021-02-01,90012037,A7020160403,Germany,Rep-02,Customer mentioned a competitor's promotional pricing.,Prospecting,1
CRM001898,2019-10-01,90018114,A0220150203,Spain,Rep-09,Customer is satisfied with the product and is considering expanding the order.,Prospecting,0
CRM001899,2021-04-01,90017050,A2520150501,Portugal,Rep-14,Customer raised concerns about product availability and delayed delivery.,Proposal,0
CRM001900,2019-11-01,70010048,A4821110804,Bangladesh,Rep-07,Customer mentioned a competitor's promotional pricing.,Proposal,1
CRM001901,2019-06-01,90020099,A3220150402,Austria,Rep-12,Customer raised concerns about product availability and delayed delivery.,Proposal,0
CRM001902,2018-09-01,70023032,A3718150105,Canada,Rep-11,Customer raised concerns about product availability and delayed delivery.,Negotiation,0
CRM001903,2020-07-01,90020098,A2620150604,Austria,Rep-29,Customer is satisfied with the product and is considering expanding the order.,Prospecting,0
CRM001904,2019-03-01,90010044,A2520150504,Bangladesh,Rep-18,Customer is satisfied with the product and is considering expanding the order.,Proposal,0
CRM001905,2021-05-01,90011185,A5419110201,France,Rep-17,Customer requested a better commercial offer before renewing the purchase.,Proposal,0
CRM001906,2019-05-01,90002013,A5419110208,India,Rep-20,Customer asked for more information about the premium variant.,Negotiation,0
CRM001907,2020-01-01,90002005,A4520110508,India,Rep-02,Customer is considering a competitor because our price is higher.,Negotiation,1
CRM001908,2019-07-01,90005161,A6120110205,Pakistan,Rep-11,Customer requested a better commercial offer before renewing the purchase.,Proposal,0
CRM001909,2021-01-01,90001021,A0621150307,China,Rep-04,Customer raised concerns about product availability and delayed delivery.,Proposal,0
CRM001910,2018-11-01,90021091,A1421150503,United Kingdom,Rep-26,Customer raised concerns about product availability and delayed delivery.,Negotiation,0
CRM001911,2020-12-01,90003180,A3320150504,Indonesia,Rep-11,Customer requested a better commercial offer before renewing the purchase.,Renewal,0
CRM001912,2021-07-01,90011185,A2721150705,France,Rep-06,Customer requested a better commercial offer before renewing the purchase.,Renewal,0
CRM001913,2019-10-01,70010048,A2721150704,Bangladesh,Rep-22,Customer mentioned a competitor's promotional pricing.,Proposal,1
CRM001914,2021-06-01,70011194,A1118150202,France,Rep-24,Customer requested a better commercial offer before renewing the purchase.,Qualified,0
CRM001915,2019-05-01,70018115,A5621110403,Spain,Rep-05,Customer asked for more information about the premium variant.,Negotiation,0
CRM001916,2019-04-01,90005160,A2419150404,Pakistan,Rep-11,Customer raised concerns about product availability and delayed delivery.,Negotiation,0
CRM001917,2020-08-01,90005159,A6620160502,Pakistan,Rep-26,Customer asked for more information about the premium variant.,Qualified,0
CRM001918,2020-11-01,70006158,A3521150701,Philiphines,Rep-20,Customer is satisfied with the product and is considering expanding the order.,Qualified,0
CRM001919,2021-03-01,70021096,A6921160301,United Kingdom,Rep-01,Customer is considering a competitor because our price is higher.,Qualified,1
CRM001920,2021-07-01,90023023,A7118160101,Canada,Rep-01,Customer raised concerns about product availability and delayed delivery.,Negotiation,0
CRM001921,2021-02-01,90018109,A4620110607,Spain,Rep-07,Customer asked for more information about the premium variant.,Negotiation,0
CRM001922,2019-06-01,70005163,A1219150303,Pakistan,Rep-29,Customer mentioned a competitor's promotional pricing.,Proposal,1
CRM001923,2020-10-01,90022074,A7119160102,USA,Rep-08,Customer asked for more information about the premium variant.,Qualified,0
CRM001924,2021-08-01,70017060,A3521150704,Portugal,Rep-11,Customer asked for more information about the premium variant.,Renewal,0
CRM001925,2020-08-01,90017059,A2219150204,Portugal,Rep-21,Customer asked for more information about the premium variant.,Proposal,0
CRM001926,2019-08-01,90017059,A3421150604,Portugal,Rep-08,Customer raised concerns about product availability and delayed delivery.,Qualified,0
CRM001927,2019-08-01,70008170,A1018150101,Australia,Rep-15,Customer is satisfied with the product and is considering expanding the order.,Qualified,0
CRM001928,2021-03-01,80006154,A0821150501,Philiphines,Rep-11,Customer asked for more information about the premium variant.,Renewal,0
CRM001929,2020-12-01,90004062,A4620110608,Japan,Rep-28,Customer raised concerns about product availability and delayed delivery.,Renewal,0
CRM001930,2018-10-01,90019201,A2319150304,Sweden,Rep-30,Customer is satisfied with the product and is considering expanding the order.,Qualified,0
CRM001931,2019-10-01,90017051,A3019150206,Portugal,Rep-20,Customer requested a better commercial offer before renewing the purchase.,Qualified,0
CRM001932,2019-09-01,90018114,A6218160102,Spain,Rep-28,Customer is satisfied with the product and is considering expanding the order.,Proposal,0
CRM001933,2020-09-01,90005160,A7018160402,Pakistan,Rep-11,Customer asked for more information about the premium variant.,Proposal,0
CRM001934,2020-11-01,80001019,A6119110203,China,Rep-16,Customer asked for more information about the premium variant.,Proposal,0
CRM001935,2019-05-01,90019200,A5520110308,Sweden,Rep-27,Customer is satisfied with the product and is considering expanding the order.,Proposal,0
CRM001936,2021-07-01,90016173,A4419110402,Poland,Rep-26,Customer requested a better commercial offer before renewing the purchase.,Prospecting,0
CRM001937,2019-05-01,90021092,A3220150406,United Kingdom,Rep-17,Customer raised concerns about product availability and delayed delivery.,Prospecting,0
CRM001938,2018-12-01,90018108,A6621160503,Spain,Rep-18,Customer raised concerns about product availability and delayed delivery.,Prospecting,0
CRM001939,2019-12-01,90008166,A1319150401,Australia,Rep-25,Customer asked for more information about the premium variant.,Prospecting,0
CRM001940,2020-09-01,70021096,A2118150105,United Kingdom,Rep-22,Customer is satisfied with the product and is considering expanding the order.,Negotiation,0
CRM001941,2020-03-01,90002003,A3621150805,India,Rep-06,Customer is considering a competitor because our price is higher.,Proposal,1
CRM001942,2021-05-01,90020097,A1819150303,Austria,Rep-01,Customer requested a better commercial offer before renewing the purchase.,Proposal,0
CRM001943,2020-11-01,90011187,A2520150506,France,Rep-21,Customer is considering a competitor because our price is higher.,Prospecting,1
CRM001944,2019-11-01,70006157,A3621150802,Philiphines,Rep-17,Customer asked for more information about the premium variant.,Qualified,0
CRM001945,2021-07-01,90002005,A5419110208,India,Rep-08,Customer is satisfied with the product and is considering expanding the order.,Negotiation,0
CRM001946,2021-03-01,80006154,A6620160501,Philiphines,Rep-02,Customer asked for more information about the premium variant.,Prospecting,0
CRM001947,2019-08-01,90022073,A1718150204,USA,Rep-23,Customer is considering a competitor because our price is higher.,Negotiation,1
CRM001948,2020-11-01,90019200,A5520110305,Sweden,Rep-27,Customer is satisfied with the product and is considering expanding the order.,Negotiation,0
CRM001949,2019-01-01,90015149,A0418150102,Norway,Rep-24,Customer is satisfied with the product and is considering expanding the order.,Renewal,0
CRM001950,2021-03-01,90002009,A4218110206,India,Rep-06,Customer asked for more information about the premium variant.,Prospecting,0
CRM001951,2020-07-01,90008168,A0418150102,Australia,Rep-11,Customer asked for more information about the premium variant.,Qualified,0
CRM001952,2021-03-01,90023028,A2118150101,Canada,Rep-29,Customer raised concerns about product availability and delayed delivery.,Negotiation,0
CRM001953,2020-03-01,90002005,A4319110306,India,Rep-16,Customer is satisfied with the product and is considering expanding the order.,Proposal,0
CRM001954,2019-05-01,80001019,A0519150207,China,Rep-07,Customer requested a better commercial offer before renewing the purchase.,Negotiation,0
CRM001955,2021-02-01,70006157,A5721110504,Philiphines,Rep-03,Customer requested a better commercial offer before renewing the purchase.,Proposal,0
CRM001956,2021-01-01,90018112,A1018150101,Spain,Rep-19,Customer requested a better commercial offer before renewing the purchase.,Proposal,0
CRM001957,2019-02-01,90010045,A1919150401,Bangladesh,Rep-23,Customer is considering a competitor because our price is higher.,Renewal,1
CRM001958,2021-02-01,90021094,A0418150101,United Kingdom,Rep-24,Customer is considering a competitor because our price is higher.,Proposal,1
CRM001959,2019-06-01,90017053,A5721110508,Portugal,Rep-02,Customer is considering a competitor because our price is higher.,Renewal,1
CRM001960,2020-04-01,90002002,A6119110201,India,Rep-12,Customer requested a better commercial offer before renewing the purchase.,Qualified,0
CRM001961,2021-03-01,90010046,A4319110306,Bangladesh,Rep-20,Customer asked for more information about the premium variant.,Prospecting,0
CRM001962,2020-03-01,70011193,A3018150202,France,Rep-16,Customer asked for more information about the premium variant.,Negotiation,0
CRM001963,2021-07-01,70010047,A6319160203,Bangladesh,Rep-28,Customer asked for more information about the premium variant.,Renewal,0
CRM001964,2019-07-01,90021094,A5621110403,United Kingdom,Rep-21,Customer requested a better commercial offer before renewing the purchase.,Negotiation,0
CRM001965,2018-12-01,90010045,A4620110607,Bangladesh,Rep-26,Customer requested a better commercial offer before renewing the purchase.,Proposal,0
CRM001966,2019-09-01,70015151,A1920150404,Norway,Rep-12,Customer requested a better commercial offer before renewing the purchase.,Qualified,0
CRM001967,2018-12-01,90023029,A2918150102,Canada,Rep-03,Customer mentioned a competitor's promotional pricing.,Proposal,1
CRM001968,2020-12-01,80006154,A0418150103,Philiphines,Rep-19,Customer mentioned a competitor's promotional pricing.,Negotiation,1
CRM001969,2019-12-01,90019202,A5318110105,Sweden,Rep-18,Customer mentioned a competitor's promotional pricing.,Negotiation,1
CRM001970,2021-06-01,90019202,A2319150306,Sweden,Rep-09,Customer is satisfied with the product and is considering expanding the order.,Renewal,0
CRM001971,2021-07-01,90001020,A0519150208,China,Rep-24,Customer requested a better commercial offer before renewing the purchase.,Proposal,0
CRM001972,2019-09-01,90013119,A2020150501,Italy,Rep-19,Customer is satisfied with the product and is considering expanding the order.,Negotiation,0
CRM001973,2021-03-01,90009127,A4218110207,Newzealand,Rep-20,Customer is satisfied with the product and is considering expanding the order.,Negotiation,0
CRM001974,2019-01-01,90018112,A5519110301,Spain,Rep-13,Customer is considering a competitor because our price is higher.,Proposal,1
CRM001975,2020-03-01,90002012,A0921150603,India,Rep-18,Customer is satisfied with the product and is considering expanding the order.,Qualified,0
CRM001976,2020-06-01,90015149,A6419160302,Norway,Rep-25,Customer mentioned a competitor's promotional pricing.,Prospecting,1
CRM001977,2019-11-01,70006157,A2118150102,Philiphines,Rep-09,Customer raised concerns about product availability and delayed delivery.,Renewal,0
CRM001978,2019-09-01,90008165,A5721110504,Australia,Rep-12,Customer raised concerns about product availability and delayed delivery.,Renewal,0
CRM001979,2019-11-01,90017056,A3320150501,Portugal,Rep-30,Customer asked for more information about the premium variant.,Renewal,0
CRM001980,2020-08-01,70009134,A1819150301,Newzealand,Rep-12,Customer is satisfied with the product and is considering expanding the order.,Proposal,0
CRM001981,2020-03-01,70014142,A0620150303,Netherlands,Rep-11,Customer requested a better commercial offer before renewing the purchase.,Negotiation,0
CRM001982,2020-06-01,70004070,A4520110504,Japan,Rep-03,Customer mentioned a competitor's promotional pricing.,Proposal,1
CRM001983,2020-04-01,90023027,A2219150204,Canada,Rep-23,Customer raised concerns about product availability and delayed delivery.,Qualified,0
CRM001984,2021-06-01,90012040,A5721110507,Germany,Rep-10,Customer mentioned a competitor's promotional pricing.,Negotiation,1
CRM001985,2018-11-01,90014139,A4821110805,Netherlands,Rep-07,Customer requested a better commercial offer before renewing the purchase.,Prospecting,0
CRM001986,2019-08-01,90011188,A6119110203,France,Rep-12,Customer requested a better commercial offer before renewing the purchase.,Negotiation,0
CRM001987,2018-09-01,90017050,A1118150201,Portugal,Rep-13,Customer is satisfied with the product and is considering expanding the order.,Renewal,0
CRM001988,2019-07-01,90003179,A3920150305,Indonesia,Rep-30,Customer is satisfied with the product and is considering expanding the order.,Proposal,0
CRM001989,2019-10-01,90020100,A0219150201,Austria,Rep-10,Customer is satisfied with the product and is considering expanding the order.,Prospecting,0
CRM001990,2018-09-01,90006153,A2118150101,Philiphines,Rep-06,Customer requested a better commercial offer before renewing the purchase.,Negotiation,0
CRM001991,2020-06-01,90016175,A4821110802,Poland,Rep-12,Customer is satisfied with the product and is considering expanding the order.,Negotiation,0
CRM001992,2019-10-01,90014139,A4721110706,Netherlands,Rep-20,Customer asked for more information about the premium variant.,Proposal,0
CRM001993,2020-06-01,90013117,A0619150302,Italy,Rep-07,Customer is considering a competitor because our price is higher.,Proposal,1
CRM001994,2020-07-01,90008168,A4419110408,Australia,Rep-10,Customer is considering a competitor because our price is higher.,Negotiation,1
CRM001995,2021-03-01,80006155,A5721110501,Philiphines,Rep-05,Customer is considering a competitor because our price is higher.,Negotiation,1
CRM001996,2020-11-01,90012038,A7019160401,Germany,Rep-05,Customer is considering a competitor because our price is higher.,Proposal,1
CRM001997,2021-07-01,90004068,A0821150504,Japan,Rep-02,Customer asked for more information about the premium variant.,Renewal,0
CRM001998,2019-09-01,70016177,A1018150101,Poland,Rep-13,Customer requested a better commercial offer before renewing the purchase.,Proposal,0
CRM001999,2020-12-01,90014136,A2118150105,Netherlands,Rep-06,Customer asked for more information about the premium variant.,Negotiation,0
CRM002000,2021-03-01,90018112,A2118150105,Spain,Rep-19,Customer is considering a competitor because our price is higher.,Negotiation,1
CRM002001,2018-11-01,90016173,A4318110301,Poland,Rep-22,Customer raised concerns about product availability and delayed delivery.,Prospecting,0
CRM002002,2021-06-01,90015147,A1421150503,Norway,Rep-04,Customer requested a better commercial offer before renewing the purchase.,Negotiation,0
CRM002003,2021-04-01,90018114,A6119110202,Spain,Rep-22,Customer requested a better commercial offer before renewing the purchase.,Negotiation,0
CRM002004,2021-04-01,90016176,A5721110502,Poland,Rep-18,Customer is satisfied with the product and is considering expanding the order.,Proposal,0
CRM002005,2020-04-01,90012033,A4821110807,Germany,Rep-04,Customer asked for more information about the premium variant.,Prospecting,0
CRM002006,2020-12-01,90014139,A4118110106,Netherlands,Rep-17,Customer requested a better commercial offer before renewing the purchase.,Prospecting,0
CRM002007,2019-08-01,90021089,A5419110207,United Kingdom,Rep-25,Customer requested a better commercial offer before renewing the purchase.,Qualified,0
CRM002008,2019-01-01,90013124,A6520160402,Italy,Rep-22,Customer requested a better commercial offer before renewing the purchase.,Qualified,0
CRM002009,2020-01-01,90013124,A3718150103,Italy,Rep-16,Customer is satisfied with the product and is considering expanding the order.,Renewal,0
CRM002010,2020-11-01,90004067,A4620110602,Japan,Rep-01,Customer is satisfied with the product and is considering expanding the order.,Renewal,0
CRM002011,2020-05-01,90023023,A1718150201,Canada,Rep-18,Customer mentioned a competitor's promotional pricing.,Qualified,1
CRM002012,2019-05-01,90011187,A3018150201,France,Rep-04,Customer is considering a competitor because our price is higher.,Qualified,1
CRM002013,2018-11-01,90004062,A5318110104,Japan,Rep-16,Customer raised concerns about product availability and delayed delivery.,Negotiation,0
CRM002014,2021-01-01,90006153,A7020160403,Philiphines,Rep-02,Customer requested a better commercial offer before renewing the purchase.,Negotiation,0
CRM002015,2020-08-01,90018105,A0519150207,Spain,Rep-28,Customer is considering a competitor because our price is higher.,Prospecting,1
CRM002016,2020-07-01,70013125,A3320150502,Italy,Rep-07,Customer raised concerns about product availability and delayed delivery.,Proposal,0
CRM002017,2021-06-01,90022075,A4519110501,USA,Rep-25,Customer raised concerns about product availability and delayed delivery.,Renewal,0
CRM002018,2020-03-01,90016171,A4620110607,Poland,Rep-28,Customer is satisfied with the product and is considering expanding the order.,Renewal,0
CRM002019,2020-10-01,90019200,A3421150604,Sweden,Rep-29,Customer raised concerns about product availability and delayed delivery.,Qualified,0
CRM002020,2019-01-01,70011194,A6119110203,France,Rep-03,Customer mentioned a competitor's promotional pricing.,Negotiation,1
CRM002021,2019-02-01,90010046,A3621150805,Bangladesh,Rep-01,Customer is considering a competitor because our price is higher.,Proposal,1
CRM002022,2021-03-01,70002018,A3119150302,India,Rep-24,Customer asked for more information about the premium variant.,Qualified,0
CRM002023,2021-03-01,90018109,A4218110206,Spain,Rep-21,Customer is considering a competitor because our price is higher.,Negotiation,1
CRM002024,2019-03-01,90015150,A2218150202,Norway,Rep-08,Customer asked for more information about the premium variant.,Negotiation,0
CRM002025,2020-10-01,90017057,A2118150102,Portugal,Rep-15,Customer requested a better commercial offer before renewing the purchase.,Negotiation,0
CRM002026,2021-05-01,70007198,A5621110405,South Korea,Rep-19,Customer asked for more information about the premium variant.,Prospecting,0
CRM002027,2019-05-01,90001020,A2419150405,China,Rep-16,Customer asked for more information about the premium variant.,Qualified,0
CRM002028,2021-02-01,70008169,A5419110205,Australia,Rep-17,Customer requested a better commercial offer before renewing the purchase.,Proposal,0
CRM002029,2019-03-01,90012039,A4620110602,Germany,Rep-10,Customer mentioned a competitor's promotional pricing.,Proposal,1
CRM002030,2020-08-01,90014136,A5318110108,Netherlands,Rep-27,Customer requested a better commercial offer before renewing the purchase.,Proposal,0
CRM002031,2019-07-01,70010048,A0620150303,Bangladesh,Rep-25,Customer raised concerns about product availability and delayed delivery.,Qualified,0
CRM002032,2021-05-01,90016171,A6120110207,Poland,Rep-26,Customer asked for more information about the premium variant.,Qualified,0
CRM002033,2020-02-01,90019201,A5721110504,Sweden,Rep-14,Customer mentioned a competitor's promotional pricing.,Proposal,1
CRM002034,2019-06-01,70003182,A4218110206,Indonesia,Rep-19,Customer asked for more information about the premium variant.,Qualified,0
CRM002035,2020-06-01,70023032,A0721150401,Canada,Rep-19,Customer requested a better commercial offer before renewing the purchase.,Negotiation,0
CRM002036,2020-01-01,90020101,A6119110203,Austria,Rep-13,Customer is considering a competitor because our price is higher.,Renewal,1
CRM002037,2020-06-01,70003182,A3220150405,Indonesia,Rep-15,Customer asked for more information about the premium variant.,Proposal,0
CRM002038,2019-06-01,90020101,A1018150103,Austria,Rep-21,Customer asked for more information about the premium variant.,Renewal,0
CRM002039,2021-03-01,70015152,A5721110505,Norway,Rep-19,Customer raised concerns about product availability and delayed delivery.,Renewal,0
CRM002040,2020-04-01,90001021,A2319150302,China,Rep-18,Customer is satisfied with the product and is considering expanding the order.,Qualified,0
CRM002041,2019-10-01,90012039,A2420150406,Germany,Rep-17,Customer is considering a competitor because our price is higher.,Prospecting,1
CRM002042,2019-09-01,70010047,A4821110808,Bangladesh,Rep-19,Customer requested a better commercial offer before renewing the purchase.,Qualified,0
CRM002043,2021-08-01,90003179,A4118110102,Indonesia,Rep-13,Customer asked for more information about the premium variant.,Prospecting,0
CRM002044,2018-11-01,90002008,A2118150102,India,Rep-24,Customer mentioned a competitor's promotional pricing.,Negotiation,1
CRM002045,2021-04-01,70003182,A3718150103,Indonesia,Rep-08,Customer asked for more information about the premium variant.,Renewal,0
CRM002046,2021-06-01,80006154,A2520150504,Philiphines,Rep-03,Customer is considering a competitor because our price is higher.,Negotiation,1
CRM002047,2018-12-01,90012034,A1118150202,Germany,Rep-05,Customer is satisfied with the product and is considering expanding the order.,Qualified,0
CRM002048,2020-10-01,90021091,A6018110101,United Kingdom,Rep-01,Customer raised concerns about product availability and delayed delivery.,Prospecting,0
CRM002049,2019-02-01,90016176,A3920150303,Poland,Rep-13,Customer asked for more information about the premium variant.,Qualified,0
CRM002050,2019-07-01,90005160,A2319150304,Pakistan,Rep-17,Customer is considering a competitor because our price is higher.,Negotiation,1
CRM002051,2021-07-01,70010047,A6319160203,Bangladesh,Rep-08,Customer mentioned a competitor's promotional pricing.,Renewal,1
CRM002052,2020-02-01,80001019,A4419110406,China,Rep-09,Customer raised concerns about product availability and delayed delivery.,Qualified,0
CRM002053,2020-08-01,90009130,A4319110305,Newzealand,Rep-09,Customer requested a better commercial offer before renewing the purchase.,Proposal,0
CRM002054,2020-01-01,90012034,A2520150506,Germany,Rep-15,Customer asked for more information about the premium variant.,Negotiation,0
CRM002055,2018-09-01,90020103,A5721110508,Austria,Rep-06,Customer requested a better commercial offer before renewing the purchase.,Qualified,0
CRM002056,2021-08-01,90001021,A5419110202,China,Rep-02,Customer raised concerns about product availability and delayed delivery.,Negotiation,0
CRM002057,2019-09-01,90021087,A6419160301,United Kingdom,Rep-20,Customer requested a better commercial offer before renewing the purchase.,Proposal,0
CRM002058,2021-05-01,90017049,A4319110305,Portugal,Rep-24,Customer is considering a competitor because our price is higher.,Prospecting,1
CRM002059,2019-09-01,90017049,A1919150403,Portugal,Rep-03,Customer is satisfied with the product and is considering expanding the order.,Qualified,0
CRM002060,2019-07-01,90011187,A6120110207,France,Rep-23,Customer is satisfied with the product and is considering expanding the order.,Qualified,0
CRM002061,2020-10-01,90001021,A2419150402,China,Rep-26,Customer asked for more information about the premium variant.,Negotiation,0
CRM002062,2018-11-01,90016176,A0519150207,Poland,Rep-05,Customer is considering a competitor because our price is higher.,Negotiation,1
CRM002063,2018-12-01,90014139,A2319150302,Netherlands,Rep-26,Customer is considering a competitor because our price is higher.,Proposal,1
CRM002064,2021-02-01,90011185,A0519150207,France,Rep-21,Customer asked for more information about the premium variant.,Qualified,0
CRM002065,2019-07-01,70002018,A1618150104,India,Rep-08,Customer is satisfied with the product and is considering expanding the order.,Renewal,0
CRM002066,2020-11-01,90001020,A5318110104,China,Rep-29,Customer asked for more information about the premium variant.,Proposal,0
CRM002067,2020-02-01,90012040,A2821150805,Germany,Rep-17,Customer is satisfied with the product and is considering expanding the order.,Negotiation,0
CRM002068,2019-12-01,70011194,A6119110201,France,Rep-14,Customer mentioned a competitor's promotional pricing.,Proposal,1
CRM002069,2019-06-01,90023028,A4520110508,Canada,Rep-19,Customer is considering a competitor because our price is higher.,Proposal,1
CRM002070,2021-02-01,90002010,A3220150402,India,Rep-15,Customer is considering a competitor because our price is higher.,Negotiation,1
CRM002071,2020-07-01,90021086,A0519150201,United Kingdom,Rep-13,Customer asked for more information about the premium variant.,Proposal,0
CRM002072,2021-05-01,90008164,A4721110704,Australia,Rep-09,Customer asked for more information about the premium variant.,Renewal,0
CRM002073,2019-02-01,90019200,A1919150403,Sweden,Rep-23,Customer is satisfied with the product and is considering expanding the order.,Renewal,0
CRM002074,2021-05-01,90022080,A3819150205,USA,Rep-28,Customer asked for more information about the premium variant.,Qualified,0
CRM002075,2021-04-01,90018113,A5318110104,Spain,Rep-29,Customer is satisfied with the product and is considering expanding the order.,Prospecting,0
CRM002076,2018-12-01,70011194,A2319150305,France,Rep-16,Customer raised concerns about product availability and delayed delivery.,Prospecting,0
CRM002077,2019-03-01,90003180,A5318110108,Indonesia,Rep-01,Customer asked for more information about the premium variant.,Qualified,0
CRM002078,2019-06-01,90018112,A4319110302,Spain,Rep-08,Customer mentioned a competitor's promotional pricing.,Proposal,1
CRM002079,2021-06-01,90013121,A4519110502,Italy,Rep-10,Customer asked for more information about the premium variant.,Proposal,0
CRM002080,2021-03-01,90020098,A4620110604,Austria,Rep-21,Customer asked for more information about the premium variant.,Proposal,0
CRM002081,2018-11-01,70009134,A2419150401,Newzealand,Rep-28,Customer is satisfied with the product and is considering expanding the order.,Proposal,0
CRM002082,2021-05-01,90015144,A2821150805,Norway,Rep-05,Customer requested a better commercial offer before renewing the purchase.,Proposal,0
CRM002083,2021-01-01,70011193,A4319110302,France,Rep-01,Customer requested a better commercial offer before renewing the purchase.,Renewal,0
CRM002084,2020-09-01,90020098,A2319150305,Austria,Rep-12,Customer is satisfied with the product and is considering expanding the order.,Renewal,0
CRM002085,2020-07-01,90022081,A5520110307,USA,Rep-08,Customer asked for more information about the premium variant.,Prospecting,0
CRM002086,2019-11-01,90013119,A6419160303,Italy,Rep-13,Customer is considering a competitor because our price is higher.,Negotiation,1
CRM002087,2021-01-01,90016176,A5318110104,Poland,Rep-16,Customer is considering a competitor because our price is higher.,Qualified,1
CRM002088,2020-07-01,80007196,A3018150201,South Korea,Rep-21,Customer is considering a competitor because our price is higher.,Negotiation,1
CRM002089,2020-09-01,90014135,A3220150401,Netherlands,Rep-08,Customer is considering a competitor because our price is higher.,Renewal,1
CRM002090,2021-03-01,90013122,A2918150105,Italy,Rep-03,Customer asked for more information about the premium variant.,Negotiation,0
CRM002091,2019-02-01,90023026,A0519150205,Canada,Rep-14,Customer asked for more information about the premium variant.,Proposal,0
CRM002092,2021-05-01,90005162,A5318110103,Pakistan,Rep-25,Customer is considering a competitor because our price is higher.,Renewal,1
CRM002093,2019-11-01,90012040,A4620110607,Germany,Rep-08,Customer is satisfied with the product and is considering expanding the order.,Proposal,0
CRM002094,2019-05-01,90006153,A3420150602,Philiphines,Rep-25,Customer raised concerns about product availability and delayed delivery.,Qualified,0
CRM002095,2020-01-01,90001021,A5721110508,China,Rep-08,Customer raised concerns about product availability and delayed delivery.,Proposal,0
CRM002096,2020-01-01,90013119,A2319150305,Italy,Rep-09,Customer asked for more information about the premium variant.,Negotiation,0
CRM002097,2018-12-01,90008166,A2821150802,Australia,Rep-14,Customer raised concerns about product availability and delayed delivery.,Proposal,0
CRM002098,2021-06-01,90005160,A2918150101,Pakistan,Rep-03,Customer asked for more information about the premium variant.,Proposal,0
CRM002099,2019-01-01,90005162,A5721110502,Pakistan,Rep-22,Customer is satisfied with the product and is considering expanding the order.,Qualified,0
CRM002100,2019-02-01,80006155,A5318110102,Philiphines,Rep-27,Customer is satisfied with the product and is considering expanding the order.,Negotiation,0
CRM002101,2018-10-01,90018114,A5519110301,Spain,Rep-02,Customer raised concerns about product availability and delayed delivery.,Renewal,0
CRM002102,2021-06-01,90013122,A7119160102,Italy,Rep-03,Customer asked for more information about the premium variant.,Renewal,0
CRM002103,2021-01-01,90005160,A3621150801,Pakistan,Rep-17,Customer is satisfied with the product and is considering expanding the order.,Proposal,0
CRM002104,2020-02-01,90010045,A4821110807,Bangladesh,Rep-05,Customer is satisfied with the product and is considering expanding the order.,Prospecting,0
CRM002105,2020-03-01,90016175,A3220150402,Poland,Rep-01,Customer raised concerns about product availability and delayed delivery.,Negotiation,0
CRM002106,2019-07-01,90013120,A4020150401,Italy,Rep-17,Customer is considering a competitor because our price is higher.,Proposal,1
CRM002107,2020-01-01,80007195,A5419110201,South Korea,Rep-05,Customer mentioned a competitor's promotional pricing.,Qualified,1
CRM002108,2019-09-01,90004064,A0418150102,Japan,Rep-25,Customer requested a better commercial offer before renewing the purchase.,Proposal,0
CRM002109,2021-02-01,90019202,A6121110208,Sweden,Rep-03,Customer raised concerns about product availability and delayed delivery.,Proposal,0
CRM002110,2020-04-01,70003182,A5419110207,Indonesia,Rep-05,Customer requested a better commercial offer before renewing the purchase.,Prospecting,0
CRM002111,2018-11-01,90010046,A2520150502,Bangladesh,Rep-19,Customer is satisfied with the product and is considering expanding the order.,Prospecting,0
CRM002112,2020-04-01,90004064,A5419110203,Japan,Rep-20,Customer is satisfied with the product and is considering expanding the order.,Prospecting,0
CRM002113,2021-02-01,70009134,A3920150305,Newzealand,Rep-23,Customer is considering a competitor because our price is higher.,Proposal,1
CRM002114,2019-04-01,90018112,A1618150104,Spain,Rep-10,Customer raised concerns about product availability and delayed delivery.,Proposal,0
CRM002115,2020-03-01,70014143,A5318110104,Netherlands,Rep-14,Customer raised concerns about product availability and delayed delivery.,Proposal,0
CRM002116,2020-11-01,70006158,A4721110708,Philiphines,Rep-18,Customer is satisfied with the product and is considering expanding the order.,Renewal,0
CRM002117,2019-01-01,90011191,A0519150201,France,Rep-10,Customer raised concerns about product availability and delayed delivery.,Negotiation,0
CRM002118,2019-02-01,90004065,A2118150104,Japan,Rep-08,Customer is considering a competitor because our price is higher.,Renewal,1
CRM002119,2020-04-01,90011185,A2118150105,France,Rep-22,Customer requested a better commercial offer before renewing the purchase.,Renewal,0
CRM002120,2019-06-01,70007199,A3320150505,South Korea,Rep-09,Customer is satisfied with the product and is considering expanding the order.,Qualified,0
CRM002121,2020-03-01,80006154,A4520110506,Philiphines,Rep-13,Customer mentioned a competitor's promotional pricing.,Proposal,1
CRM002122,2020-10-01,90013119,A1420150501,Italy,Rep-07,Customer is satisfied with the product and is considering expanding the order.,Negotiation,0
CRM002123,2019-12-01,90001020,A4520110508,China,Rep-25,Customer requested a better commercial offer before renewing the purchase.,Proposal,0
CRM002124,2021-07-01,70006158,A0118150103,Philiphines,Rep-24,Customer requested a better commercial offer before renewing the purchase.,Negotiation,0
CRM002125,2021-05-01,90015144,A1618150103,Norway,Rep-30,Customer is satisfied with the product and is considering expanding the order.,Proposal,0
CRM002126,2020-05-01,90003180,A4821110808,Indonesia,Rep-21,Customer raised concerns about product availability and delayed delivery.,Negotiation,0
CRM002127,2020-07-01,90015148,A1718150204,Norway,Rep-19,Customer is satisfied with the product and is considering expanding the order.,Proposal,0
CRM002128,2019-02-01,90016175,A0519150208,Poland,Rep-30,Customer is satisfied with the product and is considering expanding the order.,Qualified,0
CRM002129,2019-04-01,90017054,A4721110706,Portugal,Rep-09,Customer requested a better commercial offer before renewing the purchase.,Negotiation,0
CRM002130,2019-02-01,90013122,A2319150301,Italy,Rep-22,Customer is satisfied with the product and is considering expanding the order.,Proposal,0
CRM002131,2018-09-01,90009129,A3818150201,Newzealand,Rep-11,Customer requested a better commercial offer before renewing the purchase.,Qualified,0
CRM002132,2021-07-01,90017057,A4419110402,Portugal,Rep-26,Customer asked for more information about the premium variant.,Negotiation,0
CRM002133,2020-03-01,90013124,A3621150802,Italy,Rep-17,Customer mentioned a competitor's promotional pricing.,Proposal,1
CRM002134,2019-03-01,80001019,A2721150702,China,Rep-26,Customer is considering a competitor because our price is higher.,Negotiation,1
CRM002135,2019-07-01,90008166,A3320150504,Australia,Rep-13,Customer is satisfied with the product and is considering expanding the order.,Proposal,0
CRM002136,2020-08-01,70010047,A6120110207,Bangladesh,Rep-14,Customer mentioned a competitor's promotional pricing.,Negotiation,1
CRM002137,2020-05-01,70015151,A5721110501,Norway,Rep-25,Customer raised concerns about product availability and delayed delivery.,Prospecting,0
CRM002138,2020-05-01,90008164,A0519150205,Australia,Rep-16,Customer is considering a competitor because our price is higher.,Proposal,1
CRM002139,2020-04-01,90001020,A4721110708,China,Rep-02,Customer mentioned a competitor's promotional pricing.,Proposal,1
CRM002140,2019-06-01,70004069,A2721150702,Japan,Rep-25,Customer raised concerns about product availability and delayed delivery.,Qualified,0
CRM002141,2021-03-01,90022074,A5621110404,USA,Rep-10,Customer raised concerns about product availability and delayed delivery.,Qualified,0
CRM002142,2020-05-01,70008169,A1919150403,Australia,Rep-08,Customer mentioned a competitor's promotional pricing.,Proposal,1
CRM002143,2021-04-01,90012041,A2419150401,Germany,Rep-20,Customer asked for more information about the premium variant.,Proposal,0
CRM002144,2019-12-01,90009130,A2821150802,Newzealand,Rep-09,Customer is satisfied with the product and is considering expanding the order.,Proposal,0
CRM002145,2020-04-01,90016171,A0821150504,Poland,Rep-27,Customer requested a better commercial offer before renewing the purchase.,Negotiation,0
CRM002146,2020-07-01,90020097,A0320150301,Austria,Rep-30,Customer is satisfied with the product and is considering expanding the order.,Negotiation,0
CRM002147,2020-12-01,70009133,A3621150804,Newzealand,Rep-19,Customer asked for more information about the premium variant.,Proposal,0
CRM002148,2019-10-01,90012039,A1819150304,Germany,Rep-25,Customer is considering a competitor because our price is higher.,Proposal,1
CRM002149,2021-05-01,90004065,A3320150504,Japan,Rep-06,Customer is considering a competitor because our price is higher.,Proposal,1
CRM002150,2019-06-01,70004070,A0519150207,Japan,Rep-05,Customer requested a better commercial offer before renewing the purchase.,Proposal,0
CRM002151,2019-10-01,90013117,A4821110808,Italy,Rep-24,Customer is satisfied with the product and is considering expanding the order.,Proposal,0
CRM002152,2020-02-01,90009130,A4821110801,Newzealand,Rep-29,Customer asked for more information about the premium variant.,Qualified,0
CRM002153,2020-12-01,90017053,A7220160203,Portugal,Rep-06,Customer raised concerns about product availability and delayed delivery.,Proposal,0
CRM002154,2019-12-01,70017060,A3119150301,Portugal,Rep-25,Customer is satisfied with the product and is considering expanding the order.,Prospecting,0
CRM002155,2020-04-01,90001020,A0921150604,China,Rep-12,Customer requested a better commercial offer before renewing the purchase.,Qualified,0
CRM002156,2020-01-01,90002002,A6720160103,India,Rep-21,Customer is satisfied with the product and is considering expanding the order.,Qualified,0
CRM002157,2020-10-01,70014143,A5318110104,Netherlands,Rep-12,Customer mentioned a competitor's promotional pricing.,Proposal,1
CRM002158,2019-02-01,90020103,A2021150504,Austria,Rep-20,Customer mentioned a competitor's promotional pricing.,Proposal,1
CRM002159,2020-06-01,70007199,A6319160201,South Korea,Rep-07,Customer asked for more information about the premium variant.,Renewal,0
CRM002160,2019-06-01,90023027,A5318110102,Canada,Rep-30,Customer raised concerns about product availability and delayed delivery.,Prospecting,0
CRM002161,2020-08-01,90004065,A3521150705,Japan,Rep-11,Customer is considering a competitor because our price is higher.,Qualified,1
CRM002162,2020-11-01,90017055,A0418150102,Portugal,Rep-04,Customer requested a better commercial offer before renewing the purchase.,Qualified,0
CRM002163,2021-01-01,90023026,A6921160301,Canada,Rep-24,Customer is considering a competitor because our price is higher.,Negotiation,1
CRM002164,2018-10-01,70004070,A2419150402,Japan,Rep-28,Customer requested a better commercial offer before renewing the purchase.,Renewal,0
CRM002165,2018-09-01,90015150,A1718150201,Norway,Rep-05,Customer is satisfied with the product and is considering expanding the order.,Negotiation,0
CRM002166,2020-10-01,90013118,A5520110305,Italy,Rep-02,Customer asked for more information about the premium variant.,Renewal,0
CRM002167,2021-06-01,90001021,A2918150105,China,Rep-04,Customer requested a better commercial offer before renewing the purchase.,Proposal,0
CRM002168,2019-12-01,90019202,A2118150104,Sweden,Rep-01,Customer asked for more information about the premium variant.,Qualified,0
CRM002169,2019-04-01,90002006,A0118150101,India,Rep-08,Customer mentioned a competitor's promotional pricing.,Proposal,1
CRM002170,2020-11-01,90008167,A0721150404,Australia,Rep-07,Customer asked for more information about the premium variant.,Prospecting,0
CRM002171,2019-09-01,70010048,A4520110504,Bangladesh,Rep-26,Customer mentioned a competitor's promotional pricing.,Prospecting,1
CRM002172,2019-08-01,90009129,A4218110202,Newzealand,Rep-05,Customer mentioned a competitor's promotional pricing.,Qualified,1
CRM002173,2020-10-01,90004061,A5318110107,Japan,Rep-07,Customer requested a better commercial offer before renewing the purchase.,Qualified,0
CRM002174,2018-12-01,90005159,A6121110208,Pakistan,Rep-22,Customer mentioned a competitor's promotional pricing.,Proposal,1
CRM002175,2018-10-01,70015151,A3320150505,Norway,Rep-20,Customer is considering a competitor because our price is higher.,Qualified,1
CRM002176,2018-12-01,70016177,A4021150405,Poland,Rep-03,Customer requested a better commercial offer before renewing the purchase.,Renewal,0
CRM002177,2020-01-01,90013120,A2021150504,Italy,Rep-05,Customer requested a better commercial offer before renewing the purchase.,Proposal,0
CRM002178,2018-12-01,70009134,A2620150605,Newzealand,Rep-18,Customer mentioned a competitor's promotional pricing.,Qualified,1
CRM002179,2019-07-01,90004065,A4118110106,Japan,Rep-06,Customer requested a better commercial offer before renewing the purchase.,Proposal,0
CRM002180,2020-07-01,90004063,A3220150404,Japan,Rep-17,Customer requested a better commercial offer before renewing the purchase.,Prospecting,0
CRM002181,2020-07-01,70014143,A2821150806,Netherlands,Rep-23,Customer is satisfied with the product and is considering expanding the order.,Proposal,0
CRM002182,2021-02-01,90018114,A4519110502,Spain,Rep-07,Customer raised concerns about product availability and delayed delivery.,Proposal,0
CRM002183,2020-07-01,90015149,A4218110204,Norway,Rep-03,Customer is considering a competitor because our price is higher.,Proposal,1
CRM002184,2019-07-01,90022071,A6419160301,USA,Rep-15,Customer is considering a competitor because our price is higher.,Renewal,1
CRM002185,2020-01-01,90021089,A1618150103,United Kingdom,Rep-03,Customer asked for more information about the premium variant.,Qualified,0
CRM002186,2019-08-01,90004062,A4721110705,Japan,Rep-15,Customer requested a better commercial offer before renewing the purchase.,Proposal,0
CRM002187,2021-02-01,90010046,A7019160401,Bangladesh,Rep-29,Customer mentioned a competitor's promotional pricing.,Qualified,1
CRM002188,2020-08-01,90014136,A6520160402,Netherlands,Rep-05,Customer is considering a competitor because our price is higher.,Proposal,1
CRM002189,2021-05-01,90002008,A6319160201,India,Rep-24,Customer is considering a competitor because our price is higher.,Qualified,1
CRM002190,2021-05-01,70015151,A2118150101,Norway,Rep-19,Customer asked for more information about the premium variant.,Negotiation,0
CRM002191,2019-05-01,90015145,A3621150804,Norway,Rep-22,Customer mentioned a competitor's promotional pricing.,Qualified,1
CRM002192,2021-05-01,90009130,A6620160501,Newzealand,Rep-26,Customer requested a better commercial offer before renewing the purchase.,Negotiation,0
CRM002193,2019-03-01,90017054,A6520160402,Portugal,Rep-06,Customer is considering a competitor because our price is higher.,Qualified,1
CRM002194,2020-07-01,90014136,A1118150201,Netherlands,Rep-24,Customer asked for more information about the premium variant.,Proposal,0
CRM002195,2019-06-01,70007199,A0418150108,South Korea,Rep-13,Customer is satisfied with the product and is considering expanding the order.,Proposal,0
CRM002196,2020-10-01,90013122,A3521150705,Italy,Rep-11,Customer is satisfied with the product and is considering expanding the order.,Proposal,0
CRM002197,2020-10-01,70015151,A4620110607,Norway,Rep-04,Customer mentioned a competitor's promotional pricing.,Negotiation,1
CRM002198,2019-01-01,90017050,A3220150404,Portugal,Rep-04,Customer is considering a competitor because our price is higher.,Qualified,1
CRM002199,2021-05-01,90021094,A2020150501,United Kingdom,Rep-20,Customer raised concerns about product availability and delayed delivery.,Prospecting,0
CRM002200,2021-04-01,70012043,A1219150301,Germany,Rep-18,Customer asked for more information about the premium variant.,Negotiation,0
CRM002201,2020-06-01,90020097,A2520150506,Austria,Rep-20,Customer raised concerns about product availability and delayed delivery.,Qualified,0
CRM002202,2020-01-01,90020099,A4520110508,Austria,Rep-21,Customer asked for more information about the premium variant.,Renewal,0
CRM002203,2019-06-01,90004062,A0418150103,Japan,Rep-04,Customer is considering a competitor because our price is higher.,Proposal,1
CRM002204,2019-02-01,70009134,A0219150202,Newzealand,Rep-20,Customer raised concerns about product availability and delayed delivery.,Negotiation,0
CRM002205,2019-08-01,70019204,A3621150801,Sweden,Rep-08,Customer raised concerns about product availability and delayed delivery.,Qualified,0
CRM002206,2021-03-01,90023024,A2118150102,Canada,Rep-01,Customer is considering a competitor because our price is higher.,Negotiation,1
CRM002207,2019-05-01,70010047,A6119110203,Bangladesh,Rep-07,Customer mentioned a competitor's promotional pricing.,Qualified,1
CRM002208,2018-11-01,70006157,A1618150104,Philiphines,Rep-08,Customer is satisfied with the product and is considering expanding the order.,Qualified,0
CRM002209,2020-11-01,90005160,A0721150404,Pakistan,Rep-12,Customer requested a better commercial offer before renewing the purchase.,Renewal,0
CRM002210,2021-05-01,70003181,A1819150301,Indonesia,Rep-04,Customer asked for more information about the premium variant.,Qualified,0
CRM002211,2021-03-01,90004064,A1919150403,Japan,Rep-03,Customer asked for more information about the premium variant.,Renewal,0
CRM002212,2019-01-01,90016171,A6818160201,Poland,Rep-07,Customer requested a better commercial offer before renewing the purchase.,Proposal,0
CRM002213,2020-10-01,70011193,A4021150403,France,Rep-07,Customer is considering a competitor because our price is higher.,Renewal,1
CRM002214,2019-09-01,70014142,A4720110702,Netherlands,Rep-17,Customer raised concerns about product availability and delayed delivery.,Qualified,0
CRM002215,2018-11-01,90020099,A0721150404,Austria,Rep-25,Customer is satisfied with the product and is considering expanding the order.,Renewal,0
CRM002216,2020-11-01,90016175,A3220150404,Poland,Rep-21,Customer is considering a competitor because our price is higher.,Renewal,1
CRM002217,2021-03-01,90022071,A2319150304,USA,Rep-13,Customer is satisfied with the product and is considering expanding the order.,Negotiation,0
CRM002218,2019-02-01,90013123,A4821110802,Italy,Rep-14,Customer mentioned a competitor's promotional pricing.,Renewal,1
CRM002219,2021-06-01,90009128,A2620150606,Newzealand,Rep-14,Customer is considering a competitor because our price is higher.,Negotiation,1
CRM002220,2020-03-01,70022085,A5519110302,USA,Rep-05,Customer is considering a competitor because our price is higher.,Proposal,1
CRM002221,2019-11-01,90015144,A1718150203,Norway,Rep-01,Customer is satisfied with the product and is considering expanding the order.,Renewal,0
CRM002222,2020-05-01,90003180,A4021150403,Indonesia,Rep-03,Customer is considering a competitor because our price is higher.,Negotiation,1
CRM002223,2019-07-01,90019203,A4419110406,Sweden,Rep-11,Customer asked for more information about the premium variant.,Qualified,0
CRM002224,2019-10-01,90016173,A4118110102,Poland,Rep-28,Customer raised concerns about product availability and delayed delivery.,Proposal,0
CRM002225,2019-01-01,90019201,A1521150603,Sweden,Rep-28,Customer requested a better commercial offer before renewing the purchase.,Proposal,0
CRM002226,2019-04-01,70015152,A4419110406,Norway,Rep-22,Customer mentioned a competitor's promotional pricing.,Prospecting,1
CRM002227,2019-08-01,90009132,A2419150402,Newzealand,Rep-26,Customer mentioned a competitor's promotional pricing.,Prospecting,1
CRM002228,2021-01-01,70022085,A4520110505,USA,Rep-08,Customer is satisfied with the product and is considering expanding the order.,Qualified,0
CRM002229,2021-03-01,80007195,A2821150806,South Korea,Rep-01,Customer raised concerns about product availability and delayed delivery.,Prospecting,0
CRM002230,2020-11-01,90017057,A3718150103,Portugal,Rep-17,Customer is satisfied with the product and is considering expanding the order.,Qualified,0
CRM002231,2021-02-01,90011192,A6119110201,France,Rep-05,Customer is satisfied with the product and is considering expanding the order.,Prospecting,0
CRM002232,2019-09-01,90001020,A6119110202,China,Rep-30,Customer asked for more information about the premium variant.,Qualified,0
CRM002233,2020-07-01,90021088,A3819150203,United Kingdom,Rep-11,Customer asked for more information about the premium variant.,Negotiation,0
CRM002234,2020-07-01,90007197,A2319150304,South Korea,Rep-11,Customer is considering a competitor because our price is higher.,Qualified,1
CRM002235,2019-10-01,90022075,A2620150602,USA,Rep-09,Customer is satisfied with the product and is considering expanding the order.,Proposal,0
CRM002236,2020-05-01,90012039,A0621150307,Germany,Rep-19,Customer requested a better commercial offer before renewing the purchase.,Negotiation,0
CRM002237,2020-08-01,70010047,A5721110502,Bangladesh,Rep-03,Customer requested a better commercial offer before renewing the purchase.,Proposal,0
CRM002238,2019-04-01,90014135,A4721110707,Netherlands,Rep-09,Customer raised concerns about product availability and delayed delivery.,Proposal,0
CRM002239,2019-01-01,90017049,A3421150604,Portugal,Rep-13,Customer is considering a competitor because our price is higher.,Proposal,1
CRM002240,2020-02-01,70005163,A4620110605,Pakistan,Rep-30,Customer is satisfied with the product and is considering expanding the order.,Proposal,0
CRM002241,2021-02-01,90001021,A5721110502,China,Rep-01,Customer mentioned a competitor's promotional pricing.,Proposal,1
CRM002242,2019-11-01,90023028,A2620150606,Canada,Rep-29,Customer requested a better commercial offer before renewing the purchase.,Renewal,0
CRM002243,2020-02-01,70020104,A6621160503,Austria,Rep-05,Customer is satisfied with the product and is considering expanding the order.,Negotiation,0
CRM002244,2019-06-01,90017053,A2821150804,Portugal,Rep-30,Customer is considering a competitor because our price is higher.,Proposal,1
CRM002245,2019-03-01,70022085,A2118150102,USA,Rep-27,Customer mentioned a competitor's promotional pricing.,Renewal,1
CRM002246,2020-06-01,90017053,A0519150202,Portugal,Rep-29,Customer mentioned a competitor's promotional pricing.,Renewal,1
CRM002247,2021-03-01,90005161,A3718150103,Pakistan,Rep-10,Customer requested a better commercial offer before renewing the purchase.,Prospecting,0
CRM002248,2021-08-01,90014140,A7018160402,Netherlands,Rep-21,Customer is considering a competitor because our price is higher.,Proposal,1
CRM002249,2020-10-01,90012034,A2118150102,Germany,Rep-24,Customer mentioned a competitor's promotional pricing.,Negotiation,1
CRM002250,2021-06-01,70009134,A4519110502,Newzealand,Rep-29,Customer asked for more information about the premium variant.,Proposal,0
CRM002251,2020-05-01,70006158,A7321160302,Philiphines,Rep-09,Customer asked for more information about the premium variant.,Prospecting,0
CRM002252,2019-02-01,90008168,A0621150308,Australia,Rep-25,Customer mentioned a competitor's promotional pricing.,Negotiation,1
CRM002253,2020-08-01,90020103,A3420150602,Austria,Rep-11,Customer is considering a competitor because our price is higher.,Proposal,1
CRM002254,2019-01-01,90013124,A0519150208,Italy,Rep-16,Customer requested a better commercial offer before renewing the purchase.,Renewal,0
CRM002255,2021-06-01,90015144,A5520110305,Norway,Rep-18,Customer is satisfied with the product and is considering expanding the order.,Renewal,0
CRM002256,2021-08-01,70015152,A0620150303,Norway,Rep-19,Customer is satisfied with the product and is considering expanding the order.,Renewal,0
CRM002257,2019-01-01,90008168,A5721110503,Australia,Rep-09,Customer requested a better commercial offer before renewing the purchase.,Negotiation,0
CRM002258,2021-01-01,70007198,A5318110102,South Korea,Rep-09,Customer raised concerns about product availability and delayed delivery.,Qualified,0
CRM002259,2021-03-01,70016178,A3819150205,Poland,Rep-15,Customer requested a better commercial offer before renewing the purchase.,Proposal,0
CRM002260,2018-10-01,70022084,A1018150103,USA,Rep-10,Customer mentioned a competitor's promotional pricing.,Renewal,1
CRM002261,2020-01-01,90015145,A6818160201,Norway,Rep-01,Customer asked for more information about the premium variant.,Negotiation,0
CRM002262,2021-07-01,90014140,A0620150305,Netherlands,Rep-15,Customer is satisfied with the product and is considering expanding the order.,Negotiation,0
CRM002263,2020-09-01,70007198,A4821110801,South Korea,Rep-09,Customer asked for more information about the premium variant.,Renewal,0
CRM002264,2020-09-01,90014135,A1819150303,Netherlands,Rep-26,Customer requested a better commercial offer before renewing the purchase.,Negotiation,0
CRM002265,2021-04-01,90011191,A2821150802,France,Rep-09,Customer raised concerns about product availability and delayed delivery.,Qualified,0
CRM002266,2021-01-01,80001019,A4520110504,China,Rep-15,Customer mentioned a competitor's promotional pricing.,Negotiation,1
CRM002267,2020-07-01,70022085,A3320150501,USA,Rep-25,Customer requested a better commercial offer before renewing the purchase.,Renewal,0
CRM002268,2018-10-01,90012033,A4319110302,Germany,Rep-18,Customer mentioned a competitor's promotional pricing.,Renewal,1
CRM002269,2019-12-01,90022075,A2219150206,USA,Rep-20,Customer is considering a competitor because our price is higher.,Prospecting,1
CRM002270,2020-04-01,90017049,A7220160203,Portugal,Rep-12,Customer asked for more information about the premium variant.,Negotiation,0
CRM002271,2021-01-01,90013119,A2219150205,Italy,Rep-28,Customer is considering a competitor because our price is higher.,Negotiation,1
CRM002272,2021-08-01,90014135,A3718150101,Netherlands,Rep-03,Customer is satisfied with the product and is considering expanding the order.,Proposal,0
CRM002273,2020-08-01,90012040,A0219150202,Germany,Rep-13,Customer mentioned a competitor's promotional pricing.,Prospecting,1
CRM002274,2019-09-01,90021091,A4218110204,United Kingdom,Rep-20,Customer requested a better commercial offer before renewing the purchase.,Proposal,0
CRM002275,2020-08-01,90018108,A1118150202,Spain,Rep-13,Customer requested a better commercial offer before renewing the purchase.,Negotiation,0
CRM002276,2021-06-01,70010047,A1421150503,Bangladesh,Rep-05,Customer raised concerns about product availability and delayed delivery.,Proposal,0
CRM002277,2020-12-01,90002009,A2319150302,India,Rep-18,Customer requested a better commercial offer before renewing the purchase.,Proposal,0
CRM002278,2021-06-01,70009134,A0620150305,Newzealand,Rep-05,Customer asked for more information about the premium variant.,Negotiation,0
CRM002279,2019-04-01,90004066,A5620110402,Japan,Rep-05,Customer raised concerns about product availability and delayed delivery.,Qualified,0
CRM002280,2021-05-01,70003182,A6120110205,Indonesia,Rep-02,Customer requested a better commercial offer before renewing the purchase.,Renewal,0
CRM002281,2020-12-01,90010044,A6921160301,Bangladesh,Rep-01,Customer mentioned a competitor's promotional pricing.,Proposal,1
CRM002282,2018-12-01,90002014,A6520160403,India,Rep-02,Customer requested a better commercial offer before renewing the purchase.,Renewal,0
CRM002283,2018-10-01,80001019,A1320150402,China,Rep-22,Customer raised concerns about product availability and delayed delivery.,Prospecting,0
CRM002284,2019-05-01,90009130,A2721150705,Newzealand,Rep-20,Customer mentioned a competitor's promotional pricing.,Negotiation,1
CRM002285,2019-01-01,70006157,A7118160101,Philiphines,Rep-18,Customer is considering a competitor because our price is higher.,Negotiation,1
CRM002286,2019-11-01,90018110,A4319110306,Spain,Rep-26,Customer is considering a competitor because our price is higher.,Negotiation,1
CRM002287,2020-05-01,90020103,A5721110501,Austria,Rep-08,Customer requested a better commercial offer before renewing the purchase.,Qualified,0
CRM002288,2019-01-01,90022083,A1420150502,USA,Rep-22,Customer mentioned a competitor's promotional pricing.,Negotiation,1
CRM002289,2019-07-01,90013122,A4620110604,Italy,Rep-03,Customer raised concerns about product availability and delayed delivery.,Proposal,0
CRM002290,2021-05-01,70016178,A0721150404,Poland,Rep-14,Customer asked for more information about the premium variant.,Negotiation,0
CRM002291,2020-01-01,90020099,A3718150103,Austria,Rep-21,Customer asked for more information about the premium variant.,Negotiation,0
CRM002292,2019-01-01,90003179,A3018150201,Indonesia,Rep-14,Customer is considering a competitor because our price is higher.,Negotiation,1
CRM002293,2020-06-01,90020097,A1521150602,Austria,Rep-22,Customer asked for more information about the premium variant.,Prospecting,0
CRM002294,2021-06-01,90006153,A7321160303,Philiphines,Rep-16,Customer mentioned a competitor's promotional pricing.,Qualified,1
CRM002295,2019-08-01,90020098,A2821150805,Austria,Rep-14,Customer is satisfied with the product and is considering expanding the order.,Negotiation,0
CRM002296,2020-05-01,90002013,A0220150203,India,Rep-24,Customer mentioned a competitor's promotional pricing.,Proposal,1
CRM002297,2019-11-01,70009133,A3521150706,Newzealand,Rep-27,Customer is satisfied with the product and is considering expanding the order.,Qualified,0
CRM002298,2021-05-01,90017050,A6620160501,Portugal,Rep-05,Customer is considering a competitor because our price is higher.,Negotiation,1
CRM002299,2021-03-01,90006153,A7118160101,Philiphines,Rep-26,Customer is satisfied with the product and is considering expanding the order.,Proposal,0
CRM002300,2020-09-01,90003179,A4821110807,Indonesia,Rep-05,Customer mentioned a competitor's promotional pricing.,Prospecting,1
CRM002301,2020-07-01,90014136,A5620110402,Netherlands,Rep-25,Customer requested a better commercial offer before renewing the purchase.,Qualified,0
CRM002302,2020-02-01,90002015,A2918150101,India,Rep-02,Customer mentioned a competitor's promotional pricing.,Negotiation,1
CRM002303,2019-06-01,70010048,A6018110101,Bangladesh,Rep-15,Customer is satisfied with the product and is considering expanding the order.,Negotiation,0
CRM002304,2019-08-01,80006154,A7321160301,Philiphines,Rep-11,Customer is satisfied with the product and is considering expanding the order.,Renewal,0
CRM002305,2019-07-01,90012037,A5721110501,Germany,Rep-10,Customer is satisfied with the product and is considering expanding the order.,Prospecting,0
CRM002306,2018-10-01,90020103,A4520110508,Austria,Rep-01,Customer raised concerns about product availability and delayed delivery.,Proposal,0
CRM002307,2021-08-01,90008165,A6018110102,Australia,Rep-18,Customer asked for more information about the premium variant.,Prospecting,0
CRM002308,2021-03-01,90020100,A4520110506,Austria,Rep-05,Customer mentioned a competitor's promotional pricing.,Renewal,1
CRM002309,2021-03-01,90016171,A5721110505,Poland,Rep-18,Customer is considering a competitor because our price is higher.,Proposal,1
CRM002310,2018-11-01,90014141,A2721150704,Netherlands,Rep-14,Customer is considering a competitor because our price is higher.,Prospecting,1
CRM002311,2019-04-01,70013126,A1819150303,Italy,Rep-10,Customer is satisfied with the product and is considering expanding the order.,Renewal,0
CRM002312,2020-01-01,70002018,A4419110402,India,Rep-02,Customer asked for more information about the premium variant.,Prospecting,0
CRM002313,2020-01-01,90017059,A4218110201,Portugal,Rep-02,Customer mentioned a competitor's promotional pricing.,Negotiation,1
CRM002314,2021-04-01,90021094,A0721150403,United Kingdom,Rep-15,Customer raised concerns about product availability and delayed delivery.,Proposal,0
CRM002315,2020-08-01,90002007,A2419150401,India,Rep-26,Customer mentioned a competitor's promotional pricing.,Proposal,1
CRM002316,2020-08-01,90016171,A1219150301,Poland,Rep-24,Customer raised concerns about product availability and delayed delivery.,Qualified,0
CRM002317,2021-01-01,70006158,A6319160203,Philiphines,Rep-01,Customer raised concerns about product availability and delayed delivery.,Negotiation,0
CRM002318,2020-11-01,90019201,A7118160101,Sweden,Rep-27,Customer requested a better commercial offer before renewing the purchase.,Qualified,0
CRM002319,2021-02-01,70012043,A5519110303,Germany,Rep-20,Customer raised concerns about product availability and delayed delivery.,Proposal,0
CRM002320,2020-03-01,70004069,A2918150104,Japan,Rep-19,Customer asked for more information about the premium variant.,Proposal,0
CRM002321,2019-03-01,90016171,A0321150302,Poland,Rep-28,Customer requested a better commercial offer before renewing the purchase.,Qualified,0
CRM002322,2021-07-01,90003179,A1018150103,Indonesia,Rep-19,Customer raised concerns about product availability and delayed delivery.,Negotiation,0
CRM002323,2020-02-01,90017050,A1920150404,Portugal,Rep-02,Customer is satisfied with the product and is considering expanding the order.,Qualified,0
CRM002324,2020-07-01,90009130,A2218150201,Newzealand,Rep-15,Customer asked for more information about the premium variant.,Proposal,0
CRM002325,2018-11-01,90017055,A4319110302,Portugal,Rep-04,Customer requested a better commercial offer before renewing the purchase.,Renewal,0
CRM002326,2019-02-01,70015152,A5519110301,Norway,Rep-15,Customer is satisfied with the product and is considering expanding the order.,Negotiation,0
CRM002327,2021-05-01,90003180,A2721150702,Indonesia,Rep-02,Customer asked for more information about the premium variant.,Prospecting,0
CRM002328,2019-07-01,90011185,A0619150302,France,Rep-17,Customer is satisfied with the product and is considering expanding the order.,Proposal,0
CRM002329,2019-01-01,90014141,A0621150308,Netherlands,Rep-24,Customer raised concerns about product availability and delayed delivery.,Negotiation,0
CRM002330,2019-01-01,70009134,A6818160201,Newzealand,Rep-04,Customer asked for more information about the premium variant.,Qualified,0
CRM002331,2019-11-01,70023032,A2319150302,Canada,Rep-12,Customer is considering a competitor because our price is higher.,Negotiation,1
CRM002332,2021-03-01,90019201,A3521150705,Sweden,Rep-20,Customer raised concerns about product availability and delayed delivery.,Renewal,0
CRM002333,2018-12-01,90013117,A6120110207,Italy,Rep-16,Customer is considering a competitor because our price is higher.,Proposal,1
CRM002334,2020-06-01,90015145,A5721110503,Norway,Rep-16,Customer is considering a competitor because our price is higher.,Qualified,1
CRM002335,2020-08-01,70010048,A0118150103,Bangladesh,Rep-13,Customer is satisfied with the product and is considering expanding the order.,Prospecting,0
CRM002336,2019-04-01,70003182,A4620110605,Indonesia,Rep-05,Customer raised concerns about product availability and delayed delivery.,Negotiation,0
CRM002337,2019-09-01,90021089,A0320150301,United Kingdom,Rep-10,Customer is satisfied with the product and is considering expanding the order.,Proposal,0
CRM002338,2020-03-01,70007199,A2721150702,South Korea,Rep-20,Customer mentioned a competitor's promotional pricing.,Negotiation,1
CRM002339,2020-11-01,70011193,A0519150202,France,Rep-11,Customer is satisfied with the product and is considering expanding the order.,Qualified,0
CRM002340,2021-08-01,90002005,A7321160301,India,Rep-19,Customer mentioned a competitor's promotional pricing.,Negotiation,1
CRM002341,2019-02-01,90015148,A2118150105,Norway,Rep-10,Customer is satisfied with the product and is considering expanding the order.,Proposal,0
CRM002342,2019-10-01,70004070,A6018110101,Japan,Rep-01,Customer mentioned a competitor's promotional pricing.,Prospecting,1
CRM002343,2019-10-01,90008165,A6519160401,Australia,Rep-27,Customer mentioned a competitor's promotional pricing.,Qualified,1
CRM002344,2019-06-01,90002003,A3018150201,India,Rep-09,Customer mentioned a competitor's promotional pricing.,Renewal,1
CRM002345,2019-08-01,90002011,A1219150301,India,Rep-28,Customer is considering a competitor because our price is higher.,Negotiation,1
CRM002346,2020-06-01,90017056,A4821110805,Portugal,Rep-14,Customer is satisfied with the product and is considering expanding the order.,Qualified,0
CRM002347,2020-04-01,90017051,A1919150401,Portugal,Rep-10,Customer raised concerns about product availability and delayed delivery.,Renewal,0
CRM002348,2019-08-01,90005161,A3018150201,Pakistan,Rep-26,Customer asked for more information about the premium variant.,Proposal,0
CRM002349,2020-08-01,90003179,A1718150204,Indonesia,Rep-08,Customer is satisfied with the product and is considering expanding the order.,Renewal,0
CRM002350,2019-07-01,90011191,A4520110506,France,Rep-04,Customer requested a better commercial offer before renewing the purchase.,Proposal,0
CRM002351,2021-07-01,70011193,A0418150101,France,Rep-15,Customer mentioned a competitor's promotional pricing.,Proposal,1
CRM002352,2019-05-01,90016173,A1320150402,Poland,Rep-11,Customer asked for more information about the premium variant.,Qualified,0
CRM002353,2020-10-01,90011186,A3220150405,France,Rep-20,Customer asked for more information about the premium variant.,Renewal,0
CRM002354,2019-01-01,70022085,A3920150305,USA,Rep-09,Customer is considering a competitor because our price is higher.,Negotiation,1
CRM002355,2019-06-01,90022083,A0418150101,USA,Rep-11,Customer is satisfied with the product and is considering expanding the order.,Prospecting,0
CRM002356,2019-07-01,90016174,A6819160203,Poland,Rep-04,Customer is considering a competitor because our price is higher.,Proposal,1
CRM002357,2018-11-01,90020097,A1718150203,Austria,Rep-04,Customer asked for more information about the premium variant.,Negotiation,0
CRM002358,2019-12-01,90009130,A2319150304,Newzealand,Rep-08,Customer is considering a competitor because our price is higher.,Renewal,1
CRM002359,2020-08-01,90002004,A6119110203,India,Rep-27,Customer is satisfied with the product and is considering expanding the order.,Negotiation,0
CRM002360,2021-06-01,90022080,A4821110804,USA,Rep-11,Customer is considering a competitor because our price is higher.,Proposal,1
CRM002361,2018-09-01,90011191,A1718150203,France,Rep-19,Customer requested a better commercial offer before renewing the purchase.,Qualified,0
CRM002362,2019-08-01,90014141,A2219150206,Netherlands,Rep-08,Customer mentioned a competitor's promotional pricing.,Proposal,1
CRM002363,2021-07-01,90009127,A7119160102,Newzealand,Rep-17,Customer is considering a competitor because our price is higher.,Qualified,1
CRM002364,2018-09-01,90021086,A7119160103,United Kingdom,Rep-21,Customer raised concerns about product availability and delayed delivery.,Negotiation,0
CRM002365,2019-10-01,70009134,A7219160201,Newzealand,Rep-09,Customer raised concerns about product availability and delayed delivery.,Renewal,0
CRM002366,2019-08-01,90018108,A0118150101,Spain,Rep-10,Customer is satisfied with the product and is considering expanding the order.,Qualified,0
CRM002367,2020-01-01,70019204,A2821150806,Sweden,Rep-06,Customer mentioned a competitor's promotional pricing.,Proposal,1
CRM002368,2019-01-01,70007198,A3320150502,South Korea,Rep-02,Customer asked for more information about the premium variant.,Prospecting,0
CRM002369,2018-12-01,90015145,A5721110505,Norway,Rep-02,Customer mentioned a competitor's promotional pricing.,Negotiation,1
CRM002370,2021-04-01,90014136,A2419150405,Netherlands,Rep-23,Customer asked for more information about the premium variant.,Proposal,0
CRM002371,2021-06-01,80006154,A6319160201,Philiphines,Rep-07,Customer mentioned a competitor's promotional pricing.,Qualified,1
CRM002372,2021-06-01,90016176,A4620110608,Poland,Rep-04,Customer raised concerns about product availability and delayed delivery.,Negotiation,0
CRM002373,2018-10-01,70018115,A4419110402,Spain,Rep-12,Customer asked for more information about the premium variant.,Prospecting,0
CRM002374,2019-03-01,70014142,A7118160101,Netherlands,Rep-22,Customer mentioned a competitor's promotional pricing.,Negotiation,1
CRM002375,2021-02-01,90011187,A0619150301,France,Rep-16,Customer raised concerns about product availability and delayed delivery.,Proposal,0
CRM002376,2018-10-01,90008166,A5419110205,Australia,Rep-10,Customer requested a better commercial offer before renewing the purchase.,Prospecting,0
CRM002377,2018-09-01,90009129,A4218110204,Newzealand,Rep-02,Customer is satisfied with the product and is considering expanding the order.,Negotiation,0
CRM002378,2019-07-01,90004061,A6918160303,Japan,Rep-16,Customer requested a better commercial offer before renewing the purchase.,Qualified,0
CRM002379,2018-09-01,90020102,A1219150301,Austria,Rep-20,Customer is considering a competitor because our price is higher.,Negotiation,1
CRM002380,2020-09-01,90015148,A3420150602,Norway,Rep-09,Customer requested a better commercial offer before renewing the purchase.,Negotiation,0
CRM002381,2019-06-01,90013117,A5721110503,Italy,Rep-19,Customer raised concerns about product availability and delayed delivery.,Renewal,0
CRM002382,2020-12-01,80007196,A4620110602,South Korea,Rep-13,Customer asked for more information about the premium variant.,Prospecting,0
CRM002383,2020-12-01,90019203,A5519110303,Sweden,Rep-30,Customer asked for more information about the premium variant.,Renewal,0
CRM002384,2019-09-01,70019204,A4620110604,Sweden,Rep-28,Customer requested a better commercial offer before renewing the purchase.,Proposal,0
CRM002385,2020-01-01,70002017,A6720160103,India,Rep-03,Customer mentioned a competitor's promotional pricing.,Qualified,1
CRM002386,2020-11-01,70011193,A1219150303,France,Rep-10,Customer asked for more information about the premium variant.,Negotiation,0
CRM002387,2019-10-01,80001019,A6720160103,China,Rep-07,Customer is considering a competitor because our price is higher.,Prospecting,1
CRM002388,2020-07-01,90014136,A2918150105,Netherlands,Rep-25,Customer mentioned a competitor's promotional pricing.,Negotiation,1
CRM002389,2019-05-01,90013120,A4319110304,Italy,Rep-29,Customer raised concerns about product availability and delayed delivery.,Negotiation,0
CRM002390,2019-08-01,90020103,A4720110702,Austria,Rep-15,Customer mentioned a competitor's promotional pricing.,Prospecting,1
CRM002391,2021-03-01,90015150,A5318110105,Norway,Rep-12,Customer mentioned a competitor's promotional pricing.,Negotiation,1
CRM002392,2018-11-01,90010044,A4319110304,Bangladesh,Rep-13,Customer asked for more information about the premium variant.,Negotiation,0
CRM002393,2020-12-01,70021096,A3018150202,United Kingdom,Rep-10,Customer is satisfied with the product and is considering expanding the order.,Renewal,0
CRM002394,2021-07-01,80006155,A2620150602,Philiphines,Rep-15,Customer is considering a competitor because our price is higher.,Proposal,1
CRM002395,2021-04-01,90002016,A0519150208,India,Rep-10,Customer is satisfied with the product and is considering expanding the order.,Negotiation,0
CRM002396,2019-01-01,90011188,A4520110505,France,Rep-11,Customer raised concerns about product availability and delayed delivery.,Prospecting,0
CRM002397,2020-03-01,90021090,A3220150405,United Kingdom,Rep-19,Customer mentioned a competitor's promotional pricing.,Proposal,1
CRM002398,2019-06-01,90011192,A0118150103,France,Rep-26,Customer raised concerns about product availability and delayed delivery.,Prospecting,0
CRM002399,2020-06-01,90019202,A3320150502,Sweden,Rep-08,Customer raised concerns about product availability and delayed delivery.,Negotiation,0
CRM002400,2020-04-01,90022081,A3120150305,USA,Rep-16,Customer requested a better commercial offer before renewing the purchase.,Qualified,0
CRM002401,2019-10-01,90013120,A5621110404,Italy,Rep-23,Customer raised concerns about product availability and delayed delivery.,Negotiation,0
CRM002402,2019-11-01,70009133,A1618150104,Newzealand,Rep-06,Customer mentioned a competitor's promotional pricing.,Renewal,1
CRM002403,2019-08-01,70013125,A4419110408,Italy,Rep-28,Customer requested a better commercial offer before renewing the purchase.,Proposal,0
CRM002404,2019-08-01,90021087,A1421150503,United Kingdom,Rep-30,Customer is satisfied with the product and is considering expanding the order.,Proposal,0
CRM002405,2021-07-01,90013117,A5721110507,Italy,Rep-15,Customer raised concerns about product availability and delayed delivery.,Prospecting,0
CRM002406,2020-07-01,90017059,A4218110201,Portugal,Rep-20,Customer requested a better commercial offer before renewing the purchase.,Proposal,0
CRM002407,2021-02-01,70009134,A2620150605,Newzealand,Rep-28,Customer raised concerns about product availability and delayed delivery.,Negotiation,0
CRM002408,2019-07-01,90018108,A2021150504,Spain,Rep-30,Customer asked for more information about the premium variant.,Proposal,0
CRM002409,2018-11-01,90012038,A6621160503,Germany,Rep-20,Customer requested a better commercial offer before renewing the purchase.,Renewal,0
CRM002410,2020-08-01,90023029,A2319150304,Canada,Rep-20,Customer mentioned a competitor's promotional pricing.,Qualified,1
CRM002411,2018-12-01,90018112,A4118110105,Spain,Rep-07,Customer requested a better commercial offer before renewing the purchase.,Qualified,0
CRM002412,2020-05-01,90011189,A3421150606,France,Rep-14,Customer requested a better commercial offer before renewing the purchase.,Renewal,0
CRM002413,2021-06-01,70007199,A2118150101,South Korea,Rep-29,Customer is satisfied with the product and is considering expanding the order.,Proposal,0
CRM002414,2021-05-01,90017056,A5419110207,Portugal,Rep-01,Customer is satisfied with the product and is considering expanding the order.,Prospecting,0
CRM002415,2019-01-01,90015147,A2419150402,Norway,Rep-18,Customer asked for more information about the premium variant.,Proposal,0
CRM002416,2019-09-01,90009129,A4821110804,Newzealand,Rep-21,Customer is considering a competitor because our price is higher.,Proposal,1
CRM002417,2021-06-01,90011185,A5621110408,France,Rep-15,Customer is satisfied with the product and is considering expanding the order.,Prospecting,0
CRM002418,2019-11-01,90009128,A4620110605,Newzealand,Rep-16,Customer is satisfied with the product and is considering expanding the order.,Qualified,0
CRM002419,2019-10-01,90021090,A4218110205,United Kingdom,Rep-03,Customer mentioned a competitor's promotional pricing.,Renewal,1
CRM002420,2018-09-01,70006157,A4118110104,Philiphines,Rep-01,Customer is satisfied with the product and is considering expanding the order.,Proposal,0
CRM002421,2020-03-01,90008165,A0321150302,Australia,Rep-22,Customer mentioned a competitor's promotional pricing.,Negotiation,1
CRM002422,2021-01-01,90023024,A6719160101,Canada,Rep-21,Customer mentioned a competitor's promotional pricing.,Renewal,1
CRM002423,2018-10-01,70011194,A4218110205,France,Rep-01,Customer requested a better commercial offer before renewing the purchase.,Qualified,0
CRM002424,2019-06-01,80001019,A4419110402,China,Rep-02,Customer mentioned a competitor's promotional pricing.,Prospecting,1
CRM002425,2019-02-01,90005160,A7118160101,Pakistan,Rep-16,Customer is considering a competitor because our price is higher.,Proposal,1
CRM002426,2019-11-01,70010047,A1919150401,Bangladesh,Rep-13,Customer is considering a competitor because our price is higher.,Qualified,1
CRM002427,2020-04-01,70014142,A3621150802,Netherlands,Rep-19,Customer is considering a competitor because our price is higher.,Negotiation,1
CRM002428,2020-07-01,90019203,A0619150301,Sweden,Rep-26,Customer mentioned a competitor's promotional pricing.,Negotiation,1
CRM002429,2021-07-01,90011188,A3718150101,France,Rep-13,Customer asked for more information about the premium variant.,Negotiation,0
CRM002430,2020-03-01,90018105,A1118150201,Spain,Rep-16,Customer raised concerns about product availability and delayed delivery.,Renewal,0
CRM002431,2020-11-01,90004061,A6319160201,Japan,Rep-29,Customer mentioned a competitor's promotional pricing.,Qualified,1
CRM002432,2018-10-01,90016173,A2218150201,Poland,Rep-15,Customer is considering a competitor because our price is higher.,Qualified,1
CRM002433,2021-03-01,90011191,A0921150603,France,Rep-18,Customer requested a better commercial offer before renewing the purchase.,Proposal,0
CRM002434,2021-07-01,90002002,A3220150401,India,Rep-09,Customer mentioned a competitor's promotional pricing.,Renewal,1
CRM002435,2020-03-01,90001021,A4419110406,China,Rep-12,Customer requested a better commercial offer before renewing the purchase.,Renewal,0
CRM002436,2020-10-01,70004070,A2319150304,Japan,Rep-03,Customer mentioned a competitor's promotional pricing.,Prospecting,1
CRM002437,2019-04-01,90001020,A2319150304,China,Rep-02,Customer asked for more information about the premium variant.,Prospecting,0
CRM002438,2021-01-01,90009128,A5318110102,Newzealand,Rep-25,Customer asked for more information about the premium variant.,Negotiation,0
CRM002439,2018-12-01,90005162,A0418150103,Pakistan,Rep-10,Customer is satisfied with the product and is considering expanding the order.,Renewal,0
CRM002440,2019-09-01,90001020,A4419110401,China,Rep-10,Customer requested a better commercial offer before renewing the purchase.,Renewal,0
CRM002441,2018-09-01,90015149,A6818160202,Norway,Rep-18,Customer is satisfied with the product and is considering expanding the order.,Negotiation,0
CRM002442,2020-06-01,90002005,A2219150206,India,Rep-02,Customer raised concerns about product availability and delayed delivery.,Prospecting,0
CRM002443,2021-04-01,90001021,A6919160302,China,Rep-12,Customer is considering a competitor because our price is higher.,Negotiation,1
CRM002444,2020-09-01,70019204,A6918160303,Sweden,Rep-14,Customer is considering a competitor because our price is higher.,Negotiation,1
CRM002445,2018-11-01,90020097,A2218150201,Austria,Rep-27,Customer requested a better commercial offer before renewing the purchase.,Negotiation,0
CRM002446,2019-06-01,70003181,A4620110604,Indonesia,Rep-20,Customer requested a better commercial offer before renewing the purchase.,Proposal,0
CRM002447,2018-09-01,90002002,A3220150405,India,Rep-03,Customer is satisfied with the product and is considering expanding the order.,Proposal,0
CRM002448,2021-03-01,90013121,A4118110107,Italy,Rep-22,Customer asked for more information about the premium variant.,Prospecting,0
CRM002449,2018-11-01,90013118,A2118150104,Italy,Rep-04,Customer mentioned a competitor's promotional pricing.,Qualified,1
CRM002450,2020-07-01,90005160,A2721150704,Pakistan,Rep-17,Customer asked for more information about the premium variant.,Negotiation,0
CRM002451,2019-08-01,90018105,A3220150406,Spain,Rep-12,Customer is considering a competitor because our price is higher.,Proposal,1
CRM002452,2021-01-01,70017060,A5318110107,Portugal,Rep-12,Customer is satisfied with the product and is considering expanding the order.,Renewal,0
CRM002453,2020-02-01,70007199,A5519110304,South Korea,Rep-06,Customer is satisfied with the product and is considering expanding the order.,Negotiation,0
CRM002454,2019-07-01,90008168,A0219150201,Australia,Rep-13,Customer is satisfied with the product and is considering expanding the order.,Qualified,0
CRM002455,2021-06-01,90018105,A6019110107,Spain,Rep-07,Customer asked for more information about the premium variant.,Negotiation,0
CRM002456,2019-01-01,70018115,A3819150205,Spain,Rep-30,Customer asked for more information about the premium variant.,Renewal,0
CRM002457,2019-05-01,90019203,A3421150606,Sweden,Rep-22,Customer is considering a competitor because our price is higher.,Prospecting,1
CRM002458,2020-12-01,90016174,A4821110801,Poland,Rep-29,Customer mentioned a competitor's promotional pricing.,Renewal,1
CRM002459,2020-02-01,70017060,A4520110507,Portugal,Rep-15,Customer requested a better commercial offer before renewing the purchase.,Renewal,0
CRM002460,2020-09-01,90017051,A2520150506,Portugal,Rep-13,Customer is considering a competitor because our price is higher.,Proposal,1
CRM002461,2021-01-01,90002011,A2419150405,India,Rep-06,Customer is considering a competitor because our price is higher.,Negotiation,1
CRM002462,2019-01-01,80001019,A4821110807,China,Rep-08,Customer requested a better commercial offer before renewing the purchase.,Proposal,0
CRM002463,2019-05-01,90017057,A4519110501,Portugal,Rep-20,Customer is considering a competitor because our price is higher.,Proposal,1
CRM002464,2020-07-01,90001021,A2020150501,China,Rep-14,Customer asked for more information about the premium variant.,Qualified,0
CRM002465,2018-11-01,90002007,A4419110405,India,Rep-19,Customer asked for more information about the premium variant.,Qualified,0
CRM002466,2021-08-01,70014142,A6818160201,Netherlands,Rep-25,Customer raised concerns about product availability and delayed delivery.,Qualified,0
CRM002467,2019-05-01,80001019,A5519110301,China,Rep-16,Customer requested a better commercial offer before renewing the purchase.,Proposal,0
CRM002468,2020-04-01,70005163,A6918160303,Pakistan,Rep-10,Customer asked for more information about the premium variant.,Negotiation,0
CRM002469,2020-03-01,70022084,A3420150602,USA,Rep-16,Customer asked for more information about the premium variant.,Proposal,0
CRM002470,2021-01-01,70016177,A4720110701,Poland,Rep-02,Customer raised concerns about product availability and delayed delivery.,Proposal,0
CRM002471,2020-05-01,90004066,A4419110405,Japan,Rep-14,Customer raised concerns about product availability and delayed delivery.,Prospecting,0
CRM002472,2019-06-01,90012038,A6319160202,Germany,Rep-18,Customer raised concerns about product availability and delayed delivery.,Proposal,0
CRM002473,2020-11-01,80006154,A3718150101,Philiphines,Rep-02,Customer requested a better commercial offer before renewing the purchase.,Proposal,0
CRM002474,2019-04-01,90009132,A5318110104,Newzealand,Rep-03,Customer is considering a competitor because our price is higher.,Negotiation,1
CRM002475,2019-01-01,90006156,A1718150203,Philiphines,Rep-30,Customer mentioned a competitor's promotional pricing.,Negotiation,1
CRM002476,2019-12-01,90001021,A1521150602,China,Rep-15,Customer requested a better commercial offer before renewing the purchase.,Qualified,0
CRM002477,2021-01-01,90010044,A0519150202,Bangladesh,Rep-06,Customer mentioned a competitor's promotional pricing.,Proposal,1
CRM002478,2020-03-01,90023025,A2420150406,Canada,Rep-25,Customer requested a better commercial offer before renewing the purchase.,Qualified,0
CRM002479,2019-06-01,90005159,A4319110305,Pakistan,Rep-11,Customer is considering a competitor because our price is higher.,Renewal,1
CRM002480,2020-10-01,90001020,A5721110503,China,Rep-24,Customer raised concerns about product availability and delayed delivery.,Qualified,0
CRM002481,2020-12-01,80001019,A1421150503,China,Rep-06,Customer requested a better commercial offer before renewing the purchase.,Renewal,0
CRM002482,2020-09-01,90017054,A4319110302,Portugal,Rep-05,Customer raised concerns about product availability and delayed delivery.,Prospecting,0
CRM002483,2020-09-01,90020097,A3220150402,Austria,Rep-28,Customer requested a better commercial offer before renewing the purchase.,Proposal,0
CRM002484,2020-06-01,70003182,A6718160102,Indonesia,Rep-04,Customer mentioned a competitor's promotional pricing.,Qualified,1
CRM002485,2019-04-01,90014141,A3220150404,Netherlands,Rep-18,Customer asked for more information about the premium variant.,Renewal,0
CRM002486,2019-03-01,90002006,A4821110804,India,Rep-15,Customer requested a better commercial offer before renewing the purchase.,Renewal,0
CRM002487,2020-11-01,80001019,A3718150105,China,Rep-23,Customer is satisfied with the product and is considering expanding the order.,Proposal,0
CRM002488,2021-08-01,90015147,A2821150805,Norway,Rep-13,Customer mentioned a competitor's promotional pricing.,Negotiation,1
CRM002489,2019-07-01,90006156,A5419110203,Philiphines,Rep-26,Customer requested a better commercial offer before renewing the purchase.,Renewal,0
CRM002490,2020-08-01,70007198,A4720110702,South Korea,Rep-28,Customer is satisfied with the product and is considering expanding the order.,Qualified,0
CRM002491,2021-03-01,70011194,A5419110205,France,Rep-20,Customer is satisfied with the product and is considering expanding the order.,Negotiation,0
CRM002492,2019-08-01,90005161,A4218110202,Pakistan,Rep-11,Customer raised concerns about product availability and delayed delivery.,Qualified,0
CRM002493,2021-05-01,90014139,A5519110304,Netherlands,Rep-12,Customer is satisfied with the product and is considering expanding the order.,Negotiation,0
CRM002494,2020-09-01,90023022,A1819150301,Canada,Rep-23,Customer is satisfied with the product and is considering expanding the order.,Qualified,0
CRM002495,2021-04-01,90019203,A0219150202,Sweden,Rep-23,Customer is satisfied with the product and is considering expanding the order.,Proposal,0
CRM002496,2019-10-01,90001021,A2118150104,China,Rep-04,Customer requested a better commercial offer before renewing the purchase.,Proposal,0
CRM002497,2020-03-01,90015144,A3818150201,Norway,Rep-25,Customer raised concerns about product availability and delayed delivery.,Proposal,0
CRM002498,2019-02-01,90007197,A1819150301,South Korea,Rep-03,Customer is considering a competitor because our price is higher.,Negotiation,1
CRM002499,2020-07-01,90014135,A0519150201,Netherlands,Rep-21,Customer asked for more information about the premium variant.,Proposal,0
CRM002500,2020-01-01,70018115,A4721110705,Spain,Rep-01,Customer asked for more information about the premium variant.,Proposal,0
CRM002501,2021-05-01,90019203,A2721150706,Sweden,Rep-22,Customer mentioned a competitor's promotional pricing.,Negotiation,1
CRM002502,2018-12-01,90004065,A3320150502,Japan,Rep-07,Customer is considering a competitor because our price is higher.,Proposal,1
CRM002503,2020-05-01,90001021,A0418150103,China,Rep-10,Customer requested a better commercial offer before renewing the purchase.,Proposal,0
CRM002504,2020-02-01,70016177,A3621150805,Poland,Rep-24,Customer requested a better commercial offer before renewing the purchase.,Negotiation,0
CRM002505,2019-11-01,70013125,A2419150405,Italy,Rep-20,Customer is satisfied with the product and is considering expanding the order.,Proposal,0
CRM002506,2021-04-01,70020104,A0418150101,Austria,Rep-18,Customer requested a better commercial offer before renewing the purchase.,Renewal,0
CRM002507,2020-09-01,90016171,A0219150202,Poland,Rep-20,Customer raised concerns about product availability and delayed delivery.,Prospecting,0
CRM002508,2018-10-01,90016171,A2821150802,Poland,Rep-07,Customer raised concerns about product availability and delayed delivery.,Prospecting,0
CRM002509,2020-12-01,90015145,A3220150406,Norway,Rep-03,Customer is considering a competitor because our price is higher.,Proposal,1
CRM002510,2019-12-01,90007197,A0721150401,South Korea,Rep-24,Customer is satisfied with the product and is considering expanding the order.,Prospecting,0
CRM002511,2020-07-01,90012041,A6018110102,Germany,Rep-11,Customer requested a better commercial offer before renewing the purchase.,Prospecting,0
CRM002512,2020-04-01,90021086,A1618150103,United Kingdom,Rep-18,Customer asked for more information about the premium variant.,Renewal,0
CRM002513,2021-01-01,90012039,A2419150402,Germany,Rep-03,Customer raised concerns about product availability and delayed delivery.,Negotiation,0
CRM002514,2021-04-01,90006153,A6520160402,Philiphines,Rep-07,Customer is considering a competitor because our price is higher.,Proposal,1
CRM002515,2020-03-01,70008170,A2620150604,Australia,Rep-11,Customer is satisfied with the product and is considering expanding the order.,Proposal,0
CRM002516,2020-04-01,90018112,A7321160302,Spain,Rep-03,Customer mentioned a competitor's promotional pricing.,Negotiation,1
CRM002517,2019-07-01,90018113,A6119110203,Spain,Rep-08,Customer asked for more information about the premium variant.,Negotiation,0
CRM002518,2021-04-01,90001021,A2520150505,China,Rep-08,Customer raised concerns about product availability and delayed delivery.,Negotiation,0
CRM002519,2019-04-01,90023027,A2118150102,Canada,Rep-20,Customer asked for more information about the premium variant.,Renewal,0
CRM002520,2018-09-01,70010048,A0921150603,Bangladesh,Rep-14,Customer mentioned a competitor's promotional pricing.,Qualified,1
CRM002521,2019-03-01,90023023,A2419150402,Canada,Rep-24,Customer requested a better commercial offer before renewing the purchase.,Renewal,0
CRM002522,2021-01-01,90009127,A4118110102,Newzealand,Rep-11,Customer is considering a competitor because our price is higher.,Proposal,1
CRM002523,2019-07-01,90016175,A6520160403,Poland,Rep-26,Customer mentioned a competitor's promotional pricing.,Proposal,1
CRM002524,2021-04-01,90002011,A6621160503,India,Rep-15,Customer asked for more information about the premium variant.,Prospecting,0
CRM002525,2021-04-01,90014139,A5721110508,Netherlands,Rep-09,Customer requested a better commercial offer before renewing the purchase.,Renewal,0
CRM002526,2018-12-01,90022073,A2918150102,USA,Rep-13,Customer is satisfied with the product and is considering expanding the order.,Qualified,0
CRM002527,2018-10-01,90005159,A1718150201,Pakistan,Rep-07,Customer raised concerns about product availability and delayed delivery.,Renewal,0
CRM002528,2020-05-01,90017053,A3420150602,Portugal,Rep-02,Customer is satisfied with the product and is considering expanding the order.,Proposal,0
CRM002529,2020-06-01,90020099,A4021150403,Austria,Rep-14,Customer mentioned a competitor's promotional pricing.,Renewal,1
CRM002530,2019-07-01,90006153,A1421150503,Philiphines,Rep-17,Customer is considering a competitor because our price is higher.,Negotiation,1
CRM002531,2021-04-01,90021092,A3320150504,United Kingdom,Rep-28,Customer is satisfied with the product and is considering expanding the order.,Proposal,0
CRM002532,2021-02-01,90013120,A1219150303,Italy,Rep-25,Customer raised concerns about product availability and delayed delivery.,Negotiation,0
CRM002533,2018-12-01,90022078,A2821150804,USA,Rep-15,Customer asked for more information about the premium variant.,Proposal,0
CRM002534,2020-02-01,90020103,A4419110406,Austria,Rep-03,Customer requested a better commercial offer before renewing the purchase.,Negotiation,0
CRM002535,2020-06-01,90005159,A7018160402,Pakistan,Rep-24,Customer is satisfied with the product and is considering expanding the order.,Negotiation,0
CRM002536,2021-05-01,70003182,A4520110507,Indonesia,Rep-13,Customer requested a better commercial offer before renewing the purchase.,Renewal,0
CRM002537,2019-01-01,70007198,A4821110804,South Korea,Rep-17,Customer raised concerns about product availability and delayed delivery.,Qualified,0
CRM002538,2019-08-01,70019204,A4419110408,Sweden,Rep-26,Customer mentioned a competitor's promotional pricing.,Proposal,1
CRM002539,2020-03-01,70008170,A2419150405,Australia,Rep-15,Customer mentioned a competitor's promotional pricing.,Negotiation,1
CRM002540,2020-11-01,90017053,A4419110405,Portugal,Rep-11,Customer requested a better commercial offer before renewing the purchase.,Renewal,0
CRM002541,2021-03-01,90016173,A0118150104,Poland,Rep-20,Customer requested a better commercial offer before renewing the purchase.,Qualified,0
CRM002542,2020-08-01,70003182,A0721150404,Indonesia,Rep-16,Customer is satisfied with the product and is considering expanding the order.,Qualified,0
CRM002543,2020-08-01,70003182,A4218110202,Indonesia,Rep-12,Customer is satisfied with the product and is considering expanding the order.,Negotiation,0
CRM002544,2021-03-01,90014136,A5519110304,Netherlands,Rep-03,Customer requested a better commercial offer before renewing the purchase.,Qualified,0
CRM002545,2020-12-01,90010045,A3018150201,Bangladesh,Rep-23,Customer is satisfied with the product and is considering expanding the order.,Negotiation,0
CRM002546,2019-09-01,90001020,A1420150501,China,Rep-30,Customer is considering a competitor because our price is higher.,Proposal,1
CRM002547,2018-09-01,90013118,A2918150106,Italy,Rep-06,Customer raised concerns about product availability and delayed delivery.,Proposal,0
CRM002548,2020-02-01,90016175,A2319150304,Poland,Rep-27,Customer raised concerns about product availability and delayed delivery.,Prospecting,0
CRM002549,2020-06-01,90004063,A3220150405,Japan,Rep-04,Customer is considering a competitor because our price is higher.,Negotiation,1
CRM002550,2021-07-01,90015147,A6818160202,Norway,Rep-26,Customer mentioned a competitor's promotional pricing.,Negotiation,1
CRM002551,2020-05-01,90015150,A4821110801,Norway,Rep-02,Customer requested a better commercial offer before renewing the purchase.,Negotiation,0
CRM002552,2019-09-01,70020104,A6919160302,Austria,Rep-16,Customer asked for more information about the premium variant.,Renewal,0
CRM002553,2021-03-01,90009128,A0118150104,Newzealand,Rep-01,Customer requested a better commercial offer before renewing the purchase.,Prospecting,0
CRM002554,2020-09-01,70013125,A3621150801,Italy,Rep-08,Customer requested a better commercial offer before renewing the purchase.,Negotiation,0
CRM002555,2021-04-01,90021095,A1919150403,United Kingdom,Rep-18,Customer asked for more information about the premium variant.,Negotiation,0
CRM002556,2021-03-01,90020099,A2821150801,Austria,Rep-25,Customer is satisfied with the product and is considering expanding the order.,Negotiation,0
CRM002557,2019-05-01,90007197,A4419110408,South Korea,Rep-11,Customer is satisfied with the product and is considering expanding the order.,Proposal,0
CRM002558,2021-07-01,90018112,A3420150602,Spain,Rep-15,Customer is satisfied with the product and is considering expanding the order.,Negotiation,0
CRM002559,2020-08-01,70015151,A6119110203,Norway,Rep-24,Customer raised concerns about product availability and delayed delivery.,Qualified,0
CRM002560,2020-03-01,90018106,A7018160402,Spain,Rep-27,Customer requested a better commercial offer before renewing the purchase.,Proposal,0
CRM002561,2021-02-01,80006154,A3421150606,Philiphines,Rep-18,Customer mentioned a competitor's promotional pricing.,Renewal,1
CRM002562,2020-06-01,90015148,A3621150805,Norway,Rep-21,Customer requested a better commercial offer before renewing the purchase.,Qualified,0
CRM002563,2018-12-01,70011193,A4821110801,France,Rep-23,Customer is considering a competitor because our price is higher.,Qualified,1
CRM002564,2021-01-01,90020101,A4419110405,Austria,Rep-18,Customer is considering a competitor because our price is higher.,Negotiation,1
CRM002565,2019-07-01,90007197,A4419110404,South Korea,Rep-10,Customer raised concerns about product availability and delayed delivery.,Renewal,0
CRM002566,2021-01-01,70009134,A3018150202,Newzealand,Rep-23,Customer requested a better commercial offer before renewing the purchase.,Qualified,0
CRM002567,2019-03-01,70020104,A5318110105,Austria,Rep-20,Customer raised concerns about product availability and delayed delivery.,Proposal,0
CRM002568,2021-08-01,70009134,A3120150306,Newzealand,Rep-29,Customer raised concerns about product availability and delayed delivery.,Proposal,0
CRM002569,2021-01-01,90009128,A2520150501,Newzealand,Rep-29,Customer mentioned a competitor's promotional pricing.,Renewal,1
CRM002570,2019-03-01,90001020,A5318110107,China,Rep-19,Customer is satisfied with the product and is considering expanding the order.,Renewal,0
CRM002571,2018-11-01,90019203,A0118150101,Sweden,Rep-17,Customer asked for more information about the premium variant.,Renewal,0
CRM002572,2021-05-01,90003180,A6520160403,Indonesia,Rep-23,Customer is satisfied with the product and is considering expanding the order.,Proposal,0
CRM002573,2020-03-01,90021086,A6018110105,United Kingdom,Rep-24,Customer raised concerns about product availability and delayed delivery.,Proposal,0
CRM002574,2020-04-01,90018107,A2118150101,Spain,Rep-21,Customer asked for more information about the premium variant.,Proposal,0
CRM002575,2019-08-01,90006153,A4118110105,Philiphines,Rep-04,Customer requested a better commercial offer before renewing the purchase.,Proposal,0
CRM002576,2020-09-01,90014135,A4419110406,Netherlands,Rep-03,Customer mentioned a competitor's promotional pricing.,Qualified,1
CRM002577,2021-07-01,90012039,A5419110204,Germany,Rep-28,Customer mentioned a competitor's promotional pricing.,Renewal,1
CRM002578,2020-01-01,70015152,A0921150601,Norway,Rep-01,Customer mentioned a competitor's promotional pricing.,Proposal,1
CRM002579,2018-12-01,90023027,A5318110107,Canada,Rep-30,Customer raised concerns about product availability and delayed delivery.,Prospecting,0
CRM002580,2019-03-01,90009132,A4520110507,Newzealand,Rep-30,Customer raised concerns about product availability and delayed delivery.,Negotiation,0
CRM002581,2021-03-01,90020098,A2219150205,Austria,Rep-24,Customer raised concerns about product availability and delayed delivery.,Negotiation,0
CRM002582,2021-01-01,70011193,A0519150205,France,Rep-13,Customer asked for more information about the premium variant.,Proposal,0
CRM002583,2018-09-01,90015150,A5419110201,Norway,Rep-16,Customer requested a better commercial offer before renewing the purchase.,Qualified,0
CRM002584,2019-11-01,90015150,A2319150304,Norway,Rep-06,Customer asked for more information about the premium variant.,Qualified,0
CRM002585,2020-12-01,90020103,A5419110207,Austria,Rep-20,Customer mentioned a competitor's promotional pricing.,Renewal,1
CRM002586,2019-02-01,90013117,A5318110108,Italy,Rep-08,Customer is satisfied with the product and is considering expanding the order.,Qualified,0
CRM002587,2019-01-01,80007195,A0321150302,South Korea,Rep-20,Customer is considering a competitor because our price is higher.,Negotiation,1
CRM002588,2019-11-01,70009133,A3521150702,Newzealand,Rep-03,Customer asked for more information about the premium variant.,Proposal,0
CRM002589,2019-06-01,90004062,A0721150401,Japan,Rep-23,Customer is considering a competitor because our price is higher.,Qualified,1
CRM002590,2019-08-01,70010047,A6018110101,Bangladesh,Rep-02,Customer is considering a competitor because our price is higher.,Negotiation,1
CRM002591,2018-12-01,90004063,A3320150501,Japan,Rep-06,Customer requested a better commercial offer before renewing the purchase.,Renewal,0
CRM002592,2020-04-01,90014135,A1919150403,Netherlands,Rep-25,Customer requested a better commercial offer before renewing the purchase.,Negotiation,0
CRM002593,2018-09-01,90008167,A0118150101,Australia,Rep-16,Customer raised concerns about product availability and delayed delivery.,Proposal,0
CRM002594,2021-07-01,90002010,A4520110508,India,Rep-14,Customer requested a better commercial offer before renewing the purchase.,Proposal,0
CRM002595,2019-08-01,90017057,A2218150201,Portugal,Rep-17,Customer mentioned a competitor's promotional pricing.,Qualified,1
CRM002596,2021-07-01,90013123,A2021150503,Italy,Rep-13,Customer is considering a competitor because our price is higher.,Negotiation,1
CRM002597,2020-08-01,90008168,A5318110102,Australia,Rep-20,Customer asked for more information about the premium variant.,Qualified,0
CRM002598,2020-08-01,90001020,A0519150202,China,Rep-09,Customer is satisfied with the product and is considering expanding the order.,Proposal,0
CRM002599,2020-11-01,90005160,A3718150101,Pakistan,Rep-28,Customer asked for more information about the premium variant.,Prospecting,0
CRM002600,2019-10-01,90015150,A3119150301,Norway,Rep-19,Customer mentioned a competitor's promotional pricing.,Proposal,1
CRM002601,2021-06-01,70003181,A6719160101,Indonesia,Rep-04,Customer mentioned a competitor's promotional pricing.,Qualified,1
CRM002602,2020-09-01,90012038,A3119150301,Germany,Rep-27,Customer raised concerns about product availability and delayed delivery.,Proposal,0
CRM002603,2020-02-01,70002017,A4419110407,India,Rep-05,Customer raised concerns about product availability and delayed delivery.,Qualified,0
CRM002604,2019-11-01,90018106,A0921150601,Spain,Rep-06,Customer mentioned a competitor's promotional pricing.,Proposal,1
CRM002605,2020-04-01,90017057,A6018110102,Portugal,Rep-08,Customer is considering a competitor because our price is higher.,Qualified,1
CRM002606,2018-11-01,90018114,A0118150101,Spain,Rep-08,Customer is considering a competitor because our price is higher.,Proposal,1
CRM002607,2019-11-01,90021092,A4318110301,United Kingdom,Rep-21,Customer raised concerns about product availability and delayed delivery.,Renewal,0
CRM002608,2020-07-01,90012035,A3120150304,Germany,Rep-18,Customer mentioned a competitor's promotional pricing.,Negotiation,1
CRM002609,2020-04-01,90011188,A1018150103,France,Rep-18,Customer is considering a competitor because our price is higher.,Negotiation,1
CRM002610,2019-04-01,90006156,A5318110104,Philiphines,Rep-06,Customer raised concerns about product availability and delayed delivery.,Proposal,0
CRM002611,2019-02-01,90015145,A3521150704,Norway,Rep-03,Customer is satisfied with the product and is considering expanding the order.,Proposal,0
CRM002612,2020-11-01,90016171,A0519150201,Poland,Rep-08,Customer asked for more information about the premium variant.,Proposal,0
CRM002613,2019-04-01,90018108,A2419150404,Spain,Rep-03,Customer is satisfied with the product and is considering expanding the order.,Proposal,0
CRM002614,2020-11-01,70008170,A1920150404,Australia,Rep-28,Customer requested a better commercial offer before renewing the purchase.,Qualified,0
CRM002615,2020-04-01,80001019,A3018150202,China,Rep-22,Customer is satisfied with the product and is considering expanding the order.,Renewal,0
CRM002616,2021-05-01,90008165,A6419160303,Australia,Rep-09,Customer mentioned a competitor's promotional pricing.,Qualified,1
CRM002617,2020-06-01,90012041,A4620110607,Germany,Rep-08,Customer asked for more information about the premium variant.,Proposal,0
CRM002618,2019-07-01,70005163,A4218110207,Pakistan,Rep-27,Customer raised concerns about product availability and delayed delivery.,Prospecting,0
CRM002619,2020-02-01,90005159,A4020150401,Pakistan,Rep-19,Customer is satisfied with the product and is considering expanding the order.,Qualified,0
CRM002620,2019-04-01,90001020,A5519110302,China,Rep-25,Customer is considering a competitor because our price is higher.,Negotiation,1
CRM002621,2020-12-01,90002015,A4520110505,India,Rep-04,Customer asked for more information about the premium variant.,Negotiation,0
CRM002622,2021-02-01,70019204,A3621150806,Sweden,Rep-29,Customer raised concerns about product availability and delayed delivery.,Qualified,0
CRM002623,2019-11-01,90004067,A4419110406,Japan,Rep-02,Customer asked for more information about the premium variant.,Proposal,0
CRM002624,2019-01-01,90002005,A0519150208,India,Rep-03,Customer mentioned a competitor's promotional pricing.,Proposal,1
CRM002625,2021-04-01,80007195,A4520110504,South Korea,Rep-01,Customer is satisfied with the product and is considering expanding the order.,Negotiation,0
CRM002626,2019-02-01,90021090,A2620150604,United Kingdom,Rep-24,Customer is satisfied with the product and is considering expanding the order.,Proposal,0
CRM002627,2019-04-01,70003182,A5419110205,Indonesia,Rep-10,Customer is satisfied with the product and is considering expanding the order.,Renewal,0
CRM002628,2019-08-01,90008164,A2721150702,Australia,Rep-17,Customer requested a better commercial offer before renewing the purchase.,Proposal,0
CRM002629,2019-10-01,90017051,A4118110104,Portugal,Rep-26,Customer is satisfied with the product and is considering expanding the order.,Qualified,0
CRM002630,2020-04-01,70019204,A4218110208,Sweden,Rep-03,Customer is considering a competitor because our price is higher.,Proposal,1
CRM002631,2019-02-01,90002002,A6218160102,India,Rep-12,Customer is considering a competitor because our price is higher.,Negotiation,1
CRM002632,2018-12-01,90017051,A2720150701,Portugal,Rep-25,Customer asked for more information about the premium variant.,Negotiation,0
CRM002633,2019-02-01,90016173,A4218110204,Poland,Rep-09,Customer is satisfied with the product and is considering expanding the order.,Proposal,0
CRM002634,2019-08-01,90011188,A6319160202,France,Rep-15,Customer is considering a competitor because our price is higher.,Proposal,1
CRM002635,2020-07-01,70013126,A2821150806,Italy,Rep-17,Customer mentioned a competitor's promotional pricing.,Negotiation,1
CRM002636,2021-02-01,90011191,A1618150103,France,Rep-16,Customer is considering a competitor because our price is higher.,Prospecting,1
CRM002637,2019-11-01,90009129,A4620110605,Newzealand,Rep-14,Customer mentioned a competitor's promotional pricing.,Proposal,1
CRM002638,2019-10-01,90014135,A1618150103,Netherlands,Rep-07,Customer is considering a competitor because our price is higher.,Proposal,1
CRM002639,2019-11-01,90016173,A3621150806,Poland,Rep-19,Customer is satisfied with the product and is considering expanding the order.,Qualified,0
CRM002640,2020-07-01,90012039,A5419110204,Germany,Rep-27,Customer mentioned a competitor's promotional pricing.,Qualified,1
CRM002641,2018-10-01,90001021,A2620150606,China,Rep-04,Customer requested a better commercial offer before renewing the purchase.,Proposal,0
CRM002642,2019-07-01,90021092,A5620110401,United Kingdom,Rep-07,Customer requested a better commercial offer before renewing the purchase.,Negotiation,0
CRM002643,2021-07-01,90005160,A4821110808,Pakistan,Rep-12,Customer requested a better commercial offer before renewing the purchase.,Renewal,0
CRM002644,2019-05-01,90008166,A3220150406,Australia,Rep-12,Customer asked for more information about the premium variant.,Qualified,0
CRM002645,2020-09-01,90021088,A0418150101,United Kingdom,Rep-10,Customer raised concerns about product availability and delayed delivery.,Qualified,0
CRM002646,2020-11-01,90015147,A6018110101,Norway,Rep-11,Customer raised concerns about product availability and delayed delivery.,Renewal,0
CRM002647,2019-01-01,90020102,A3320150504,Austria,Rep-18,Customer asked for more information about the premium variant.,Negotiation,0
CRM002648,2020-09-01,90008166,A3920150305,Australia,Rep-13,Customer requested a better commercial offer before renewing the purchase.,Qualified,0
CRM002649,2018-11-01,90018112,A5721110507,Spain,Rep-14,Customer raised concerns about product availability and delayed delivery.,Negotiation,0
CRM002650,2020-06-01,90020097,A2118150105,Austria,Rep-20,Customer mentioned a competitor's promotional pricing.,Proposal,1
CRM002651,2019-10-01,90023027,A5318110104,Canada,Rep-26,Customer asked for more information about the premium variant.,Qualified,0
CRM002652,2020-04-01,90012041,A6218160101,Germany,Rep-11,Customer is considering a competitor because our price is higher.,Proposal,1
CRM002653,2021-05-01,90023024,A0621150307,Canada,Rep-08,Customer is satisfied with the product and is considering expanding the order.,Negotiation,0
CRM002654,2021-02-01,70003182,A4218110201,Indonesia,Rep-03,Customer asked for more information about the premium variant.,Negotiation,0
CRM002655,2019-03-01,90011187,A2520150502,France,Rep-25,Customer is considering a competitor because our price is higher.,Prospecting,1
CRM002656,2019-04-01,70021096,A0219150202,United Kingdom,Rep-16,Customer asked for more information about the premium variant.,Renewal,0
CRM002657,2019-07-01,70007198,A1919150401,South Korea,Rep-08,Customer requested a better commercial offer before renewing the purchase.,Proposal,0
CRM002658,2019-02-01,90017056,A7219160201,Portugal,Rep-27,Customer requested a better commercial offer before renewing the purchase.,Qualified,0
CRM002659,2019-11-01,70010047,A4021150405,Bangladesh,Rep-22,Customer raised concerns about product availability and delayed delivery.,Negotiation,0
CRM002660,2020-12-01,70011194,A7220160203,France,Rep-13,Customer raised concerns about product availability and delayed delivery.,Proposal,0
CRM002661,2019-02-01,90014140,A2821150806,Netherlands,Rep-05,Customer raised concerns about product availability and delayed delivery.,Negotiation,0
CRM002662,2021-01-01,90014139,A2520150501,Netherlands,Rep-02,Customer raised concerns about product availability and delayed delivery.,Negotiation,0
CRM002663,2019-07-01,90020100,A4620110601,Austria,Rep-03,Customer is considering a competitor because our price is higher.,Renewal,1
CRM002664,2020-02-01,90016174,A4419110407,Poland,Rep-01,Customer requested a better commercial offer before renewing the purchase.,Negotiation,0
CRM002665,2021-03-01,80007195,A0418150103,South Korea,Rep-13,Customer is satisfied with the product and is considering expanding the order.,Renewal,0
CRM002666,2020-08-01,90002003,A4520110506,India,Rep-27,Customer raised concerns about product availability and delayed delivery.,Proposal,0
CRM002667,2018-10-01,90017056,A0519150205,Portugal,Rep-24,Customer asked for more information about the premium variant.,Negotiation,0
CRM002668,2019-09-01,90018113,A1718150204,Spain,Rep-28,Customer raised concerns about product availability and delayed delivery.,Qualified,0
CRM002669,2018-09-01,90005159,A4118110104,Pakistan,Rep-28,Customer mentioned a competitor's promotional pricing.,Qualified,1
CRM002670,2020-06-01,90014135,A3420150601,Netherlands,Rep-24,Customer raised concerns about product availability and delayed delivery.,Proposal,0
CRM002671,2020-08-01,90022080,A1920150404,USA,Rep-07,Customer requested a better commercial offer before renewing the purchase.,Proposal,0
CRM002672,2020-04-01,90020099,A2520150502,Austria,Rep-08,Customer raised concerns about product availability and delayed delivery.,Proposal,0
CRM002673,2019-06-01,90020102,A3521150702,Austria,Rep-29,Customer raised concerns about product availability and delayed delivery.,Proposal,0
CRM002674,2020-09-01,90006153,A5519110303,Philiphines,Rep-19,Customer is satisfied with the product and is considering expanding the order.,Proposal,0
CRM002675,2019-02-01,90022071,A1219150302,USA,Rep-12,Customer mentioned a competitor's promotional pricing.,Renewal,1
CRM002676,2019-06-01,70014143,A2319150305,Netherlands,Rep-23,Customer raised concerns about product availability and delayed delivery.,Proposal,0
CRM002677,2019-03-01,90002012,A1119150203,India,Rep-30,Customer is considering a competitor because our price is higher.,Qualified,1
CRM002678,2020-06-01,70009134,A0418150101,Newzealand,Rep-06,Customer mentioned a competitor's promotional pricing.,Proposal,1
CRM002679,2020-11-01,90010044,A4218110208,Bangladesh,Rep-26,Customer is satisfied with the product and is considering expanding the order.,Negotiation,0
CRM002680,2019-09-01,90001021,A5721110502,China,Rep-26,Customer is satisfied with the product and is considering expanding the order.,Proposal,0
CRM002681,2020-07-01,90008166,A0621150308,Australia,Rep-16,Customer requested a better commercial offer before renewing the purchase.,Negotiation,0
CRM002682,2019-01-01,70007199,A2118150106,South Korea,Rep-28,Customer requested a better commercial offer before renewing the purchase.,Renewal,0
CRM002683,2019-02-01,90022083,A6818160202,USA,Rep-06,Customer is satisfied with the product and is considering expanding the order.,Qualified,0
CRM002684,2019-07-01,90004068,A0418150105,Japan,Rep-26,Customer requested a better commercial offer before renewing the purchase.,Proposal,0
CRM002685,2019-01-01,90022077,A3718150101,USA,Rep-25,Customer is considering a competitor because our price is higher.,Negotiation,1
CRM002686,2019-09-01,90014140,A0220150203,Netherlands,Rep-02,Customer raised concerns about product availability and delayed delivery.,Negotiation,0
CRM002687,2019-08-01,70011193,A4218110208,France,Rep-12,Customer raised concerns about product availability and delayed delivery.,Renewal,0
CRM002688,2021-03-01,90021086,A6018110103,United Kingdom,Rep-23,Customer is considering a competitor because our price is higher.,Qualified,1
CRM002689,2021-01-01,70010048,A7119160102,Bangladesh,Rep-05,Customer mentioned a competitor's promotional pricing.,Negotiation,1
CRM002690,2021-03-01,90002016,A0620150305,India,Rep-09,Customer is considering a competitor because our price is higher.,Prospecting,1
CRM002691,2021-01-01,90012039,A4318110301,Germany,Rep-04,Customer is considering a competitor because our price is higher.,Prospecting,1
CRM002692,2021-04-01,90009128,A1521150603,Newzealand,Rep-12,Customer requested a better commercial offer before renewing the purchase.,Negotiation,0
CRM002693,2019-06-01,70014142,A5519110302,Netherlands,Rep-21,Customer is satisfied with the product and is considering expanding the order.,Negotiation,0
CRM002694,2018-10-01,90005162,A6319160201,Pakistan,Rep-29,Customer requested a better commercial offer before renewing the purchase.,Prospecting,0
CRM002695,2019-10-01,90002008,A2420150406,India,Rep-06,Customer asked for more information about the premium variant.,Negotiation,0
CRM002696,2020-06-01,90018108,A6319160202,Spain,Rep-29,Customer asked for more information about the premium variant.,Prospecting,0
CRM002697,2020-12-01,70017060,A4821110807,Portugal,Rep-28,Customer requested a better commercial offer before renewing the purchase.,Qualified,0
CRM002698,2021-03-01,90004068,A3320150501,Japan,Rep-19,Customer is considering a competitor because our price is higher.,Prospecting,1
CRM002699,2019-12-01,90019203,A6019110108,Sweden,Rep-15,Customer asked for more information about the premium variant.,Qualified,0
CRM002700,2020-03-01,70007198,A1219150301,South Korea,Rep-27,Customer is considering a competitor because our price is higher.,Negotiation,1
CRM002701,2020-06-01,90014140,A3019150205,Netherlands,Rep-27,Customer is satisfied with the product and is considering expanding the order.,Negotiation,0
CRM002702,2021-01-01,90004063,A3521150702,Japan,Rep-05,Customer asked for more information about the premium variant.,Negotiation,0
CRM002703,2019-07-01,90005160,A5419110208,Pakistan,Rep-08,Customer mentioned a competitor's promotional pricing.,Proposal,1
CRM002704,2020-02-01,90014141,A1819150301,Netherlands,Rep-03,Customer is satisfied with the product and is considering expanding the order.,Renewal,0
CRM002705,2021-04-01,90017059,A0519150208,Portugal,Rep-19,Customer requested a better commercial offer before renewing the purchase.,Qualified,0
CRM002706,2020-11-01,90018109,A0219150201,Spain,Rep-02,Customer is satisfied with the product and is considering expanding the order.,Negotiation,0
CRM002707,2019-09-01,90021087,A2319150304,United Kingdom,Rep-25,Customer requested a better commercial offer before renewing the purchase.,Prospecting,0
CRM002708,2021-04-01,90018114,A5520110308,Spain,Rep-13,Customer raised concerns about product availability and delayed delivery.,Proposal,0
CRM002709,2021-04-01,90018112,A3718150101,Spain,Rep-28,Customer mentioned a competitor's promotional pricing.,Renewal,1
CRM002710,2021-08-01,90015144,A0219150201,Norway,Rep-13,Customer asked for more information about the premium variant.,Renewal,0
CRM002711,2019-03-01,90022075,A1421150503,USA,Rep-28,Customer requested a better commercial offer before renewing the purchase.,Negotiation,0
CRM002712,2018-09-01,90012034,A4419110402,Germany,Rep-05,Customer is considering a competitor because our price is higher.,Qualified,1
CRM002713,2019-09-01,90021095,A6019110107,United Kingdom,Rep-25,Customer is satisfied with the product and is considering expanding the order.,Proposal,0
CRM002714,2019-03-01,90022077,A5318110107,USA,Rep-17,Customer asked for more information about the premium variant.,Negotiation,0
CRM002715,2021-03-01,70007199,A2918150105,South Korea,Rep-13,Customer requested a better commercial offer before renewing the purchase.,Proposal,0
CRM002716,2020-11-01,90020099,A2420150406,Austria,Rep-08,Customer mentioned a competitor's promotional pricing.,Proposal,1
CRM002717,2019-01-01,70011193,A4118110107,France,Rep-27,Customer raised concerns about product availability and delayed delivery.,Qualified,0
CRM002718,2019-09-01,90008166,A3818150201,Australia,Rep-26,Customer mentioned a competitor's promotional pricing.,Qualified,1
CRM002719,2021-06-01,70005163,A4419110405,Pakistan,Rep-17,Customer mentioned a competitor's promotional pricing.,Renewal,1
CRM002720,2020-05-01,70013126,A2118150105,Italy,Rep-09,Customer asked for more information about the premium variant.,Negotiation,0
CRM002721,2021-08-01,90019201,A5318110107,Sweden,Rep-03,Customer raised concerns about product availability and delayed delivery.,Proposal,0
CRM002722,2020-09-01,90008165,A4218110207,Australia,Rep-20,Customer mentioned a competitor's promotional pricing.,Negotiation,1
CRM002723,2021-01-01,90004062,A4218110202,Japan,Rep-27,Customer requested a better commercial offer before renewing the purchase.,Prospecting,0
CRM002724,2019-11-01,90006156,A3220150401,Philiphines,Rep-11,Customer mentioned a competitor's promotional pricing.,Proposal,1
CRM002725,2019-11-01,90003180,A2319150305,Indonesia,Rep-12,Customer is satisfied with the product and is considering expanding the order.,Proposal,0
CRM002726,2021-08-01,90003179,A6620160501,Indonesia,Rep-21,Customer is satisfied with the product and is considering expanding the order.,Negotiation,0
CRM002727,2020-03-01,90019203,A6018110103,Sweden,Rep-18,Customer is satisfied with the product and is considering expanding the order.,Negotiation,0
CRM002728,2019-08-01,90022074,A6719160101,USA,Rep-18,Customer mentioned a competitor's promotional pricing.,Proposal,1
CRM002729,2020-10-01,90015149,A4218110201,Norway,Rep-24,Customer is satisfied with the product and is considering expanding the order.,Qualified,0
CRM002730,2020-09-01,70023032,A4720110702,Canada,Rep-20,Customer requested a better commercial offer before renewing the purchase.,Proposal,0
CRM002731,2019-08-01,90010044,A2118150105,Bangladesh,Rep-19,Customer raised concerns about product availability and delayed delivery.,Negotiation,0
CRM002732,2021-08-01,80007195,A3320150505,South Korea,Rep-10,Customer mentioned a competitor's promotional pricing.,Qualified,1
CRM002733,2021-05-01,70020104,A5621110403,Austria,Rep-08,Customer requested a better commercial offer before renewing the purchase.,Proposal,0
CRM002734,2021-07-01,90015148,A4319110304,Norway,Rep-02,Customer mentioned a competitor's promotional pricing.,Proposal,1
CRM002735,2020-10-01,70010047,A4118110106,Bangladesh,Rep-20,Customer raised concerns about product availability and delayed delivery.,Proposal,0
CRM002736,2020-04-01,70005163,A5419110203,Pakistan,Rep-06,Customer is considering a competitor because our price is higher.,Proposal,1
CRM002737,2018-11-01,90018109,A4319110304,Spain,Rep-08,Customer is satisfied with the product and is considering expanding the order.,Qualified,0
CRM002738,2018-11-01,90009129,A4620110607,Newzealand,Rep-02,Customer requested a better commercial offer before renewing the purchase.,Negotiation,0
CRM002739,2020-06-01,70010047,A0418150107,Bangladesh,Rep-21,Customer asked for more information about the premium variant.,Proposal,0
CRM002740,2019-05-01,90016171,A4218110206,Poland,Rep-15,Customer raised concerns about product availability and delayed delivery.,Negotiation,0
CRM002741,2019-06-01,70014142,A0821150501,Netherlands,Rep-06,Customer is considering a competitor because our price is higher.,Qualified,1
CRM002742,2019-06-01,80006155,A5318110102,Philiphines,Rep-03,Customer requested a better commercial offer before renewing the purchase.,Negotiation,0
CRM002743,2018-10-01,90008165,A2620150602,Australia,Rep-19,Customer asked for more information about the premium variant.,Qualified,0
CRM002744,2020-01-01,70005163,A4821110802,Pakistan,Rep-14,Customer raised concerns about product availability and delayed delivery.,Negotiation,0
CRM002745,2020-08-01,90012033,A0921150604,Germany,Rep-08,Customer requested a better commercial offer before renewing the purchase.,Renewal,0
CRM002746,2019-08-01,70010048,A4319110302,Bangladesh,Rep-10,Customer requested a better commercial offer before renewing the purchase.,Proposal,0
CRM002747,2019-08-01,70010048,A4319110306,Bangladesh,Rep-06,Customer is satisfied with the product and is considering expanding the order.,Proposal,0
CRM002748,2021-07-01,90019200,A2620150601,Sweden,Rep-09,Customer asked for more information about the premium variant.,Qualified,0
CRM002749,2021-06-01,70018115,A6520160402,Spain,Rep-29,Customer is satisfied with the product and is considering expanding the order.,Qualified,0
CRM002750,2021-04-01,90017059,A4520110507,Portugal,Rep-23,Customer requested a better commercial offer before renewing the purchase.,Qualified,0
CRM002751,2021-07-01,90002013,A3120150304,India,Rep-05,Customer is considering a competitor because our price is higher.,Qualified,1
CRM002752,2020-08-01,90014139,A1521150601,Netherlands,Rep-06,Customer asked for more information about the premium variant.,Qualified,0
CRM002753,2021-07-01,90018113,A4118110106,Spain,Rep-16,Customer mentioned a competitor's promotional pricing.,Proposal,1
CRM002754,2019-07-01,70019204,A2918150105,Sweden,Rep-27,Customer raised concerns about product availability and delayed delivery.,Renewal,0
CRM002755,2021-01-01,90014141,A2219150205,Netherlands,Rep-11,Customer requested a better commercial offer before renewing the purchase.,Qualified,0
CRM002756,2021-05-01,90002002,A6319160202,India,Rep-04,Customer is satisfied with the product and is considering expanding the order.,Proposal,0
CRM002757,2019-11-01,90016176,A5721110504,Poland,Rep-02,Customer mentioned a competitor's promotional pricing.,Proposal,1
CRM002758,2020-04-01,80007195,A3320150504,South Korea,Rep-30,Customer is satisfied with the product and is considering expanding the order.,Proposal,0
CRM002759,2019-08-01,90017051,A4620110601,Portugal,Rep-25,Customer asked for more information about the premium variant.,Renewal,0
CRM002760,2019-09-01,90010046,A3220150405,Bangladesh,Rep-24,Customer requested a better commercial offer before renewing the purchase.,Qualified,0
CRM002761,2019-11-01,70003182,A7219160201,Indonesia,Rep-06,Customer asked for more information about the premium variant.,Negotiation,0
CRM002762,2021-07-01,90022074,A5721110501,USA,Rep-27,Customer mentioned a competitor's promotional pricing.,Prospecting,1
CRM002763,2020-09-01,90018108,A2721150705,Spain,Rep-05,Customer asked for more information about the premium variant.,Proposal,0
CRM002764,2020-12-01,90011186,A5721110507,France,Rep-03,Customer is considering a competitor because our price is higher.,Qualified,1
CRM002765,2019-07-01,90021091,A7219160201,United Kingdom,Rep-11,Customer is satisfied with the product and is considering expanding the order.,Negotiation,0
CRM002766,2021-02-01,90021088,A4419110406,United Kingdom,Rep-03,Customer raised concerns about product availability and delayed delivery.,Qualified,0
CRM002767,2018-11-01,90017051,A6319160201,Portugal,Rep-20,Customer is satisfied with the product and is considering expanding the order.,Renewal,0
CRM002768,2021-04-01,90018107,A7220160202,Spain,Rep-04,Customer is satisfied with the product and is considering expanding the order.,Proposal,0
CRM002769,2018-10-01,90019202,A6119110202,Sweden,Rep-16,Customer requested a better commercial offer before renewing the purchase.,Renewal,0
CRM002770,2019-12-01,90020098,A4118110106,Austria,Rep-12,Customer is considering a competitor because our price is higher.,Proposal,1
CRM002771,2019-10-01,90021094,A2021150504,United Kingdom,Rep-27,Customer asked for more information about the premium variant.,Proposal,0
CRM002772,2018-10-01,70010048,A4319110305,Bangladesh,Rep-15,Customer requested a better commercial offer before renewing the purchase.,Qualified,0
CRM002773,2020-01-01,90006153,A0321150302,Philiphines,Rep-19,Customer raised concerns about product availability and delayed delivery.,Negotiation,0
CRM002774,2020-09-01,90019201,A3421150604,Sweden,Rep-03,Customer is considering a competitor because our price is higher.,Qualified,1
CRM002775,2019-08-01,70023031,A3521150706,Canada,Rep-03,Customer is satisfied with the product and is considering expanding the order.,Prospecting,0
CRM002776,2019-08-01,90018114,A3220150402,Spain,Rep-27,Customer mentioned a competitor's promotional pricing.,Prospecting,1
CRM002777,2018-11-01,70003182,A0821150504,Indonesia,Rep-23,Customer mentioned a competitor's promotional pricing.,Prospecting,1
CRM002778,2019-04-01,90023027,A5520110305,Canada,Rep-20,Customer is satisfied with the product and is considering expanding the order.,Negotiation,0
CRM002779,2019-11-01,90006156,A4620110601,Philiphines,Rep-12,Customer requested a better commercial offer before renewing the purchase.,Negotiation,0
CRM002780,2018-11-01,90013120,A5519110303,Italy,Rep-28,Customer is considering a competitor because our price is higher.,Renewal,1
CRM002781,2019-09-01,90005161,A5621110407,Pakistan,Rep-12,Customer is satisfied with the product and is considering expanding the order.,Negotiation,0
CRM002782,2020-07-01,70005163,A5318110105,Pakistan,Rep-05,Customer asked for more information about the premium variant.,Proposal,0
CRM002783,2020-08-01,90013122,A2218150201,Italy,Rep-30,Customer asked for more information about the premium variant.,Renewal,0
CRM002784,2019-01-01,70010047,A5520110307,Bangladesh,Rep-10,Customer is considering a competitor because our price is higher.,Renewal,1
CRM002785,2019-01-01,70020104,A4218110205,Austria,Rep-21,Customer asked for more information about the premium variant.,Prospecting,0
CRM002786,2021-08-01,80006155,A2021150503,Philiphines,Rep-23,Customer is considering a competitor because our price is higher.,Qualified,1
CRM002787,2020-12-01,90022075,A2821150804,USA,Rep-25,Customer asked for more information about the premium variant.,Negotiation,0
CRM002788,2019-06-01,90016174,A7219160201,Poland,Rep-30,Customer is considering a competitor because our price is higher.,Prospecting,1
CRM002789,2020-07-01,90003179,A4118110104,Indonesia,Rep-12,Customer raised concerns about product availability and delayed delivery.,Renewal,0
CRM002790,2020-10-01,90005160,A5520110307,Pakistan,Rep-27,Customer is satisfied with the product and is considering expanding the order.,Renewal,0
CRM002791,2020-05-01,70023031,A2020150501,Canada,Rep-29,Customer asked for more information about the premium variant.,Qualified,0
CRM002792,2020-09-01,90016171,A6419160301,Poland,Rep-05,Customer raised concerns about product availability and delayed delivery.,Renewal,0
CRM002793,2020-03-01,90012038,A5318110103,Germany,Rep-02,Customer raised concerns about product availability and delayed delivery.,Negotiation,0
CRM002794,2021-08-01,90011186,A6119110202,France,Rep-19,Customer mentioned a competitor's promotional pricing.,Negotiation,1
CRM002795,2019-06-01,90002008,A6018110101,India,Rep-17,Customer is considering a competitor because our price is higher.,Proposal,1
CRM002796,2021-05-01,90021090,A4118110106,United Kingdom,Rep-01,Customer raised concerns about product availability and delayed delivery.,Renewal,0
CRM002797,2019-07-01,70022085,A6121110208,USA,Rep-27,Customer raised concerns about product availability and delayed delivery.,Proposal,0
CRM002798,2018-10-01,70014142,A2520150505,Netherlands,Rep-11,Customer requested a better commercial offer before renewing the purchase.,Negotiation,0
CRM002799,2019-01-01,90002006,A3119150302,India,Rep-26,Customer asked for more information about the premium variant.,Proposal,0
CRM002800,2021-02-01,90006156,A4821110807,Philiphines,Rep-26,Customer mentioned a competitor's promotional pricing.,Negotiation,1
CRM002801,2020-03-01,70003182,A2620150604,Indonesia,Rep-17,Customer requested a better commercial offer before renewing the purchase.,Proposal,0
CRM002802,2021-04-01,70018115,A6621160503,Spain,Rep-03,Customer is satisfied with the product and is considering expanding the order.,Proposal,0
CRM002803,2021-04-01,90019201,A1319150401,Sweden,Rep-02,Customer asked for more information about the premium variant.,Prospecting,0
CRM002804,2018-12-01,90021091,A5721110501,United Kingdom,Rep-22,Customer raised concerns about product availability and delayed delivery.,Negotiation,0
CRM002805,2019-11-01,90020099,A4519110502,Austria,Rep-24,Customer asked for more information about the premium variant.,Renewal,0
CRM002806,2021-01-01,90018110,A4720110702,Spain,Rep-11,Customer raised concerns about product availability and delayed delivery.,Negotiation,0
CRM002807,2020-06-01,90016176,A1819150304,Poland,Rep-08,Customer is satisfied with the product and is considering expanding the order.,Negotiation,0
CRM002808,2021-08-01,90022074,A3621150802,USA,Rep-11,Customer raised concerns about product availability and delayed delivery.,Qualified,0
CRM002809,2019-05-01,90018110,A2520150501,Spain,Rep-30,Customer is considering a competitor because our price is higher.,Negotiation,1
CRM002810,2019-01-01,70022084,A4419110402,USA,Rep-17,Customer mentioned a competitor's promotional pricing.,Qualified,1
CRM002811,2018-09-01,70006157,A5621110405,Philiphines,Rep-02,Customer is satisfied with the product and is considering expanding the order.,Proposal,0
CRM002812,2021-05-01,70018115,A4319110305,Spain,Rep-05,Customer is satisfied with the product and is considering expanding the order.,Prospecting,0
CRM002813,2021-02-01,90008164,A4520110507,Australia,Rep-12,Customer is considering a competitor because our price is higher.,Renewal,1
CRM002814,2019-04-01,90016171,A3320150506,Poland,Rep-24,Customer raised concerns about product availability and delayed delivery.,Proposal,0
CRM002815,2019-03-01,70010047,A5419110205,Bangladesh,Rep-26,Customer is considering a competitor because our price is higher.,Proposal,1
CRM002816,2019-05-01,90019201,A5621110408,Sweden,Rep-05,Customer is satisfied with the product and is considering expanding the order.,Renewal,0
CRM002817,2021-01-01,70012043,A6419160303,Germany,Rep-09,Customer requested a better commercial offer before renewing the purchase.,Prospecting,0
CRM002818,2021-06-01,90013118,A3621150801,Italy,Rep-27,Customer is satisfied with the product and is considering expanding the order.,Proposal,0
CRM002819,2020-01-01,90018108,A3621150805,Spain,Rep-24,Customer asked for more information about the premium variant.,Proposal,0
CRM002820,2020-02-01,90010045,A4821110802,Bangladesh,Rep-12,Customer requested a better commercial offer before renewing the purchase.,Renewal,0
CRM002821,2020-02-01,90008166,A4118110101,Australia,Rep-19,Customer mentioned a competitor's promotional pricing.,Negotiation,1
CRM002822,2019-07-01,90020098,A6121110208,Austria,Rep-03,Customer is considering a competitor because our price is higher.,Proposal,1
CRM002823,2019-12-01,90002015,A0519150208,India,Rep-18,Customer is satisfied with the product and is considering expanding the order.,Qualified,0
CRM002824,2020-07-01,90018112,A5318110108,Spain,Rep-18,Customer raised concerns about product availability and delayed delivery.,Negotiation,0
CRM002825,2020-08-01,90004063,A1320150403,Japan,Rep-04,Customer is considering a competitor because our price is higher.,Negotiation,1
CRM002826,2019-03-01,90013123,A2419150401,Italy,Rep-11,Customer mentioned a competitor's promotional pricing.,Renewal,1
CRM002827,2021-04-01,70003182,A2219150205,Indonesia,Rep-30,Customer is considering a competitor because our price is higher.,Renewal,1
CRM002828,2020-01-01,70002018,A2620150605,India,Rep-12,Customer asked for more information about the premium variant.,Qualified,0
CRM002829,2020-02-01,90010045,A2319150301,Bangladesh,Rep-18,Customer mentioned a competitor's promotional pricing.,Qualified,1
CRM002830,2020-03-01,90020101,A5419110201,Austria,Rep-07,Customer requested a better commercial offer before renewing the purchase.,Proposal,0
CRM002831,2020-12-01,90008164,A5621110408,Australia,Rep-12,Customer is considering a competitor because our price is higher.,Qualified,1
CRM002832,2019-02-01,90019202,A1219150303,Sweden,Rep-11,Customer is satisfied with the product and is considering expanding the order.,Qualified,0
CRM002833,2019-09-01,90009132,A0519150207,Newzealand,Rep-10,Customer is satisfied with the product and is considering expanding the order.,Negotiation,0
CRM002834,2020-03-01,90016174,A1118150201,Poland,Rep-29,Customer mentioned a competitor's promotional pricing.,Negotiation,1
CRM002835,2020-06-01,70009134,A6718160102,Newzealand,Rep-14,Customer requested a better commercial offer before renewing the purchase.,Proposal,0
CRM002836,2019-12-01,90001021,A2918150106,China,Rep-18,Customer requested a better commercial offer before renewing the purchase.,Proposal,0
CRM002837,2021-01-01,90009129,A6019110107,Newzealand,Rep-13,Customer raised concerns about product availability and delayed delivery.,Qualified,0
CRM002838,2020-10-01,90020099,A0418150102,Austria,Rep-01,Customer requested a better commercial offer before renewing the purchase.,Renewal,0
CRM002839,2019-01-01,90004064,A1819150303,Japan,Rep-14,Customer requested a better commercial offer before renewing the purchase.,Renewal,0
CRM002840,2021-08-01,90003179,A3019150205,Indonesia,Rep-11,Customer is satisfied with the product and is considering expanding the order.,Negotiation,0
CRM002841,2020-03-01,80007195,A5318110108,South Korea,Rep-10,Customer requested a better commercial offer before renewing the purchase.,Renewal,0
CRM002842,2021-07-01,90001021,A3018150201,China,Rep-03,Customer raised concerns about product availability and delayed delivery.,Negotiation,0
CRM002843,2019-06-01,90008164,A4218110204,Australia,Rep-01,Customer is satisfied with the product and is considering expanding the order.,Proposal,0
CRM002844,2021-03-01,70004070,A1819150303,Japan,Rep-16,Customer requested a better commercial offer before renewing the purchase.,Proposal,0
CRM002845,2018-12-01,90009127,A4721110705,Newzealand,Rep-04,Customer asked for more information about the premium variant.,Prospecting,0
CRM002846,2020-02-01,70015152,A0619150302,Norway,Rep-22,Customer is considering a competitor because our price is higher.,Renewal,1
CRM002847,2020-07-01,90018114,A6918160303,Spain,Rep-24,Customer is considering a competitor because our price is higher.,Negotiation,1
CRM002848,2020-02-01,70017060,A6119110201,Portugal,Rep-08,Customer is considering a competitor because our price is higher.,Qualified,1
CRM002849,2019-10-01,90017055,A2419150405,Portugal,Rep-05,Customer mentioned a competitor's promotional pricing.,Negotiation,1
CRM002850,2020-01-01,70004070,A6219160103,Japan,Rep-06,Customer asked for more information about the premium variant.,Renewal,0
CRM002851,2020-06-01,90001020,A5419110208,China,Rep-17,Customer is considering a competitor because our price is higher.,Proposal,1
CRM002852,2020-07-01,90002002,A3119150301,India,Rep-14,Customer requested a better commercial offer before renewing the purchase.,Qualified,0
CRM002853,2018-12-01,90009132,A6620160501,Newzealand,Rep-03,Customer mentioned a competitor's promotional pricing.,Negotiation,1
CRM002854,2020-04-01,70003182,A1018150101,Indonesia,Rep-13,Customer mentioned a competitor's promotional pricing.,Qualified,1
CRM002855,2020-02-01,90002011,A0519150205,India,Rep-13,Customer requested a better commercial offer before renewing the purchase.,Negotiation,0
CRM002856,2019-07-01,90017054,A4520110507,Portugal,Rep-08,Customer is satisfied with the product and is considering expanding the order.,Proposal,0
CRM002857,2019-07-01,90021088,A6018110102,United Kingdom,Rep-09,Customer is satisfied with the product and is considering expanding the order.,Renewal,0
CRM002858,2020-08-01,90019202,A6520160403,Sweden,Rep-06,Customer raised concerns about product availability and delayed delivery.,Prospecting,0
CRM002859,2019-12-01,80001019,A0721150401,China,Rep-21,Customer mentioned a competitor's promotional pricing.,Negotiation,1
CRM002860,2019-03-01,90008165,A6018110103,Australia,Rep-17,Customer is satisfied with the product and is considering expanding the order.,Proposal,0
CRM002861,2020-03-01,70016177,A4218110207,Poland,Rep-06,Customer mentioned a competitor's promotional pricing.,Proposal,1
CRM002862,2019-01-01,90018107,A4620110601,Spain,Rep-21,Customer is considering a competitor because our price is higher.,Qualified,1
CRM002863,2020-03-01,70003181,A0721150404,Indonesia,Rep-09,Customer is satisfied with the product and is considering expanding the order.,Proposal,0
CRM002864,2021-08-01,70022085,A4319110304,USA,Rep-25,Customer raised concerns about product availability and delayed delivery.,Renewal,0
CRM002865,2019-07-01,90009127,A6218160101,Newzealand,Rep-20,Customer raised concerns about product availability and delayed delivery.,Negotiation,0
CRM002866,2021-01-01,90009132,A2620150601,Newzealand,Rep-06,Customer mentioned a competitor's promotional pricing.,Qualified,1
CRM002867,2020-02-01,90005161,A5318110108,Pakistan,Rep-14,Customer is considering a competitor because our price is higher.,Qualified,1
CRM002868,2021-07-01,70014143,A1421150503,Netherlands,Rep-29,Customer mentioned a competitor's promotional pricing.,Renewal,1
CRM002869,2021-01-01,90009128,A0821150503,Newzealand,Rep-25,Customer mentioned a competitor's promotional pricing.,Qualified,1
CRM002870,2020-01-01,90012038,A6018110105,Germany,Rep-02,Customer is considering a competitor because our price is higher.,Qualified,1
CRM002871,2020-11-01,90023023,A5520110308,Canada,Rep-08,Customer is satisfied with the product and is considering expanding the order.,Prospecting,0
CRM002872,2020-05-01,90019203,A7019160401,Sweden,Rep-11,Customer is considering a competitor because our price is higher.,Negotiation,1
CRM002873,2018-09-01,90007197,A5621110408,South Korea,Rep-04,Customer raised concerns about product availability and delayed delivery.,Prospecting,0
CRM002874,2018-09-01,90010045,A5318110107,Bangladesh,Rep-05,Customer is satisfied with the product and is considering expanding the order.,Renewal,0
CRM002875,2020-06-01,90013123,A0921150604,Italy,Rep-27,Customer mentioned a competitor's promotional pricing.,Negotiation,1
CRM002876,2020-09-01,80001019,A2620150604,China,Rep-21,Customer raised concerns about product availability and delayed delivery.,Negotiation,0
CRM002877,2018-10-01,90008164,A4520110504,Australia,Rep-10,Customer asked for more information about the premium variant.,Negotiation,0
CRM002878,2020-10-01,90019202,A2620150604,Sweden,Rep-04,Customer raised concerns about product availability and delayed delivery.,Prospecting,0
CRM002879,2021-07-01,90004067,A4218110202,Japan,Rep-24,Customer raised concerns about product availability and delayed delivery.,Qualified,0
CRM002880,2020-05-01,90010044,A6419160303,Bangladesh,Rep-14,Customer asked for more information about the premium variant.,Proposal,0
CRM002881,2020-06-01,90003180,A3320150506,Indonesia,Rep-11,Customer is satisfied with the product and is considering expanding the order.,Prospecting,0
CRM002882,2021-01-01,90019202,A1219150301,Sweden,Rep-16,Customer is considering a competitor because our price is higher.,Negotiation,1
CRM002883,2019-01-01,90004064,A6319160201,Japan,Rep-29,Customer is satisfied with the product and is considering expanding the order.,Qualified,0
CRM002884,2020-09-01,70012042,A4721110708,Germany,Rep-20,Customer mentioned a competitor's promotional pricing.,Negotiation,1
CRM002885,2019-05-01,70006157,A4721110704,Philiphines,Rep-03,Customer is considering a competitor because our price is higher.,Prospecting,1
CRM002886,2018-10-01,90008166,A3521150704,Australia,Rep-03,Customer asked for more information about the premium variant.,Proposal,0
CRM002887,2021-05-01,90004061,A1320150402,Japan,Rep-08,Customer is considering a competitor because our price is higher.,Renewal,1
CRM002888,2021-06-01,80006155,A4419110407,Philiphines,Rep-18,Customer mentioned a competitor's promotional pricing.,Prospecting,1
CRM002889,2019-05-01,90016174,A3119150301,Poland,Rep-09,Customer is considering a competitor because our price is higher.,Negotiation,1
CRM002890,2021-04-01,90007197,A3019150204,South Korea,Rep-30,Customer mentioned a competitor's promotional pricing.,Negotiation,1
CRM002891,2019-10-01,90003180,A3220150405,Indonesia,Rep-17,Customer mentioned a competitor's promotional pricing.,Proposal,1
CRM002892,2018-11-01,90014136,A6018110101,Netherlands,Rep-06,Customer requested a better commercial offer before renewing the purchase.,Qualified,0
CRM002893,2020-10-01,90009132,A2218150202,Newzealand,Rep-14,Customer is considering a competitor because our price is higher.,Proposal,1
CRM002894,2018-10-01,90009128,A6121110208,Newzealand,Rep-29,Customer mentioned a competitor's promotional pricing.,Negotiation,1
CRM002895,2020-09-01,90018114,A4319110306,Spain,Rep-12,Customer requested a better commercial offer before renewing the purchase.,Negotiation,0
CRM002896,2019-04-01,90023026,A0220150203,Canada,Rep-21,Customer is considering a competitor because our price is higher.,Negotiation,1
CRM002897,2020-01-01,90019201,A0721150401,Sweden,Rep-28,Customer asked for more information about the premium variant.,Negotiation,0
CRM002898,2018-09-01,90010046,A4620110605,Bangladesh,Rep-29,Customer mentioned a competitor's promotional pricing.,Qualified,1
CRM002899,2021-02-01,90015144,A4721110705,Norway,Rep-19,Customer requested a better commercial offer before renewing the purchase.,Proposal,0
CRM002900,2021-04-01,90001021,A5620110401,China,Rep-07,Customer requested a better commercial offer before renewing the purchase.,Qualified,0
CRM002901,2019-12-01,80001019,A2118150105,China,Rep-21,Customer requested a better commercial offer before renewing the purchase.,Prospecting,0
CRM002902,2018-11-01,90015144,A5318110108,Norway,Rep-15,Customer asked for more information about the premium variant.,Proposal,0
CRM002903,2021-01-01,90016175,A4218110207,Poland,Rep-01,Customer mentioned a competitor's promotional pricing.,Prospecting,1
CRM002904,2018-09-01,90001020,A3320150504,China,Rep-19,Customer raised concerns about product availability and delayed delivery.,Prospecting,0
CRM002905,2021-04-01,90019201,A3119150301,Sweden,Rep-11,Customer asked for more information about the premium variant.,Proposal,0
CRM002906,2020-04-01,90011185,A0721150403,France,Rep-21,Customer raised concerns about product availability and delayed delivery.,Qualified,0
CRM002907,2020-02-01,90019201,A3718150101,Sweden,Rep-04,Customer requested a better commercial offer before renewing the purchase.,Proposal,0
CRM002908,2021-03-01,70003181,A3819150205,Indonesia,Rep-15,Customer is considering a competitor because our price is higher.,Qualified,1
CRM002909,2020-09-01,70016177,A4021150403,Poland,Rep-27,Customer is considering a competitor because our price is higher.,Prospecting,1
CRM002910,2020-10-01,90004067,A0821150503,Japan,Rep-01,Customer is satisfied with the product and is considering expanding the order.,Proposal,0
CRM002911,2020-11-01,90011191,A0118150103,France,Rep-03,Customer raised concerns about product availability and delayed delivery.,Negotiation,0
CRM002912,2020-12-01,90003180,A2520150505,Indonesia,Rep-10,Customer asked for more information about the premium variant.,Renewal,0
CRM002913,2019-08-01,70014142,A2918150106,Netherlands,Rep-27,Customer is considering a competitor because our price is higher.,Proposal,1
CRM002914,2018-09-01,90019202,A3521150701,Sweden,Rep-26,Customer asked for more information about the premium variant.,Renewal,0
CRM002915,2020-01-01,90008166,A3018150202,Australia,Rep-18,Customer raised concerns about product availability and delayed delivery.,Negotiation,0
CRM002916,2019-02-01,70020104,A5318110102,Austria,Rep-24,Customer asked for more information about the premium variant.,Prospecting,0
CRM002917,2020-02-01,90017050,A4520110504,Portugal,Rep-22,Customer requested a better commercial offer before renewing the purchase.,Proposal,0
CRM002918,2020-02-01,90021093,A3818150201,United Kingdom,Rep-15,Customer asked for more information about the premium variant.,Qualified,0
CRM002919,2019-05-01,90016174,A3420150602,Poland,Rep-05,Customer asked for more information about the premium variant.,Renewal,0
CRM002920,2019-04-01,90012034,A2821150806,Germany,Rep-25,Customer mentioned a competitor's promotional pricing.,Qualified,1
CRM002921,2021-01-01,90018108,A5419110204,Spain,Rep-28,Customer is considering a competitor because our price is higher.,Prospecting,1
CRM002922,2019-10-01,90005162,A5318110107,Pakistan,Rep-24,Customer is satisfied with the product and is considering expanding the order.,Renewal,0
CRM002923,2021-08-01,90001021,A2620150602,China,Rep-08,Customer is considering a competitor because our price is higher.,Renewal,1
CRM002924,2020-05-01,90005160,A2520150505,Pakistan,Rep-27,Customer mentioned a competitor's promotional pricing.,Proposal,1
CRM002925,2020-12-01,70020104,A2721150704,Austria,Rep-14,Customer is satisfied with the product and is considering expanding the order.,Proposal,0
CRM002926,2019-04-01,90010046,A0821150504,Bangladesh,Rep-28,Customer mentioned a competitor's promotional pricing.,Proposal,1
CRM002927,2021-07-01,90012033,A2020150501,Germany,Rep-20,Customer raised concerns about product availability and delayed delivery.,Prospecting,0
CRM002928,2020-12-01,90009129,A2721150705,Newzealand,Rep-27,Customer raised concerns about product availability and delayed delivery.,Negotiation,0
CRM002929,2021-04-01,90012040,A5621110405,Germany,Rep-09,Customer raised concerns about product availability and delayed delivery.,Qualified,0
CRM002930,2018-12-01,90010045,A7219160201,Bangladesh,Rep-23,Customer asked for more information about the premium variant.,Renewal,0
CRM002931,2019-04-01,90003180,A0921150601,Indonesia,Rep-09,Customer raised concerns about product availability and delayed delivery.,Negotiation,0
CRM002932,2021-08-01,90013118,A4021150403,Italy,Rep-28,Customer asked for more information about the premium variant.,Qualified,0
CRM002933,2019-04-01,80007196,A5721110504,South Korea,Rep-09,Customer requested a better commercial offer before renewing the purchase.,Qualified,0
CRM002934,2019-09-01,90018105,A4419110406,Spain,Rep-01,Customer mentioned a competitor's promotional pricing.,Negotiation,1
CRM002935,2019-07-01,90023025,A4520110508,Canada,Rep-11,Customer is satisfied with the product and is considering expanding the order.,Negotiation,0
CRM002936,2020-02-01,70010047,A3521150702,Bangladesh,Rep-21,Customer raised concerns about product availability and delayed delivery.,Qualified,0
CRM002937,2020-04-01,90012040,A4419110405,Germany,Rep-07,Customer mentioned a competitor's promotional pricing.,Proposal,1
CRM002938,2020-12-01,90020102,A1521150603,Austria,Rep-11,Customer mentioned a competitor's promotional pricing.,Qualified,1
CRM002939,2021-05-01,90022075,A3420150601,USA,Rep-18,Customer is considering a competitor because our price is higher.,Renewal,1
CRM002940,2020-11-01,80007196,A2118150102,South Korea,Rep-19,Customer requested a better commercial offer before renewing the purchase.,Negotiation,0
CRM002941,2019-10-01,80006155,A4821110807,Philiphines,Rep-27,Customer requested a better commercial offer before renewing the purchase.,Proposal,0
CRM002942,2019-12-01,90022082,A0519150208,USA,Rep-23,Customer raised concerns about product availability and delayed delivery.,Prospecting,0
CRM002943,2019-01-01,90005162,A6918160303,Pakistan,Rep-03,Customer asked for more information about the premium variant.,Renewal,0
CRM002944,2021-02-01,90005162,A6120110207,Pakistan,Rep-15,Customer is satisfied with the product and is considering expanding the order.,Prospecting,0
CRM002945,2021-03-01,90016174,A0320150301,Poland,Rep-11,Customer is satisfied with the product and is considering expanding the order.,Negotiation,0
CRM002946,2020-11-01,90015149,A2419150401,Norway,Rep-18,Customer is satisfied with the product and is considering expanding the order.,Proposal,0
CRM002947,2020-06-01,80007196,A4520110504,South Korea,Rep-16,Customer mentioned a competitor's promotional pricing.,Prospecting,1
CRM002948,2020-12-01,90009127,A1018150101,Newzealand,Rep-08,Customer is satisfied with the product and is considering expanding the order.,Qualified,0
CRM002949,2019-06-01,90022075,A4620110602,USA,Rep-12,Customer mentioned a competitor's promotional pricing.,Proposal,1
CRM002950,2019-06-01,90002013,A3621150805,India,Rep-04,Customer is satisfied with the product and is considering expanding the order.,Qualified,0
CRM002951,2019-11-01,90008165,A6919160302,Australia,Rep-17,Customer requested a better commercial offer before renewing the purchase.,Qualified,0
CRM002952,2021-08-01,70006158,A0321150303,Philiphines,Rep-23,Customer is considering a competitor because our price is higher.,Renewal,1
CRM002953,2018-11-01,90010045,A6319160202,Bangladesh,Rep-18,Customer is considering a competitor because our price is higher.,Negotiation,1
CRM002954,2019-12-01,70019204,A4520110504,Sweden,Rep-09,Customer mentioned a competitor's promotional pricing.,Proposal,1
CRM002955,2020-06-01,70008169,A1920150404,Australia,Rep-29,Customer requested a better commercial offer before renewing the purchase.,Proposal,0
CRM002956,2021-04-01,90004064,A3521150704,Japan,Rep-29,Customer raised concerns about product availability and delayed delivery.,Proposal,0
CRM002957,2020-11-01,70005163,A0418150102,Pakistan,Rep-22,Customer mentioned a competitor's promotional pricing.,Qualified,1
CRM002958,2021-08-01,90011187,A2918150104,France,Rep-11,Customer raised concerns about product availability and delayed delivery.,Proposal,0
CRM002959,2020-04-01,80001019,A2219150205,China,Rep-18,Customer raised concerns about product availability and delayed delivery.,Negotiation,0
CRM002960,2019-11-01,90015148,A2720150701,Norway,Rep-02,Customer is satisfied with the product and is considering expanding the order.,Proposal,0
CRM002961,2021-06-01,70020104,A2620150606,Austria,Rep-24,Customer is considering a competitor because our price is higher.,Proposal,1
CRM002962,2021-03-01,70005163,A3819150203,Pakistan,Rep-25,Customer asked for more information about the premium variant.,Prospecting,0
CRM002963,2021-01-01,70012043,A3920150301,Germany,Rep-24,Customer is considering a competitor because our price is higher.,Proposal,1
CRM002964,2020-10-01,70013125,A2118150105,Italy,Rep-27,Customer requested a better commercial offer before renewing the purchase.,Renewal,0
CRM002965,2021-08-01,90019203,A1420150501,Sweden,Rep-22,Customer is satisfied with the product and is considering expanding the order.,Proposal,0
CRM002966,2018-09-01,90020097,A2620150605,Austria,Rep-02,Customer asked for more information about the premium variant.,Qualified,0
CRM002967,2020-08-01,70011193,A3420150602,France,Rep-19,Customer asked for more information about the premium variant.,Qualified,0
CRM002968,2019-09-01,90017059,A4419110401,Portugal,Rep-08,Customer requested a better commercial offer before renewing the purchase.,Qualified,0
CRM002969,2021-06-01,90001020,A3019150204,China,Rep-08,Customer is satisfied with the product and is considering expanding the order.,Qualified,0
CRM002970,2020-02-01,90008167,A3521150705,Australia,Rep-10,Customer raised concerns about product availability and delayed delivery.,Proposal,0
CRM002971,2020-01-01,90015150,A6818160201,Norway,Rep-02,Customer is satisfied with the product and is considering expanding the order.,Qualified,0
CRM002972,2020-11-01,70011193,A2821150806,France,Rep-24,Customer is satisfied with the product and is considering expanding the order.,Proposal,0
CRM002973,2020-11-01,90011191,A7119160102,France,Rep-18,Customer raised concerns about product availability and delayed delivery.,Negotiation,0
CRM002974,2018-10-01,90016174,A7118160101,Poland,Rep-18,Customer raised concerns about product availability and delayed delivery.,Qualified,0
CRM002975,2018-12-01,90018112,A1119150203,Spain,Rep-05,Customer raised concerns about product availability and delayed delivery.,Proposal,0
CRM002976,2020-10-01,70011194,A0418150107,France,Rep-14,Customer requested a better commercial offer before renewing the purchase.,Renewal,0
CRM002977,2020-06-01,90010045,A2620150604,Bangladesh,Rep-30,Customer is considering a competitor because our price is higher.,Qualified,1
CRM002978,2020-01-01,70003182,A0921150601,Indonesia,Rep-26,Customer is satisfied with the product and is considering expanding the order.,Renewal,0
CRM002979,2018-10-01,90012041,A6018110105,Germany,Rep-11,Customer is satisfied with the product and is considering expanding the order.,Prospecting,0
CRM002980,2019-01-01,90022078,A7321160301,USA,Rep-08,Customer raised concerns about product availability and delayed delivery.,Qualified,0
CRM002981,2019-12-01,90014136,A4821110807,Netherlands,Rep-08,Customer is satisfied with the product and is considering expanding the order.,Proposal,0
CRM002982,2020-11-01,90010046,A4419110401,Bangladesh,Rep-07,Customer is satisfied with the product and is considering expanding the order.,Negotiation,0
CRM002983,2020-09-01,90008166,A6918160303,Australia,Rep-22,Customer requested a better commercial offer before renewing the purchase.,Negotiation,0
CRM002984,2021-08-01,80006155,A2620150605,Philiphines,Rep-19,Customer is satisfied with the product and is considering expanding the order.,Proposal,0
CRM002985,2020-11-01,90019202,A5318110103,Sweden,Rep-03,Customer is considering a competitor because our price is higher.,Negotiation,1
CRM002986,2020-07-01,90016176,A2319150301,Poland,Rep-01,Customer raised concerns about product availability and delayed delivery.,Qualified,0
CRM002987,2018-10-01,90001020,A2620150604,China,Rep-30,Customer requested a better commercial offer before renewing the purchase.,Prospecting,0
CRM002988,2018-10-01,80006154,A0620150303,Philiphines,Rep-18,Customer is considering a competitor because our price is higher.,Proposal,1
CRM002989,2020-05-01,80006154,A1521150601,Philiphines,Rep-10,Customer requested a better commercial offer before renewing the purchase.,Renewal,0
CRM002990,2020-01-01,90001021,A5520110307,China,Rep-29,Customer asked for more information about the premium variant.,Negotiation,0
CRM002991,2019-04-01,70019204,A4519110502,Sweden,Rep-26,Customer mentioned a competitor's promotional pricing.,Qualified,1
CRM002992,2021-03-01,90019202,A4419110406,Sweden,Rep-12,Customer is considering a competitor because our price is higher.,Renewal,1
CRM002993,2021-01-01,70010047,A5620110402,Bangladesh,Rep-03,Customer is satisfied with the product and is considering expanding the order.,Qualified,0
CRM002994,2018-12-01,70011194,A5419110202,France,Rep-30,Customer is satisfied with the product and is considering expanding the order.,Qualified,0
CRM002995,2020-11-01,90014136,A3621150806,Netherlands,Rep-30,Customer asked for more information about the premium variant.,Renewal,0
CRM002996,2019-12-01,70019204,A3019150206,Sweden,Rep-18,Customer is satisfied with the product and is considering expanding the order.,Renewal,0
CRM002997,2021-08-01,90016175,A3920150305,Poland,Rep-05,Customer raised concerns about product availability and delayed delivery.,Qualified,0
CRM002998,2021-06-01,90003180,A1018150101,Indonesia,Rep-21,Customer mentioned a competitor's promotional pricing.,Proposal,1
CRM002999,2020-11-01,90003179,A1618150103,Indonesia,Rep-11,Customer requested a better commercial offer before renewing the purchase.,Proposal,0
CRM003000,2019-11-01,90012035,A6720160103,Germany,Rep-02,Customer is considering a competitor because our price is higher.,Proposal,1
CRM003001,2019-06-01,90020101,A4319110304,Austria,Rep-05,Customer mentioned a competitor's promotional pricing.,Prospecting,1
CRM003002,2020-02-01,90004067,A0921150601,Japan,Rep-03,Customer mentioned a competitor's promotional pricing.,Proposal,1
CRM003003,2018-11-01,90014136,A2821150802,Netherlands,Rep-19,Customer raised concerns about product availability and delayed delivery.,Negotiation,0
CRM003004,2020-05-01,90008165,A2419150402,Australia,Rep-13,Customer raised concerns about product availability and delayed delivery.,Prospecting,0
CRM003005,2020-06-01,90020098,A1018150102,Austria,Rep-01,Customer raised concerns about product availability and delayed delivery.,Renewal,0
CRM003006,2019-08-01,80007196,A1819150304,South Korea,Rep-25,Customer requested a better commercial offer before renewing the purchase.,Qualified,0
CRM003007,2020-07-01,90017049,A3819150205,Portugal,Rep-30,Customer is satisfied with the product and is considering expanding the order.,Renewal,0
CRM003008,2018-12-01,90010046,A6921160301,Bangladesh,Rep-01,Customer raised concerns about product availability and delayed delivery.,Negotiation,0
CRM003009,2019-02-01,90013119,A5318110108,Italy,Rep-12,Customer requested a better commercial offer before renewing the purchase.,Renewal,0
CRM003010,2020-04-01,90008164,A5419110202,Australia,Rep-08,Customer requested a better commercial offer before renewing the purchase.,Prospecting,0
CRM003011,2020-07-01,70015152,A3521150702,Norway,Rep-07,Customer raised concerns about product availability and delayed delivery.,Proposal,0
CRM003012,2020-03-01,80006154,A6119110201,Philiphines,Rep-07,Customer raised concerns about product availability and delayed delivery.,Qualified,0
CRM003013,2021-07-01,80001019,A4118110102,China,Rep-08,Customer is considering a competitor because our price is higher.,Negotiation,1
CRM003014,2020-02-01,90007197,A2918150105,South Korea,Rep-04,Customer requested a better commercial offer before renewing the purchase.,Proposal,0
CRM003015,2019-12-01,90021087,A4821110806,United Kingdom,Rep-02,Customer mentioned a competitor's promotional pricing.,Prospecting,1
CRM003016,2019-06-01,90009130,A3220150406,Newzealand,Rep-24,Customer is satisfied with the product and is considering expanding the order.,Renewal,0
CRM003017,2021-06-01,90012033,A2520150505,Germany,Rep-19,Customer is considering a competitor because our price is higher.,Negotiation,1
CRM003018,2019-03-01,90022077,A0620150305,USA,Rep-12,Customer mentioned a competitor's promotional pricing.,Qualified,1
CRM003019,2019-07-01,90017055,A4620110601,Portugal,Rep-29,Customer is satisfied with the product and is considering expanding the order.,Renewal,0
CRM003020,2019-03-01,90001020,A6818160202,China,Rep-04,Customer mentioned a competitor's promotional pricing.,Negotiation,1
CRM003021,2020-06-01,90013119,A3119150301,Italy,Rep-30,Customer asked for more information about the premium variant.,Qualified,0
CRM003022,2021-01-01,90021089,A3920150301,United Kingdom,Rep-14,Customer raised concerns about product availability and delayed delivery.,Renewal,0
CRM003023,2019-01-01,70007199,A6018110101,South Korea,Rep-12,Customer is considering a competitor because our price is higher.,Renewal,1
CRM003024,2021-03-01,90023024,A2420150406,Canada,Rep-06,Customer is considering a competitor because our price is higher.,Prospecting,1
CRM003025,2021-05-01,90006153,A3018150202,Philiphines,Rep-10,Customer is considering a competitor because our price is higher.,Proposal,1
CRM003026,2021-03-01,70005163,A3120150304,Pakistan,Rep-05,Customer requested a better commercial offer before renewing the purchase.,Prospecting,0
CRM003027,2019-06-01,90014141,A4218110206,Netherlands,Rep-29,Customer is satisfied with the product and is considering expanding the order.,Proposal,0
CRM003028,2018-11-01,90017050,A4318110301,Portugal,Rep-29,Customer is satisfied with the product and is considering expanding the order.,Proposal,0
CRM003029,2019-07-01,90017059,A1919150401,Portugal,Rep-24,Customer requested a better commercial offer before renewing the purchase.,Proposal,0
CRM003030,2019-05-01,70008169,A2319150305,Australia,Rep-17,Customer asked for more information about the premium variant.,Proposal,0
CRM003031,2020-12-01,90010046,A4118110107,Bangladesh,Rep-23,Customer is considering a competitor because our price is higher.,Negotiation,1
CRM003032,2019-02-01,90020097,A2918150102,Austria,Rep-02,Customer requested a better commercial offer before renewing the purchase.,Negotiation,0
CRM003033,2021-07-01,80006155,A4721110706,Philiphines,Rep-22,Customer requested a better commercial offer before renewing the purchase.,Renewal,0
CRM003034,2019-03-01,90013122,A1618150101,Italy,Rep-10,Customer is satisfied with the product and is considering expanding the order.,Negotiation,0
CRM003035,2020-12-01,70019204,A4118110102,Sweden,Rep-10,Customer is considering a competitor because our price is higher.,Qualified,1
CRM003036,2019-12-01,90004063,A2918150102,Japan,Rep-04,Customer asked for more information about the premium variant.,Proposal,0
CRM003037,2021-01-01,90010044,A4118110105,Bangladesh,Rep-17,Customer requested a better commercial offer before renewing the purchase.,Negotiation,0
CRM003038,2021-03-01,90022077,A2419150405,USA,Rep-07,Customer is considering a competitor because our price is higher.,Qualified,1
CRM003039,2019-12-01,90021095,A3018150202,United Kingdom,Rep-02,Customer asked for more information about the premium variant.,Negotiation,0
CRM003040,2021-05-01,70008170,A4218110206,Australia,Rep-22,Customer is considering a competitor because our price is higher.,Negotiation,1
CRM003041,2019-05-01,90005162,A5419110205,Pakistan,Rep-22,Customer is satisfied with the product and is considering expanding the order.,Qualified,0
CRM003042,2020-12-01,90020103,A6918160303,Austria,Rep-23,Customer mentioned a competitor's promotional pricing.,Negotiation,1
CRM003043,2021-03-01,90020098,A1920150404,Austria,Rep-27,Customer asked for more information about the premium variant.,Proposal,0
CRM003044,2021-07-01,90015145,A0321150302,Norway,Rep-12,Customer mentioned a competitor's promotional pricing.,Proposal,1
CRM003045,2021-04-01,70006158,A5520110308,Philiphines,Rep-17,Customer asked for more information about the premium variant.,Proposal,0
CRM003046,2020-10-01,90004068,A0619150301,Japan,Rep-24,Customer is considering a competitor because our price is higher.,Proposal,1
CRM003047,2018-09-01,90003179,A3120150305,Indonesia,Rep-15,Customer requested a better commercial offer before renewing the purchase.,Prospecting,0
CRM003048,2020-03-01,90020103,A4620110605,Austria,Rep-19,Customer is considering a competitor because our price is higher.,Prospecting,1
CRM003049,2019-09-01,90008168,A0418150101,Australia,Rep-17,Customer raised concerns about product availability and delayed delivery.,Proposal,0
CRM003050,2019-01-01,90015147,A3018150202,Norway,Rep-03,Customer requested a better commercial offer before renewing the purchase.,Proposal,0
CRM003051,2019-09-01,70007198,A4821110807,South Korea,Rep-22,Customer requested a better commercial offer before renewing the purchase.,Renewal,0
CRM003052,2019-09-01,90018108,A2821150806,Spain,Rep-09,Customer asked for more information about the premium variant.,Negotiation,0
CRM003053,2020-03-01,90009127,A0721150404,Newzealand,Rep-25,Customer is considering a competitor because our price is higher.,Proposal,1
CRM003054,2021-08-01,90013121,A0921150603,Italy,Rep-27,Customer is satisfied with the product and is considering expanding the order.,Qualified,0
CRM003055,2021-08-01,90007197,A1718150203,South Korea,Rep-16,Customer is satisfied with the product and is considering expanding the order.,Proposal,0
CRM003056,2019-10-01,90021086,A3320150501,United Kingdom,Rep-10,Customer asked for more information about the premium variant.,Renewal,0
CRM003057,2019-07-01,80007196,A2319150305,South Korea,Rep-15,Customer asked for more information about the premium variant.,Renewal,0
CRM003058,2020-08-01,90002001,A4118110105,India,Rep-14,Customer asked for more information about the premium variant.,Proposal,0
CRM003059,2020-05-01,90017059,A5721110507,Portugal,Rep-27,Customer asked for more information about the premium variant.,Qualified,0
CRM003060,2019-10-01,90023025,A2219150206,Canada,Rep-01,Customer mentioned a competitor's promotional pricing.,Qualified,1
CRM003061,2019-10-01,90022083,A4118110105,USA,Rep-21,Customer asked for more information about the premium variant.,Renewal,0
CRM003062,2020-11-01,90016173,A4118110107,Poland,Rep-21,Customer asked for more information about the premium variant.,Negotiation,0
CRM003063,2019-02-01,80001019,A4620110604,China,Rep-16,Customer is satisfied with the product and is considering expanding the order.,Negotiation,0
CRM003064,2019-06-01,90005161,A0821150504,Pakistan,Rep-14,Customer mentioned a competitor's promotional pricing.,Renewal,1
CRM003065,2020-06-01,90015148,A6520160403,Norway,Rep-20,Customer asked for more information about the premium variant.,Qualified,0
CRM003066,2020-07-01,90023024,A1819150303,Canada,Rep-16,Customer asked for more information about the premium variant.,Renewal,0
CRM003067,2021-08-01,70010048,A4419110402,Bangladesh,Rep-27,Customer requested a better commercial offer before renewing the purchase.,Negotiation,0
CRM003068,2019-10-01,90022074,A3521150701,USA,Rep-18,Customer is considering a competitor because our price is higher.,Renewal,1
CRM003069,2021-01-01,70021096,A4419110407,United Kingdom,Rep-07,Customer is satisfied with the product and is considering expanding the order.,Negotiation,0
CRM003070,2021-03-01,90016173,A0118150101,Poland,Rep-25,Customer is considering a competitor because our price is higher.,Renewal,1
CRM003071,2019-02-01,90012040,A5520110305,Germany,Rep-26,Customer mentioned a competitor's promotional pricing.,Prospecting,1
CRM003072,2021-05-01,90005161,A1319150401,Pakistan,Rep-12,Customer mentioned a competitor's promotional pricing.,Negotiation,1
CRM003073,2019-07-01,90022080,A4721110705,USA,Rep-02,Customer requested a better commercial offer before renewing the purchase.,Proposal,0
CRM003074,2020-08-01,90022071,A5519110301,USA,Rep-20,Customer mentioned a competitor's promotional pricing.,Proposal,1
CRM003075,2020-09-01,90011187,A4021150403,France,Rep-23,Customer raised concerns about product availability and delayed delivery.,Negotiation,0
CRM003076,2021-06-01,90022081,A5721110505,USA,Rep-12,Customer mentioned a competitor's promotional pricing.,Negotiation,1
CRM003077,2021-01-01,90020098,A4419110401,Austria,Rep-02,Customer is satisfied with the product and is considering expanding the order.,Proposal,0
CRM003078,2020-12-01,70010048,A1420150502,Bangladesh,Rep-29,Customer mentioned a competitor's promotional pricing.,Qualified,1
CRM003079,2019-07-01,90013123,A2520150504,Italy,Rep-17,Customer requested a better commercial offer before renewing the purchase.,Negotiation,0
CRM003080,2021-03-01,90010045,A7321160303,Bangladesh,Rep-29,Customer mentioned a competitor's promotional pricing.,Negotiation,1
CRM003081,2021-08-01,90009129,A6620160502,Newzealand,Rep-07,Customer is considering a competitor because our price is higher.,Proposal,1
CRM003082,2020-04-01,90003179,A4620110607,Indonesia,Rep-04,Customer asked for more information about the premium variant.,Proposal,0
CRM003083,2021-07-01,90004064,A2620150606,Japan,Rep-26,Customer requested a better commercial offer before renewing the purchase.,Proposal,0
CRM003084,2020-06-01,90003179,A2021150503,Indonesia,Rep-17,Customer is satisfied with the product and is considering expanding the order.,Qualified,0
CRM003085,2019-11-01,90003180,A2020150501,Indonesia,Rep-18,Customer is considering a competitor because our price is higher.,Renewal,1
CRM003086,2020-05-01,70011193,A3718150103,France,Rep-01,Customer is considering a competitor because our price is higher.,Proposal,1
CRM003087,2021-07-01,90009128,A2319150301,Newzealand,Rep-09,Customer requested a better commercial offer before renewing the purchase.,Negotiation,0
CRM003088,2020-01-01,70016178,A6419160303,Poland,Rep-22,Customer requested a better commercial offer before renewing the purchase.,Renewal,0
CRM003089,2019-06-01,90020102,A6720160103,Austria,Rep-04,Customer mentioned a competitor's promotional pricing.,Prospecting,1
CRM003090,2019-06-01,90018112,A0921150601,Spain,Rep-18,Customer asked for more information about the premium variant.,Prospecting,0
CRM003091,2021-05-01,90015149,A5520110308,Norway,Rep-29,Customer mentioned a competitor's promotional pricing.,Proposal,1
CRM003092,2020-11-01,70023032,A4118110104,Canada,Rep-18,Customer is satisfied with the product and is considering expanding the order.,Negotiation,0
CRM003093,2020-07-01,90023027,A6718160102,Canada,Rep-04,Customer mentioned a competitor's promotional pricing.,Prospecting,1
CRM003094,2020-02-01,70012042,A1521150601,Germany,Rep-26,Customer mentioned a competitor's promotional pricing.,Qualified,1
CRM003095,2019-06-01,70009133,A5318110105,Newzealand,Rep-14,Customer is satisfied with the product and is considering expanding the order.,Renewal,0
CRM003096,2020-05-01,90001021,A3220150404,China,Rep-19,Customer is considering a competitor because our price is higher.,Renewal,1
CRM003097,2018-11-01,70003181,A3120150304,Indonesia,Rep-17,Customer requested a better commercial offer before renewing the purchase.,Renewal,0
CRM003098,2020-02-01,90008165,A6119110203,Australia,Rep-20,Customer requested a better commercial offer before renewing the purchase.,Renewal,0
CRM003099,2018-11-01,90014136,A4821110808,Netherlands,Rep-14,Customer is considering a competitor because our price is higher.,Negotiation,1
CRM003100,2020-05-01,90022081,A4118110102,USA,Rep-01,Customer asked for more information about the premium variant.,Proposal,0
CRM003101,2019-02-01,90013119,A5721110502,Italy,Rep-17,Customer requested a better commercial offer before renewing the purchase.,Negotiation,0
CRM003102,2019-08-01,90023022,A2620150605,Canada,Rep-08,Customer mentioned a competitor's promotional pricing.,Qualified,1
CRM003103,2020-04-01,90012033,A2419150402,Germany,Rep-16,Customer raised concerns about product availability and delayed delivery.,Proposal,0
CRM003104,2019-10-01,90017053,A4721110704,Portugal,Rep-02,Customer is considering a competitor because our price is higher.,Negotiation,1
CRM003105,2021-01-01,90020101,A1618150103,Austria,Rep-18,Customer is satisfied with the product and is considering expanding the order.,Renewal,0
CRM003106,2018-12-01,90017055,A3521150704,Portugal,Rep-16,Customer mentioned a competitor's promotional pricing.,Proposal,1
CRM003107,2020-03-01,90014139,A4118110101,Netherlands,Rep-18,Customer mentioned a competitor's promotional pricing.,Proposal,1
CRM003108,2020-11-01,90005161,A5419110201,Pakistan,Rep-21,Customer asked for more information about the premium variant.,Qualified,0
CRM003109,2021-01-01,90023027,A3320150502,Canada,Rep-12,Customer mentioned a competitor's promotional pricing.,Negotiation,1
CRM003110,2021-05-01,90008166,A3718150101,Australia,Rep-26,Customer requested a better commercial offer before renewing the purchase.,Negotiation,0
CRM003111,2020-03-01,90014135,A4821110804,Netherlands,Rep-03,Customer requested a better commercial offer before renewing the purchase.,Qualified,0
CRM003112,2021-08-01,90014141,A2319150301,Netherlands,Rep-07,Customer mentioned a competitor's promotional pricing.,Qualified,1
CRM003113,2021-08-01,90004062,A6019110108,Japan,Rep-24,Customer asked for more information about the premium variant.,Prospecting,0
CRM003114,2019-10-01,90023028,A2721150704,Canada,Rep-28,Customer requested a better commercial offer before renewing the purchase.,Negotiation,0
CRM003115,2021-08-01,90023024,A2118150101,Canada,Rep-26,Customer asked for more information about the premium variant.,Negotiation,0
CRM003116,2020-01-01,80001019,A0418150102,China,Rep-07,Customer requested a better commercial offer before renewing the purchase.,Renewal,0
CRM003117,2021-08-01,70015151,A1118150201,Norway,Rep-12,Customer raised concerns about product availability and delayed delivery.,Negotiation,0
CRM003118,2018-10-01,90023026,A0118150102,Canada,Rep-02,Customer mentioned a competitor's promotional pricing.,Qualified,1
CRM003119,2019-10-01,90017053,A5721110502,Portugal,Rep-27,Customer is considering a competitor because our price is higher.,Renewal,1
CRM003120,2021-03-01,90014141,A6718160102,Netherlands,Rep-25,Customer asked for more information about the premium variant.,Proposal,0
CRM003121,2021-02-01,70012043,A7321160302,Germany,Rep-12,Customer requested a better commercial offer before renewing the purchase.,Qualified,0
CRM003122,2020-05-01,90015149,A5620110401,Norway,Rep-16,Customer mentioned a competitor's promotional pricing.,Proposal,1
CRM003123,2019-07-01,70011193,A3718150101,France,Rep-13,Customer mentioned a competitor's promotional pricing.,Qualified,1
CRM003124,2019-12-01,90022075,A5318110103,USA,Rep-28,Customer is satisfied with the product and is considering expanding the order.,Negotiation,0
CRM003125,2019-09-01,90023024,A0621150307,Canada,Rep-19,Customer is considering a competitor because our price is higher.,Negotiation,1
CRM003126,2019-06-01,70015152,A0921150601,Norway,Rep-04,Customer asked for more information about the premium variant.,Prospecting,0
CRM003127,2019-05-01,70003181,A3018150202,Indonesia,Rep-15,Customer is satisfied with the product and is considering expanding the order.,Proposal,0
CRM003128,2018-11-01,80007196,A5520110307,South Korea,Rep-01,Customer is considering a competitor because our price is higher.,Prospecting,1
CRM003129,2021-01-01,90023025,A2319150305,Canada,Rep-18,Customer is satisfied with the product and is considering expanding the order.,Renewal,0
CRM003130,2019-08-01,90016176,A3119150302,Poland,Rep-06,Customer asked for more information about the premium variant.,Proposal,0
CRM003131,2021-05-01,70016178,A6819160203,Poland,Rep-30,Customer is considering a competitor because our price is higher.,Proposal,1
CRM003132,2021-05-01,90022081,A7119160103,USA,Rep-30,Customer requested a better commercial offer before renewing the purchase.,Renewal,0
CRM003133,2019-02-01,90007197,A4118110107,South Korea,Rep-24,Customer asked for more information about the premium variant.,Renewal,0
CRM003134,2020-04-01,70009133,A3920150301,Newzealand,Rep-12,Customer is considering a competitor because our price is higher.,Qualified,1
CRM003135,2019-03-01,90018105,A4721110708,Spain,Rep-11,Customer asked for more information about the premium variant.,Negotiation,0
CRM003136,2021-02-01,90006153,A6419160303,Philiphines,Rep-26,Customer asked for more information about the premium variant.,Negotiation,0
CRM003137,2021-08-01,90020102,A4118110101,Austria,Rep-17,Customer is considering a competitor because our price is higher.,Negotiation,1
CRM003138,2019-10-01,70003182,A5318110103,Indonesia,Rep-08,Customer is satisfied with the product and is considering expanding the order.,Negotiation,0
CRM003139,2021-01-01,90018107,A4218110202,Spain,Rep-17,Customer asked for more information about the premium variant.,Proposal,0
CRM003140,2020-02-01,90004066,A3019150206,Japan,Rep-17,Customer is considering a competitor because our price is higher.,Negotiation,1
CRM003141,2021-08-01,90015150,A1618150104,Norway,Rep-16,Customer asked for more information about the premium variant.,Renewal,0
CRM003142,2018-12-01,70013125,A3920150305,Italy,Rep-22,Customer mentioned a competitor's promotional pricing.,Negotiation,1
CRM003143,2018-11-01,70007198,A7321160301,South Korea,Rep-21,Customer is satisfied with the product and is considering expanding the order.,Proposal,0
CRM003144,2021-06-01,90022074,A6119110203,USA,Rep-29,Customer requested a better commercial offer before renewing the purchase.,Prospecting,0
CRM003145,2018-09-01,70013126,A5621110403,Italy,Rep-04,Customer raised concerns about product availability and delayed delivery.,Negotiation,0
CRM003146,2020-10-01,90011191,A5419110202,France,Rep-19,Customer asked for more information about the premium variant.,Prospecting,0
CRM003147,2021-04-01,70006157,A4821110801,Philiphines,Rep-17,Customer raised concerns about product availability and delayed delivery.,Proposal,0
CRM003148,2020-09-01,90016173,A3320150501,Poland,Rep-17,Customer raised concerns about product availability and delayed delivery.,Negotiation,0
CRM003149,2019-01-01,90009128,A2419150404,Newzealand,Rep-11,Customer requested a better commercial offer before renewing the purchase.,Proposal,0
CRM003150,2019-09-01,90005161,A3521150702,Pakistan,Rep-03,Customer requested a better commercial offer before renewing the purchase.,Qualified,0
CRM003151,2020-05-01,70003181,A6018110102,Indonesia,Rep-13,Customer raised concerns about product availability and delayed delivery.,Prospecting,0
CRM003152,2019-12-01,90002012,A3120150305,India,Rep-03,Customer requested a better commercial offer before renewing the purchase.,Negotiation,0
CRM003153,2019-03-01,90010045,A6019110108,Bangladesh,Rep-15,Customer requested a better commercial offer before renewing the purchase.,Qualified,0
CRM003154,2019-01-01,70004069,A2118150105,Japan,Rep-10,Customer asked for more information about the premium variant.,Renewal,0
CRM003155,2018-09-01,80006154,A4821110802,Philiphines,Rep-10,Customer asked for more information about the premium variant.,Negotiation,0
CRM003156,2021-07-01,90018113,A2721150702,Spain,Rep-07,Customer mentioned a competitor's promotional pricing.,Prospecting,1
CRM003157,2021-05-01,70003181,A5318110107,Indonesia,Rep-24,Customer raised concerns about product availability and delayed delivery.,Qualified,0
CRM003158,2018-10-01,70013125,A5620110401,Italy,Rep-06,Customer requested a better commercial offer before renewing the purchase.,Qualified,0
CRM003159,2020-05-01,70007198,A6520160402,South Korea,Rep-29,Customer is satisfied with the product and is considering expanding the order.,Negotiation,0
CRM003160,2018-11-01,70006157,A2520150502,Philiphines,Rep-26,Customer requested a better commercial offer before renewing the purchase.,Prospecting,0
CRM003161,2021-08-01,90001021,A1521150602,China,Rep-27,Customer raised concerns about product availability and delayed delivery.,Qualified,0
CRM003162,2021-06-01,90021089,A6519160401,United Kingdom,Rep-13,Customer mentioned a competitor's promotional pricing.,Qualified,1
CRM003163,2020-05-01,90021094,A2021150503,United Kingdom,Rep-27,Customer asked for more information about the premium variant.,Proposal,0
CRM003164,2020-03-01,90016175,A2419150402,Poland,Rep-06,Customer is considering a competitor because our price is higher.,Proposal,1
CRM003165,2020-08-01,80001019,A1521150601,China,Rep-03,Customer mentioned a competitor's promotional pricing.,Prospecting,1
CRM003166,2018-12-01,90015145,A4620110604,Norway,Rep-05,Customer requested a better commercial offer before renewing the purchase.,Qualified,0
CRM003167,2020-10-01,90005159,A5419110205,Pakistan,Rep-12,Customer asked for more information about the premium variant.,Proposal,0
CRM003168,2020-12-01,70023031,A5419110202,Canada,Rep-08,Customer requested a better commercial offer before renewing the purchase.,Qualified,0
CRM003169,2021-03-01,90015148,A7119160103,Norway,Rep-04,Customer is satisfied with the product and is considering expanding the order.,Negotiation,0
CRM003170,2020-04-01,90008167,A6218160102,Australia,Rep-23,Customer is satisfied with the product and is considering expanding the order.,Prospecting,0
CRM003171,2019-03-01,70014143,A2020150501,Netherlands,Rep-01,Customer requested a better commercial offer before renewing the purchase.,Prospecting,0
CRM003172,2020-08-01,90020101,A0621150307,Austria,Rep-09,Customer is considering a competitor because our price is higher.,Qualified,1
CRM003173,2018-10-01,70010047,A1420150502,Bangladesh,Rep-16,Customer raised concerns about product availability and delayed delivery.,Qualified,0
CRM003174,2019-10-01,70022085,A1219150302,USA,Rep-08,Customer mentioned a competitor's promotional pricing.,Qualified,1
CRM003175,2020-03-01,70003181,A5519110302,Indonesia,Rep-14,Customer is considering a competitor because our price is higher.,Proposal,1
CRM003176,2020-10-01,90011185,A5721110504,France,Rep-03,Customer mentioned a competitor's promotional pricing.,Prospecting,1
CRM003177,2020-12-01,90003180,A3320150501,Indonesia,Rep-23,Customer raised concerns about product availability and delayed delivery.,Proposal,0
CRM003178,2020-01-01,90023030,A2821150806,Canada,Rep-23,Customer is considering a competitor because our price is higher.,Proposal,1
CRM003179,2019-08-01,70015152,A4218110207,Norway,Rep-01,Customer asked for more information about the premium variant.,Proposal,0
CRM003180,2020-09-01,90010045,A6018110105,Bangladesh,Rep-28,Customer is satisfied with the product and is considering expanding the order.,Negotiation,0
CRM003181,2021-06-01,90002016,A6018110101,India,Rep-09,Customer requested a better commercial offer before renewing the purchase.,Proposal,0
CRM003182,2021-05-01,90012035,A0721150404,Germany,Rep-26,Customer mentioned a competitor's promotional pricing.,Renewal,1
CRM003183,2019-09-01,90008164,A6018110103,Australia,Rep-28,Customer is satisfied with the product and is considering expanding the order.,Proposal,0
CRM003184,2020-12-01,70006157,A4520110508,Philiphines,Rep-14,Customer is considering a competitor because our price is higher.,Negotiation,1
CRM003185,2019-11-01,90020100,A6718160102,Austria,Rep-03,Customer raised concerns about product availability and delayed delivery.,Negotiation,0
CRM003186,2019-10-01,90008168,A6218160102,Australia,Rep-14,Customer is considering a competitor because our price is higher.,Negotiation,1
CRM003187,2019-06-01,90011185,A2319150305,France,Rep-19,Customer is considering a competitor because our price is higher.,Qualified,1
CRM003188,2021-01-01,90021089,A1320150402,United Kingdom,Rep-22,Customer is considering a competitor because our price is higher.,Proposal,1
CRM003189,2020-07-01,80001019,A4821110806,China,Rep-19,Customer asked for more information about the premium variant.,Proposal,0
CRM003190,2020-02-01,90013118,A6918160303,Italy,Rep-07,Customer asked for more information about the premium variant.,Negotiation,0
CRM003191,2020-02-01,90013119,A1219150301,Italy,Rep-09,Customer raised concerns about product availability and delayed delivery.,Renewal,0
CRM003192,2019-06-01,90005162,A4519110501,Pakistan,Rep-14,Customer is considering a competitor because our price is higher.,Qualified,1
CRM003193,2020-07-01,90021087,A5621110403,United Kingdom,Rep-07,Customer mentioned a competitor's promotional pricing.,Qualified,1
CRM003194,2021-05-01,90011186,A5318110105,France,Rep-01,Customer raised concerns about product availability and delayed delivery.,Negotiation,0
CRM003195,2021-06-01,90014141,A7220160203,Netherlands,Rep-02,Customer is satisfied with the product and is considering expanding the order.,Renewal,0
CRM003196,2018-09-01,90005159,A4218110202,Pakistan,Rep-20,Customer is satisfied with the product and is considering expanding the order.,Qualified,0
CRM003197,2018-12-01,70007199,A2918150101,South Korea,Rep-10,Customer is considering a competitor because our price is higher.,Qualified,1
CRM003198,2019-12-01,90002008,A0418150102,India,Rep-07,Customer asked for more information about the premium variant.,Negotiation,0
CRM003199,2019-11-01,90020101,A6419160301,Austria,Rep-25,Customer requested a better commercial offer before renewing the purchase.,Proposal,0
CRM003200,2019-07-01,90001020,A4620110601,China,Rep-23,Customer is satisfied with the product and is considering expanding the order.,Proposal,0
CRM003201,2020-09-01,90003180,A2419150405,Indonesia,Rep-21,Customer mentioned a competitor's promotional pricing.,Proposal,1
CRM003202,2019-08-01,90018113,A7219160201,Spain,Rep-07,Customer is considering a competitor because our price is higher.,Qualified,1
CRM003203,2020-04-01,90003180,A2118150106,Indonesia,Rep-19,Customer is considering a competitor because our price is higher.,Proposal,1
CRM003204,2020-05-01,90008167,A2520150502,Australia,Rep-04,Customer raised concerns about product availability and delayed delivery.,Prospecting,0
CRM003205,2020-03-01,90011189,A6419160301,France,Rep-30,Customer mentioned a competitor's promotional pricing.,Prospecting,1
CRM003206,2019-08-01,90023023,A6621160503,Canada,Rep-28,Customer mentioned a competitor's promotional pricing.,Renewal,1
CRM003207,2021-07-01,90018109,A5520110305,Spain,Rep-15,Customer asked for more information about the premium variant.,Renewal,0
CRM003208,2019-07-01,90013122,A4419110402,Italy,Rep-30,Customer requested a better commercial offer before renewing the purchase.,Proposal,0
CRM003209,2021-04-01,80001019,A3819150205,China,Rep-24,Customer is satisfied with the product and is considering expanding the order.,Negotiation,0
CRM003210,2019-06-01,90016175,A4620110606,Poland,Rep-08,Customer asked for more information about the premium variant.,Negotiation,0
CRM003211,2018-12-01,90004061,A2118150101,Japan,Rep-27,Customer is considering a competitor because our price is higher.,Proposal,1
CRM003212,2021-01-01,70002018,A1718150203,India,Rep-08,Customer asked for more information about the premium variant.,Renewal,0
CRM003213,2019-09-01,90022081,A0219150201,USA,Rep-23,Customer raised concerns about product availability and delayed delivery.,Qualified,0
CRM003214,2021-02-01,90022079,A3120150304,USA,Rep-26,Customer asked for more information about the premium variant.,Proposal,0
CRM003215,2018-09-01,90006156,A6219160103,Philiphines,Rep-11,Customer is satisfied with the product and is considering expanding the order.,Qualified,0
CRM003216,2020-02-01,90009128,A4118110101,Newzealand,Rep-06,Customer is considering a competitor because our price is higher.,Qualified,1
CRM003217,2019-11-01,80006154,A3920150301,Philiphines,Rep-20,Customer is considering a competitor because our price is higher.,Prospecting,1
CRM003218,2020-10-01,80001019,A4720110701,China,Rep-25,Customer asked for more information about the premium variant.,Proposal,0
CRM003219,2019-07-01,90006153,A1421150503,Philiphines,Rep-11,Customer mentioned a competitor's promotional pricing.,Negotiation,1
CRM003220,2021-04-01,90022080,A5419110204,USA,Rep-05,Customer requested a better commercial offer before renewing the purchase.,Qualified,0
CRM003221,2020-08-01,90018106,A6119110203,Spain,Rep-20,Customer mentioned a competitor's promotional pricing.,Negotiation,1
CRM003222,2020-09-01,90014141,A0321150303,Netherlands,Rep-11,Customer is considering a competitor because our price is higher.,Proposal,1
CRM003223,2018-10-01,90017049,A1618150104,Portugal,Rep-22,Customer is satisfied with the product and is considering expanding the order.,Negotiation,0
CRM003224,2020-03-01,90019201,A6119110202,Sweden,Rep-29,Customer is considering a competitor because our price is higher.,Negotiation,1
CRM003225,2019-05-01,90001020,A4721110705,China,Rep-16,Customer asked for more information about the premium variant.,Qualified,0
CRM003226,2021-05-01,90002013,A2620150605,India,Rep-27,Customer mentioned a competitor's promotional pricing.,Prospecting,1
CRM003227,2019-01-01,90009128,A3421150606,Newzealand,Rep-27,Customer requested a better commercial offer before renewing the purchase.,Qualified,0
CRM003228,2020-04-01,90009127,A5519110301,Newzealand,Rep-16,Customer asked for more information about the premium variant.,Renewal,0
CRM003229,2019-01-01,70015152,A5519110302,Norway,Rep-24,Customer asked for more information about the premium variant.,Proposal,0
CRM003230,2020-11-01,90022083,A4118110107,USA,Rep-29,Customer is satisfied with the product and is considering expanding the order.,Prospecting,0
CRM003231,2018-11-01,90008166,A4620110607,Australia,Rep-14,Customer is considering a competitor because our price is higher.,Renewal,1
CRM003232,2020-01-01,90020099,A0519150202,Austria,Rep-04,Customer is considering a competitor because our price is higher.,Qualified,1
CRM003233,2019-03-01,90019201,A5419110207,Sweden,Rep-12,Customer is considering a competitor because our price is higher.,Negotiation,1
CRM003234,2019-07-01,70005163,A4020150401,Pakistan,Rep-18,Customer is satisfied with the product and is considering expanding the order.,Negotiation,0
CRM003235,2019-02-01,90023022,A6018110102,Canada,Rep-18,Customer raised concerns about product availability and delayed delivery.,Negotiation,0
CRM003236,2019-10-01,70003181,A2020150501,Indonesia,Rep-22,Customer raised concerns about product availability and delayed delivery.,Proposal,0
CRM003237,2020-02-01,90018107,A1521150603,Spain,Rep-15,Customer asked for more information about the premium variant.,Qualified,0
CRM003238,2020-08-01,70007199,A2918150106,South Korea,Rep-09,Customer is satisfied with the product and is considering expanding the order.,Qualified,0
CRM003239,2020-01-01,90015150,A6319160202,Norway,Rep-14,Customer mentioned a competitor's promotional pricing.,Proposal,1
CRM003240,2021-06-01,90014141,A2319150301,Netherlands,Rep-03,Customer is considering a competitor because our price is higher.,Negotiation,1
CRM003241,2019-02-01,90017054,A3220150401,Portugal,Rep-07,Customer is satisfied with the product and is considering expanding the order.,Renewal,0
CRM003242,2020-02-01,90001021,A6018110105,China,Rep-09,Customer mentioned a competitor's promotional pricing.,Qualified,1
CRM003243,2021-01-01,90008167,A1119150203,Australia,Rep-11,Customer requested a better commercial offer before renewing the purchase.,Proposal,0
CRM003244,2020-01-01,90007197,A2218150201,South Korea,Rep-26,Customer requested a better commercial offer before renewing the purchase.,Negotiation,0
CRM003245,2020-06-01,90011186,A6919160302,France,Rep-19,Customer asked for more information about the premium variant.,Negotiation,0
CRM003246,2019-10-01,70008169,A4419110405,Australia,Rep-21,Customer mentioned a competitor's promotional pricing.,Prospecting,1
CRM003247,2020-01-01,90004065,A7321160302,Japan,Rep-23,Customer asked for more information about the premium variant.,Prospecting,0
CRM003248,2021-06-01,90023026,A2821150805,Canada,Rep-09,Customer raised concerns about product availability and delayed delivery.,Negotiation,0
CRM003249,2019-12-01,90023022,A0418150107,Canada,Rep-21,Customer is satisfied with the product and is considering expanding the order.,Proposal,0
CRM003250,2019-03-01,70009134,A0418150107,Newzealand,Rep-30,Customer mentioned a competitor's promotional pricing.,Negotiation,1
CRM003251,2021-03-01,90015147,A0721150404,Norway,Rep-04,Customer mentioned a competitor's promotional pricing.,Proposal,1
CRM003252,2021-05-01,90022081,A4118110105,USA,Rep-30,Customer raised concerns about product availability and delayed delivery.,Proposal,0
CRM003253,2021-01-01,90017059,A1521150601,Portugal,Rep-23,Customer requested a better commercial offer before renewing the purchase.,Proposal,0
CRM003254,2020-10-01,90022078,A5318110101,USA,Rep-29,Customer requested a better commercial offer before renewing the purchase.,Proposal,0
CRM003255,2019-09-01,90016173,A5621110404,Poland,Rep-28,Customer raised concerns about product availability and delayed delivery.,Renewal,0
CRM003256,2020-09-01,90018109,A3220150402,Spain,Rep-28,Customer is satisfied with the product and is considering expanding the order.,Prospecting,0
CRM003257,2021-01-01,90002003,A6018110102,India,Rep-24,Customer requested a better commercial offer before renewing the purchase.,Negotiation,0
CRM003258,2021-06-01,70005163,A6818160202,Pakistan,Rep-08,Customer is considering a competitor because our price is higher.,Negotiation,1
CRM003259,2020-07-01,90023024,A6419160303,Canada,Rep-18,Customer is considering a competitor because our price is higher.,Proposal,1
CRM003260,2018-11-01,90002013,A6719160101,India,Rep-22,Customer requested a better commercial offer before renewing the purchase.,Qualified,0
CRM003261,2019-01-01,90005162,A4419110405,Pakistan,Rep-06,Customer raised concerns about product availability and delayed delivery.,Prospecting,0
CRM003262,2019-09-01,90011189,A6919160302,France,Rep-08,Customer is considering a competitor because our price is higher.,Qualified,1
CRM003263,2019-05-01,90021095,A2520150502,United Kingdom,Rep-08,Customer is considering a competitor because our price is higher.,Qualified,1
CRM003264,2019-02-01,90023023,A0519150207,Canada,Rep-02,Customer requested a better commercial offer before renewing the purchase.,Qualified,0
CRM003265,2021-03-01,90022080,A2721150702,USA,Rep-16,Customer raised concerns about product availability and delayed delivery.,Prospecting,0
CRM003266,2019-11-01,70009134,A4519110501,Newzealand,Rep-30,Customer requested a better commercial offer before renewing the purchase.,Renewal,0
CRM003267,2020-02-01,70019204,A2319150304,Sweden,Rep-05,Customer is satisfied with the product and is considering expanding the order.,Qualified,0
CRM003268,2018-09-01,70013125,A0321150303,Italy,Rep-25,Customer requested a better commercial offer before renewing the purchase.,Qualified,0
CRM003269,2019-09-01,70012042,A3521150705,Germany,Rep-20,Customer is satisfied with the product and is considering expanding the order.,Proposal,0
CRM003270,2020-10-01,70006158,A4821110801,Philiphines,Rep-26,Customer raised concerns about product availability and delayed delivery.,Proposal,0
CRM003271,2019-07-01,70015152,A0821150504,Norway,Rep-30,Customer raised concerns about product availability and delayed delivery.,Negotiation,0
CRM003272,2020-06-01,90021090,A4118110107,United Kingdom,Rep-22,Customer mentioned a competitor's promotional pricing.,Negotiation,1
CRM003273,2019-09-01,70004069,A0721150401,Japan,Rep-29,Customer mentioned a competitor's promotional pricing.,Proposal,1
CRM003274,2021-01-01,90020101,A6919160302,Austria,Rep-03,Customer raised concerns about product availability and delayed delivery.,Qualified,0
CRM003275,2019-11-01,90015148,A5519110302,Norway,Rep-27,Customer mentioned a competitor's promotional pricing.,Renewal,1
CRM003276,2020-07-01,90007197,A6519160401,South Korea,Rep-22,Customer raised concerns about product availability and delayed delivery.,Negotiation,0
CRM003277,2020-03-01,90002012,A2419150405,India,Rep-24,Customer raised concerns about product availability and delayed delivery.,Renewal,0
CRM003278,2018-10-01,90011191,A0621150307,France,Rep-14,Customer requested a better commercial offer before renewing the purchase.,Qualified,0
CRM003279,2018-10-01,90015147,A3521150706,Norway,Rep-10,Customer is satisfied with the product and is considering expanding the order.,Proposal,0
CRM003280,2021-02-01,90008164,A5519110302,Australia,Rep-07,Customer is considering a competitor because our price is higher.,Proposal,1
CRM003281,2021-01-01,90001020,A1718150203,China,Rep-18,Customer asked for more information about the premium variant.,Proposal,0
CRM003282,2019-01-01,70002017,A4520110505,India,Rep-20,Customer is satisfied with the product and is considering expanding the order.,Negotiation,0
CRM003283,2019-06-01,90004061,A2620150601,Japan,Rep-10,Customer mentioned a competitor's promotional pricing.,Prospecting,1
CRM003284,2020-02-01,90017054,A3819150203,Portugal,Rep-05,Customer asked for more information about the premium variant.,Negotiation,0
CRM003285,2020-04-01,80001019,A3119150302,China,Rep-06,Customer asked for more information about the premium variant.,Qualified,0
CRM003286,2019-03-01,90008167,A3120150306,Australia,Rep-02,Customer is considering a competitor because our price is higher.,Prospecting,1
CRM003287,2019-09-01,90013121,A0118150103,Italy,Rep-27,Customer is satisfied with the product and is considering expanding the order.,Qualified,0
CRM003288,2020-10-01,90003180,A3120150305,Indonesia,Rep-18,Customer raised concerns about product availability and delayed delivery.,Proposal,0
CRM003289,2019-03-01,90009128,A2620150606,Newzealand,Rep-25,Customer raised concerns about product availability and delayed delivery.,Prospecting,0
CRM003290,2020-03-01,90023024,A6520160403,Canada,Rep-17,Customer mentioned a competitor's promotional pricing.,Qualified,1
CRM003291,2018-10-01,70003181,A4720110701,Indonesia,Rep-01,Customer is considering a competitor because our price is higher.,Negotiation,1
CRM003292,2019-09-01,80001019,A0418150101,China,Rep-14,Customer mentioned a competitor's promotional pricing.,Qualified,1
CRM003293,2021-03-01,90020103,A1219150301,Austria,Rep-12,Customer asked for more information about the premium variant.,Proposal,0
CRM003294,2020-02-01,90005161,A6819160203,Pakistan,Rep-26,Customer is considering a competitor because our price is higher.,Proposal,1
CRM003295,2020-10-01,90003179,A3119150301,Indonesia,Rep-25,Customer mentioned a competitor's promotional pricing.,Renewal,1
CRM003296,2018-10-01,90003180,A0418150103,Indonesia,Rep-09,Customer asked for more information about the premium variant.,Negotiation,0
CRM003297,2020-03-01,90015150,A6818160202,Norway,Rep-16,Customer requested a better commercial offer before renewing the purchase.,Proposal,0
CRM003298,2021-02-01,80006154,A7321160303,Philiphines,Rep-04,Customer requested a better commercial offer before renewing the purchase.,Prospecting,0
CRM003299,2021-06-01,90020100,A0418150101,Austria,Rep-13,Customer requested a better commercial offer before renewing the purchase.,Proposal,0
CRM003300,2019-08-01,90014140,A6120110207,Netherlands,Rep-23,Customer mentioned a competitor's promotional pricing.,Proposal,1
CRM003301,2019-08-01,90019200,A3120150304,Sweden,Rep-17,Customer asked for more information about the premium variant.,Renewal,0
CRM003302,2018-12-01,90009127,A0418150101,Newzealand,Rep-02,Customer requested a better commercial offer before renewing the purchase.,Prospecting,0
CRM003303,2018-12-01,70014142,A4118110107,Netherlands,Rep-08,Customer requested a better commercial offer before renewing the purchase.,Renewal,0
CRM003304,2019-06-01,70003181,A2620150602,Indonesia,Rep-01,Customer raised concerns about product availability and delayed delivery.,Prospecting,0
CRM003305,2020-09-01,90023023,A0519150203,Canada,Rep-28,Customer asked for more information about the premium variant.,Renewal,0
CRM003306,2020-01-01,90015149,A2821150805,Norway,Rep-15,Customer asked for more information about the premium variant.,Prospecting,0
CRM003307,2020-09-01,70003181,A2918150102,Indonesia,Rep-23,Customer is satisfied with the product and is considering expanding the order.,Prospecting,0
CRM003308,2021-08-01,90012041,A1521150603,Germany,Rep-10,Customer asked for more information about the premium variant.,Proposal,0
CRM003309,2021-07-01,90004068,A3920150303,Japan,Rep-23,Customer raised concerns about product availability and delayed delivery.,Proposal,0
CRM003310,2020-11-01,90011192,A4118110102,France,Rep-21,Customer requested a better commercial offer before renewing the purchase.,Qualified,0
CRM003311,2021-07-01,80006155,A4620110607,Philiphines,Rep-27,Customer mentioned a competitor's promotional pricing.,Proposal,1
CRM003312,2021-08-01,90021093,A4821110807,United Kingdom,Rep-04,Customer is considering a competitor because our price is higher.,Proposal,1
CRM003313,2020-02-01,90004068,A4021150403,Japan,Rep-07,Customer asked for more information about the premium variant.,Negotiation,0
CRM003314,2018-12-01,80007196,A4218110205,South Korea,Rep-22,Customer requested a better commercial offer before renewing the purchase.,Qualified,0
CRM003315,2020-06-01,70018115,A2721150706,Spain,Rep-04,Customer is satisfied with the product and is considering expanding the order.,Proposal,0
CRM003316,2021-08-01,90014139,A0621150307,Netherlands,Rep-27,Customer mentioned a competitor's promotional pricing.,Qualified,1
CRM003317,2020-11-01,80007195,A2721150704,South Korea,Rep-21,Customer raised concerns about product availability and delayed delivery.,Proposal,0
CRM003318,2018-09-01,90005159,A3320150501,Pakistan,Rep-25,Customer mentioned a competitor's promotional pricing.,Negotiation,1
CRM003319,2019-06-01,90010044,A7119160103,Bangladesh,Rep-06,Customer raised concerns about product availability and delayed delivery.,Prospecting,0
CRM003320,2020-03-01,90004068,A4020150401,Japan,Rep-03,Customer raised concerns about product availability and delayed delivery.,Prospecting,0
CRM003321,2021-08-01,90018112,A1819150301,Spain,Rep-12,Customer raised concerns about product availability and delayed delivery.,Negotiation,0
CRM003322,2020-08-01,90002001,A2821150801,India,Rep-20,Customer requested a better commercial offer before renewing the purchase.,Proposal,0
CRM003323,2021-07-01,90021091,A2918150102,United Kingdom,Rep-08,Customer asked for more information about the premium variant.,Negotiation,0
CRM003324,2019-08-01,90018106,A3718150101,Spain,Rep-02,Customer raised concerns about product availability and delayed delivery.,Renewal,0
CRM003325,2019-04-01,70016178,A7321160301,Poland,Rep-27,Customer asked for more information about the premium variant.,Proposal,0
CRM003326,2020-12-01,70008170,A3019150205,Australia,Rep-18,Customer raised concerns about product availability and delayed delivery.,Prospecting,0
CRM003327,2019-05-01,90010044,A1320150402,Bangladesh,Rep-04,Customer raised concerns about product availability and delayed delivery.,Proposal,0
CRM003328,2019-12-01,90020098,A2218150201,Austria,Rep-11,Customer asked for more information about the premium variant.,Negotiation,0
CRM003329,2021-04-01,70021096,A4319110306,United Kingdom,Rep-13,Customer requested a better commercial offer before renewing the purchase.,Proposal,0
CRM003330,2019-12-01,90017056,A2821150804,Portugal,Rep-14,Customer mentioned a competitor's promotional pricing.,Proposal,1
CRM003331,2019-06-01,70015152,A6419160302,Norway,Rep-02,Customer is considering a competitor because our price is higher.,Qualified,1
CRM003332,2018-12-01,90004063,A2420150406,Japan,Rep-12,Customer asked for more information about the premium variant.,Renewal,0
CRM003333,2020-09-01,90001021,A5721110502,China,Rep-10,Customer mentioned a competitor's promotional pricing.,Negotiation,1
CRM003334,2020-07-01,70003181,A4620110601,Indonesia,Rep-26,Customer is considering a competitor because our price is higher.,Qualified,1
CRM003335,2020-10-01,90011185,A5318110107,France,Rep-12,Customer mentioned a competitor's promotional pricing.,Qualified,1
CRM003336,2020-08-01,90013117,A3818150201,Italy,Rep-30,Customer raised concerns about product availability and delayed delivery.,Qualified,0
CRM003337,2019-05-01,70012043,A2620150604,Germany,Rep-14,Customer is satisfied with the product and is considering expanding the order.,Qualified,0
CRM003338,2021-03-01,90004065,A7220160203,Japan,Rep-12,Customer is satisfied with the product and is considering expanding the order.,Renewal,0
CRM003339,2019-11-01,90002013,A3421150606,India,Rep-12,Customer asked for more information about the premium variant.,Prospecting,0
CRM003340,2021-02-01,70010047,A1118150202,Bangladesh,Rep-01,Customer mentioned a competitor's promotional pricing.,Proposal,1
CRM003341,2021-08-01,90010045,A1819150301,Bangladesh,Rep-12,Customer is satisfied with the product and is considering expanding the order.,Renewal,0
CRM003342,2021-03-01,70003181,A4520110505,Indonesia,Rep-28,Customer is considering a competitor because our price is higher.,Proposal,1
CRM003343,2020-08-01,90019200,A3621150801,Sweden,Rep-30,Customer requested a better commercial offer before renewing the purchase.,Negotiation,0
CRM003344,2021-03-01,90007197,A0418150101,South Korea,Rep-10,Customer is satisfied with the product and is considering expanding the order.,Proposal,0
CRM003345,2018-12-01,90023024,A4021150403,Canada,Rep-17,Customer is satisfied with the product and is considering expanding the order.,Proposal,0
CRM003346,2020-08-01,90015144,A4118110106,Norway,Rep-04,Customer requested a better commercial offer before renewing the purchase.,Prospecting,0
CRM003347,2020-03-01,90020102,A3521150701,Austria,Rep-06,Customer asked for more information about the premium variant.,Proposal,0
CRM003348,2020-02-01,80007196,A2520150501,South Korea,Rep-04,Customer raised concerns about product availability and delayed delivery.,Negotiation,0
CRM003349,2019-05-01,90021088,A6519160401,United Kingdom,Rep-18,Customer is considering a competitor because our price is higher.,Prospecting,1
CRM003350,2020-04-01,90006153,A4620110604,Philiphines,Rep-21,Customer is considering a competitor because our price is higher.,Proposal,1
CRM003351,2019-07-01,90017050,A5419110205,Portugal,Rep-27,Customer is satisfied with the product and is considering expanding the order.,Prospecting,0
CRM003352,2020-03-01,90017049,A2219150206,Portugal,Rep-25,Customer requested a better commercial offer before renewing the purchase.,Proposal,0
CRM003353,2018-12-01,70007198,A0321150303,South Korea,Rep-26,Customer asked for more information about the premium variant.,Renewal,0
CRM003354,2020-05-01,90023030,A3521150704,Canada,Rep-26,Customer is satisfied with the product and is considering expanding the order.,Qualified,0
CRM003355,2019-02-01,90020099,A7220160203,Austria,Rep-05,Customer requested a better commercial offer before renewing the purchase.,Negotiation,0
CRM003356,2019-01-01,70004069,A0921150601,Japan,Rep-18,Customer raised concerns about product availability and delayed delivery.,Negotiation,0
CRM003357,2019-11-01,70008170,A3521150702,Australia,Rep-26,Customer mentioned a competitor's promotional pricing.,Qualified,1
CRM003358,2020-04-01,70011193,A2420150406,France,Rep-14,Customer is satisfied with the product and is considering expanding the order.,Qualified,0
CRM003359,2020-12-01,90018113,A5318110102,Spain,Rep-19,Customer requested a better commercial offer before renewing the purchase.,Qualified,0
CRM003360,2020-02-01,90006153,A1118150201,Philiphines,Rep-18,Customer is considering a competitor because our price is higher.,Proposal,1
CRM003361,2019-03-01,70009134,A4118110107,Newzealand,Rep-29,Customer raised concerns about product availability and delayed delivery.,Prospecting,0
CRM003362,2018-10-01,90021087,A0418150108,United Kingdom,Rep-27,Customer requested a better commercial offer before renewing the purchase.,Negotiation,0
CRM003363,2021-03-01,90012041,A6621160503,Germany,Rep-14,Customer is considering a competitor because our price is higher.,Negotiation,1
CRM003364,2021-07-01,90013118,A4218110208,Italy,Rep-09,Customer asked for more information about the premium variant.,Renewal,0
CRM003365,2018-11-01,70011193,A2520150506,France,Rep-10,Customer requested a better commercial offer before renewing the purchase.,Prospecting,0
CRM003366,2021-07-01,90017053,A5419110201,Portugal,Rep-28,Customer requested a better commercial offer before renewing the purchase.,Qualified,0
CRM003367,2021-06-01,90009130,A1718150204,Newzealand,Rep-24,Customer is satisfied with the product and is considering expanding the order.,Proposal,0
CRM003368,2019-03-01,70009134,A5721110508,Newzealand,Rep-22,Customer mentioned a competitor's promotional pricing.,Negotiation,1
CRM003369,2019-07-01,90022082,A0418150107,USA,Rep-23,Customer is satisfied with the product and is considering expanding the order.,Qualified,0
CRM003370,2020-10-01,70010047,A0621150308,Bangladesh,Rep-23,Customer asked for more information about the premium variant.,Qualified,0
CRM003371,2020-12-01,90020097,A6818160201,Austria,Rep-23,Customer raised concerns about product availability and delayed delivery.,Negotiation,0
CRM003372,2021-08-01,90010046,A3621150804,Bangladesh,Rep-20,Customer is satisfied with the product and is considering expanding the order.,Negotiation,0
CRM003373,2019-08-01,90021089,A2721150706,United Kingdom,Rep-02,Customer requested a better commercial offer before renewing the purchase.,Proposal,0
CRM003374,2020-06-01,90013117,A3718150103,Italy,Rep-20,Customer is considering a competitor because our price is higher.,Renewal,1
CRM003375,2021-02-01,90007197,A6119110202,South Korea,Rep-23,Customer mentioned a competitor's promotional pricing.,Renewal,1
CRM003376,2021-06-01,90002011,A3421150606,India,Rep-12,Customer requested a better commercial offer before renewing the purchase.,Qualified,0
CRM003377,2019-09-01,90003179,A5318110101,Indonesia,Rep-26,Customer raised concerns about product availability and delayed delivery.,Renewal,0
CRM003378,2018-10-01,90019200,A1118150202,Sweden,Rep-14,Customer is satisfied with the product and is considering expanding the order.,Proposal,0
CRM003379,2019-05-01,90012037,A6018110105,Germany,Rep-26,Customer requested a better commercial offer before renewing the purchase.,Prospecting,0
CRM003380,2020-02-01,80007195,A5519110304,South Korea,Rep-30,Customer is considering a competitor because our price is higher.,Proposal,1
CRM003381,2019-09-01,70007198,A5520110307,South Korea,Rep-22,Customer requested a better commercial offer before renewing the purchase.,Prospecting,0
CRM003382,2019-02-01,90022073,A2918150104,USA,Rep-30,Customer requested a better commercial offer before renewing the purchase.,Proposal,0
CRM003383,2019-10-01,90011187,A6620160501,France,Rep-09,Customer asked for more information about the premium variant.,Proposal,0
CRM003384,2020-01-01,90010044,A4721110706,Bangladesh,Rep-07,Customer mentioned a competitor's promotional pricing.,Qualified,1
CRM003385,2021-05-01,90019203,A7219160201,Sweden,Rep-19,Customer asked for more information about the premium variant.,Prospecting,0
CRM003386,2018-12-01,70005163,A3718150105,Pakistan,Rep-17,Customer is considering a competitor because our price is higher.,Renewal,1
CRM003387,2020-08-01,90004065,A2319150305,Japan,Rep-28,Customer requested a better commercial offer before renewing the purchase.,Proposal,0
CRM003388,2019-07-01,90012034,A2219150206,Germany,Rep-08,Customer requested a better commercial offer before renewing the purchase.,Proposal,0
CRM003389,2019-05-01,90013123,A3420150602,Italy,Rep-02,Customer mentioned a competitor's promotional pricing.,Renewal,1
CRM003390,2020-05-01,90002010,A3220150404,India,Rep-17,Customer is satisfied with the product and is considering expanding the order.,Negotiation,0
CRM003391,2018-10-01,70003181,A5621110403,Indonesia,Rep-27,Customer requested a better commercial offer before renewing the purchase.,Proposal,0
CRM003392,2018-10-01,90023026,A5318110105,Canada,Rep-16,Customer is satisfied with the product and is considering expanding the order.,Proposal,0
CRM003393,2021-06-01,70009134,A1118150201,Newzealand,Rep-02,Customer is considering a competitor because our price is higher.,Prospecting,1
CRM003394,2020-07-01,90016171,A5721110507,Poland,Rep-04,Customer raised concerns about product availability and delayed delivery.,Negotiation,0
CRM003395,2021-07-01,90017059,A2118150102,Portugal,Rep-11,Customer is satisfied with the product and is considering expanding the order.,Proposal,0
CRM003396,2021-04-01,90020102,A2520150502,Austria,Rep-20,Customer asked for more information about the premium variant.,Negotiation,0
CRM003397,2020-06-01,90014141,A0418150105,Netherlands,Rep-12,Customer is considering a competitor because our price is higher.,Negotiation,1
CRM003398,2020-07-01,90011185,A2419150404,France,Rep-27,Customer is considering a competitor because our price is higher.,Qualified,1
CRM003399,2020-01-01,70005163,A4519110502,Pakistan,Rep-04,Customer is considering a competitor because our price is higher.,Qualified,1
CRM003400,2019-12-01,90007197,A0418150108,South Korea,Rep-27,Customer raised concerns about product availability and delayed delivery.,Prospecting,0
CRM003401,2020-06-01,70008170,A4620110606,Australia,Rep-09,Customer requested a better commercial offer before renewing the purchase.,Negotiation,0
CRM003402,2019-11-01,90017056,A5621110405,Portugal,Rep-24,Customer is satisfied with the product and is considering expanding the order.,Qualified,0
CRM003403,2021-02-01,80007195,A4118110107,South Korea,Rep-20,Customer requested a better commercial offer before renewing the purchase.,Renewal,0
CRM003404,2019-10-01,90005161,A6621160503,Pakistan,Rep-11,Customer is considering a competitor because our price is higher.,Negotiation,1
CRM003405,2020-04-01,90001020,A0721150403,China,Rep-12,Customer asked for more information about the premium variant.,Negotiation,0
CRM003406,2021-03-01,90008168,A0621150308,Australia,Rep-30,Customer is considering a competitor because our price is higher.,Qualified,1
CRM003407,2021-03-01,90012041,A4720110701,Germany,Rep-12,Customer is considering a competitor because our price is higher.,Proposal,1
CRM003408,2019-04-01,90005162,A4419110408,Pakistan,Rep-29,Customer is satisfied with the product and is considering expanding the order.,Negotiation,0
CRM003409,2019-03-01,80001019,A2319150302,China,Rep-28,Customer requested a better commercial offer before renewing the purchase.,Qualified,0
CRM003410,2018-12-01,90005160,A4721110708,Pakistan,Rep-30,Customer raised concerns about product availability and delayed delivery.,Proposal,0
CRM003411,2020-09-01,90009129,A0721150401,Newzealand,Rep-26,Customer raised concerns about product availability and delayed delivery.,Prospecting,0
CRM003412,2021-03-01,90004062,A7321160301,Japan,Rep-20,Customer mentioned a competitor's promotional pricing.,Negotiation,1
CRM003413,2020-03-01,90023023,A1521150601,Canada,Rep-23,Customer is satisfied with the product and is considering expanding the order.,Proposal,0
CRM003414,2019-11-01,70008169,A2520150505,Australia,Rep-27,Customer mentioned a competitor's promotional pricing.,Negotiation,1
CRM003415,2020-02-01,70009134,A0418150107,Newzealand,Rep-27,Customer is satisfied with the product and is considering expanding the order.,Qualified,0
CRM003416,2020-01-01,70018115,A5620110401,Spain,Rep-24,Customer is considering a competitor because our price is higher.,Proposal,1
CRM003417,2020-01-01,90013123,A6120110205,Italy,Rep-15,Customer raised concerns about product availability and delayed delivery.,Proposal,0
CRM003418,2020-06-01,90019202,A3621150806,Sweden,Rep-04,Customer mentioned a competitor's promotional pricing.,Renewal,1
CRM003419,2021-03-01,70003182,A1819150303,Indonesia,Rep-29,Customer raised concerns about product availability and delayed delivery.,Proposal,0
CRM003420,2019-03-01,70014143,A4720110701,Netherlands,Rep-21,Customer is satisfied with the product and is considering expanding the order.,Proposal,0
CRM003421,2019-06-01,90009130,A6218160102,Newzealand,Rep-28,Customer asked for more information about the premium variant.,Negotiation,0
CRM003422,2019-11-01,90004067,A2821150801,Japan,Rep-29,Customer is considering a competitor because our price is higher.,Qualified,1
CRM003423,2021-08-01,90010046,A4318110301,Bangladesh,Rep-22,Customer mentioned a competitor's promotional pricing.,Negotiation,1
CRM003424,2020-11-01,90011186,A3120150306,France,Rep-24,Customer requested a better commercial offer before renewing the purchase.,Negotiation,0
CRM003425,2020-02-01,70023031,A6621160503,Canada,Rep-08,Customer is considering a competitor because our price is higher.,Renewal,1
CRM003426,2020-09-01,70015151,A5419110207,Norway,Rep-29,Customer is satisfied with the product and is considering expanding the order.,Negotiation,0
CRM003427,2020-05-01,90018110,A5419110205,Spain,Rep-04,Customer is satisfied with the product and is considering expanding the order.,Renewal,0
CRM003428,2020-08-01,90011187,A6719160101,France,Rep-21,Customer is considering a competitor because our price is higher.,Negotiation,1
CRM003429,2020-11-01,90001021,A6819160203,China,Rep-23,Customer asked for more information about the premium variant.,Proposal,0
CRM003430,2019-10-01,70015152,A0320150301,Norway,Rep-23,Customer raised concerns about product availability and delayed delivery.,Renewal,0
CRM003431,2019-02-01,90009132,A2620150601,Newzealand,Rep-26,Customer is satisfied with the product and is considering expanding the order.,Prospecting,0
CRM003432,2021-04-01,70003181,A3521150704,Indonesia,Rep-18,Customer requested a better commercial offer before renewing the purchase.,Proposal,0
CRM003433,2019-03-01,90015145,A6419160301,Norway,Rep-08,Customer asked for more information about the premium variant.,Qualified,0
CRM003434,2021-07-01,90005159,A6119110201,Pakistan,Rep-05,Customer requested a better commercial offer before renewing the purchase.,Negotiation,0
CRM003435,2020-11-01,90005159,A6319160203,Pakistan,Rep-28,Customer is satisfied with the product and is considering expanding the order.,Proposal,0
CRM003436,2020-08-01,80006154,A4021150405,Philiphines,Rep-23,Customer mentioned a competitor's promotional pricing.,Proposal,1
CRM003437,2021-04-01,90006156,A6718160102,Philiphines,Rep-19,Customer is satisfied with the product and is considering expanding the order.,Qualified,0
CRM003438,2020-04-01,70002017,A6119110202,India,Rep-07,Customer raised concerns about product availability and delayed delivery.,Negotiation,0
CRM003439,2020-08-01,90021089,A2821150806,United Kingdom,Rep-14,Customer raised concerns about product availability and delayed delivery.,Negotiation,0
CRM003440,2018-12-01,90010046,A6119110202,Bangladesh,Rep-22,Customer asked for more information about the premium variant.,Negotiation,0
CRM003441,2020-08-01,90018113,A4821110808,Spain,Rep-14,Customer is considering a competitor because our price is higher.,Negotiation,1
CRM003442,2020-09-01,70006157,A3621150805,Philiphines,Rep-05,Customer is considering a competitor because our price is higher.,Negotiation,1
CRM003443,2019-06-01,90015144,A6019110108,Norway,Rep-24,Customer is considering a competitor because our price is higher.,Qualified,1
CRM003444,2020-06-01,80007196,A1521150602,South Korea,Rep-08,Customer is satisfied with the product and is considering expanding the order.,Proposal,0
CRM003445,2019-01-01,70007198,A2118150101,South Korea,Rep-08,Customer requested a better commercial offer before renewing the purchase.,Proposal,0
CRM003446,2020-03-01,90011192,A0519150203,France,Rep-18,Customer mentioned a competitor's promotional pricing.,Negotiation,1
CRM003447,2018-09-01,90018108,A3420150602,Spain,Rep-26,Customer mentioned a competitor's promotional pricing.,Renewal,1
CRM003448,2019-02-01,70015152,A4620110602,Norway,Rep-23,Customer asked for more information about the premium variant.,Proposal,0
CRM003449,2019-04-01,70005163,A6818160202,Pakistan,Rep-12,Customer asked for more information about the premium variant.,Proposal,0
CRM003450,2019-07-01,90017055,A3819150205,Portugal,Rep-19,Customer is considering a competitor because our price is higher.,Qualified,1
CRM003451,2020-03-01,90015150,A3120150304,Norway,Rep-30,Customer requested a better commercial offer before renewing the purchase.,Renewal,0
CRM003452,2020-08-01,90020103,A2319150302,Austria,Rep-07,Customer requested a better commercial offer before renewing the purchase.,Renewal,0
CRM003453,2019-11-01,90002012,A6218160102,India,Rep-13,Customer is satisfied with the product and is considering expanding the order.,Negotiation,0
CRM003454,2021-07-01,90015148,A4620110607,Norway,Rep-12,Customer is considering a competitor because our price is higher.,Proposal,1
CRM003455,2021-04-01,90005160,A0418150102,Pakistan,Rep-30,Customer requested a better commercial offer before renewing the purchase.,Negotiation,0
CRM003456,2020-09-01,90017051,A1919150403,Portugal,Rep-11,Customer requested a better commercial offer before renewing the purchase.,Proposal,0
CRM003457,2020-05-01,90016171,A6919160302,Poland,Rep-08,Customer asked for more information about the premium variant.,Qualified,0
CRM003458,2020-05-01,70006158,A4721110707,Philiphines,Rep-23,Customer is considering a competitor because our price is higher.,Renewal,1
CRM003459,2019-12-01,90009130,A2821150806,Newzealand,Rep-17,Customer raised concerns about product availability and delayed delivery.,Qualified,0
CRM003460,2019-07-01,90002015,A5318110103,India,Rep-09,Customer requested a better commercial offer before renewing the purchase.,Negotiation,0
CRM003461,2020-12-01,90017056,A2918150105,Portugal,Rep-30,Customer asked for more information about the premium variant.,Qualified,0
CRM003462,2020-04-01,90011186,A2620150601,France,Rep-28,Customer asked for more information about the premium variant.,Negotiation,0
CRM003463,2020-02-01,90008167,A3119150301,Australia,Rep-05,Customer is considering a competitor because our price is higher.,Negotiation,1
CRM003464,2018-09-01,90017053,A2219150204,Portugal,Rep-23,Customer mentioned a competitor's promotional pricing.,Qualified,1
CRM003465,2019-06-01,90023023,A2218150201,Canada,Rep-21,Customer is considering a competitor because our price is higher.,Qualified,1
CRM003466,2021-03-01,90008167,A4118110107,Australia,Rep-10,Customer is considering a competitor because our price is higher.,Qualified,1
CRM003467,2019-01-01,90011188,A4721110708,France,Rep-25,Customer requested a better commercial offer before renewing the purchase.,Qualified,0
CRM003468,2020-07-01,90010044,A2720150701,Bangladesh,Rep-06,Customer raised concerns about product availability and delayed delivery.,Renewal,0
CRM003469,2020-09-01,90018113,A3421150606,Spain,Rep-16,Customer is considering a competitor because our price is higher.,Proposal,1
CRM003470,2020-09-01,90020099,A4520110504,Austria,Rep-21,Customer asked for more information about the premium variant.,Negotiation,0
CRM003471,2020-07-01,90009132,A4620110602,Newzealand,Rep-21,Customer is considering a competitor because our price is higher.,Qualified,1
CRM003472,2018-10-01,90022071,A0621150307,USA,Rep-18,Customer raised concerns about product availability and delayed delivery.,Qualified,0
CRM003473,2021-04-01,90021090,A0621150307,United Kingdom,Rep-12,Customer requested a better commercial offer before renewing the purchase.,Qualified,0
CRM003474,2020-10-01,90018109,A7119160102,Spain,Rep-17,Customer asked for more information about the premium variant.,Proposal,0
CRM003475,2019-01-01,90003179,A6818160202,Indonesia,Rep-25,Customer mentioned a competitor's promotional pricing.,Negotiation,1
CRM003476,2020-11-01,90012035,A3819150205,Germany,Rep-11,Customer asked for more information about the premium variant.,Qualified,0
CRM003477,2020-05-01,90020099,A3621150801,Austria,Rep-26,Customer mentioned a competitor's promotional pricing.,Qualified,1
CRM003478,2020-08-01,90011186,A3920150303,France,Rep-22,Customer raised concerns about product availability and delayed delivery.,Prospecting,0
CRM003479,2021-08-01,90011192,A2520150506,France,Rep-28,Customer requested a better commercial offer before renewing the purchase.,Negotiation,0
CRM003480,2021-08-01,70015151,A1618150101,Norway,Rep-03,Customer is considering a competitor because our price is higher.,Renewal,1
CRM003481,2020-10-01,90012039,A5318110102,Germany,Rep-08,Customer asked for more information about the premium variant.,Negotiation,0
CRM003482,2020-09-01,90022073,A5419110205,USA,Rep-28,Customer asked for more information about the premium variant.,Proposal,0
CRM003483,2021-03-01,90005160,A4118110104,Pakistan,Rep-03,Customer raised concerns about product availability and delayed delivery.,Proposal,0
CRM003484,2020-01-01,90023026,A6219160103,Canada,Rep-01,Customer is satisfied with the product and is considering expanding the order.,Renewal,0
CRM003485,2021-02-01,90004065,A2721150702,Japan,Rep-02,Customer asked for more information about the premium variant.,Proposal,0
CRM003486,2020-04-01,90020098,A3718150101,Austria,Rep-23,Customer raised concerns about product availability and delayed delivery.,Proposal,0
CRM003487,2018-10-01,80007196,A6719160101,South Korea,Rep-10,Customer is satisfied with the product and is considering expanding the order.,Negotiation,0
CRM003488,2019-10-01,90005159,A1320150403,Pakistan,Rep-27,Customer requested a better commercial offer before renewing the purchase.,Renewal,0
CRM003489,2019-07-01,70007199,A3420150601,South Korea,Rep-26,Customer requested a better commercial offer before renewing the purchase.,Proposal,0
CRM003490,2021-02-01,90018109,A7220160202,Spain,Rep-29,Customer raised concerns about product availability and delayed delivery.,Prospecting,0
CRM003491,2021-04-01,90001020,A5318110105,China,Rep-27,Customer is considering a competitor because our price is higher.,Prospecting,1
CRM003492,2019-11-01,90001020,A5318110101,China,Rep-24,Customer mentioned a competitor's promotional pricing.,Qualified,1
CRM003493,2021-02-01,90002010,A6921160301,India,Rep-22,Customer is considering a competitor because our price is higher.,Negotiation,1
CRM003494,2021-03-01,90011186,A4821110806,France,Rep-03,Customer asked for more information about the premium variant.,Negotiation,0
CRM003495,2020-09-01,90020100,A6218160101,Austria,Rep-05,Customer is satisfied with the product and is considering expanding the order.,Qualified,0
CRM003496,2019-02-01,90003180,A4620110602,Indonesia,Rep-08,Customer is satisfied with the product and is considering expanding the order.,Proposal,0
CRM003497,2019-03-01,90022077,A2419150405,USA,Rep-29,Customer is considering a competitor because our price is higher.,Renewal,1
CRM003498,2020-02-01,90018113,A0321150302,Spain,Rep-12,Customer requested a better commercial offer before renewing the purchase.,Negotiation,0
CRM003499,2021-02-01,90017055,A2218150201,Portugal,Rep-09,Customer requested a better commercial offer before renewing the purchase.,Prospecting,0
CRM003500,2019-10-01,90014141,A1018150102,Netherlands,Rep-05,Customer requested a better commercial offer before renewing the purchase.,Qualified,0
