date,market,customer_code,product_code,channel,gross_sales_amount,return_sales_amount,signed_sales_amount
2020-02-01,Germany,90012041,A2918150104,Retailer,154.04,0.0,154.04
2020-02-01,Germany,90012041,A2918150101,Retailer,117.15,0.0,117.15
2020-02-01,Germany,90012041,A2918150102,Retailer,412.31,0.0,412.31
2020-02-01,Germany,90012041,A3220150405,Retailer,286.17,0.0,286.17
2020-02-01,Germany,90012041,A3220150406,Retailer,421.82,0.0,421.82
2020-02-01,Germany,90012041,A3220150404,Retailer,910.09,0.0,910.09
2020-02-01,Germany,90012041,A3220150402,Retailer,900.28,0.0,900.28
2020-02-01,Germany,90012041,A3220150401,Retailer,636.79,0.0,636.79
2020-02-01,Germany,90012041,A3320150504,Retailer,682.96,0.0,682.96
2020-02-01,Germany,90012041,A3320150502,Retailer,0.0,318.23,-318.23
2020-02-01,Germany,90012041,A3320150501,Retailer,242.2,0.0,242.2
2020-02-01,Germany,90012041,A2419150404,Retailer,467.16,0.0,467.16
2020-02-01,Germany,90012041,A2419150405,Retailer,85.04,0.0,85.04
2020-02-01,Germany,90012041,A2419150401,Retailer,0.0,147.5,-147.5
2020-02-01,Germany,90012041,A2420150406,Retailer,566.52,0.0,566.52
2020-02-01,Germany,90012041,A2419150402,Retailer,744.53,0.0,744.53
2020-02-01,Germany,90012041,A2319150301,Retailer,163.36,0.0,163.36
2020-02-01,Germany,90012041,A2319150304,Retailer,168.39,0.0,168.39
2020-02-01,Germany,90012041,A2319150305,Retailer,276.47,0.0,276.47
2020-02-01,Germany,90012041,A2319150306,Retailer,406.16,0.0,406.16
2020-02-01,Germany,90012041,A2319150302,Retailer,495.68,0.0,495.68
2020-02-01,Germany,90012041,A2118150105,Retailer,62.37,0.0,62.37
2020-02-01,Germany,90012041,A2118150104,Retailer,69.97,0.0,69.97
2020-02-01,Germany,90012041,A2118150101,Retailer,181.22,0.0,181.22
2020-02-01,Germany,90012041,A2118150102,Retailer,184.32,0.0,184.32
2020-02-01,Germany,90012041,A2118150106,Retailer,183.04,0.0,183.04
2020-02-01,Germany,90012041,A2218150201,Retailer,208.17,0.0,208.17
2020-02-01,Germany,90012041,A3019150205,Retailer,413.88,0.0,413.88
2020-02-01,Germany,90012041,A3018150201,Retailer,476.14,0.0,476.14
2020-02-01,Germany,90012041,A3019150204,Retailer,536.4,0.0,536.4
2020-02-01,Germany,90012041,A3019150206,Retailer,389.85,0.0,389.85
2020-02-01,Germany,90012041,A3018150202,Retailer,518.71,0.0,518.71
2020-02-01,Germany,90012041,A3120150305,Retailer,0.0,467.97,-467.97
2020-02-01,Germany,90012041,A3120150306,Retailer,162.97,0.0,162.97
2020-02-01,Germany,90012041,A3119150302,Retailer,230.37,0.0,230.37
2020-02-01,Germany,90012041,A3119150301,Retailer,476.53,0.0,476.53
2020-02-01,Germany,90012041,A3120150304,Retailer,542.83,0.0,542.83
2020-02-01,Germany,90012041,A2918150105,Retailer,284.37,0.0,284.37
2020-02-01,Germany,90012041,A2918150106,Retailer,397.5,0.0,397.5
2020-02-01,Germany,90012041,A2218150202,Retailer,325.22,0.0,325.22
2020-02-01,Germany,90012041,A2219150204,Retailer,0.0,342.29,-342.29
2020-02-01,Germany,90012041,A2219150205,Retailer,407.4,0.0,407.4
2020-02-01,Germany,90012041,A2219150206,Retailer,557.43,0.0,557.43
2020-02-01,Germany,90012041,A0519150208,Retailer,68.59,0.0,68.59
2020-02-01,Germany,90012041,A0519150207,Retailer,53.61,0.0,53.61
2020-02-01,Germany,90012041,A0519150202,Retailer,0.0,155.91,-155.91
2020-02-01,Germany,90012041,A0519150201,Retailer,133.82,0.0,133.82
2020-02-01,Germany,90012041,A0519150203,Retailer,87.13,0.0,87.13
2020-02-01,Germany,90012041,A0519150205,Retailer,0.0,41.5,-41.5
2020-02-01,Germany,90012041,A0418150105,Retailer,55.82,0.0,55.82
2020-02-01,Germany,90012041,A0418150103,Retailer,0.0,118.53,-118.53
2020-02-01,Germany,90012041,A0418150101,Retailer,120.01,0.0,120.01
2020-02-01,Germany,90012041,A0418150102,Retailer,123.65,0.0,123.65
2020-02-01,Germany,90012041,A0418150107,Retailer,48.8,0.0,48.8
2020-02-01,Germany,90012041,A0418150108,Retailer,197.02,0.0,197.02
2020-02-01,Germany,90012041,A0619150301,Retailer,60.61,0.0,60.61
2020-02-01,Germany,90012041,A0619150302,Retailer,0.0,301.09,-301.09
2020-02-01,Germany,90012041,A0621150308,Retailer,405.72,0.0,405.72
2020-02-01,Germany,90012041,A0620150305,Retailer,102.65,0.0,102.65
2020-02-01,Germany,90012041,A0621150307,Retailer,167.59,0.0,167.59
2020-02-01,Germany,90012041,A0620150303,Retailer,0.0,368.27,-368.27
2020-02-01,Germany,90012041,A0721150401,Retailer,304.12,0.0,304.12
2020-02-01,Germany,90012041,A0118150104,Retailer,0.0,80.67,-80.67
2020-02-01,Germany,90012041,A3819150203,Retailer,8.47,0.0,8.47
2020-02-01,Germany,90012041,A3920150303,Retailer,11.7,0.0,11.7
2020-02-01,Germany,90012041,A1618150103,Retailer,19.19,0.0,19.19
2020-02-01,Germany,90012041,A1819150303,Retailer,100.82,0.0,100.82
2020-02-01,Germany,90012041,A1718150203,Retailer,0.0,11.49,-11.49
2020-02-01,Germany,90012041,A0219150202,Retailer,222.7,0.0,222.7
2020-02-01,Germany,90012041,A0118150102,Retailer,270.9,0.0,270.9
2020-02-01,Germany,90012041,A1320150402,Retailer,1218.06,0.0,1218.06
2020-02-01,Germany,90012041,A1018150102,Retailer,559.89,0.0,559.89
2020-02-01,Germany,90012041,A1219150302,Retailer,555.24,0.0,555.24
2020-02-01,Germany,90012041,A1118150202,Retailer,1539.49,0.0,1539.49
2020-02-01,Germany,90012041,A3920150305,Retailer,13.05,0.0,13.05
2020-02-01,Germany,90012041,A3819150205,Retailer,10.05,0.0,10.05
2020-02-01,Germany,90012041,A3718150105,Retailer,9.14,0.0,9.14
2020-02-01,Germany,90012041,A0220150203,Retailer,114.7,0.0,114.7
2020-02-01,Germany,90012041,A0118150103,Retailer,295.77,0.0,295.77
2020-02-01,Germany,90012041,A1819150304,Retailer,29.98,0.0,29.98
2020-02-01,Germany,90012041,A1618150104,Retailer,0.0,21.25,-21.25
2020-02-01,Germany,90012041,A1718150204,Retailer,60.61,0.0,60.61
2020-02-01,Germany,90012041,A1018150103,Retailer,961.61,0.0,961.61
2020-02-01,Germany,90012041,A1320150403,Retailer,463.01,0.0,463.01
2020-02-01,Germany,90012041,A1219150303,Retailer,1109.75,0.0,1109.75
2020-02-01,Germany,90012041,A1119150203,Retailer,1224.18,0.0,1224.18
2020-02-01,Germany,90012041,A1718150201,Retailer,20.3,0.0,20.3
2020-02-01,Germany,90012041,A1819150301,Retailer,0.0,13.65,-13.65
2020-02-01,Germany,90012041,A1618150101,Retailer,52.77,0.0,52.77
2020-02-01,Germany,90012041,A4020150401,Retailer,11.93,0.0,11.93
2020-02-01,Germany,90012041,A3920150301,Retailer,0.0,9.46,-9.46
2020-02-01,Germany,90012041,A0219150201,Retailer,0.0,242.04,-242.04
2020-02-01,Germany,90012041,A0118150101,Retailer,145.04,0.0,145.04
2020-02-01,Germany,90012041,A0320150301,Retailer,200.62,0.0,200.62
2020-02-01,Germany,90012041,A1319150401,Retailer,1186.96,0.0,1186.96
2020-02-01,Germany,90012041,A1420150501,Retailer,1639.31,0.0,1639.31
2020-02-01,Germany,90012041,A1018150101,Retailer,403.88,0.0,403.88
2020-02-01,Germany,90012041,A1219150301,Retailer,369.57,0.0,369.57
2020-02-01,Germany,90012041,A1118150201,Retailer,653.73,0.0,653.73
2020-02-01,Germany,90012041,A4319110305,Retailer,483.77,0.0,483.77
2020-02-01,Germany,90012041,A4118110107,Retailer,282.32,0.0,282.32
2020-02-01,Germany,90012041,A4118110105,Retailer,254.48,0.0,254.48
2020-02-01,Germany,90012041,A4419110401,Retailer,412.4,0.0,412.4
2020-02-01,Germany,90012041,A4419110404,Retailer,0.0,400.06,-400.06
2020-02-01,Germany,90012041,A4419110407,Retailer,415.47,0.0,415.47
2020-02-01,Germany,90012041,A4519110502,Retailer,455.01,0.0,455.01
2020-02-01,Germany,90012041,A4218110207,Retailer,326.35,0.0,326.35
2020-02-01,Germany,90012041,A4218110208,Retailer,351.89,0.0,351.89
2020-02-01,Germany,90012041,A4218110202,Retailer,0.0,330.06,-330.06
2020-02-01,Germany,90012041,A4218110205,Retailer,387.32,0.0,387.32
2020-02-01,Germany,90012041,A4218110204,Retailer,341.65,0.0,341.65
2020-02-01,Germany,90012041,A4218110201,Retailer,192.72,0.0,192.72
2020-02-01,Germany,90012041,A4218110206,Retailer,221.16,0.0,221.16
2020-02-01,Germany,90012041,A4419110402,Retailer,251.51,0.0,251.51
2020-02-01,Germany,90012041,A4419110406,Retailer,265.95,0.0,265.95
2020-02-01,Germany,90012041,A4419110408,Retailer,301.6,0.0,301.6
2020-02-01,Germany,90012041,A4118110102,Retailer,166.75,0.0,166.75
2020-02-01,Germany,90012041,A4118110104,Retailer,183.54,0.0,183.54
2020-02-01,Germany,90012041,A4118110106,Retailer,0.0,169.3,-169.3
2020-02-01,Germany,90012041,A4319110306,Retailer,252.75,0.0,252.75
2020-02-01,Germany,90012041,A4319110304,Retailer,0.0,249.95,-249.95
2020-02-01,Germany,90012041,A4519110501,Retailer,297.75,0.0,297.75
2020-02-01,Germany,90012041,A4520110504,Retailer,0.0,312.72,-312.72
2020-02-01,Germany,90012041,A6720160103,Retailer,323.21,0.0,323.21
2020-02-01,Germany,90012041,A6818160201,Retailer,0.0,85.23,-85.23
2020-02-01,Germany,90012041,A7119160103,Retailer,1057.19,0.0,1057.19
2020-02-01,Germany,90012041,A7119160102,Retailer,1275.48,0.0,1275.48
2020-02-01,Germany,90012041,A7118160101,Retailer,1827.27,0.0,1827.27
2020-02-01,Germany,90012041,A7220160202,Retailer,0.0,2079.04,-2079.04
2020-02-01,Germany,90012041,A7220160203,Retailer,0.0,2703.39,-2703.39
2020-02-01,Germany,90012041,A7219160201,Retailer,365.72,0.0,365.72
2020-02-01,Germany,90012041,A6419160301,Retailer,1058.76,0.0,1058.76
2020-02-01,Germany,90012041,A6419160302,Retailer,1333.03,0.0,1333.03
2020-02-01,Germany,90012041,A6419160303,Retailer,0.0,872.81,-872.81
2020-02-01,Germany,90012033,A6720160103,Retailer,245.07,0.0,245.07
2020-02-01,Germany,90012041,A6519160401,Retailer,1019.56,0.0,1019.56
2020-02-01,Germany,90012041,A6218160102,Retailer,576.81,0.0,576.81
2020-02-01,Germany,90012041,A6218160101,Retailer,152.33,0.0,152.33
2020-02-01,Germany,90012041,A6219160103,Retailer,1109.43,0.0,1109.43
2020-02-01,Germany,90012041,A6319160203,Retailer,1416.91,0.0,1416.91
2020-02-01,Germany,90012041,A6319160201,Retailer,326.06,0.0,326.06
2020-02-01,Germany,90012041,A6319160202,Retailer,1277.96,0.0,1277.96
2020-02-01,Germany,90012041,A4118110101,Retailer,73.97,0.0,73.97
2020-02-01,Germany,90012041,A4318110301,Retailer,130.76,0.0,130.76
2020-02-01,Germany,90012041,A4319110302,Retailer,110.87,0.0,110.87
2020-02-01,Germany,90012041,A4419110405,Retailer,144.31,0.0,144.31
2020-02-01,Germany,90012041,A5520110305,Retailer,261.52,0.0,261.52
2020-02-01,Germany,90012041,A5520110308,Retailer,273.6,0.0,273.6
2020-02-01,Germany,90012041,A5318110104,Retailer,266.45,0.0,266.45
2020-02-01,Germany,90012041,A5318110108,Retailer,0.0,292.99,-292.99
2020-02-01,Germany,90012041,A5621110407,Retailer,0.0,283.6,-283.6
2020-02-01,Germany,90012041,A5621110408,Retailer,0.0,287.74,-287.74
2020-02-01,Germany,90012041,A5621110405,Retailer,0.0,314.99,-314.99
2020-02-01,Germany,90012041,A5621110404,Retailer,260.26,0.0,260.26
2020-02-01,Germany,90012041,A5419110208,Retailer,305.46,0.0,305.46
2020-02-01,Germany,90012041,A5419110204,Retailer,293.69,0.0,293.69
2020-02-01,Germany,90012041,A5419110205,Retailer,282.43,0.0,282.43
2020-02-01,Germany,90012041,A5419110207,Retailer,295.06,0.0,295.06
2020-02-01,Germany,90012034,A6720160103,Retailer,300.8,0.0,300.8
2020-02-01,Germany,90012037,A6720160103,Retailer,106.43,0.0,106.43
2020-02-01,Germany,90012038,A6720160103,Retailer,195.44,0.0,195.44
2020-02-01,Germany,90012040,A6720160103,Retailer,229.68,0.0,229.68
2020-02-01,Germany,90012033,A6818160201,Retailer,0.0,169.82,-169.82
2020-02-01,Germany,90012034,A6818160201,Retailer,75.03,0.0,75.03
2020-02-01,Germany,90012037,A6818160201,Retailer,175.24,0.0,175.24
2020-02-01,Germany,90012038,A6818160201,Retailer,222.49,0.0,222.49
2020-02-01,Germany,90012040,A6818160201,Retailer,221.5,0.0,221.5
2020-02-01,Germany,90012033,A7119160103,Retailer,640.85,0.0,640.85
2020-02-01,Germany,90012034,A7119160103,Retailer,1218.6,0.0,1218.6
2020-02-01,Germany,90012037,A7119160103,Retailer,1779.03,0.0,1779.03
2020-02-01,Germany,90012038,A7119160103,Retailer,1041.64,0.0,1041.64
2020-02-01,Germany,90012040,A7119160103,Retailer,1724.6,0.0,1724.6
2020-02-01,Germany,90012033,A7119160102,Retailer,324.57,0.0,324.57
2020-02-01,Germany,90012034,A7119160102,Retailer,433.75,0.0,433.75
2020-02-01,Germany,90012037,A7119160102,Retailer,784.73,0.0,784.73
2020-02-01,Germany,90012038,A7119160102,Retailer,1372.6,0.0,1372.6
2020-02-01,Germany,90012040,A7119160102,Retailer,1011.08,0.0,1011.08
2020-02-01,Germany,90012033,A7118160101,Retailer,706.83,0.0,706.83
2020-02-01,Germany,90012034,A7118160101,Retailer,164.09,0.0,164.09
2020-02-01,Germany,90012037,A7118160101,Retailer,1003.94,0.0,1003.94
2020-02-01,Germany,90012038,A7118160101,Retailer,1013.13,0.0,1013.13
2020-02-01,Germany,90012040,A7118160101,Retailer,1240.24,0.0,1240.24
2020-02-01,Germany,90012033,A7220160203,Retailer,1582.62,0.0,1582.62
2020-02-01,Germany,90012034,A7220160203,Retailer,706.37,0.0,706.37
2020-02-01,Germany,90012037,A7220160203,Retailer,0.0,1448.15,-1448.15
2020-02-01,Germany,90012038,A7220160203,Retailer,0.0,1562.53,-1562.53
2020-02-01,Germany,90012040,A7220160203,Retailer,824.36,0.0,824.36
2020-02-01,Germany,90012033,A7220160202,Retailer,944.78,0.0,944.78
2020-02-01,Germany,90012034,A7220160202,Retailer,663.22,0.0,663.22
2020-02-01,Germany,90012037,A7220160202,Retailer,1007.34,0.0,1007.34
2020-02-01,Germany,90012038,A7220160202,Retailer,454.71,0.0,454.71
2020-02-01,Germany,90012040,A7220160202,Retailer,2393.7,0.0,2393.7
2020-02-01,Germany,90012033,A7219160201,Retailer,1472.62,0.0,1472.62
2020-02-01,Germany,90012034,A7219160201,Retailer,1817.32,0.0,1817.32
2020-02-01,Germany,90012037,A7219160201,Retailer,0.0,304.19,-304.19
2020-02-01,Germany,90012038,A7219160201,Retailer,0.0,883.72,-883.72
2020-02-01,Germany,90012040,A7219160201,Retailer,0.0,1144.42,-1144.42
2020-02-01,Germany,90012033,A6419160301,Retailer,505.46,0.0,505.46
2020-02-01,Germany,90012034,A6419160301,Retailer,169.35,0.0,169.35
2020-02-01,Germany,90012037,A6419160301,Retailer,481.48,0.0,481.48
2020-02-01,Germany,90012038,A6419160301,Retailer,951.12,0.0,951.12
2020-02-01,Germany,90012040,A6419160301,Retailer,672.7,0.0,672.7
2020-02-01,Germany,90012033,A6419160303,Retailer,0.0,461.36,-461.36
2020-02-01,Germany,90012034,A6419160303,Retailer,0.0,178.09,-178.09
2020-02-01,Germany,90012037,A6419160303,Retailer,1046.57,0.0,1046.57
2020-02-01,Germany,90012038,A6419160303,Retailer,1080.6,0.0,1080.6
2020-02-01,Germany,90012040,A6419160303,Retailer,0.0,538.58,-538.58
2020-02-01,Germany,90012033,A6419160302,Retailer,213.21,0.0,213.21
2020-02-01,Germany,90012034,A6419160302,Retailer,625.63,0.0,625.63
2020-02-01,Germany,90012037,A6419160302,Retailer,1083.77,0.0,1083.77
2020-02-01,Germany,90012038,A6419160302,Retailer,818.46,0.0,818.46
2020-02-01,Germany,90012040,A6419160302,Retailer,690.69,0.0,690.69
2020-02-01,Germany,90012033,A6519160401,Retailer,470.33,0.0,470.33
2020-02-01,Germany,90012034,A6519160401,Retailer,0.0,1096.16,-1096.16
2020-02-01,Germany,90012037,A6519160401,Retailer,792.07,0.0,792.07
2020-02-01,Germany,90012038,A6519160401,Retailer,868.67,0.0,868.67
2020-02-01,Germany,90012040,A6519160401,Retailer,821.81,0.0,821.81
2020-02-01,Germany,90012033,A6218160101,Retailer,882.07,0.0,882.07
2020-02-01,Germany,90012034,A6218160101,Retailer,864.58,0.0,864.58
2020-02-01,Germany,90012037,A6218160101,Retailer,137.38,0.0,137.38
2020-02-01,Germany,90012038,A6218160101,Retailer,194.27,0.0,194.27
2020-02-01,Germany,90012040,A6218160101,Retailer,0.0,684.27,-684.27
2020-02-01,Germany,90012033,A6218160102,Retailer,408.68,0.0,408.68
2020-02-01,Germany,90012034,A6218160102,Retailer,914.1,0.0,914.1
2020-02-01,Germany,90012037,A6218160102,Retailer,0.0,172.89,-172.89
2020-02-01,Germany,90012038,A6218160102,Retailer,132.65,0.0,132.65
2020-02-01,Germany,90012040,A6218160102,Retailer,0.0,538.69,-538.69
2020-02-01,Germany,90012033,A6219160103,Retailer,546.52,0.0,546.52
2020-02-01,Germany,90012034,A6219160103,Retailer,371.34,0.0,371.34
2020-02-01,Germany,90012037,A6219160103,Retailer,683.19,0.0,683.19
2020-02-01,Germany,90012038,A6219160103,Retailer,940.02,0.0,940.02
2020-02-01,Germany,90012040,A6219160103,Retailer,388.92,0.0,388.92
2020-02-01,Germany,90012033,A6319160203,Retailer,997.3,0.0,997.3
2020-02-01,Germany,90012034,A6319160203,Retailer,0.0,261.93,-261.93
2020-02-01,Germany,90012037,A6319160203,Retailer,647.44,0.0,647.44
2020-02-01,Germany,90012038,A6319160203,Retailer,1271.48,0.0,1271.48
2020-02-01,Germany,90012040,A6319160203,Retailer,440.38,0.0,440.38
2020-02-01,Germany,90012033,A6319160201,Retailer,741.16,0.0,741.16
2020-02-01,Germany,90012034,A6319160201,Retailer,809.01,0.0,809.01
2020-02-01,Germany,90012037,A6319160201,Retailer,0.0,386.14,-386.14
2020-02-01,Germany,90012038,A6319160201,Retailer,789.43,0.0,789.43
2020-02-01,Germany,90012040,A6319160201,Retailer,742.99,0.0,742.99
2020-02-01,Germany,90012033,A6319160202,Retailer,235.05,0.0,235.05
2020-02-01,Germany,90012034,A6319160202,Retailer,0.0,225.21,-225.21
2020-02-01,Germany,90012037,A6319160202,Retailer,954.5,0.0,954.5
2020-02-01,Germany,90012038,A6319160202,Retailer,613.86,0.0,613.86
2020-02-01,Germany,90012040,A6319160202,Retailer,483.78,0.0,483.78
2020-02-01,Germany,90012037,A4520110504,Retailer,584.86,0.0,584.86
2020-02-01,Germany,90012034,A4319110305,Retailer,455.25,0.0,455.25
2020-02-01,Germany,90012034,A4318110301,Retailer,419.79,0.0,419.79
2020-02-01,Germany,90012033,A4319110304,Retailer,0.0,430.38,-430.38
2020-02-01,Germany,90012034,A4319110304,Retailer,413.23,0.0,413.23
2020-02-01,Germany,90012040,A4319110304,Retailer,439.55,0.0,439.55
2020-02-01,Germany,90012038,A4419110408,Retailer,547.61,0.0,547.61
2020-02-01,Germany,90012037,A4419110404,Retailer,529.94,0.0,529.94
2020-02-01,Germany,90012040,A4419110404,Retailer,537.21,0.0,537.21
2020-02-01,Germany,90012037,A4419110406,Retailer,0.0,529.66,-529.66
2020-02-01,Germany,90012040,A4118110107,Retailer,336.31,0.0,336.31
2020-02-01,Germany,90012037,A4118110102,Retailer,0.0,307.59,-307.59
2020-02-01,Germany,90012037,A4118110105,Retailer,329.55,0.0,329.55
2020-02-01,Germany,90012034,A4118110106,Retailer,271.91,0.0,271.91
2020-02-01,Germany,90012040,A4118110106,Retailer,288.44,0.0,288.44
2020-02-01,Germany,90012033,A4218110202,Retailer,380.51,0.0,380.51
2020-02-01,Germany,90012037,A4218110202,Retailer,383.45,0.0,383.45
2020-02-01,Germany,90012040,A4218110202,Retailer,404.39,0.0,404.39
2020-02-01,Germany,90012034,A4218110208,Retailer,433.07,0.0,433.07
2020-02-01,Germany,90012037,A4218110208,Retailer,386.33,0.0,386.33
2020-02-01,Germany,90012040,A4218110208,Retailer,389.62,0.0,389.62
2020-02-01,Germany,90012034,A4218110207,Retailer,404.66,0.0,404.66
2020-02-01,Germany,90012037,A4218110207,Retailer,416.26,0.0,416.26
2020-02-01,Germany,90012040,A4218110207,Retailer,402.97,0.0,402.97
2020-02-01,Germany,90012037,A4218110204,Retailer,399.43,0.0,399.43
2020-02-01,Germany,90012040,A4218110204,Retailer,439.4,0.0,439.4
2020-02-01,Germany,90012033,A4218110201,Retailer,361.34,0.0,361.34
2020-02-01,Germany,90012040,A4218110201,Retailer,341.94,0.0,341.94
2020-02-01,Germany,90012034,A4218110205,Retailer,0.0,416.61,-416.61
2020-02-01,Germany,90012038,A4118110101,Retailer,218.96,0.0,218.96
2020-02-01,Germany,90012040,A4118110104,Retailer,263.93,0.0,263.93
2020-02-01,Germany,90012033,A4118110107,Retailer,241.9,0.0,241.9
2020-02-01,Germany,90012037,A4118110107,Retailer,228.87,0.0,228.87
2020-02-01,Germany,90012033,A4118110105,Retailer,0.0,224.52,-224.52
2020-02-01,Germany,90012034,A4118110105,Retailer,0.0,232.26,-232.26
2020-02-01,Germany,90012038,A4118110105,Retailer,246.87,0.0,246.87
2020-02-01,Germany,90012033,A4520110504,Retailer,0.0,428.94,-428.94
2020-02-01,Germany,90012038,A4520110504,Retailer,449.98,0.0,449.98
2020-02-01,Germany,90012037,A4519110501,Retailer,401.99,0.0,401.99
2020-02-01,Germany,90012040,A4519110501,Retailer,406.83,0.0,406.83
2020-02-01,Germany,90012037,A4319110304,Retailer,0.0,331.33,-331.33
2020-02-01,Germany,90012038,A4319110304,Retailer,364.0,0.0,364.0
2020-02-01,Germany,90012034,A4319110302,Retailer,303.27,0.0,303.27
2020-02-01,Germany,90012034,A4319110306,Retailer,311.88,0.0,311.88
2020-02-01,Germany,90012033,A4318110301,Retailer,330.14,0.0,330.14
2020-02-01,Germany,90012038,A4318110301,Retailer,380.4,0.0,380.4
2020-02-01,Germany,90012033,A4419110405,Retailer,378.65,0.0,378.65
2020-02-01,Germany,90012038,A4419110405,Retailer,457.91,0.0,457.91
2020-02-01,Germany,90012033,A4419110402,Retailer,350.32,0.0,350.32
2020-02-01,Germany,90012040,A4419110407,Retailer,403.35,0.0,403.35
2020-02-01,Germany,90012033,A4419110404,Retailer,394.83,0.0,394.83
2020-02-01,Germany,90012038,A4419110404,Retailer,425.7,0.0,425.7
2020-02-01,Germany,90012033,A4419110401,Retailer,325.62,0.0,325.62
2020-02-01,Germany,90012037,A4419110401,Retailer,379.32,0.0,379.32
2020-02-01,Germany,90012038,A4419110401,Retailer,0.0,388.21,-388.21
2020-02-01,Germany,90012033,A4419110406,Retailer,389.56,0.0,389.56
2020-02-01,Germany,90012038,A4419110406,Retailer,425.03,0.0,425.03
2020-02-01,Germany,90012033,A4419110408,Retailer,0.0,415.08,-415.08
2020-02-01,Germany,90012037,A4419110408,Retailer,418.53,0.0,418.53
2020-02-01,Germany,90012033,A4218110207,Retailer,301.95,0.0,301.95
2020-02-01,Germany,90012037,A4218110206,Retailer,303.76,0.0,303.76
2020-02-01,Germany,90012033,A4218110208,Retailer,291.11,0.0,291.11
2020-02-01,Germany,90012038,A4218110208,Retailer,316.48,0.0,316.48
2020-02-01,Germany,90012038,A4218110202,Retailer,317.86,0.0,317.86
2020-02-01,Germany,90012033,A4218110205,Retailer,312.76,0.0,312.76
2020-02-01,Germany,90012040,A4218110205,Retailer,0.0,335.24,-335.24
2020-02-01,Germany,90012033,A4218110204,Retailer,300.63,0.0,300.63
2020-02-01,Germany,90012034,A4218110204,Retailer,307.72,0.0,307.72
2020-02-01,Germany,90012037,A4218110201,Retailer,0.0,149.61,-149.61
2020-02-01,Germany,90012037,A4218110205,Retailer,210.05,0.0,210.05
2020-02-01,Germany,90012038,A4218110205,Retailer,234.63,0.0,234.63
2020-02-01,Germany,90012038,A4218110204,Retailer,0.0,204.7,-204.7
2020-02-01,Germany,90012034,A4218110202,Retailer,188.74,0.0,188.74
2020-02-01,Germany,90012033,A4218110206,Retailer,186.68,0.0,186.68
2020-02-01,Germany,90012038,A4218110206,Retailer,223.78,0.0,223.78
2020-02-01,Germany,90012038,A4218110207,Retailer,222.8,0.0,222.8
2020-02-01,Germany,90012037,A4419110405,Retailer,244.91,0.0,244.91
2020-02-01,Germany,90012040,A4419110405,Retailer,279.37,0.0,279.37
2020-02-01,Germany,90012033,A4419110407,Retailer,222.0,0.0,222.0
2020-02-01,Germany,90012034,A4419110407,Retailer,246.78,0.0,246.78
2020-02-01,Germany,90012037,A4419110407,Retailer,0.0,267.4,-267.4
2020-02-01,Germany,90012038,A4419110407,Retailer,244.99,0.0,244.99
2020-02-01,Germany,90012034,A4419110402,Retailer,247.27,0.0,247.27
2020-02-01,Germany,90012037,A4419110402,Retailer,251.02,0.0,251.02
2020-02-01,Germany,90012038,A4419110402,Retailer,267.99,0.0,267.99
2020-02-01,Germany,90012040,A4419110402,Retailer,0.0,264.22,-264.22
2020-02-01,Germany,90012040,A4419110401,Retailer,261.93,0.0,261.93
2020-02-01,Germany,90012038,A4118110106,Retailer,142.7,0.0,142.7
2020-02-01,Germany,90012034,A4118110102,Retailer,160.76,0.0,160.76
2020-02-01,Germany,90012038,A4118110102,Retailer,160.96,0.0,160.96
2020-02-01,Germany,90012040,A4118110102,Retailer,162.35,0.0,162.35
2020-02-01,Germany,90012037,A4118110104,Retailer,151.02,0.0,151.02
2020-02-01,Germany,90012038,A4118110104,Retailer,0.0,160.12,-160.12
2020-02-01,Germany,90012033,A4118110101,Retailer,138.72,0.0,138.72
2020-02-01,Germany,90012034,A4118110101,Retailer,130.93,0.0,130.93
2020-02-01,Germany,90012037,A4118110101,Retailer,0.0,143.65,-143.65
2020-02-01,Germany,90012033,A4319110305,Retailer,238.82,0.0,238.82
2020-02-01,Germany,90012037,A4319110305,Retailer,220.48,0.0,220.48
2020-02-01,Germany,90012033,A4319110302,Retailer,0.0,210.64,-210.64
2020-02-01,Germany,90012037,A4319110302,Retailer,198.65,0.0,198.65
2020-02-01,Germany,90012038,A4319110302,Retailer,0.0,195.75,-195.75
2020-02-01,Germany,90012040,A4319110302,Retailer,204.36,0.0,204.36
2020-02-01,Germany,90012038,A4319110306,Retailer,218.22,0.0,218.22
2020-02-01,Germany,90012033,A4519110502,Retailer,250.06,0.0,250.06
2020-02-01,Germany,90012034,A4519110502,Retailer,0.0,283.04,-283.04
2020-02-01,Germany,90012038,A4519110502,Retailer,265.63,0.0,265.63
2020-02-01,Germany,90012040,A4519110502,Retailer,290.33,0.0,290.33
2020-02-01,Germany,90012040,A4520110504,Retailer,269.58,0.0,269.58
2020-02-01,Germany,90012033,A4519110501,Retailer,269.96,0.0,269.96
2020-02-01,Germany,90012034,A4118110107,Retailer,76.07,0.0,76.07
2020-02-01,Germany,90012038,A4118110107,Retailer,79.96,0.0,79.96
2020-02-01,Germany,90012033,A4118110106,Retailer,76.2,0.0,76.2
2020-02-01,Germany,90012037,A4118110106,Retailer,81.52,0.0,81.52
2020-02-01,Germany,90012040,A4118110105,Retailer,87.92,0.0,87.92
2020-02-01,Germany,90012033,A4118110102,Retailer,0.0,73.38,-73.38
2020-02-01,Germany,90012040,A4118110101,Retailer,72.44,0.0,72.44
2020-02-01,Germany,90012033,A4118110104,Retailer,78.37,0.0,78.37
2020-02-01,Germany,90012034,A4118110104,Retailer,78.03,0.0,78.03
2020-02-01,Germany,90012034,A4419110406,Retailer,125.74,0.0,125.74
2020-02-01,Germany,90012040,A4419110406,Retailer,127.39,0.0,127.39
2020-02-01,Germany,90012034,A4419110401,Retailer,0.0,116.09,-116.09
2020-02-01,Germany,90012034,A4419110405,Retailer,126.75,0.0,126.75
2020-02-01,Germany,90012034,A4419110408,Retailer,0.0,126.37,-126.37
2020-02-01,Germany,90012040,A4419110408,Retailer,143.85,0.0,143.85
2020-02-01,Germany,90012034,A4419110404,Retailer,0.0,123.43,-123.43
2020-02-01,Germany,90012033,A4319110306,Retailer,122.37,0.0,122.37
2020-02-01,Germany,90012037,A4319110306,Retailer,108.63,0.0,108.63
2020-02-01,Germany,90012040,A4319110306,Retailer,0.0,125.91,-125.91
2020-02-01,Germany,90012037,A4318110301,Retailer,117.9,0.0,117.9
2020-02-01,Germany,90012040,A4318110301,Retailer,116.33,0.0,116.33
2020-02-01,Germany,90012038,A4319110305,Retailer,111.27,0.0,111.27
2020-02-01,Germany,90012040,A4319110305,Retailer,116.23,0.0,116.23
2020-02-01,Germany,90012034,A4520110504,Retailer,145.61,0.0,145.61
2020-02-01,Germany,90012034,A4519110501,Retailer,148.84,0.0,148.84
2020-02-01,Germany,90012038,A4519110501,Retailer,146.64,0.0,146.64
2020-02-01,Germany,90012037,A4519110502,Retailer,135.83,0.0,135.83
2020-02-01,Germany,90012034,A4218110206,Retailer,108.19,0.0,108.19
2020-02-01,Germany,90012040,A4218110206,Retailer,102.21,0.0,102.21
2020-02-01,Germany,90012034,A4218110201,Retailer,81.45,0.0,81.45
2020-02-01,Germany,90012038,A4218110201,Retailer,0.0,87.73,-87.73
2020-02-01,Germany,90012034,A5520110307,Retailer,0.0,258.13,-258.13
2020-02-01,Germany,90012037,A5520110307,Retailer,253.59,0.0,253.59
2020-02-01,Germany,90012040,A5520110307,Retailer,292.38,0.0,292.38
2020-02-01,Germany,90012038,A5519110303,Retailer,244.98,0.0,244.98
2020-02-01,Germany,90012040,A5519110303,Retailer,0.0,232.25,-232.25
2020-02-01,Germany,90012037,A5519110304,Retailer,0.0,277.0,-277.0
2020-02-01,Germany,90012038,A5519110304,Retailer,0.0,293.86,-293.86
2020-02-01,Germany,90012040,A5519110304,Retailer,284.83,0.0,284.83
2020-02-01,Germany,90012034,A5519110302,Retailer,266.2,0.0,266.2
2020-02-01,Germany,90012037,A5519110302,Retailer,0.0,286.18,-286.18
2020-02-01,Germany,90012037,A5520110305,Retailer,242.9,0.0,242.9
2020-02-01,Germany,90012034,A5520110308,Retailer,0.0,261.41,-261.41
2020-02-01,Germany,90012037,A5520110308,Retailer,269.41,0.0,269.41
2020-02-01,Germany,90012033,A5519110301,Retailer,248.79,0.0,248.79
2020-02-01,Germany,90012034,A5519110301,Retailer,0.0,246.44,-246.44
2020-02-01,Germany,90012037,A5519110301,Retailer,262.97,0.0,262.97
2020-02-01,Germany,90012040,A5519110301,Retailer,287.08,0.0,287.08
2020-02-01,Germany,90012033,A5318110107,Retailer,278.78,0.0,278.78
2020-02-01,Germany,90012037,A5318110107,Retailer,265.66,0.0,265.66
2020-02-01,Germany,90012038,A5318110107,Retailer,266.7,0.0,266.7
2020-02-01,Germany,90012040,A5318110107,Retailer,0.0,280.28,-280.28
2020-02-01,Germany,90012033,A5318110108,Retailer,230.77,0.0,230.77
2020-02-01,Germany,90012034,A5318110108,Retailer,237.93,0.0,237.93
2020-02-01,Germany,90012037,A5318110108,Retailer,265.05,0.0,265.05
2020-02-01,Germany,90012034,A5318110105,Retailer,242.62,0.0,242.62
2020-02-01,Germany,90012034,A5318110104,Retailer,239.51,0.0,239.51
2020-02-01,Germany,90012037,A5318110104,Retailer,247.82,0.0,247.82
2020-02-01,Germany,90012040,A5318110104,Retailer,0.0,260.24,-260.24
2020-02-01,Germany,90012037,A5318110103,Retailer,244.77,0.0,244.77
2020-02-01,Germany,90012033,A5318110102,Retailer,0.0,247.91,-247.91
2020-02-01,Germany,90012037,A5318110102,Retailer,238.38,0.0,238.38
2020-02-01,Germany,90012038,A5318110102,Retailer,276.37,0.0,276.37
2020-02-01,Germany,90012037,A5318110101,Retailer,261.21,0.0,261.21
2020-02-01,Germany,90012033,A5620110401,Retailer,263.67,0.0,263.67
2020-02-01,Germany,90012038,A5620110401,Retailer,267.78,0.0,267.78
2020-02-01,Germany,90012033,A5621110407,Retailer,291.36,0.0,291.36
2020-02-01,Germany,90012034,A5621110407,Retailer,291.29,0.0,291.29
2020-02-01,Germany,90012037,A5621110407,Retailer,282.8,0.0,282.8
2020-02-01,Germany,90012037,A5620110402,Retailer,287.56,0.0,287.56
2020-02-01,Germany,90012038,A5620110402,Retailer,299.13,0.0,299.13
2020-02-01,Germany,90012040,A5620110402,Retailer,0.0,305.16,-305.16
2020-02-01,Germany,90012037,A5621110403,Retailer,281.68,0.0,281.68
2020-02-01,Germany,90012033,A5621110404,Retailer,274.26,0.0,274.26
2020-02-01,Germany,90012034,A5621110404,Retailer,274.32,0.0,274.32
2020-02-01,Germany,90012034,A5621110405,Retailer,262.36,0.0,262.36
2020-02-01,Germany,90012038,A5621110405,Retailer,0.0,276.34,-276.34
2020-02-01,Germany,90012040,A5621110405,Retailer,283.09,0.0,283.09
2020-02-01,Germany,90012037,A5621110408,Retailer,257.46,0.0,257.46
2020-02-01,Germany,90012040,A5621110408,Retailer,248.47,0.0,248.47
2020-02-01,Germany,90012033,A5721110501,Retailer,253.39,0.0,253.39
2020-02-01,Germany,90012038,A5721110501,Retailer,291.01,0.0,291.01
2020-02-01,Germany,90012033,A5419110208,Retailer,260.99,0.0,260.99
2020-02-01,Germany,90012034,A5419110208,Retailer,275.25,0.0,275.25
2020-02-01,Germany,90012037,A5419110208,Retailer,248.96,0.0,248.96
2020-02-01,Germany,90012033,A5419110207,Retailer,273.46,0.0,273.46
2020-02-01,Germany,90012034,A5419110207,Retailer,250.95,0.0,250.95
2020-02-01,Germany,90012037,A5419110207,Retailer,254.05,0.0,254.05
2020-02-01,Germany,90012033,A5419110201,Retailer,256.22,0.0,256.22
2020-02-01,Germany,90012034,A5419110201,Retailer,252.3,0.0,252.3
2020-02-01,Germany,90012037,A5419110201,Retailer,0.0,263.54,-263.54
2020-02-01,Germany,90012038,A5419110201,Retailer,278.98,0.0,278.98
2020-02-01,Germany,90012033,A5419110202,Retailer,221.78,0.0,221.78
2020-02-01,Germany,90012037,A5419110202,Retailer,0.0,235.94,-235.94
2020-02-01,Germany,90012040,A5419110202,Retailer,0.0,237.04,-237.04
2020-02-01,Germany,90012033,A5419110203,Retailer,247.78,0.0,247.78
2020-02-01,Germany,90012038,A5419110203,Retailer,259.58,0.0,259.58
2020-02-01,Germany,90012040,A5419110203,Retailer,245.96,0.0,245.96
2020-02-01,Germany,90012033,A5419110204,Retailer,0.0,266.05,-266.05
2020-02-01,Germany,90012034,A5419110204,Retailer,0.0,253.7,-253.7
2020-02-01,Germany,90012037,A5419110204,Retailer,0.0,259.44,-259.44
2020-02-01,Germany,90012033,A5419110205,Retailer,285.08,0.0,285.08
2020-02-01,Germany,90012037,A5419110205,Retailer,257.63,0.0,257.63
2020-02-01,Germany,90012033,A0118150104,Retailer,261.86,0.0,261.86
2020-02-01,Germany,90012034,A0118150104,Retailer,221.5,0.0,221.5
2020-02-01,Germany,90012037,A0118150104,Retailer,0.0,233.72,-233.72
2020-02-01,Germany,90012038,A0118150104,Retailer,0.0,278.53,-278.53
2020-02-01,Germany,90012040,A0118150104,Retailer,0.0,121.04,-121.04
2020-02-01,Germany,90012037,A3920150303,Retailer,9.76,0.0,9.76
2020-02-01,Germany,90012034,A3819150203,Retailer,8.47,0.0,8.47
2020-02-01,Germany,90012040,A3819150203,Retailer,8.6,0.0,8.6
2020-02-01,Germany,90012038,A3718150103,Retailer,0.0,7.47,-7.47
2020-02-01,Germany,90012040,A3718150103,Retailer,0.0,6.93,-6.93
2020-02-01,Germany,90012033,A1618150103,Retailer,26.1,0.0,26.1
2020-02-01,Germany,90012034,A1618150103,Retailer,26.48,0.0,26.48
2020-02-01,Germany,90012037,A1618150103,Retailer,28.9,0.0,28.9
2020-02-01,Germany,90012038,A1618150103,Retailer,9.19,0.0,9.19
2020-02-01,Germany,90012040,A1618150103,Retailer,0.0,8.95,-8.95
2020-02-01,Germany,90012033,A1819150303,Retailer,40.68,0.0,40.68
2020-02-01,Germany,90012040,A1819150303,Retailer,60.49,0.0,60.49
2020-02-01,Germany,90012038,A1819150303,Retailer,71.72,0.0,71.72
2020-02-01,Germany,90012037,A1819150303,Retailer,26.75,0.0,26.75
2020-02-01,Germany,90012034,A1819150303,Retailer,14.31,0.0,14.31
2020-02-01,Germany,90012038,A1718150203,Retailer,58.41,0.0,58.41
2020-02-01,Germany,90012034,A1718150203,Retailer,61.38,0.0,61.38
2020-02-01,Germany,90012040,A1718150203,Retailer,74.51,0.0,74.51
2020-02-01,Germany,90012033,A1718150203,Retailer,33.08,0.0,33.08
2020-02-01,Germany,90012037,A1718150203,Retailer,23.07,0.0,23.07
2020-02-01,Germany,90012033,A0219150202,Retailer,192.38,0.0,192.38
2020-02-01,Germany,90012034,A0219150202,Retailer,0.0,141.06,-141.06
2020-02-01,Germany,90012037,A0219150202,Retailer,249.73,0.0,249.73
2020-02-01,Germany,90012038,A0219150202,Retailer,120.15,0.0,120.15
2020-02-01,Germany,90012040,A0219150202,Retailer,0.0,156.99,-156.99
2020-02-01,Germany,90012033,A0118150102,Retailer,237.62,0.0,237.62
2020-02-01,Germany,90012034,A0118150102,Retailer,0.0,75.59,-75.59
2020-02-01,Germany,90012037,A0118150102,Retailer,141.19,0.0,141.19
2020-02-01,Germany,90012038,A0118150102,Retailer,268.09,0.0,268.09
2020-02-01,Germany,90012040,A0118150102,Retailer,71.65,0.0,71.65
2020-02-01,Germany,90012033,A1320150402,Retailer,531.88,0.0,531.88
2020-02-01,Germany,90012034,A1320150402,Retailer,1349.06,0.0,1349.06
2020-02-01,Germany,90012037,A1320150402,Retailer,713.73,0.0,713.73
2020-02-01,Germany,90012040,A1320150402,Retailer,1432.05,0.0,1432.05
2020-02-01,Germany,90012038,A1320150402,Retailer,229.7,0.0,229.7
2020-02-01,Germany,90012033,A1018150102,Retailer,0.0,854.26,-854.26
2020-02-01,Germany,90012034,A1018150102,Retailer,741.58,0.0,741.58
2020-02-01,Germany,90012037,A1018150102,Retailer,0.0,810.19,-810.19
2020-02-01,Germany,90012038,A1018150102,Retailer,293.54,0.0,293.54
2020-02-01,Germany,90012040,A1018150102,Retailer,1178.46,0.0,1178.46
2020-02-01,Germany,90012033,A1219150302,Retailer,0.0,891.62,-891.62
2020-02-01,Germany,90012034,A1219150302,Retailer,0.0,650.66,-650.66
2020-02-01,Germany,90012037,A1219150302,Retailer,505.69,0.0,505.69
2020-02-01,Germany,90012038,A1219150302,Retailer,948.67,0.0,948.67
2020-02-01,Germany,90012040,A1219150302,Retailer,355.15,0.0,355.15
2020-02-01,Germany,90012033,A1118150202,Retailer,814.48,0.0,814.48
2020-02-01,Germany,90012037,A1118150202,Retailer,0.0,1177.58,-1177.58
2020-02-01,Germany,90012038,A1118150202,Retailer,1013.81,0.0,1013.81
2020-02-01,Germany,90012040,A1118150202,Retailer,459.28,0.0,459.28
2020-02-01,Germany,90012034,A1118150202,Retailer,187.07,0.0,187.07
2020-02-01,Germany,90012037,A3819150205,Retailer,0.0,8.58,-8.58
2020-02-01,Germany,90012034,A3718150105,Retailer,7.42,0.0,7.42
2020-02-01,Germany,90012038,A3718150105,Retailer,8.41,0.0,8.41
2020-02-01,Germany,90012033,A3920150305,Retailer,12.63,0.0,12.63
2020-02-01,Germany,90012034,A3920150305,Retailer,11.77,0.0,11.77
2020-02-01,Germany,90012038,A3920150305,Retailer,0.0,11.95,-11.95
2020-02-01,Germany,90012040,A3920150305,Retailer,12.52,0.0,12.52
2020-02-01,Germany,90012033,A0220150203,Retailer,125.15,0.0,125.15
2020-02-01,Germany,90012034,A0220150203,Retailer,162.88,0.0,162.88
2020-02-01,Germany,90012037,A0220150203,Retailer,134.04,0.0,134.04
2020-02-01,Germany,90012038,A0220150203,Retailer,0.0,288.69,-288.69
2020-02-01,Germany,90012040,A0220150203,Retailer,158.11,0.0,158.11
2020-02-01,Germany,90012033,A0118150103,Retailer,42.57,0.0,42.57
2020-02-01,Germany,90012034,A0118150103,Retailer,271.28,0.0,271.28
2020-02-01,Germany,90012037,A0118150103,Retailer,126.12,0.0,126.12
2020-02-01,Germany,90012038,A0118150103,Retailer,264.19,0.0,264.19
2020-02-01,Germany,90012040,A0118150103,Retailer,337.8,0.0,337.8
2020-02-01,Germany,90012033,A1819150304,Retailer,0.0,69.53,-69.53
2020-02-01,Germany,90012034,A1819150304,Retailer,73.74,0.0,73.74
2020-02-01,Germany,90012038,A1819150304,Retailer,66.06,0.0,66.06
2020-02-01,Germany,90012040,A1819150304,Retailer,77.35,0.0,77.35
2020-02-01,Germany,90012037,A1819150304,Retailer,0.0,54.76,-54.76
2020-02-01,Germany,90012037,A1618150104,Retailer,55.36,0.0,55.36
2020-02-01,Germany,90012034,A1618150104,Retailer,32.87,0.0,32.87
2020-02-01,Germany,90012038,A1618150104,Retailer,21.97,0.0,21.97
2020-02-01,Germany,90012040,A1618150104,Retailer,20.92,0.0,20.92
2020-02-01,Germany,90012034,A1718150201,Retailer,50.44,0.0,50.44
2020-02-01,Germany,90012033,A1618150104,Retailer,10.76,0.0,10.76
2020-02-01,Germany,90012033,A1718150204,Retailer,61.12,0.0,61.12
2020-02-01,Germany,90012038,A1718150204,Retailer,69.02,0.0,69.02
2020-02-01,Germany,90012040,A1718150204,Retailer,67.93,0.0,67.93
2020-02-01,Germany,90012034,A1718150204,Retailer,0.0,34.55,-34.55
2020-02-01,Germany,90012037,A1718150204,Retailer,35.29,0.0,35.29
2020-02-01,Germany,90012033,A1018150103,Retailer,859.47,0.0,859.47
2020-02-01,Germany,90012034,A1018150103,Retailer,0.0,650.08,-650.08
2020-02-01,Germany,90012037,A1018150103,Retailer,302.75,0.0,302.75
2020-02-01,Germany,90012038,A1018150103,Retailer,0.0,287.94,-287.94
2020-02-01,Germany,90012040,A1018150103,Retailer,760.2,0.0,760.2
2020-02-01,Germany,90012033,A1320150403,Retailer,0.0,683.93,-683.93
2020-02-01,Germany,90012034,A1320150403,Retailer,1083.9,0.0,1083.9
2020-02-01,Germany,90012037,A1320150403,Retailer,575.72,0.0,575.72
2020-02-01,Germany,90012038,A1320150403,Retailer,1015.27,0.0,1015.27
2020-02-01,Germany,90012040,A1320150403,Retailer,189.48,0.0,189.48
2020-02-01,Germany,90012034,A1219150303,Retailer,0.0,864.75,-864.75
2020-02-01,Germany,90012038,A1219150303,Retailer,534.46,0.0,534.46
2020-02-01,Germany,90012040,A1219150303,Retailer,942.77,0.0,942.77
2020-02-01,Germany,90012033,A1219150303,Retailer,0.0,192.98,-192.98
2020-02-01,Germany,90012037,A1219150303,Retailer,182.23,0.0,182.23
2020-02-01,Germany,90012033,A1119150203,Retailer,455.78,0.0,455.78
2020-02-01,Germany,90012034,A1119150203,Retailer,977.66,0.0,977.66
2020-02-01,Germany,90012037,A1119150203,Retailer,957.19,0.0,957.19
2020-02-01,Germany,90012038,A1119150203,Retailer,402.48,0.0,402.48
2020-02-01,Germany,90012040,A1119150203,Retailer,254.47,0.0,254.47
2020-02-01,Germany,90012033,A1718150201,Retailer,9.75,0.0,9.75
2020-02-01,Germany,90012037,A1718150201,Retailer,31.75,0.0,31.75
2020-02-01,Germany,90012038,A1718150201,Retailer,0.0,31.63,-31.63
2020-02-01,Germany,90012040,A1718150201,Retailer,0.0,59.1,-59.1
2020-02-01,Germany,90012034,A1819150301,Retailer,0.0,68.69,-68.69
2020-02-01,Germany,90012038,A1819150301,Retailer,43.2,0.0,43.2
2020-02-01,Germany,90012033,A1819150301,Retailer,24.28,0.0,24.28
2020-02-01,Germany,90012037,A1819150301,Retailer,27.12,0.0,27.12
2020-02-01,Germany,90012040,A1819150301,Retailer,13.39,0.0,13.39
2020-02-01,Germany,90012037,A1618150101,Retailer,8.14,0.0,8.14
2020-02-01,Germany,90012033,A1618150101,Retailer,34.81,0.0,34.81
2020-02-01,Germany,90012034,A1618150101,Retailer,0.0,40.87,-40.87
2020-02-01,Germany,90012038,A1618150101,Retailer,45.68,0.0,45.68
2020-02-01,Germany,90012040,A1618150101,Retailer,51.75,0.0,51.75
2020-02-01,Germany,90012034,A3920150301,Retailer,9.98,0.0,9.98
2020-02-01,Germany,90012037,A3920150301,Retailer,9.46,0.0,9.46
2020-02-01,Germany,90012038,A3920150301,Retailer,10.16,0.0,10.16
2020-02-01,Germany,90012034,A3718150101,Retailer,7.57,0.0,7.57
2020-02-01,Germany,90012037,A3718150101,Retailer,6.32,0.0,6.32
2020-02-01,Germany,90012040,A3718150101,Retailer,6.77,0.0,6.77
2020-02-01,Germany,90012033,A3818150201,Retailer,6.59,0.0,6.59
2020-02-01,Germany,90012034,A3818150201,Retailer,7.2,0.0,7.2
2020-02-01,Germany,90012038,A3818150201,Retailer,7.44,0.0,7.44
2020-02-01,Germany,90012040,A3818150201,Retailer,7.25,0.0,7.25
2020-02-01,Germany,90012033,A4020150401,Retailer,10.8,0.0,10.8
2020-02-01,Germany,90012034,A4020150401,Retailer,12.0,0.0,12.0
2020-02-01,Germany,90012040,A4020150401,Retailer,12.32,0.0,12.32
2020-02-01,Germany,90012033,A0219150201,Retailer,0.0,116.02,-116.02
2020-02-01,Germany,90012034,A0219150201,Retailer,75.07,0.0,75.07
2020-02-01,Germany,90012037,A0219150201,Retailer,47.92,0.0,47.92
2020-02-01,Germany,90012038,A0219150201,Retailer,0.0,58.09,-58.09
2020-02-01,Germany,90012040,A0219150201,Retailer,205.19,0.0,205.19
2020-02-01,Germany,90012033,A0118150101,Retailer,0.0,99.88,-99.88
2020-02-01,Germany,90012034,A0118150101,Retailer,83.54,0.0,83.54
2020-02-01,Germany,90012037,A0118150101,Retailer,49.43,0.0,49.43
2020-02-01,Germany,90012038,A0118150101,Retailer,213.69,0.0,213.69
2020-02-01,Germany,90012040,A0118150101,Retailer,106.15,0.0,106.15
2020-02-01,Germany,90012033,A0320150301,Retailer,116.88,0.0,116.88
2020-02-01,Germany,90012034,A0320150301,Retailer,182.61,0.0,182.61
2020-02-01,Germany,90012037,A0320150301,Retailer,307.2,0.0,307.2
2020-02-01,Germany,90012038,A0320150301,Retailer,222.42,0.0,222.42
2020-02-01,Germany,90012040,A0320150301,Retailer,44.32,0.0,44.32
2020-02-01,Germany,90012033,A1420150501,Retailer,255.61,0.0,255.61
2020-02-01,Germany,90012034,A1420150501,Retailer,256.96,0.0,256.96
2020-02-01,Germany,90012037,A1420150501,Retailer,324.74,0.0,324.74
2020-02-01,Germany,90012038,A1420150501,Retailer,1197.62,0.0,1197.62
2020-02-01,Germany,90012040,A1420150501,Retailer,807.79,0.0,807.79
2020-02-01,Germany,90012033,A1319150401,Retailer,683.31,0.0,683.31
2020-02-01,Germany,90012034,A1319150401,Retailer,1201.62,0.0,1201.62
2020-02-01,Germany,90012037,A1319150401,Retailer,0.0,1345.64,-1345.64
2020-02-01,Germany,90012038,A1319150401,Retailer,1298.43,0.0,1298.43
2020-02-01,Germany,90012040,A1319150401,Retailer,0.0,214.94,-214.94
2020-02-01,Germany,90012033,A1018150101,Retailer,0.0,921.56,-921.56
2020-02-01,Germany,90012034,A1018150101,Retailer,383.35,0.0,383.35
2020-02-01,Germany,90012037,A1018150101,Retailer,969.04,0.0,969.04
2020-02-01,Germany,90012040,A1018150101,Retailer,673.69,0.0,673.69
2020-02-01,Germany,90012038,A1018150101,Retailer,154.72,0.0,154.72
2020-02-01,Germany,90012034,A1118150201,Retailer,0.0,475.75,-475.75
2020-02-01,Germany,90012037,A1118150201,Retailer,226.59,0.0,226.59
2020-02-01,Germany,90012038,A1118150201,Retailer,520.21,0.0,520.21
2020-02-01,Germany,90012040,A1118150201,Retailer,364.24,0.0,364.24
2020-02-01,Germany,90012033,A1118150201,Retailer,0.0,165.88,-165.88
2020-02-01,Germany,90012033,A1219150301,Retailer,731.05,0.0,731.05
2020-02-01,Germany,90012034,A1219150301,Retailer,754.39,0.0,754.39
2020-02-01,Germany,90012037,A1219150301,Retailer,220.97,0.0,220.97
2020-02-01,Germany,90012038,A1219150301,Retailer,1396.75,0.0,1396.75
2020-02-01,Germany,90012040,A1219150301,Retailer,674.54,0.0,674.54
2020-02-01,Germany,90012033,A0721150401,Retailer,0.0,301.23,-301.23
2020-02-01,Germany,90012034,A0721150401,Retailer,293.37,0.0,293.37
2020-02-01,Germany,90012037,A0721150401,Retailer,165.15,0.0,165.15
2020-02-01,Germany,90012038,A0721150401,Retailer,230.4,0.0,230.4
2020-02-01,Germany,90012040,A0721150401,Retailer,300.37,0.0,300.37
2020-02-01,Germany,90012033,A0620150303,Retailer,332.93,0.0,332.93
2020-02-01,Germany,90012034,A0620150303,Retailer,183.83,0.0,183.83
2020-02-01,Germany,90012037,A0620150303,Retailer,59.45,0.0,59.45
2020-02-01,Germany,90012038,A0620150303,Retailer,319.84,0.0,319.84
2020-02-01,Germany,90012040,A0620150303,Retailer,0.0,388.24,-388.24
2020-02-01,Germany,90012033,A0621150307,Retailer,231.87,0.0,231.87
2020-02-01,Germany,90012034,A0621150307,Retailer,214.75,0.0,214.75
2020-02-01,Germany,90012037,A0621150307,Retailer,0.0,225.66,-225.66
2020-02-01,Germany,90012038,A0621150307,Retailer,211.86,0.0,211.86
2020-02-01,Germany,90012040,A0621150307,Retailer,209.49,0.0,209.49
2020-02-01,Germany,90012033,A0619150302,Retailer,93.32,0.0,93.32
2020-02-01,Germany,90012034,A0619150302,Retailer,100.79,0.0,100.79
2020-02-01,Germany,90012037,A0619150302,Retailer,296.51,0.0,296.51
2020-02-01,Germany,90012038,A0619150302,Retailer,301.2,0.0,301.2
2020-02-01,Germany,90012040,A0619150302,Retailer,63.0,0.0,63.0
2020-02-01,Germany,90012033,A0621150308,Retailer,270.19,0.0,270.19
2020-02-01,Germany,90012034,A0621150308,Retailer,302.13,0.0,302.13
2020-02-01,Germany,90012037,A0621150308,Retailer,108.95,0.0,108.95
2020-02-01,Germany,90012038,A0621150308,Retailer,0.0,338.97,-338.97
2020-02-01,Germany,90012040,A0621150308,Retailer,192.93,0.0,192.93
2020-02-01,Germany,90012033,A0619150301,Retailer,178.62,0.0,178.62
2020-02-01,Germany,90012034,A0619150301,Retailer,151.75,0.0,151.75
2020-02-01,Germany,90012037,A0619150301,Retailer,172.66,0.0,172.66
2020-02-01,Germany,90012038,A0619150301,Retailer,0.0,84.62,-84.62
2020-02-01,Germany,90012040,A0619150301,Retailer,0.0,241.21,-241.21
2020-02-01,Germany,90012038,A0620150305,Retailer,0.0,32.94,-32.94
2020-02-01,Germany,90012034,A0620150305,Retailer,58.07,0.0,58.07
2020-02-01,Germany,90012033,A0620150305,Retailer,148.0,0.0,148.0
2020-02-01,Germany,90012037,A0620150305,Retailer,241.86,0.0,241.86
2020-02-01,Germany,90012040,A0620150305,Retailer,213.48,0.0,213.48
2020-02-01,Germany,90012033,A0418150105,Retailer,54.39,0.0,54.39
2020-02-01,Germany,90012034,A0418150105,Retailer,169.85,0.0,169.85
2020-02-01,Germany,90012037,A0418150105,Retailer,99.94,0.0,99.94
2020-02-01,Germany,90012038,A0418150105,Retailer,170.37,0.0,170.37
2020-02-01,Germany,90012040,A0418150105,Retailer,144.27,0.0,144.27
2020-02-01,Germany,90012033,A0418150101,Retailer,39.75,0.0,39.75
2020-02-01,Germany,90012034,A0418150101,Retailer,71.65,0.0,71.65
2020-02-01,Germany,90012037,A0418150101,Retailer,100.07,0.0,100.07
2020-02-01,Germany,90012040,A0418150101,Retailer,153.74,0.0,153.74
2020-02-01,Germany,90012038,A0418150101,Retailer,32.64,0.0,32.64
2020-02-01,Germany,90012033,A0418150102,Retailer,140.45,0.0,140.45
2020-02-01,Germany,90012034,A0418150102,Retailer,0.0,150.84,-150.84
2020-02-01,Germany,90012037,A0418150102,Retailer,83.92,0.0,83.92
2020-02-01,Germany,90012040,A0418150102,Retailer,0.0,150.09,-150.09
2020-02-01,Germany,90012038,A0418150102,Retailer,16.42,0.0,16.42
2020-02-01,Germany,90012037,A0418150108,Retailer,17.51,0.0,17.51
2020-02-01,Germany,90012033,A0418150108,Retailer,86.76,0.0,86.76
2020-02-01,Germany,90012034,A0418150108,Retailer,0.0,183.45,-183.45
2020-02-01,Germany,90012038,A0418150108,Retailer,169.68,0.0,169.68
2020-02-01,Germany,90012040,A0418150108,Retailer,55.66,0.0,55.66
2020-02-01,Germany,90012033,A0418150107,Retailer,0.0,44.41,-44.41
2020-02-01,Germany,90012034,A0418150107,Retailer,0.0,127.7,-127.7
2020-02-01,Germany,90012037,A0418150107,Retailer,0.0,217.42,-217.42
2020-02-01,Germany,90012038,A0418150107,Retailer,0.0,127.13,-127.13
2020-02-01,Germany,90012040,A0418150107,Retailer,112.35,0.0,112.35
2020-02-01,Germany,90012033,A0418150103,Retailer,58.07,0.0,58.07
2020-02-01,Germany,90012034,A0418150103,Retailer,172.44,0.0,172.44
2020-02-01,Germany,90012037,A0418150103,Retailer,172.83,0.0,172.83
2020-02-01,Germany,90012038,A0418150103,Retailer,35.39,0.0,35.39
2020-02-01,Germany,90012040,A0418150103,Retailer,83.17,0.0,83.17
2020-02-01,Germany,90012033,A0519150205,Retailer,225.25,0.0,225.25
2020-02-01,Germany,90012034,A0519150205,Retailer,259.73,0.0,259.73
2020-02-01,Germany,90012037,A0519150205,Retailer,286.95,0.0,286.95
2020-02-01,Germany,90012038,A0519150205,Retailer,0.0,146.72,-146.72
2020-02-01,Germany,90012040,A0519150205,Retailer,93.73,0.0,93.73
2020-02-01,Germany,90012033,A0519150208,Retailer,278.52,0.0,278.52
2020-02-01,Germany,90012034,A0519150208,Retailer,0.0,256.49,-256.49
2020-02-01,Germany,90012037,A0519150208,Retailer,0.0,171.11,-171.11
2020-02-01,Germany,90012038,A0519150208,Retailer,152.95,0.0,152.95
2020-02-01,Germany,90012040,A0519150208,Retailer,208.33,0.0,208.33
2020-02-01,Germany,90012033,A0519150203,Retailer,141.79,0.0,141.79
2020-02-01,Germany,90012034,A0519150203,Retailer,70.48,0.0,70.48
2020-02-01,Germany,90012037,A0519150203,Retailer,0.0,256.16,-256.16
2020-02-01,Germany,90012038,A0519150203,Retailer,240.66,0.0,240.66
2020-02-01,Germany,90012040,A0519150203,Retailer,223.48,0.0,223.48
2020-02-01,Germany,90012033,A0519150202,Retailer,193.52,0.0,193.52
2020-02-01,Germany,90012034,A0519150202,Retailer,69.72,0.0,69.72
2020-02-01,Germany,90012037,A0519150202,Retailer,145.73,0.0,145.73
2020-02-01,Germany,90012038,A0519150202,Retailer,87.15,0.0,87.15
2020-02-01,Germany,90012040,A0519150202,Retailer,136.55,0.0,136.55
2020-02-01,Germany,90012033,A0519150201,Retailer,126.75,0.0,126.75
2020-02-01,Germany,90012034,A0519150201,Retailer,0.0,167.89,-167.89
2020-02-01,Germany,90012037,A0519150201,Retailer,201.2,0.0,201.2
2020-02-01,Germany,90012038,A0519150201,Retailer,211.24,0.0,211.24
2020-02-01,Germany,90012040,A0519150201,Retailer,124.34,0.0,124.34
2020-02-01,Germany,90012033,A0519150207,Retailer,255.84,0.0,255.84
2020-02-01,Germany,90012034,A0519150207,Retailer,244.91,0.0,244.91
2020-02-01,Germany,90012037,A0519150207,Retailer,210.8,0.0,210.8
2020-02-01,Germany,90012038,A0519150207,Retailer,212.4,0.0,212.4
2020-02-01,Germany,90012040,A0519150207,Retailer,68.26,0.0,68.26
2020-02-01,Germany,90012033,A2319150305,Retailer,0.0,402.37,-402.37
2020-02-01,Germany,90012034,A2319150305,Retailer,149.71,0.0,149.71
2020-02-01,Germany,90012037,A2319150305,Retailer,344.62,0.0,344.62
2020-02-01,Germany,90012038,A2319150305,Retailer,518.11,0.0,518.11
2020-02-01,Germany,90012040,A2319150305,Retailer,611.78,0.0,611.78
2020-02-01,Germany,90012033,A2319150304,Retailer,575.39,0.0,575.39
2020-02-01,Germany,90012034,A2319150304,Retailer,89.63,0.0,89.63
2020-02-01,Germany,90012037,A2319150304,Retailer,323.46,0.0,323.46
2020-02-01,Germany,90012038,A2319150304,Retailer,451.02,0.0,451.02
2020-02-01,Germany,90012040,A2319150304,Retailer,386.79,0.0,386.79
2020-02-01,Germany,90012033,A2319150302,Retailer,261.19,0.0,261.19
2020-02-01,Germany,90012034,A2319150302,Retailer,397.99,0.0,397.99
2020-02-01,Germany,90012037,A2319150302,Retailer,336.2,0.0,336.2
2020-02-01,Germany,90012038,A2319150302,Retailer,119.64,0.0,119.64
2020-02-01,Germany,90012040,A2319150302,Retailer,292.34,0.0,292.34
2020-02-01,Germany,90012033,A2319150301,Retailer,0.0,193.43,-193.43
2020-02-01,Germany,90012034,A2319150301,Retailer,309.37,0.0,309.37
2020-02-01,Germany,90012037,A2319150301,Retailer,286.18,0.0,286.18
2020-02-01,Germany,90012038,A2319150301,Retailer,295.69,0.0,295.69
2020-02-01,Germany,90012040,A2319150301,Retailer,351.53,0.0,351.53
2020-02-01,Germany,90012033,A2319150306,Retailer,331.73,0.0,331.73
2020-02-01,Germany,90012034,A2319150306,Retailer,521.41,0.0,521.41
2020-02-01,Germany,90012037,A2319150306,Retailer,66.68,0.0,66.68
2020-02-01,Germany,90012038,A2319150306,Retailer,0.0,179.45,-179.45
2020-02-01,Germany,90012040,A2319150306,Retailer,354.13,0.0,354.13
2020-02-01,Germany,90012033,A2419150402,Retailer,352.99,0.0,352.99
2020-02-01,Germany,90012034,A2419150402,Retailer,229.65,0.0,229.65
2020-02-01,Germany,90012037,A2419150402,Retailer,643.01,0.0,643.01
2020-02-01,Germany,90012038,A2419150402,Retailer,516.06,0.0,516.06
2020-02-01,Germany,90012040,A2419150402,Retailer,348.61,0.0,348.61
2020-02-01,Germany,90012033,A2419150405,Retailer,0.0,597.0,-597.0
2020-02-01,Germany,90012034,A2419150405,Retailer,571.0,0.0,571.0
2020-02-01,Germany,90012037,A2419150405,Retailer,462.72,0.0,462.72
2020-02-01,Germany,90012038,A2419150405,Retailer,0.0,700.01,-700.01
2020-02-01,Germany,90012040,A2419150405,Retailer,0.0,457.8,-457.8
2020-02-01,Germany,90012033,A2419150401,Retailer,329.32,0.0,329.32
2020-02-01,Germany,90012034,A2419150401,Retailer,63.63,0.0,63.63
2020-02-01,Germany,90012037,A2419150401,Retailer,204.92,0.0,204.92
2020-02-01,Germany,90012038,A2419150401,Retailer,507.69,0.0,507.69
2020-02-01,Germany,90012040,A2419150401,Retailer,0.0,247.46,-247.46
2020-02-01,Germany,90012033,A2419150404,Retailer,260.29,0.0,260.29
2020-02-01,Germany,90012034,A2419150404,Retailer,239.73,0.0,239.73
2020-02-01,Germany,90012037,A2419150404,Retailer,525.48,0.0,525.48
2020-02-01,Germany,90012038,A2419150404,Retailer,96.81,0.0,96.81
2020-02-01,Germany,90012040,A2419150404,Retailer,313.06,0.0,313.06
2020-02-01,Germany,90012033,A2420150406,Retailer,393.24,0.0,393.24
2020-02-01,Germany,90012034,A2420150406,Retailer,0.0,100.18,-100.18
2020-02-01,Germany,90012037,A2420150406,Retailer,113.04,0.0,113.04
2020-02-01,Germany,90012038,A2420150406,Retailer,440.57,0.0,440.57
2020-02-01,Germany,90012040,A2420150406,Retailer,74.81,0.0,74.81
2020-02-01,Germany,90012033,A2118150101,Retailer,135.7,0.0,135.7
2020-02-01,Germany,90012034,A2118150101,Retailer,167.84,0.0,167.84
2020-02-01,Germany,90012037,A2118150101,Retailer,17.8,0.0,17.8
2020-02-01,Germany,90012038,A2118150101,Retailer,45.97,0.0,45.97
2020-02-01,Germany,90012040,A2118150101,Retailer,0.0,165.81,-165.81
2020-02-01,Germany,90012033,A2118150102,Retailer,135.12,0.0,135.12
2020-02-01,Germany,90012034,A2118150102,Retailer,51.09,0.0,51.09
2020-02-01,Germany,90012037,A2118150102,Retailer,110.15,0.0,110.15
2020-02-01,Germany,90012038,A2118150102,Retailer,56.62,0.0,56.62
2020-02-01,Germany,90012040,A2118150102,Retailer,188.89,0.0,188.89
2020-02-01,Germany,90012033,A2118150106,Retailer,162.95,0.0,162.95
2020-02-01,Germany,90012034,A2118150106,Retailer,0.0,244.77,-244.77
2020-02-01,Germany,90012037,A2118150106,Retailer,37.64,0.0,37.64
2020-02-01,Germany,90012038,A2118150106,Retailer,0.0,87.18,-87.18
2020-02-01,Germany,90012040,A2118150106,Retailer,144.71,0.0,144.71
2020-02-01,Germany,90012033,A2118150105,Retailer,56.79,0.0,56.79
2020-02-01,Germany,90012034,A2118150105,Retailer,136.74,0.0,136.74
2020-02-01,Germany,90012037,A2118150105,Retailer,0.0,280.08,-280.08
2020-02-01,Germany,90012038,A2118150105,Retailer,135.17,0.0,135.17
2020-02-01,Germany,90012040,A2118150105,Retailer,67.44,0.0,67.44
2020-02-01,Germany,90012033,A2118150104,Retailer,72.0,0.0,72.0
2020-02-01,Germany,90012034,A2118150104,Retailer,247.82,0.0,247.82
2020-02-01,Germany,90012037,A2118150104,Retailer,138.14,0.0,138.14
2020-02-01,Germany,90012038,A2118150104,Retailer,180.87,0.0,180.87
2020-02-01,Germany,90012040,A2118150104,Retailer,0.0,224.94,-224.94
2020-02-01,Germany,90012033,A2218150202,Retailer,202.49,0.0,202.49
2020-02-01,Germany,90012034,A2218150202,Retailer,0.0,47.71,-47.71
2020-02-01,Germany,90012037,A2218150202,Retailer,194.11,0.0,194.11
2020-02-01,Germany,90012038,A2218150202,Retailer,92.34,0.0,92.34
2020-02-01,Germany,90012040,A2218150202,Retailer,189.13,0.0,189.13
2020-02-01,Germany,90012033,A2219150205,Retailer,189.19,0.0,189.19
2020-02-01,Germany,90012034,A2219150205,Retailer,362.2,0.0,362.2
2020-02-01,Germany,90012037,A2219150205,Retailer,0.0,376.17,-376.17
2020-02-01,Germany,90012038,A2219150205,Retailer,59.12,0.0,59.12
2020-02-01,Germany,90012040,A2219150205,Retailer,59.63,0.0,59.63
2020-02-01,Germany,90012033,A2219150204,Retailer,91.7,0.0,91.7
2020-02-01,Germany,90012034,A2219150204,Retailer,358.11,0.0,358.11
2020-02-01,Germany,90012037,A2219150204,Retailer,0.0,73.01,-73.01
2020-02-01,Germany,90012038,A2219150204,Retailer,389.84,0.0,389.84
2020-02-01,Germany,90012040,A2219150204,Retailer,0.0,209.28,-209.28
2020-02-01,Germany,90012033,A2219150206,Retailer,223.86,0.0,223.86
2020-02-01,Germany,90012034,A2219150206,Retailer,108.88,0.0,108.88
2020-02-01,Germany,90012037,A2219150206,Retailer,486.12,0.0,486.12
2020-02-01,Germany,90012038,A2219150206,Retailer,56.58,0.0,56.58
2020-02-01,Germany,90012040,A2219150206,Retailer,162.44,0.0,162.44
2020-02-01,Germany,90012033,A2218150201,Retailer,172.99,0.0,172.99
2020-02-01,Germany,90012034,A2218150201,Retailer,178.23,0.0,178.23
2020-02-01,Germany,90012037,A2218150201,Retailer,283.87,0.0,283.87
2020-02-01,Germany,90012038,A2218150201,Retailer,196.5,0.0,196.5
2020-02-01,Germany,90012040,A2218150201,Retailer,188.25,0.0,188.25
2020-02-01,Germany,90012033,A3119150301,Retailer,85.63,0.0,85.63
2020-02-01,Germany,90012034,A3119150301,Retailer,509.41,0.0,509.41
2020-02-01,Germany,90012037,A3119150301,Retailer,240.89,0.0,240.89
2020-02-01,Germany,90012038,A3119150301,Retailer,426.92,0.0,426.92
2020-02-01,Germany,90012040,A3119150301,Retailer,95.83,0.0,95.83
2020-02-01,Germany,90012033,A3119150302,Retailer,115.48,0.0,115.48
2020-02-01,Germany,90012034,A3119150302,Retailer,687.32,0.0,687.32
2020-02-01,Germany,90012037,A3119150302,Retailer,461.54,0.0,461.54
2020-02-01,Germany,90012038,A3119150302,Retailer,0.0,93.6,-93.6
2020-02-01,Germany,90012040,A3119150302,Retailer,207.54,0.0,207.54
2020-02-01,Germany,90012033,A3120150306,Retailer,164.98,0.0,164.98
2020-02-01,Germany,90012034,A3120150306,Retailer,687.7,0.0,687.7
2020-02-01,Germany,90012037,A3120150306,Retailer,263.14,0.0,263.14
2020-02-01,Germany,90012038,A3120150306,Retailer,128.18,0.0,128.18
2020-02-01,Germany,90012040,A3120150306,Retailer,177.18,0.0,177.18
2020-02-01,Germany,90012033,A3120150305,Retailer,297.28,0.0,297.28
2020-02-01,Germany,90012034,A3120150305,Retailer,155.9,0.0,155.9
2020-02-01,Germany,90012037,A3120150305,Retailer,612.09,0.0,612.09
2020-02-01,Germany,90012038,A3120150305,Retailer,306.59,0.0,306.59
2020-02-01,Germany,90012040,A3120150305,Retailer,624.11,0.0,624.11
2020-02-01,Germany,90012033,A3120150304,Retailer,0.0,189.37,-189.37
2020-02-01,Germany,90012034,A3120150304,Retailer,0.0,315.25,-315.25
2020-02-01,Germany,90012037,A3120150304,Retailer,506.52,0.0,506.52
2020-02-01,Germany,90012038,A3120150304,Retailer,432.55,0.0,432.55
2020-02-01,Germany,90012040,A3120150304,Retailer,292.16,0.0,292.16
2020-02-01,Germany,90012033,A2918150102,Retailer,384.0,0.0,384.0
2020-02-01,Germany,90012034,A2918150102,Retailer,324.04,0.0,324.04
2020-02-01,Germany,90012037,A2918150102,Retailer,121.41,0.0,121.41
2020-02-01,Germany,90012038,A2918150102,Retailer,245.29,0.0,245.29
2020-02-01,Germany,90012040,A2918150102,Retailer,130.26,0.0,130.26
2020-02-01,Germany,90012033,A2918150101,Retailer,174.29,0.0,174.29
2020-02-01,Germany,90012034,A2918150101,Retailer,0.0,192.28,-192.28
2020-02-01,Germany,90012037,A2918150101,Retailer,0.0,249.88,-249.88
2020-02-01,Germany,90012038,A2918150101,Retailer,202.68,0.0,202.68
2020-02-01,Germany,90012040,A2918150101,Retailer,0.0,64.75,-64.75
2020-02-01,Germany,90012033,A2918150105,Retailer,458.46,0.0,458.46
2020-02-01,Germany,90012034,A2918150105,Retailer,270.89,0.0,270.89
2020-02-01,Germany,90012037,A2918150105,Retailer,207.09,0.0,207.09
2020-02-01,Germany,90012038,A2918150105,Retailer,180.26,0.0,180.26
2020-02-01,Germany,90012040,A2918150105,Retailer,99.92,0.0,99.92
2020-02-01,Germany,90012033,A2918150106,Retailer,331.3,0.0,331.3
2020-02-01,Germany,90012034,A2918150106,Retailer,185.94,0.0,185.94
2020-02-01,Germany,90012037,A2918150106,Retailer,0.0,395.82,-395.82
2020-02-01,Germany,90012038,A2918150106,Retailer,379.31,0.0,379.31
2020-02-01,Germany,90012040,A2918150106,Retailer,169.59,0.0,169.59
2020-02-01,Germany,90012033,A2918150104,Retailer,223.23,0.0,223.23
2020-02-01,Germany,90012034,A2918150104,Retailer,236.72,0.0,236.72
2020-02-01,Germany,90012037,A2918150104,Retailer,0.0,187.27,-187.27
2020-02-01,Germany,90012038,A2918150104,Retailer,306.77,0.0,306.77
2020-02-01,Germany,90012040,A2918150104,Retailer,97.05,0.0,97.05
2020-02-01,Germany,90012033,A3220150402,Retailer,622.62,0.0,622.62
2020-02-01,Germany,90012034,A3220150402,Retailer,0.0,535.87,-535.87
2020-02-01,Germany,90012037,A3220150402,Retailer,0.0,966.35,-966.35
2020-02-01,Germany,90012038,A3220150402,Retailer,0.0,624.07,-624.07
2020-02-01,Germany,90012040,A3220150402,Retailer,282.88,0.0,282.88
2020-02-01,Germany,90012033,A3220150401,Retailer,0.0,821.94,-821.94
2020-02-01,Germany,90012034,A3220150401,Retailer,484.47,0.0,484.47
2020-02-01,Germany,90012037,A3220150401,Retailer,663.71,0.0,663.71
2020-02-01,Germany,90012038,A3220150401,Retailer,219.38,0.0,219.38
2020-02-01,Germany,90012040,A3220150401,Retailer,498.24,0.0,498.24
2020-02-01,Germany,90012033,A3220150404,Retailer,558.13,0.0,558.13
2020-02-01,Germany,90012034,A3220150404,Retailer,695.85,0.0,695.85
2020-02-01,Germany,90012037,A3220150404,Retailer,0.0,223.94,-223.94
2020-02-01,Germany,90012038,A3220150404,Retailer,317.39,0.0,317.39
2020-02-01,Germany,90012040,A3220150404,Retailer,697.99,0.0,697.99
2020-02-01,Germany,90012033,A3220150406,Retailer,383.16,0.0,383.16
2020-02-01,Germany,90012034,A3220150406,Retailer,147.81,0.0,147.81
2020-02-01,Germany,90012037,A3220150406,Retailer,0.0,457.22,-457.22
2020-02-01,Germany,90012038,A3220150406,Retailer,781.52,0.0,781.52
2020-02-01,Germany,90012040,A3220150406,Retailer,889.77,0.0,889.77
2020-02-01,Germany,90012033,A3220150405,Retailer,0.0,319.36,-319.36
2020-02-01,Germany,90012034,A3220150405,Retailer,174.41,0.0,174.41
2020-02-01,Germany,90012037,A3220150405,Retailer,594.11,0.0,594.11
2020-02-01,Germany,90012038,A3220150405,Retailer,387.19,0.0,387.19
2020-02-01,Germany,90012040,A3220150405,Retailer,699.69,0.0,699.69
2020-02-01,Germany,90012033,A3320150501,Retailer,452.46,0.0,452.46
2020-02-01,Germany,90012034,A3320150501,Retailer,467.98,0.0,467.98
2020-02-01,Germany,90012037,A3320150501,Retailer,729.41,0.0,729.41
2020-02-01,Germany,90012038,A3320150501,Retailer,390.86,0.0,390.86
2020-02-01,Germany,90012040,A3320150501,Retailer,96.37,0.0,96.37
2020-02-01,Germany,90012033,A3320150504,Retailer,206.69,0.0,206.69
2020-02-01,Germany,90012034,A3320150504,Retailer,575.93,0.0,575.93
2020-02-01,Germany,90012037,A3320150504,Retailer,0.0,864.43,-864.43
2020-02-01,Germany,90012038,A3320150504,Retailer,0.0,908.99,-908.99
2020-02-01,Germany,90012040,A3320150504,Retailer,0.0,125.36,-125.36
2020-02-01,Germany,90012033,A3320150502,Retailer,178.16,0.0,178.16
2020-02-01,Germany,90012034,A3320150502,Retailer,817.99,0.0,817.99
2020-02-01,Germany,90012037,A3320150502,Retailer,637.06,0.0,637.06
2020-02-01,Germany,90012038,A3320150502,Retailer,497.04,0.0,497.04
2020-02-01,Germany,90012040,A3320150502,Retailer,304.62,0.0,304.62
2020-02-01,Germany,90012033,A3019150204,Retailer,449.37,0.0,449.37
2020-02-01,Germany,90012034,A3019150204,Retailer,234.24,0.0,234.24
2020-02-01,Germany,90012037,A3019150204,Retailer,225.88,0.0,225.88
2020-02-01,Germany,90012038,A3019150204,Retailer,272.19,0.0,272.19
2020-02-01,Germany,90012040,A3019150204,Retailer,201.74,0.0,201.74
2020-02-01,Germany,90012033,A3018150201,Retailer,63.17,0.0,63.17
2020-02-01,Germany,90012034,A3018150201,Retailer,296.67,0.0,296.67
2020-02-01,Germany,90012037,A3018150201,Retailer,245.31,0.0,245.31
2020-02-01,Germany,90012038,A3018150201,Retailer,431.1,0.0,431.1
2020-02-01,Germany,90012040,A3018150201,Retailer,0.0,181.99,-181.99
2020-02-01,Germany,90012033,A3018150202,Retailer,253.05,0.0,253.05
2020-02-01,Germany,90012034,A3018150202,Retailer,0.0,475.77,-475.77
2020-02-01,Germany,90012037,A3018150202,Retailer,202.04,0.0,202.04
2020-02-01,Germany,90012038,A3018150202,Retailer,302.02,0.0,302.02
2020-02-01,Germany,90012040,A3018150202,Retailer,498.74,0.0,498.74
2020-02-01,Germany,90012033,A3019150205,Retailer,260.09,0.0,260.09
2020-02-01,Germany,90012034,A3019150205,Retailer,0.0,171.94,-171.94
2020-02-01,Germany,90012037,A3019150205,Retailer,86.5,0.0,86.5
2020-02-01,Germany,90012038,A3019150205,Retailer,241.16,0.0,241.16
2020-02-01,Germany,90012040,A3019150205,Retailer,161.53,0.0,161.53
2020-02-01,Germany,90012033,A3019150206,Retailer,75.77,0.0,75.77
2020-02-01,Germany,90012034,A3019150206,Retailer,190.71,0.0,190.71
2020-02-01,Germany,90012037,A3019150206,Retailer,180.48,0.0,180.48
2020-02-01,Germany,90012038,A3019150206,Retailer,365.95,0.0,365.95
2020-02-01,Germany,90012040,A3019150206,Retailer,0.0,497.69,-497.69
2020-02-01,Germany,70012042,A6720160103,Direct,0.0,256.42,-256.42
2020-02-01,Germany,70012042,A6818160201,Direct,150.16,0.0,150.16
2020-02-01,Germany,70012042,A7119160103,Direct,938.66,0.0,938.66
2020-02-01,Germany,70012042,A7119160102,Direct,1419.23,0.0,1419.23
2020-02-01,Germany,70012042,A7118160101,Direct,987.25,0.0,987.25
2020-02-01,Germany,70012042,A7220160203,Direct,1065.65,0.0,1065.65
2020-02-01,Germany,70012042,A7220160202,Direct,795.85,0.0,795.85
2020-02-01,Germany,70012042,A7219160201,Direct,1653.01,0.0,1653.01
2020-02-01,Germany,70012042,A6419160302,Direct,856.13,0.0,856.13
2020-02-01,Germany,70012042,A6419160303,Direct,0.0,325.85,-325.85
2020-02-01,Germany,70012042,A6419160301,Direct,985.18,0.0,985.18
2020-02-01,Germany,70012042,A6519160401,Direct,0.0,1100.49,-1100.49
2020-02-01,Germany,70012042,A6218160102,Direct,1263.78,0.0,1263.78
2020-02-01,Germany,70012042,A6218160101,Direct,0.0,1249.7,-1249.7
2020-02-01,Germany,70012042,A6219160103,Direct,770.41,0.0,770.41
2020-02-01,Germany,70012042,A6319160202,Direct,474.15,0.0,474.15
2020-02-01,Germany,70012042,A6319160201,Direct,179.99,0.0,179.99
2020-02-01,Germany,70012042,A6319160203,Direct,1625.63,0.0,1625.63
2020-02-01,Germany,70012042,A4118110105,Direct,0.0,387.77,-387.77
2020-02-01,Germany,70012042,A4419110402,Direct,0.0,624.5,-624.5
2020-02-01,Germany,70012042,A4419110408,Direct,691.65,0.0,691.65
2020-02-01,Germany,70012042,A4218110205,Direct,392.03,0.0,392.03
2020-02-01,Germany,70012042,A4218110207,Direct,420.81,0.0,420.81
2020-02-01,Germany,70012042,A4218110208,Direct,377.64,0.0,377.64
2020-02-01,Germany,70012042,A4218110201,Direct,325.94,0.0,325.94
2020-02-01,Germany,70012042,A4419110404,Direct,535.68,0.0,535.68
2020-02-01,Germany,70012042,A4419110406,Direct,508.3,0.0,508.3
2020-02-01,Germany,70012042,A4419110407,Direct,497.36,0.0,497.36
2020-02-01,Germany,70012042,A4118110107,Direct,338.28,0.0,338.28
2020-02-01,Germany,70012042,A4118110106,Direct,0.0,280.73,-280.73
2020-02-01,Germany,70012042,A4319110304,Direct,468.19,0.0,468.19
2020-02-01,Germany,70012042,A4519110502,Direct,0.0,547.37,-547.37
2020-02-01,Germany,70012042,A4519110501,Direct,332.12,0.0,332.12
2020-02-01,Germany,70012042,A4520110504,Direct,352.94,0.0,352.94
2020-02-01,Germany,70012042,A4319110305,Direct,293.62,0.0,293.62
2020-02-01,Germany,70012042,A4319110302,Direct,250.99,0.0,250.99
2020-02-01,Germany,70012042,A4319110306,Direct,305.8,0.0,305.8
2020-02-01,Germany,70012042,A4118110101,Direct,0.0,171.84,-171.84
2020-02-01,Germany,70012042,A4218110206,Direct,235.76,0.0,235.76
2020-02-01,Germany,70012042,A4218110202,Direct,245.37,0.0,245.37
2020-02-01,Germany,70012042,A4218110204,Direct,263.31,0.0,263.31
2020-02-01,Germany,70012042,A5318110104,Direct,0.0,321.36,-321.36
2020-02-01,Germany,70012042,A5318110102,Direct,293.25,0.0,293.25
2020-02-01,Germany,70012042,A5318110108,Direct,347.13,0.0,347.13
2020-02-01,Germany,70012042,A5318110105,Direct,300.92,0.0,300.92
2020-02-01,Germany,70012042,A5621110404,Direct,342.83,0.0,342.83
2020-02-01,Germany,70012042,A5620110401,Direct,0.0,373.64,-373.64
2020-02-01,Germany,70012042,A5519110304,Direct,368.12,0.0,368.12
2020-02-01,Germany,70012042,A5520110308,Direct,0.0,347.65,-347.65
2020-02-01,Germany,70012042,A5520110305,Direct,356.14,0.0,356.14
2020-02-01,Germany,70012042,A5419110205,Direct,356.35,0.0,356.35
2020-02-01,Germany,70012042,A5419110204,Direct,337.91,0.0,337.91
2020-02-01,Germany,70012042,A5419110207,Direct,340.25,0.0,340.25
2020-02-01,Germany,70012042,A4118110104,Direct,101.17,0.0,101.17
2020-02-01,Germany,70012042,A4118110102,Direct,0.0,98.49,-98.49
2020-02-01,Germany,70012042,A4419110401,Direct,149.88,0.0,149.88
2020-02-01,Germany,70012042,A4419110405,Direct,168.36,0.0,168.36
2020-02-01,Germany,70012042,A4318110301,Direct,152.81,0.0,152.81
2020-02-01,Germany,70012042,A0118150104,Direct,293.71,0.0,293.71
2020-02-01,Germany,70012042,A3718150103,Direct,9.06,0.0,9.06
2020-02-01,Germany,70012042,A1618150103,Direct,32.71,0.0,32.71
2020-02-01,Germany,70012042,A1819150303,Direct,56.16,0.0,56.16
2020-02-01,Germany,70012042,A1718150203,Direct,73.33,0.0,73.33
2020-02-01,Germany,70012042,A0219150202,Direct,332.43,0.0,332.43
2020-02-01,Germany,70012042,A0118150102,Direct,0.0,178.23,-178.23
2020-02-01,Germany,70012042,A1320150402,Direct,0.0,1868.06,-1868.06
2020-02-01,Germany,70012042,A1018150102,Direct,1346.15,0.0,1346.15
2020-02-01,Germany,70012042,A1219150302,Direct,363.87,0.0,363.87
2020-02-01,Germany,70012042,A1118150202,Direct,1295.18,0.0,1295.18
2020-02-01,Germany,70012042,A3920150305,Direct,15.73,0.0,15.73
2020-02-01,Germany,70012042,A3718150105,Direct,0.0,10.49,-10.49
2020-02-01,Germany,70012042,A3819150205,Direct,10.66,0.0,10.66
2020-02-01,Germany,70012042,A0220150203,Direct,289.68,0.0,289.68
2020-02-01,Germany,70012042,A0118150103,Direct,50.59,0.0,50.59
2020-02-01,Germany,70012042,A1718150204,Direct,33.87,0.0,33.87
2020-02-01,Germany,70012042,A1819150304,Direct,17.81,0.0,17.81
2020-02-01,Germany,70012042,A1618150104,Direct,0.0,85.25,-85.25
2020-02-01,Germany,70012042,A1320150403,Direct,169.66,0.0,169.66
2020-02-01,Germany,70012042,A1018150103,Direct,965.56,0.0,965.56
2020-02-01,Germany,70012042,A1219150303,Direct,0.0,1637.62,-1637.62
2020-02-01,Germany,70012042,A1119150203,Direct,1158.73,0.0,1158.73
2020-02-01,Germany,70012042,A1718150201,Direct,0.0,69.09,-69.09
2020-02-01,Germany,70012042,A1819150301,Direct,80.38,0.0,80.38
2020-02-01,Germany,70012042,A1618150101,Direct,0.0,10.35,-10.35
2020-02-01,Germany,70012042,A0320150301,Direct,108.48,0.0,108.48
2020-02-01,Germany,70012042,A0118150101,Direct,160.02,0.0,160.02
2020-02-01,Germany,70012042,A0219150201,Direct,305.76,0.0,305.76
2020-02-01,Germany,70012042,A4020150401,Direct,13.62,0.0,13.62
2020-02-01,Germany,70012042,A3718150101,Direct,9.01,0.0,9.01
2020-02-01,Germany,70012042,A3818150201,Direct,9.16,0.0,9.16
2020-02-01,Germany,70012042,A1319150401,Direct,1420.2,0.0,1420.2
2020-02-01,Germany,70012042,A1420150501,Direct,1869.19,0.0,1869.19
2020-02-01,Germany,70012042,A1018150101,Direct,714.88,0.0,714.88
2020-02-01,Germany,70012042,A1118150201,Direct,606.58,0.0,606.58
2020-02-01,Germany,70012042,A1219150301,Direct,871.07,0.0,871.07
2020-02-01,Germany,70012042,A0721150401,Direct,271.11,0.0,271.11
2020-02-01,Germany,70012042,A0621150307,Direct,0.0,226.79,-226.79
2020-02-01,Germany,70012042,A0620150305,Direct,394.03,0.0,394.03
2020-02-01,Germany,70012042,A0619150302,Direct,266.9,0.0,266.9
2020-02-01,Germany,70012042,A0620150303,Direct,0.0,264.71,-264.71
2020-02-01,Germany,70012042,A0619150301,Direct,115.85,0.0,115.85
2020-02-01,Germany,70012042,A0621150308,Direct,447.08,0.0,447.08
2020-02-01,Germany,70012042,A0418150103,Direct,125.66,0.0,125.66
2020-02-01,Germany,70012042,A0418150102,Direct,0.0,119.19,-119.19
2020-02-01,Germany,70012042,A0418150101,Direct,32.08,0.0,32.08
2020-02-01,Germany,70012042,A0418150107,Direct,58.61,0.0,58.61
2020-02-01,Germany,70012042,A0418150108,Direct,131.56,0.0,131.56
2020-02-01,Germany,70012042,A0418150105,Direct,0.0,249.35,-249.35
2020-02-01,Germany,70012042,A0519150205,Direct,0.0,307.24,-307.24
2020-02-01,Germany,70012042,A0519150207,Direct,251.91,0.0,251.91
2020-02-01,Germany,70012042,A0519150208,Direct,282.09,0.0,282.09
2020-02-01,Germany,70012042,A0519150201,Direct,169.92,0.0,169.92
2020-02-01,Germany,70012042,A0519150202,Direct,198.36,0.0,198.36
2020-02-01,Germany,70012042,A0519150203,Direct,157.41,0.0,157.41
2020-02-01,Germany,70012042,A2319150302,Direct,77.73,0.0,77.73
2020-02-01,Germany,70012042,A2319150301,Direct,511.72,0.0,511.72
2020-02-01,Germany,70012042,A2319150304,Direct,728.76,0.0,728.76
2020-02-01,Germany,70012042,A2319150305,Direct,0.0,687.49,-687.49
2020-02-01,Germany,70012042,A2319150306,Direct,0.0,490.77,-490.77
2020-02-01,Germany,70012042,A2419150405,Direct,0.0,569.06,-569.06
2020-02-01,Germany,70012042,A2419150404,Direct,873.31,0.0,873.31
2020-02-01,Germany,70012042,A2420150406,Direct,826.07,0.0,826.07
2020-02-01,Germany,70012042,A2419150402,Direct,325.63,0.0,325.63
2020-02-01,Germany,70012042,A2419150401,Direct,636.61,0.0,636.61
2020-02-01,Germany,70012042,A2118150101,Direct,85.18,0.0,85.18
2020-02-01,Germany,70012042,A2118150102,Direct,64.89,0.0,64.89
2020-02-01,Germany,70012042,A2118150104,Direct,0.0,300.98,-300.98
2020-02-01,Germany,70012042,A2118150105,Direct,350.95,0.0,350.95
2020-02-01,Germany,70012042,A2118150106,Direct,367.23,0.0,367.23
2020-02-01,Germany,70012042,A2218150201,Direct,125.72,0.0,125.72
2020-02-01,Germany,70012042,A2219150204,Direct,232.35,0.0,232.35
2020-02-01,Germany,70012042,A2219150205,Direct,186.02,0.0,186.02
2020-02-01,Germany,70012042,A2219150206,Direct,526.11,0.0,526.11
2020-02-01,Germany,70012042,A2218150202,Direct,299.34,0.0,299.34
2020-02-01,Germany,70012042,A2918150106,Direct,500.93,0.0,500.93
2020-02-01,Germany,70012042,A2918150105,Direct,227.6,0.0,227.6
2020-02-01,Germany,70012042,A2918150104,Direct,149.97,0.0,149.97
2020-02-01,Germany,70012042,A2918150101,Direct,264.68,0.0,264.68
2020-02-01,Germany,70012042,A2918150102,Direct,447.67,0.0,447.67
2020-02-01,Germany,70012042,A3119150301,Direct,756.91,0.0,756.91
2020-02-01,Germany,70012042,A3120150306,Direct,214.74,0.0,214.74
2020-02-01,Germany,70012042,A3119150302,Direct,361.25,0.0,361.25
2020-02-01,Germany,70012042,A3120150305,Direct,964.9,0.0,964.9
2020-02-01,Germany,70012042,A3120150304,Direct,0.0,160.98,-160.98
2020-02-01,Germany,70012042,A3220150401,Direct,811.22,0.0,811.22
2020-02-01,Germany,70012042,A3220150402,Direct,541.04,0.0,541.04
2020-02-01,Germany,70012042,A3220150406,Direct,744.74,0.0,744.74
2020-02-01,Germany,70012042,A3220150404,Direct,1074.31,0.0,1074.31
2020-02-01,Germany,70012042,A3220150405,Direct,609.18,0.0,609.18
2020-02-01,Germany,70012042,A3320150501,Direct,313.71,0.0,313.71
2020-02-01,Germany,70012042,A3320150502,Direct,1302.16,0.0,1302.16
2020-02-01,Germany,70012042,A3320150504,Direct,570.48,0.0,570.48
2020-02-01,Germany,70012042,A3018150202,Direct,0.0,660.26,-660.26
2020-02-01,Germany,70012042,A3019150204,Direct,587.2,0.0,587.2
2020-02-01,Germany,70012042,A3018150201,Direct,563.63,0.0,563.63
2020-02-01,Germany,70012042,A3019150206,Direct,368.25,0.0,368.25
2020-02-01,Germany,70012042,A3019150205,Direct,644.69,0.0,644.69
2020-03-01,Germany,90012041,A3120150306,Retailer,187.7,0.0,187.7
2020-03-01,Germany,90012041,A3119150302,Retailer,0.0,67.0,-67.0
2020-03-01,Germany,90012041,A3119150301,Retailer,0.0,130.03,-130.03
2020-03-01,Germany,90012041,A3120150304,Retailer,176.76,0.0,176.76
2020-03-01,Germany,90012041,A2918150105,Retailer,62.56,0.0,62.56
2020-03-01,Germany,90012041,A2918150106,Retailer,18.36,0.0,18.36
2020-03-01,Germany,90012041,A2918150104,Retailer,0.0,23.89,-23.89
2020-03-01,Germany,90012041,A2918150101,Retailer,0.0,42.24,-42.24
2020-03-01,Germany,90012041,A2918150102,Retailer,78.19,0.0,78.19
2020-03-01,Germany,90012041,A3220150405,Retailer,0.0,165.68,-165.68
2020-03-01,Germany,90012041,A3220150406,Retailer,192.97,0.0,192.97
2020-03-01,Germany,90012041,A3220150404,Retailer,87.57,0.0,87.57
2020-03-01,Germany,90012041,A3220150402,Retailer,91.54,0.0,91.54
2020-03-01,Germany,90012041,A3220150401,Retailer,140.87,0.0,140.87
2020-03-01,Germany,90012041,A3320150504,Retailer,61.34,0.0,61.34
2020-03-01,Germany,90012041,A3320150502,Retailer,186.49,0.0,186.49
2020-03-01,Germany,90012041,A3320150501,Retailer,0.0,52.21,-52.21
2020-03-01,Germany,90012041,A2419150404,Retailer,133.8,0.0,133.8
2020-03-01,Germany,90012041,A2419150405,Retailer,22.67,0.0,22.67
2020-03-01,Germany,90012041,A2419150401,Retailer,142.57,0.0,142.57
2020-03-01,Germany,90012041,A2420150406,Retailer,0.0,65.91,-65.91
2020-03-01,Germany,90012041,A2419150402,Retailer,46.35,0.0,46.35
2020-03-01,Germany,90012041,A2319150301,Retailer,106.97,0.0,106.97
2020-03-01,Germany,90012041,A2319150304,Retailer,71.69,0.0,71.69
2020-03-01,Germany,90012041,A2319150305,Retailer,94.14,0.0,94.14
2020-03-01,Germany,90012041,A2319150306,Retailer,69.8,0.0,69.8
2020-03-01,Germany,90012041,A2319150302,Retailer,93.32,0.0,93.32
2020-03-01,Germany,90012041,A2118150105,Retailer,69.3,0.0,69.3
2020-03-01,Germany,90012041,A2118150104,Retailer,18.8,0.0,18.8
2020-03-01,Germany,90012041,A2118150101,Retailer,14.9,0.0,14.9
2020-03-01,Germany,90012041,A2118150102,Retailer,46.25,0.0,46.25
2020-03-01,Germany,90012041,A2118150106,Retailer,78.9,0.0,78.9
2020-03-01,Germany,90012041,A2218150201,Retailer,48.35,0.0,48.35
2020-03-01,Germany,90012041,A2218150202,Retailer,53.39,0.0,53.39
2020-03-01,Germany,90012041,A2219150204,Retailer,119.1,0.0,119.1
2020-03-01,Germany,90012041,A2219150205,Retailer,57.84,0.0,57.84
2020-03-01,Germany,90012041,A2219150206,Retailer,29.0,0.0,29.0
2020-03-01,Germany,90012041,A0519150208,Retailer,28.04,0.0,28.04
2020-03-01,Germany,90012041,A0519150207,Retailer,55.77,0.0,55.77
2020-03-01,Germany,90012041,A0519150202,Retailer,51.64,0.0,51.64
2020-03-01,Germany,90012041,A3019150205,Retailer,0.0,101.13,-101.13
2020-03-01,Germany,90012041,A3018150201,Retailer,96.15,0.0,96.15
2020-03-01,Germany,90012041,A3019150204,Retailer,87.54,0.0,87.54
2020-03-01,Germany,90012041,A3019150206,Retailer,148.7,0.0,148.7
2020-03-01,Germany,90012041,A3018150202,Retailer,0.0,52.77,-52.77
2020-03-01,Germany,90012041,A3120150305,Retailer,113.16,0.0,113.16
2020-03-01,Germany,90012041,A0519150201,Retailer,0.0,11.71,-11.71
2020-03-01,Germany,90012041,A0519150203,Retailer,0.0,56.67,-56.67
2020-03-01,Germany,90012041,A0519150205,Retailer,70.68,0.0,70.68
2020-03-01,Germany,90012041,A0418150105,Retailer,0.0,18.85,-18.85
2020-03-01,Germany,90012041,A0418150103,Retailer,8.12,0.0,8.12
2020-03-01,Germany,90012041,A0418150101,Retailer,34.99,0.0,34.99
2020-03-01,Germany,90012041,A0418150102,Retailer,31.22,0.0,31.22
2020-03-01,Germany,90012041,A0418150107,Retailer,21.14,0.0,21.14
2020-03-01,Germany,90012041,A0418150108,Retailer,9.76,0.0,9.76
2020-03-01,Germany,90012041,A0619150302,Retailer,66.34,0.0,66.34
2020-03-01,Germany,90012041,A0621150308,Retailer,79.17,0.0,79.17
2020-03-01,Germany,90012041,A0620150305,Retailer,52.52,0.0,52.52
2020-03-01,Germany,90012041,A0621150307,Retailer,17.5,0.0,17.5
2020-03-01,Germany,90012041,A0620150303,Retailer,35.65,0.0,35.65
2020-03-01,Germany,90012041,A0721150401,Retailer,0.0,58.7,-58.7
2020-03-01,Germany,90012041,A0118150104,Retailer,43.03,0.0,43.03
2020-03-01,Germany,90012041,A1618150103,Retailer,9.4,0.0,9.4
2020-03-01,Germany,90012041,A1819150303,Retailer,0.0,15.84,-15.84
2020-03-01,Germany,90012041,A1718150203,Retailer,24.3,0.0,24.3
2020-03-01,Germany,90012041,A0219150202,Retailer,34.05,0.0,34.05
2020-03-01,Germany,90012041,A0118150102,Retailer,21.42,0.0,21.42
2020-03-01,Germany,90012041,A1320150402,Retailer,489.49,0.0,489.49
2020-03-01,Germany,90012041,A1018150102,Retailer,245.34,0.0,245.34
2020-03-01,Germany,90012041,A1219150302,Retailer,281.16,0.0,281.16
2020-03-01,Germany,90012041,A1118150202,Retailer,322.14,0.0,322.14
2020-03-01,Germany,90012041,A0220150203,Retailer,48.49,0.0,48.49
2020-03-01,Germany,90012041,A0118150103,Retailer,61.28,0.0,61.28
2020-03-01,Germany,90012041,A1018150103,Retailer,0.0,118.33,-118.33
2020-03-01,Germany,90012041,A1320150403,Retailer,290.98,0.0,290.98
2020-03-01,Germany,90012041,A1219150303,Retailer,274.7,0.0,274.7
2020-03-01,Germany,90012041,A1119150203,Retailer,113.39,0.0,113.39
2020-03-01,Germany,90012041,A1718150201,Retailer,0.0,10.3,-10.3
2020-03-01,Germany,90012041,A1618150101,Retailer,9.5,0.0,9.5
2020-03-01,Germany,90012041,A0219150201,Retailer,0.0,21.14,-21.14
2020-03-01,Germany,90012041,A0118150101,Retailer,31.28,0.0,31.28
2020-03-01,Germany,90012041,A0320150301,Retailer,43.48,0.0,43.48
2020-03-01,Germany,90012041,A1319150401,Retailer,74.87,0.0,74.87
2020-03-01,Germany,90012041,A1420150501,Retailer,149.67,0.0,149.67
2020-03-01,Germany,90012041,A1018150101,Retailer,111.33,0.0,111.33
2020-03-01,Germany,90012041,A1219150301,Retailer,192.67,0.0,192.67
2020-03-01,Germany,90012041,A1118150201,Retailer,320.47,0.0,320.47
2020-03-01,Germany,90012041,A6720160103,Retailer,42.45,0.0,42.45
2020-03-01,Germany,90012041,A6818160201,Retailer,28.1,0.0,28.1
2020-03-01,Germany,90012041,A7119160103,Retailer,242.43,0.0,242.43
2020-03-01,Germany,90012041,A7119160102,Retailer,125.4,0.0,125.4
2020-03-01,Germany,90012041,A7118160101,Retailer,295.29,0.0,295.29
2020-03-01,Germany,90012041,A7220160202,Retailer,488.45,0.0,488.45
2020-03-01,Germany,90012041,A7220160203,Retailer,461.87,0.0,461.87
2020-03-01,Germany,90012041,A7219160201,Retailer,473.61,0.0,473.61
2020-03-01,Germany,90012041,A6419160301,Retailer,57.15,0.0,57.15
2020-03-01,Germany,90012041,A6419160302,Retailer,67.3,0.0,67.3
2020-03-01,Germany,90012041,A6419160303,Retailer,99.23,0.0,99.23
2020-03-01,Germany,90012041,A6519160401,Retailer,239.29,0.0,239.29
2020-03-01,Germany,90012041,A6218160102,Retailer,174.21,0.0,174.21
2020-03-01,Germany,90012041,A6218160101,Retailer,213.61,0.0,213.61
2020-03-01,Germany,90012041,A6219160103,Retailer,31.55,0.0,31.55
2020-03-01,Germany,90012041,A6319160203,Retailer,131.56,0.0,131.56
2020-03-01,Germany,90012041,A6319160201,Retailer,172.62,0.0,172.62
2020-03-01,Germany,90012041,A6319160202,Retailer,0.0,244.02,-244.02
2020-03-01,Germany,90012041,A4118110106,Retailer,79.4,0.0,79.4
2020-03-01,Germany,90012041,A4118110104,Retailer,93.44,0.0,93.44
2020-03-01,Germany,90012041,A4118110102,Retailer,84.82,0.0,84.82
2020-03-01,Germany,90012041,A4319110304,Retailer,131.0,0.0,131.0
2020-03-01,Germany,90012041,A4319110302,Retailer,111.17,0.0,111.17
2020-03-01,Germany,90012041,A4419110401,Retailer,139.01,0.0,139.01
2020-03-01,Germany,90012041,A4419110402,Retailer,140.23,0.0,140.23
2020-03-01,Germany,90012041,A4419110407,Retailer,131.22,0.0,131.22
2020-03-01,Germany,90012041,A4419110405,Retailer,144.76,0.0,144.76
2020-03-01,Germany,90012041,A4419110404,Retailer,147.6,0.0,147.6
2020-03-01,Germany,90012041,A4519110501,Retailer,0.0,161.86,-161.86
2020-03-01,Germany,90012041,A4218110207,Retailer,110.59,0.0,110.59
2020-03-01,Germany,90012041,A4218110202,Retailer,101.64,0.0,101.64
2020-03-01,Germany,90012041,A4218110204,Retailer,111.65,0.0,111.65
2020-03-01,Germany,90012041,A4218110205,Retailer,127.48,0.0,127.48
2020-03-01,Germany,90012041,A4218110201,Retailer,92.72,0.0,92.72
2020-03-01,Germany,90012033,A6720160103,Retailer,9.57,0.0,9.57
2020-03-01,Germany,90012035,A6720160103,Retailer,34.84,0.0,34.84
2020-03-01,Germany,90012037,A6720160103,Retailer,26.21,0.0,26.21
2020-03-01,Germany,90012039,A6720160103,Retailer,37.87,0.0,37.87
2020-03-01,Germany,90012040,A6720160103,Retailer,33.05,0.0,33.05
2020-03-01,Germany,90012033,A6818160201,Retailer,5.54,0.0,5.54
2020-03-01,Germany,90012035,A6818160201,Retailer,19.79,0.0,19.79
2020-03-01,Germany,90012037,A6818160201,Retailer,6.98,0.0,6.98
2020-03-01,Germany,90012039,A6818160201,Retailer,0.0,25.65,-25.65
2020-03-01,Germany,90012040,A6818160201,Retailer,0.0,19.73,-19.73
2020-03-01,Germany,90012033,A7119160103,Retailer,171.45,0.0,171.45
2020-03-01,Germany,90012035,A7119160103,Retailer,109.95,0.0,109.95
2020-03-01,Germany,90012037,A7119160103,Retailer,0.0,164.03,-164.03
2020-03-01,Germany,90012039,A7119160103,Retailer,40.65,0.0,40.65
2020-03-01,Germany,90012040,A7119160103,Retailer,178.06,0.0,178.06
2020-03-01,Germany,90012033,A7119160102,Retailer,95.47,0.0,95.47
2020-03-01,Germany,90012035,A7119160102,Retailer,35.65,0.0,35.65
2020-03-01,Germany,90012037,A7119160102,Retailer,161.73,0.0,161.73
2020-03-01,Germany,90012039,A7119160102,Retailer,97.44,0.0,97.44
2020-03-01,Germany,90012040,A7119160102,Retailer,72.1,0.0,72.1
2020-03-01,Germany,90012033,A7118160101,Retailer,141.81,0.0,141.81
2020-03-01,Germany,90012035,A7118160101,Retailer,35.14,0.0,35.14
2020-03-01,Germany,90012037,A7118160101,Retailer,70.53,0.0,70.53
2020-03-01,Germany,90012039,A7118160101,Retailer,26.96,0.0,26.96
2020-03-01,Germany,90012040,A7118160101,Retailer,162.81,0.0,162.81
2020-03-01,Germany,90012033,A7220160203,Retailer,0.0,157.71,-157.71
2020-03-01,Germany,90012035,A7220160203,Retailer,134.93,0.0,134.93
2020-03-01,Germany,90012037,A7220160203,Retailer,83.17,0.0,83.17
2020-03-01,Germany,90012039,A7220160203,Retailer,162.34,0.0,162.34
2020-03-01,Germany,90012040,A7220160203,Retailer,0.0,210.51,-210.51
2020-03-01,Germany,90012033,A7220160202,Retailer,0.0,204.61,-204.61
2020-03-01,Germany,90012035,A7220160202,Retailer,215.93,0.0,215.93
2020-03-01,Germany,90012037,A7220160202,Retailer,175.32,0.0,175.32
2020-03-01,Germany,90012039,A7220160202,Retailer,98.86,0.0,98.86
2020-03-01,Germany,90012040,A7220160202,Retailer,69.84,0.0,69.84
2020-03-01,Germany,90012033,A7219160201,Retailer,103.05,0.0,103.05
2020-03-01,Germany,90012035,A7219160201,Retailer,0.0,140.06,-140.06
2020-03-01,Germany,90012037,A7219160201,Retailer,0.0,134.35,-134.35
2020-03-01,Germany,90012039,A7219160201,Retailer,28.45,0.0,28.45
2020-03-01,Germany,90012040,A7219160201,Retailer,29.13,0.0,29.13
2020-03-01,Germany,90012033,A6419160301,Retailer,107.47,0.0,107.47
2020-03-01,Germany,90012035,A6419160301,Retailer,16.59,0.0,16.59
2020-03-01,Germany,90012037,A6419160301,Retailer,87.62,0.0,87.62
2020-03-01,Germany,90012039,A6419160301,Retailer,41.84,0.0,41.84
2020-03-01,Germany,90012040,A6419160301,Retailer,126.07,0.0,126.07
2020-03-01,Germany,90012033,A6419160303,Retailer,0.0,109.57,-109.57
2020-03-01,Germany,90012035,A6419160303,Retailer,93.79,0.0,93.79
2020-03-01,Germany,90012037,A6419160303,Retailer,56.89,0.0,56.89
2020-03-01,Germany,90012039,A6419160303,Retailer,108.93,0.0,108.93
2020-03-01,Germany,90012040,A6419160303,Retailer,89.05,0.0,89.05
2020-03-01,Germany,90012033,A6419160302,Retailer,67.68,0.0,67.68
2020-03-01,Germany,90012035,A6419160302,Retailer,28.19,0.0,28.19
2020-03-01,Germany,90012037,A6419160302,Retailer,75.49,0.0,75.49
2020-03-01,Germany,90012039,A6419160302,Retailer,0.0,103.7,-103.7
2020-03-01,Germany,90012040,A6419160302,Retailer,97.0,0.0,97.0
2020-03-01,Germany,90012033,A6519160401,Retailer,0.0,45.34,-45.34
2020-03-01,Germany,90012035,A6519160401,Retailer,58.39,0.0,58.39
2020-03-01,Germany,90012037,A6519160401,Retailer,125.78,0.0,125.78
2020-03-01,Germany,90012039,A6519160401,Retailer,71.63,0.0,71.63
2020-03-01,Germany,90012040,A6519160401,Retailer,0.0,108.56,-108.56
2020-03-01,Germany,90012033,A6218160101,Retailer,19.81,0.0,19.81
2020-03-01,Germany,90012035,A6218160101,Retailer,11.3,0.0,11.3
2020-03-01,Germany,90012037,A6218160101,Retailer,38.5,0.0,38.5
2020-03-01,Germany,90012039,A6218160101,Retailer,87.18,0.0,87.18
2020-03-01,Germany,90012040,A6218160101,Retailer,63.07,0.0,63.07
2020-03-01,Germany,90012033,A6218160102,Retailer,96.08,0.0,96.08
2020-03-01,Germany,90012035,A6218160102,Retailer,58.22,0.0,58.22
2020-03-01,Germany,90012037,A6218160102,Retailer,0.0,103.73,-103.73
2020-03-01,Germany,90012039,A6218160102,Retailer,0.0,77.31,-77.31
2020-03-01,Germany,90012040,A6218160102,Retailer,28.63,0.0,28.63
2020-03-01,Germany,90012033,A6219160103,Retailer,0.0,92.07,-92.07
2020-03-01,Germany,90012035,A6219160103,Retailer,87.88,0.0,87.88
2020-03-01,Germany,90012037,A6219160103,Retailer,47.64,0.0,47.64
2020-03-01,Germany,90012039,A6219160103,Retailer,59.9,0.0,59.9
2020-03-01,Germany,90012040,A6219160103,Retailer,71.46,0.0,71.46
2020-03-01,Germany,90012033,A6319160203,Retailer,0.0,60.05,-60.05
2020-03-01,Germany,90012035,A6319160203,Retailer,89.41,0.0,89.41
2020-03-01,Germany,90012037,A6319160203,Retailer,15.21,0.0,15.21
2020-03-01,Germany,90012039,A6319160203,Retailer,33.86,0.0,33.86
2020-03-01,Germany,90012040,A6319160203,Retailer,16.1,0.0,16.1
2020-03-01,Germany,90012033,A6319160201,Retailer,0.0,26.95,-26.95
2020-03-01,Germany,90012035,A6319160201,Retailer,0.0,22.28,-22.28
2020-03-01,Germany,90012037,A6319160201,Retailer,15.17,0.0,15.17
2020-03-01,Germany,90012039,A6319160201,Retailer,57.01,0.0,57.01
2020-03-01,Germany,90012040,A6319160201,Retailer,0.0,90.38,-90.38
2020-03-01,Germany,90012033,A6319160202,Retailer,14.97,0.0,14.97
2020-03-01,Germany,90012035,A6319160202,Retailer,29.95,0.0,29.95
2020-03-01,Germany,90012037,A6319160202,Retailer,0.0,61.74,-61.74
2020-03-01,Germany,90012039,A6319160202,Retailer,0.0,32.86,-32.86
2020-03-01,Germany,90012040,A6319160202,Retailer,32.16,0.0,32.16
2020-03-01,Germany,90012035,A0118150104,Retailer,17.23,0.0,17.23
2020-03-01,Germany,90012039,A0118150104,Retailer,18.52,0.0,18.52
2020-03-01,Germany,90012037,A0118150104,Retailer,9.64,0.0,9.64
2020-03-01,Germany,90012040,A0118150104,Retailer,10.2,0.0,10.2
2020-03-01,Germany,90012035,A1618150103,Retailer,8.46,0.0,8.46
2020-03-01,Germany,90012033,A0219150202,Retailer,22.81,0.0,22.81
2020-03-01,Germany,90012040,A0219150202,Retailer,21.29,0.0,21.29
2020-03-01,Germany,90012035,A0219150202,Retailer,10.82,0.0,10.82
2020-03-01,Germany,90012037,A0219150202,Retailer,10.68,0.0,10.68
2020-03-01,Germany,90012039,A0219150202,Retailer,10.84,0.0,10.84
2020-03-01,Germany,90012037,A0118150102,Retailer,27.66,0.0,27.66
2020-03-01,Germany,90012033,A0118150102,Retailer,19.35,0.0,19.35
2020-03-01,Germany,90012035,A0118150102,Retailer,8.77,0.0,8.77
2020-03-01,Germany,90012039,A0118150102,Retailer,10.0,0.0,10.0
2020-03-01,Germany,90012040,A0118150102,Retailer,10.15,0.0,10.15
2020-03-01,Germany,90012039,A1320150402,Retailer,144.8,0.0,144.8
2020-03-01,Germany,90012035,A1320150402,Retailer,0.0,72.89,-72.89
2020-03-01,Germany,90012037,A1320150402,Retailer,69.74,0.0,69.74
2020-03-01,Germany,90012040,A1320150402,Retailer,73.22,0.0,73.22
2020-03-01,Germany,90012033,A1018150102,Retailer,107.52,0.0,107.52
2020-03-01,Germany,90012035,A1018150102,Retailer,100.29,0.0,100.29
2020-03-01,Germany,90012039,A1018150102,Retailer,119.42,0.0,119.42
2020-03-01,Germany,90012040,A1018150102,Retailer,116.84,0.0,116.84
2020-03-01,Germany,90012037,A1018150102,Retailer,50.57,0.0,50.57
2020-03-01,Germany,90012039,A1219150302,Retailer,132.85,0.0,132.85
2020-03-01,Germany,90012040,A1219150302,Retailer,0.0,136.41,-136.41
2020-03-01,Germany,90012033,A1219150302,Retailer,0.0,63.33,-63.33
2020-03-01,Germany,90012037,A1219150302,Retailer,58.77,0.0,58.77
2020-03-01,Germany,90012037,A1118150202,Retailer,121.19,0.0,121.19
2020-03-01,Germany,90012040,A1118150202,Retailer,128.21,0.0,128.21
2020-03-01,Germany,90012035,A1118150202,Retailer,59.55,0.0,59.55
2020-03-01,Germany,90012039,A1118150202,Retailer,63.24,0.0,63.24
2020-03-01,Germany,90012037,A0220150203,Retailer,21.1,0.0,21.1
2020-03-01,Germany,90012033,A0220150203,Retailer,0.0,11.37,-11.37
2020-03-01,Germany,90012035,A0220150203,Retailer,10.89,0.0,10.89
2020-03-01,Germany,90012039,A0220150203,Retailer,10.19,0.0,10.19
2020-03-01,Germany,90012035,A0118150103,Retailer,28.13,0.0,28.13
2020-03-01,Germany,90012033,A0118150103,Retailer,18.52,0.0,18.52
2020-03-01,Germany,90012037,A0118150103,Retailer,20.57,0.0,20.57
2020-03-01,Germany,90012039,A0118150103,Retailer,21.47,0.0,21.47
2020-03-01,Germany,90012040,A0118150103,Retailer,0.0,10.27,-10.27
2020-03-01,Germany,90012035,A1618150104,Retailer,0.0,10.95,-10.95
2020-03-01,Germany,90012035,A1718150204,Retailer,0.0,11.31,-11.31
2020-03-01,Germany,90012039,A1018150103,Retailer,53.38,0.0,53.38
2020-03-01,Germany,90012033,A1018150103,Retailer,98.66,0.0,98.66
2020-03-01,Germany,90012035,A1018150103,Retailer,102.61,0.0,102.61
2020-03-01,Germany,90012040,A1018150103,Retailer,116.94,0.0,116.94
2020-03-01,Germany,90012037,A1320150403,Retailer,133.4,0.0,133.4
2020-03-01,Germany,90012039,A1320150403,Retailer,0.0,145.23,-145.23
2020-03-01,Germany,90012040,A1320150403,Retailer,143.58,0.0,143.58
2020-03-01,Germany,90012033,A1320150403,Retailer,69.93,0.0,69.93
2020-03-01,Germany,90012035,A1320150403,Retailer,68.44,0.0,68.44
2020-03-01,Germany,90012033,A1219150303,Retailer,128.21,0.0,128.21
2020-03-01,Germany,90012035,A1219150303,Retailer,133.91,0.0,133.91
2020-03-01,Germany,90012037,A1219150303,Retailer,0.0,133.46,-133.46
2020-03-01,Germany,90012040,A1219150303,Retailer,63.83,0.0,63.83
2020-03-01,Germany,90012040,A1119150203,Retailer,110.14,0.0,110.14
2020-03-01,Germany,90012033,A1119150203,Retailer,54.76,0.0,54.76
2020-03-01,Germany,90012035,A1119150203,Retailer,53.47,0.0,53.47
2020-03-01,Germany,90012037,A1119150203,Retailer,56.41,0.0,56.41
2020-03-01,Germany,90012039,A1119150203,Retailer,0.0,57.69,-57.69
2020-03-01,Germany,90012035,A1718150201,Retailer,9.59,0.0,9.59
2020-03-01,Germany,90012040,A1718150201,Retailer,9.97,0.0,9.97
2020-03-01,Germany,90012033,A1819150301,Retailer,12.23,0.0,12.23
2020-03-01,Germany,90012035,A1819150301,Retailer,12.04,0.0,12.04
2020-03-01,Germany,90012040,A1618150101,Retailer,9.06,0.0,9.06
2020-03-01,Germany,90012037,A0219150201,Retailer,30.21,0.0,30.21
2020-03-01,Germany,90012033,A0219150201,Retailer,18.73,0.0,18.73
2020-03-01,Germany,90012039,A0219150201,Retailer,20.8,0.0,20.8
2020-03-01,Germany,90012035,A0219150201,Retailer,10.11,0.0,10.11
2020-03-01,Germany,90012040,A0219150201,Retailer,0.0,10.13,-10.13
2020-03-01,Germany,90012039,A0118150101,Retailer,16.25,0.0,16.25
2020-03-01,Germany,90012040,A0118150101,Retailer,15.15,0.0,15.15
2020-03-01,Germany,90012035,A0118150101,Retailer,22.66,0.0,22.66
2020-03-01,Germany,90012033,A0118150101,Retailer,7.58,0.0,7.58
2020-03-01,Germany,90012039,A0320150301,Retailer,30.16,0.0,30.16
2020-03-01,Germany,90012040,A0320150301,Retailer,31.22,0.0,31.22
2020-03-01,Germany,90012035,A0320150301,Retailer,18.97,0.0,18.97
2020-03-01,Germany,90012037,A0320150301,Retailer,20.81,0.0,20.81
2020-03-01,Germany,90012033,A0320150301,Retailer,9.16,0.0,9.16
2020-03-01,Germany,90012033,A1420150501,Retailer,128.51,0.0,128.51
2020-03-01,Germany,90012037,A1420150501,Retailer,0.0,130.68,-130.68
2020-03-01,Germany,90012040,A1420150501,Retailer,0.0,145.6,-145.6
2020-03-01,Germany,90012035,A1420150501,Retailer,0.0,71.55,-71.55
2020-03-01,Germany,90012039,A1420150501,Retailer,75.25,0.0,75.25
2020-03-01,Germany,90012035,A1319150401,Retailer,123.86,0.0,123.86
2020-03-01,Germany,90012037,A1319150401,Retailer,119.39,0.0,119.39
2020-03-01,Germany,90012039,A1319150401,Retailer,141.25,0.0,141.25
2020-03-01,Germany,90012033,A1319150401,Retailer,60.59,0.0,60.59
2020-03-01,Germany,90012033,A1018150101,Retailer,89.67,0.0,89.67
2020-03-01,Germany,90012037,A1018150101,Retailer,90.2,0.0,90.2
2020-03-01,Germany,90012040,A1018150101,Retailer,0.0,104.61,-104.61
2020-03-01,Germany,90012035,A1018150101,Retailer,0.0,46.05,-46.05
2020-03-01,Germany,90012039,A1118150201,Retailer,109.07,0.0,109.07
2020-03-01,Germany,90012040,A1118150201,Retailer,127.0,0.0,127.0
2020-03-01,Germany,90012033,A1118150201,Retailer,51.11,0.0,51.11
2020-03-01,Germany,90012037,A1118150201,Retailer,51.14,0.0,51.14
2020-03-01,Germany,90012033,A1219150301,Retailer,0.0,123.03,-123.03
2020-03-01,Germany,90012037,A1219150301,Retailer,115.09,0.0,115.09
2020-03-01,Germany,90012039,A1219150301,Retailer,118.38,0.0,118.38
2020-03-01,Germany,90012040,A1219150301,Retailer,0.0,128.32,-128.32
2020-03-01,Germany,90012035,A1219150301,Retailer,55.76,0.0,55.76
2020-03-01,Germany,90012033,A0721150401,Retailer,0.0,32.76,-32.76
2020-03-01,Germany,90012037,A0721150401,Retailer,0.0,34.55,-34.55
2020-03-01,Germany,90012039,A0721150401,Retailer,33.29,0.0,33.29
2020-03-01,Germany,90012040,A0721150401,Retailer,36.52,0.0,36.52
2020-03-01,Germany,90012035,A0721150401,Retailer,0.0,15.86,-15.86
2020-03-01,Germany,90012033,A0620150303,Retailer,29.89,0.0,29.89
2020-03-01,Germany,90012035,A0620150303,Retailer,32.74,0.0,32.74
2020-03-01,Germany,90012040,A0620150303,Retailer,32.19,0.0,32.19
2020-03-01,Germany,90012033,A0621150307,Retailer,33.92,0.0,33.92
2020-03-01,Germany,90012039,A0621150307,Retailer,31.8,0.0,31.8
2020-03-01,Germany,90012040,A0621150307,Retailer,33.5,0.0,33.5
2020-03-01,Germany,90012035,A0621150307,Retailer,0.0,15.08,-15.08
2020-03-01,Germany,90012033,A0619150302,Retailer,0.0,27.67,-27.67
2020-03-01,Germany,90012035,A0619150302,Retailer,28.37,0.0,28.37
2020-03-01,Germany,90012037,A0619150302,Retailer,27.16,0.0,27.16
2020-03-01,Germany,90012039,A0619150302,Retailer,15.37,0.0,15.37
2020-03-01,Germany,90012037,A0621150308,Retailer,34.3,0.0,34.3
2020-03-01,Germany,90012035,A0621150308,Retailer,0.0,17.61,-17.61
2020-03-01,Germany,90012039,A0621150308,Retailer,17.86,0.0,17.86
2020-03-01,Germany,90012039,A0619150301,Retailer,28.79,0.0,28.79
2020-03-01,Germany,90012040,A0619150301,Retailer,25.85,0.0,25.85
2020-03-01,Germany,90012035,A0619150301,Retailer,12.92,0.0,12.92
2020-03-01,Germany,90012037,A0619150301,Retailer,13.8,0.0,13.8
2020-03-01,Germany,90012035,A0620150305,Retailer,30.24,0.0,30.24
2020-03-01,Germany,90012037,A0620150305,Retailer,0.0,28.64,-28.64
2020-03-01,Germany,90012040,A0620150305,Retailer,32.1,0.0,32.1
2020-03-01,Germany,90012033,A0620150305,Retailer,16.21,0.0,16.21
2020-03-01,Germany,90012039,A0620150305,Retailer,14.89,0.0,14.89
2020-03-01,Germany,90012033,A0418150105,Retailer,0.0,8.63,-8.63
2020-03-01,Germany,90012039,A0418150105,Retailer,9.34,0.0,9.34
2020-03-01,Germany,90012040,A0418150105,Retailer,9.41,0.0,9.41
2020-03-01,Germany,90012037,A0418150101,Retailer,15.7,0.0,15.7
2020-03-01,Germany,90012040,A0418150101,Retailer,16.61,0.0,16.61
2020-03-01,Germany,90012033,A0418150101,Retailer,8.73,0.0,8.73
2020-03-01,Germany,90012035,A0418150101,Retailer,7.31,0.0,7.31
2020-03-01,Germany,90012039,A0418150101,Retailer,8.61,0.0,8.61
2020-03-01,Germany,90012040,A0418150102,Retailer,0.0,15.24,-15.24
2020-03-01,Germany,90012033,A0418150102,Retailer,7.34,0.0,7.34
2020-03-01,Germany,90012037,A0418150102,Retailer,7.79,0.0,7.79
2020-03-01,Germany,90012037,A0418150108,Retailer,18.19,0.0,18.19
2020-03-01,Germany,90012039,A0418150108,Retailer,18.51,0.0,18.51
2020-03-01,Germany,90012033,A0418150108,Retailer,9.27,0.0,9.27
2020-03-01,Germany,90012035,A0418150108,Retailer,0.0,9.14,-9.14
2020-03-01,Germany,90012040,A0418150108,Retailer,8.91,0.0,8.91
2020-03-01,Germany,90012037,A0418150107,Retailer,0.0,20.04,-20.04
2020-03-01,Germany,90012039,A0418150107,Retailer,0.0,18.36,-18.36
2020-03-01,Germany,90012033,A0418150107,Retailer,0.0,10.08,-10.08
2020-03-01,Germany,90012035,A0418150107,Retailer,9.23,0.0,9.23
2020-03-01,Germany,90012040,A0418150107,Retailer,9.33,0.0,9.33
2020-03-01,Germany,90012035,A0418150103,Retailer,16.1,0.0,16.1
2020-03-01,Germany,90012037,A0418150103,Retailer,14.71,0.0,14.71
2020-03-01,Germany,90012039,A0418150103,Retailer,17.34,0.0,17.34
2020-03-01,Germany,90012033,A0418150103,Retailer,8.19,0.0,8.19
2020-03-01,Germany,90012040,A0418150103,Retailer,0.0,8.94,-8.94
2020-03-01,Germany,90012039,A0519150205,Retailer,25.23,0.0,25.23
2020-03-01,Germany,90012035,A0519150205,Retailer,11.79,0.0,11.79
2020-03-01,Germany,90012037,A0519150205,Retailer,11.94,0.0,11.94
2020-03-01,Germany,90012040,A0519150205,Retailer,12.55,0.0,12.55
2020-03-01,Germany,90012033,A0519150208,Retailer,27.71,0.0,27.71
2020-03-01,Germany,90012039,A0519150208,Retailer,29.95,0.0,29.95
2020-03-01,Germany,90012040,A0519150208,Retailer,30.6,0.0,30.6
2020-03-01,Germany,90012033,A0519150203,Retailer,0.0,10.92,-10.92
2020-03-01,Germany,90012035,A0519150203,Retailer,10.09,0.0,10.09
2020-03-01,Germany,90012037,A0519150203,Retailer,11.71,0.0,11.71
2020-03-01,Germany,90012039,A0519150203,Retailer,12.41,0.0,12.41
2020-03-01,Germany,90012040,A0519150203,Retailer,11.23,0.0,11.23
2020-03-01,Germany,90012037,A0519150202,Retailer,0.0,22.61,-22.61
2020-03-01,Germany,90012039,A0519150202,Retailer,24.56,0.0,24.56
2020-03-01,Germany,90012033,A0519150202,Retailer,10.11,0.0,10.11
2020-03-01,Germany,90012035,A0519150202,Retailer,11.71,0.0,11.71
2020-03-01,Germany,90012040,A0519150202,Retailer,11.66,0.0,11.66
2020-03-01,Germany,90012037,A0519150201,Retailer,20.33,0.0,20.33
2020-03-01,Germany,90012039,A0519150201,Retailer,21.81,0.0,21.81
2020-03-01,Germany,90012035,A0519150201,Retailer,10.07,0.0,10.07
2020-03-01,Germany,90012035,A0519150207,Retailer,0.0,24.66,-24.66
2020-03-01,Germany,90012040,A0519150207,Retailer,24.62,0.0,24.62
2020-03-01,Germany,90012033,A0519150207,Retailer,0.0,12.78,-12.78
2020-03-01,Germany,90012037,A0519150207,Retailer,13.09,0.0,13.09
2020-03-01,Germany,90012033,A2319150305,Retailer,41.84,0.0,41.84
2020-03-01,Germany,90012035,A2319150305,Retailer,29.82,0.0,29.82
2020-03-01,Germany,90012037,A2319150305,Retailer,8.92,0.0,8.92
2020-03-01,Germany,90012039,A2319150305,Retailer,27.32,0.0,27.32
2020-03-01,Germany,90012040,A2319150305,Retailer,13.27,0.0,13.27
2020-03-01,Germany,90012033,A2319150304,Retailer,27.01,0.0,27.01
2020-03-01,Germany,90012035,A2319150304,Retailer,9.69,0.0,9.69
2020-03-01,Germany,90012037,A2319150304,Retailer,8.96,0.0,8.96
2020-03-01,Germany,90012039,A2319150304,Retailer,29.05,0.0,29.05
2020-03-01,Germany,90012040,A2319150304,Retailer,47.43,0.0,47.43
2020-03-01,Germany,90012033,A2319150302,Retailer,41.86,0.0,41.86
2020-03-01,Germany,90012035,A2319150302,Retailer,0.0,41.89,-41.89
2020-03-01,Germany,90012037,A2319150302,Retailer,21.39,0.0,21.39
2020-03-01,Germany,90012039,A2319150302,Retailer,11.37,0.0,11.37
2020-03-01,Germany,90012040,A2319150302,Retailer,0.0,31.68,-31.68
2020-03-01,Germany,90012033,A2319150301,Retailer,45.84,0.0,45.84
2020-03-01,Germany,90012035,A2319150301,Retailer,7.19,0.0,7.19
2020-03-01,Germany,90012037,A2319150301,Retailer,15.13,0.0,15.13
2020-03-01,Germany,90012039,A2319150301,Retailer,42.88,0.0,42.88
2020-03-01,Germany,90012040,A2319150301,Retailer,49.04,0.0,49.04
2020-03-01,Germany,90012033,A2319150306,Retailer,44.06,0.0,44.06
2020-03-01,Germany,90012035,A2319150306,Retailer,24.86,0.0,24.86
2020-03-01,Germany,90012037,A2319150306,Retailer,59.1,0.0,59.1
2020-03-01,Germany,90012039,A2319150306,Retailer,0.0,51.43,-51.43
2020-03-01,Germany,90012040,A2319150306,Retailer,9.48,0.0,9.48
2020-03-01,Germany,90012033,A2419150402,Retailer,52.83,0.0,52.83
2020-03-01,Germany,90012035,A2419150402,Retailer,0.0,48.7,-48.7
2020-03-01,Germany,90012037,A2419150402,Retailer,13.48,0.0,13.48
2020-03-01,Germany,90012039,A2419150402,Retailer,47.84,0.0,47.84
2020-03-01,Germany,90012040,A2419150402,Retailer,31.16,0.0,31.16
2020-03-01,Germany,90012033,A2419150405,Retailer,0.0,54.03,-54.03
2020-03-01,Germany,90012035,A2419150405,Retailer,41.06,0.0,41.06
2020-03-01,Germany,90012037,A2419150405,Retailer,65.35,0.0,65.35
2020-03-01,Germany,90012039,A2419150405,Retailer,29.79,0.0,29.79
2020-03-01,Germany,90012040,A2419150405,Retailer,0.0,20.23,-20.23
2020-03-01,Germany,90012033,A2419150401,Retailer,42.91,0.0,42.91
2020-03-01,Germany,90012035,A2419150401,Retailer,41.83,0.0,41.83
2020-03-01,Germany,90012037,A2419150401,Retailer,61.24,0.0,61.24
2020-03-01,Germany,90012039,A2419150401,Retailer,30.76,0.0,30.76
2020-03-01,Germany,90012040,A2419150401,Retailer,42.57,0.0,42.57
2020-03-01,Germany,90012033,A2419150404,Retailer,43.6,0.0,43.6
2020-03-01,Germany,90012035,A2419150404,Retailer,63.29,0.0,63.29
2020-03-01,Germany,90012037,A2419150404,Retailer,26.46,0.0,26.46
2020-03-01,Germany,90012039,A2419150404,Retailer,0.0,53.38,-53.38
2020-03-01,Germany,90012040,A2419150404,Retailer,33.91,0.0,33.91
2020-03-01,Germany,90012033,A2420150406,Retailer,0.0,68.23,-68.23
2020-03-01,Germany,90012035,A2420150406,Retailer,48.8,0.0,48.8
2020-03-01,Germany,90012037,A2420150406,Retailer,55.92,0.0,55.92
2020-03-01,Germany,90012039,A2420150406,Retailer,20.07,0.0,20.07
2020-03-01,Germany,90012040,A2420150406,Retailer,14.51,0.0,14.51
2020-03-01,Germany,90012033,A2118150101,Retailer,0.0,16.69,-16.69
2020-03-01,Germany,90012035,A2118150101,Retailer,11.72,0.0,11.72
2020-03-01,Germany,90012037,A2118150101,Retailer,9.12,0.0,9.12
2020-03-01,Germany,90012039,A2118150101,Retailer,9.03,0.0,9.03
2020-03-01,Germany,90012040,A2118150101,Retailer,15.93,0.0,15.93
2020-03-01,Germany,90012033,A2118150102,Retailer,0.0,15.61,-15.61
2020-03-01,Germany,90012035,A2118150102,Retailer,0.0,8.97,-8.97
2020-03-01,Germany,90012037,A2118150102,Retailer,0.0,8.39,-8.39
2020-03-01,Germany,90012039,A2118150102,Retailer,0.0,4.68,-4.68
2020-03-01,Germany,90012040,A2118150102,Retailer,0.0,13.79,-13.79
2020-03-01,Germany,90012033,A2118150106,Retailer,11.23,0.0,11.23
2020-03-01,Germany,90012035,A2118150106,Retailer,22.9,0.0,22.9
2020-03-01,Germany,90012037,A2118150106,Retailer,13.72,0.0,13.72
2020-03-01,Germany,90012039,A2118150106,Retailer,34.08,0.0,34.08
2020-03-01,Germany,90012040,A2118150106,Retailer,0.0,4.94,-4.94
2020-03-01,Germany,90012033,A2118150105,Retailer,0.0,2.12,-2.12
2020-03-01,Germany,90012035,A2118150105,Retailer,27.03,0.0,27.03
2020-03-01,Germany,90012037,A2118150105,Retailer,22.7,0.0,22.7
2020-03-01,Germany,90012039,A2118150105,Retailer,9.18,0.0,9.18
2020-03-01,Germany,90012040,A2118150105,Retailer,0.0,7.17,-7.17
2020-03-01,Germany,90012033,A2118150104,Retailer,6.69,0.0,6.69
2020-03-01,Germany,90012035,A2118150104,Retailer,0.0,17.47,-17.47
2020-03-01,Germany,90012037,A2118150104,Retailer,24.97,0.0,24.97
2020-03-01,Germany,90012039,A2118150104,Retailer,0.0,30.3,-30.3
2020-03-01,Germany,90012040,A2118150104,Retailer,26.28,0.0,26.28
2020-03-01,Germany,90012033,A2218150202,Retailer,0.0,5.39,-5.39
2020-03-01,Germany,90012035,A2218150202,Retailer,25.35,0.0,25.35
2020-03-01,Germany,90012037,A2218150202,Retailer,16.41,0.0,16.41
2020-03-01,Germany,90012039,A2218150202,Retailer,17.01,0.0,17.01
2020-03-01,Germany,90012040,A2218150202,Retailer,10.79,0.0,10.79
2020-03-01,Germany,90012033,A2219150205,Retailer,6.45,0.0,6.45
2020-03-01,Germany,90012035,A2219150205,Retailer,5.74,0.0,5.74
2020-03-01,Germany,90012037,A2219150205,Retailer,35.22,0.0,35.22
2020-03-01,Germany,90012039,A2219150205,Retailer,0.0,33.43,-33.43
2020-03-01,Germany,90012040,A2219150205,Retailer,0.0,30.16,-30.16
2020-03-01,Germany,90012033,A2219150204,Retailer,26.37,0.0,26.37
2020-03-01,Germany,90012035,A2219150204,Retailer,42.35,0.0,42.35
2020-03-01,Germany,90012037,A2219150204,Retailer,0.0,13.78,-13.78
2020-03-01,Germany,90012039,A2219150204,Retailer,14.33,0.0,14.33
2020-03-01,Germany,90012040,A2219150204,Retailer,32.61,0.0,32.61
2020-03-01,Germany,90012033,A2219150206,Retailer,11.15,0.0,11.15
2020-03-01,Germany,90012035,A2219150206,Retailer,0.0,36.51,-36.51
2020-03-01,Germany,90012037,A2219150206,Retailer,32.18,0.0,32.18
2020-03-01,Germany,90012039,A2219150206,Retailer,0.0,19.73,-19.73
2020-03-01,Germany,90012040,A2219150206,Retailer,0.0,17.95,-17.95
2020-03-01,Germany,90012033,A2218150201,Retailer,4.97,0.0,4.97
2020-03-01,Germany,90012035,A2218150201,Retailer,12.93,0.0,12.93
2020-03-01,Germany,90012037,A2218150201,Retailer,26.81,0.0,26.81
2020-03-01,Germany,90012039,A2218150201,Retailer,0.0,15.16,-15.16
2020-03-01,Germany,90012040,A2218150201,Retailer,9.14,0.0,9.14
2020-03-01,Germany,90012033,A3119150301,Retailer,0.0,51.45,-51.45
2020-03-01,Germany,90012035,A3119150301,Retailer,0.0,33.03,-33.03
2020-03-01,Germany,90012037,A3119150301,Retailer,49.51,0.0,49.51
2020-03-01,Germany,90012039,A3119150301,Retailer,30.36,0.0,30.36
2020-03-01,Germany,90012040,A3119150301,Retailer,24.79,0.0,24.79
2020-03-01,Germany,90012033,A3119150302,Retailer,20.5,0.0,20.5
2020-03-01,Germany,90012035,A3119150302,Retailer,12.68,0.0,12.68
2020-03-01,Germany,90012037,A3119150302,Retailer,31.74,0.0,31.74
2020-03-01,Germany,90012039,A3119150302,Retailer,0.0,66.65,-66.65
2020-03-01,Germany,90012040,A3119150302,Retailer,59.83,0.0,59.83
2020-03-01,Germany,90012033,A3120150306,Retailer,71.02,0.0,71.02
2020-03-01,Germany,90012035,A3120150306,Retailer,22.24,0.0,22.24
2020-03-01,Germany,90012037,A3120150306,Retailer,53.61,0.0,53.61
2020-03-01,Germany,90012039,A3120150306,Retailer,0.0,36.73,-36.73
2020-03-01,Germany,90012040,A3120150306,Retailer,0.0,78.57,-78.57
2020-03-01,Germany,90012033,A3120150305,Retailer,69.9,0.0,69.9
2020-03-01,Germany,90012035,A3120150305,Retailer,60.15,0.0,60.15
2020-03-01,Germany,90012037,A3120150305,Retailer,14.63,0.0,14.63
2020-03-01,Germany,90012039,A3120150305,Retailer,51.29,0.0,51.29
2020-03-01,Germany,90012040,A3120150305,Retailer,0.0,31.59,-31.59
2020-03-01,Germany,90012033,A3120150304,Retailer,58.17,0.0,58.17
2020-03-01,Germany,90012035,A3120150304,Retailer,12.3,0.0,12.3
2020-03-01,Germany,90012037,A3120150304,Retailer,47.61,0.0,47.61
2020-03-01,Germany,90012039,A3120150304,Retailer,0.0,34.81,-34.81
2020-03-01,Germany,90012040,A3120150304,Retailer,0.0,20.63,-20.63
2020-03-01,Germany,90012033,A2918150102,Retailer,31.19,0.0,31.19
2020-03-01,Germany,90012035,A2918150102,Retailer,17.26,0.0,17.26
2020-03-01,Germany,90012037,A2918150102,Retailer,34.38,0.0,34.38
2020-03-01,Germany,90012039,A2918150102,Retailer,21.78,0.0,21.78
2020-03-01,Germany,90012040,A2918150102,Retailer,0.0,28.38,-28.38
2020-03-01,Germany,90012033,A2918150101,Retailer,16.98,0.0,16.98
2020-03-01,Germany,90012035,A2918150101,Retailer,9.23,0.0,9.23
2020-03-01,Germany,90012037,A2918150101,Retailer,12.39,0.0,12.39
2020-03-01,Germany,90012039,A2918150101,Retailer,21.26,0.0,21.26
2020-03-01,Germany,90012040,A2918150101,Retailer,29.13,0.0,29.13
2020-03-01,Germany,90012033,A2918150105,Retailer,0.0,28.67,-28.67
2020-03-01,Germany,90012035,A2918150105,Retailer,35.22,0.0,35.22
2020-03-01,Germany,90012037,A2918150105,Retailer,24.12,0.0,24.12
2020-03-01,Germany,90012039,A2918150105,Retailer,34.93,0.0,34.93
2020-03-01,Germany,90012040,A2918150105,Retailer,26.02,0.0,26.02
2020-03-01,Germany,90012033,A2918150106,Retailer,17.56,0.0,17.56
2020-03-01,Germany,90012035,A2918150106,Retailer,0.0,29.31,-29.31
2020-03-01,Germany,90012037,A2918150106,Retailer,8.91,0.0,8.91
2020-03-01,Germany,90012039,A2918150106,Retailer,17.57,0.0,17.57
2020-03-01,Germany,90012040,A2918150106,Retailer,13.05,0.0,13.05
2020-03-01,Germany,90012033,A2918150104,Retailer,0.0,30.73,-30.73
2020-03-01,Germany,90012035,A2918150104,Retailer,34.04,0.0,34.04
2020-03-01,Germany,90012037,A2918150104,Retailer,8.84,0.0,8.84
2020-03-01,Germany,90012039,A2918150104,Retailer,29.56,0.0,29.56
2020-03-01,Germany,90012040,A2918150104,Retailer,14.21,0.0,14.21
2020-03-01,Germany,90012033,A3220150402,Retailer,18.54,0.0,18.54
2020-03-01,Germany,90012035,A3220150402,Retailer,66.13,0.0,66.13
2020-03-01,Germany,90012037,A3220150402,Retailer,43.53,0.0,43.53
2020-03-01,Germany,90012039,A3220150402,Retailer,29.0,0.0,29.0
2020-03-01,Germany,90012040,A3220150402,Retailer,0.0,72.55,-72.55
2020-03-01,Germany,90012033,A3220150401,Retailer,74.34,0.0,74.34
2020-03-01,Germany,90012035,A3220150401,Retailer,15.76,0.0,15.76
2020-03-01,Germany,90012037,A3220150401,Retailer,0.0,73.59,-73.59
2020-03-01,Germany,90012039,A3220150401,Retailer,16.58,0.0,16.58
2020-03-01,Germany,90012040,A3220150401,Retailer,33.61,0.0,33.61
2020-03-01,Germany,90012033,A3220150404,Retailer,49.87,0.0,49.87
2020-03-01,Germany,90012035,A3220150404,Retailer,0.0,38.44,-38.44
2020-03-01,Germany,90012037,A3220150404,Retailer,0.0,55.72,-55.72
2020-03-01,Germany,90012039,A3220150404,Retailer,62.61,0.0,62.61
2020-03-01,Germany,90012040,A3220150404,Retailer,54.71,0.0,54.71
2020-03-01,Germany,90012033,A3220150406,Retailer,92.06,0.0,92.06
2020-03-01,Germany,90012035,A3220150406,Retailer,28.27,0.0,28.27
2020-03-01,Germany,90012037,A3220150406,Retailer,28.18,0.0,28.18
2020-03-01,Germany,90012039,A3220150406,Retailer,96.45,0.0,96.45
2020-03-01,Germany,90012040,A3220150406,Retailer,76.4,0.0,76.4
2020-03-01,Germany,90012033,A3220150405,Retailer,80.29,0.0,80.29
2020-03-01,Germany,90012035,A3220150405,Retailer,65.55,0.0,65.55
2020-03-01,Germany,90012037,A3220150405,Retailer,53.28,0.0,53.28
2020-03-01,Germany,90012039,A3220150405,Retailer,16.05,0.0,16.05
2020-03-01,Germany,90012040,A3220150405,Retailer,68.27,0.0,68.27
2020-03-01,Germany,90012033,A3320150501,Retailer,43.45,0.0,43.45
2020-03-01,Germany,90012035,A3320150501,Retailer,29.85,0.0,29.85
2020-03-01,Germany,90012037,A3320150501,Retailer,24.93,0.0,24.93
2020-03-01,Germany,90012039,A3320150501,Retailer,0.0,76.23,-76.23
2020-03-01,Germany,90012040,A3320150501,Retailer,0.0,89.65,-89.65
2020-03-01,Germany,90012033,A3320150504,Retailer,81.27,0.0,81.27
2020-03-01,Germany,90012035,A3320150504,Retailer,47.25,0.0,47.25
2020-03-01,Germany,90012037,A3320150504,Retailer,60.51,0.0,60.51
2020-03-01,Germany,90012039,A3320150504,Retailer,0.0,96.07,-96.07
2020-03-01,Germany,90012040,A3320150504,Retailer,97.3,0.0,97.3
2020-03-01,Germany,90012033,A3320150502,Retailer,20.31,0.0,20.31
2020-03-01,Germany,90012035,A3320150502,Retailer,60.2,0.0,60.2
2020-03-01,Germany,90012037,A3320150502,Retailer,90.84,0.0,90.84
2020-03-01,Germany,90012039,A3320150502,Retailer,26.85,0.0,26.85
2020-03-01,Germany,90012040,A3320150502,Retailer,0.0,37.49,-37.49
2020-03-01,Germany,90012033,A3019150204,Retailer,9.34,0.0,9.34
2020-03-01,Germany,90012035,A3019150204,Retailer,50.57,0.0,50.57
2020-03-01,Germany,90012037,A3019150204,Retailer,0.0,38.88,-38.88
2020-03-01,Germany,90012039,A3019150204,Retailer,41.91,0.0,41.91
2020-03-01,Germany,90012040,A3019150204,Retailer,50.97,0.0,50.97
2020-03-01,Germany,90012033,A3018150201,Retailer,42.82,0.0,42.82
2020-03-01,Germany,90012035,A3018150201,Retailer,44.01,0.0,44.01
2020-03-01,Germany,90012037,A3018150201,Retailer,32.42,0.0,32.42
2020-03-01,Germany,90012039,A3018150201,Retailer,0.0,27.98,-27.98
2020-03-01,Germany,90012040,A3018150201,Retailer,18.1,0.0,18.1
2020-03-01,Germany,90012033,A3018150202,Retailer,4.81,0.0,4.81
2020-03-01,Germany,90012035,A3018150202,Retailer,5.2,0.0,5.2
2020-03-01,Germany,90012037,A3018150202,Retailer,30.35,0.0,30.35
2020-03-01,Germany,90012039,A3018150202,Retailer,13.89,0.0,13.89
2020-03-01,Germany,90012040,A3018150202,Retailer,20.76,0.0,20.76
2020-03-01,Germany,90012033,A3019150205,Retailer,41.62,0.0,41.62
2020-03-01,Germany,90012035,A3019150205,Retailer,20.88,0.0,20.88
2020-03-01,Germany,90012037,A3019150205,Retailer,5.1,0.0,5.1
2020-03-01,Germany,90012039,A3019150205,Retailer,24.33,0.0,24.33
2020-03-01,Germany,90012040,A3019150205,Retailer,0.0,22.03,-22.03
2020-03-01,Germany,90012033,A3019150206,Retailer,30.01,0.0,30.01
2020-03-01,Germany,90012035,A3019150206,Retailer,0.0,15.85,-15.85
2020-03-01,Germany,90012037,A3019150206,Retailer,47.11,0.0,47.11
2020-03-01,Germany,90012039,A3019150206,Retailer,12.38,0.0,12.38
2020-03-01,Germany,90012040,A3019150206,Retailer,6.45,0.0,6.45
2020-03-01,Germany,70012043,A6720160103,Direct,77.31,0.0,77.31
2020-03-01,Germany,70012043,A6818160201,Direct,0.0,22.5,-22.5
2020-03-01,Germany,70012043,A7119160103,Direct,501.97,0.0,501.97
2020-03-01,Germany,70012043,A7119160102,Direct,275.14,0.0,275.14
2020-03-01,Germany,70012043,A7118160101,Direct,298.95,0.0,298.95
2020-03-01,Germany,70012043,A7220160203,Direct,225.46,0.0,225.46
2020-03-01,Germany,70012043,A7220160202,Direct,70.73,0.0,70.73
2020-03-01,Germany,70012043,A7219160201,Direct,442.18,0.0,442.18
2020-03-01,Germany,70012043,A6419160302,Direct,154.47,0.0,154.47
2020-03-01,Germany,70012043,A6419160301,Direct,0.0,148.37,-148.37
2020-03-01,Germany,70012043,A6419160303,Direct,195.44,0.0,195.44
2020-03-01,Germany,70012043,A6519160401,Direct,396.39,0.0,396.39
2020-03-01,Germany,70012043,A6218160101,Direct,100.2,0.0,100.2
2020-03-01,Germany,70012043,A6218160102,Direct,0.0,222.75,-222.75
2020-03-01,Germany,70012043,A6219160103,Direct,170.37,0.0,170.37
2020-03-01,Germany,70012043,A6319160203,Direct,219.67,0.0,219.67
2020-03-01,Germany,70012043,A6319160201,Direct,0.0,78.88,-78.88
2020-03-01,Germany,70012043,A6319160202,Direct,111.68,0.0,111.68
2020-03-01,Germany,70012043,A4118110101,Direct,84.38,0.0,84.38
2020-03-01,Germany,70012043,A4118110104,Direct,89.16,0.0,89.16
2020-03-01,Germany,70012043,A4319110302,Direct,114.81,0.0,114.81
2020-03-01,Germany,70012043,A4319110306,Direct,134.06,0.0,134.06
2020-03-01,Germany,70012043,A4419110401,Direct,0.0,131.94,-131.94
2020-03-01,Germany,70012043,A4419110406,Direct,132.99,0.0,132.99
2020-03-01,Germany,70012043,A4519110501,Direct,157.14,0.0,157.14
2020-03-01,Germany,70012043,A4520110504,Direct,0.0,156.23,-156.23
2020-03-01,Germany,70012043,A0118150104,Direct,0.0,58.52,-58.52
2020-03-01,Germany,70012043,A1618150103,Direct,18.98,0.0,18.98
2020-03-01,Germany,70012043,A0219150202,Direct,25.81,0.0,25.81
2020-03-01,Germany,70012043,A0118150102,Direct,10.39,0.0,10.39
2020-03-01,Germany,70012043,A1320150402,Direct,0.0,228.64,-228.64
2020-03-01,Germany,70012043,A1018150102,Direct,256.28,0.0,256.28
2020-03-01,Germany,70012043,A1219150302,Direct,372.4,0.0,372.4
2020-03-01,Germany,70012043,A1118150202,Direct,73.19,0.0,73.19
2020-03-01,Germany,70012043,A0220150203,Direct,94.68,0.0,94.68
2020-03-01,Germany,70012043,A0118150103,Direct,0.0,83.94,-83.94
2020-03-01,Germany,70012043,A1618150104,Direct,11.97,0.0,11.97
2020-03-01,Germany,70012043,A1718150204,Direct,0.0,14.8,-14.8
2020-03-01,Germany,70012043,A1018150103,Direct,239.58,0.0,239.58
2020-03-01,Germany,70012043,A1320150403,Direct,0.0,377.32,-377.32
2020-03-01,Germany,70012043,A1219150303,Direct,300.05,0.0,300.05
2020-03-01,Germany,70012043,A1119150203,Direct,124.58,0.0,124.58
2020-03-01,Germany,70012043,A1718150201,Direct,0.0,12.25,-12.25
2020-03-01,Germany,70012043,A1618150101,Direct,0.0,8.96,-8.96
2020-03-01,Germany,70012043,A0219150201,Direct,99.25,0.0,99.25
2020-03-01,Germany,70012043,A0118150101,Direct,16.46,0.0,16.46
2020-03-01,Germany,70012043,A0320150301,Direct,34.77,0.0,34.77
2020-03-01,Germany,70012043,A1420150501,Direct,323.02,0.0,323.02
2020-03-01,Germany,70012043,A1319150401,Direct,152.74,0.0,152.74
2020-03-01,Germany,70012043,A1018150101,Direct,0.0,56.3,-56.3
2020-03-01,Germany,70012043,A1219150301,Direct,264.53,0.0,264.53
2020-03-01,Germany,70012043,A1118150201,Direct,190.97,0.0,190.97
2020-03-01,Germany,70012043,A0721150401,Direct,68.69,0.0,68.69
2020-03-01,Germany,70012043,A0619150302,Direct,0.0,62.04,-62.04
2020-03-01,Germany,70012043,A0621150308,Direct,0.0,107.72,-107.72
2020-03-01,Germany,70012043,A0619150301,Direct,31.62,0.0,31.62
2020-03-01,Germany,70012043,A0620150305,Direct,37.18,0.0,37.18
2020-03-01,Germany,70012043,A0620150303,Direct,0.0,103.61,-103.61
2020-03-01,Germany,70012043,A0621150307,Direct,85.11,0.0,85.11
2020-03-01,Germany,70012043,A0418150105,Direct,57.89,0.0,57.89
2020-03-01,Germany,70012043,A0418150103,Direct,34.13,0.0,34.13
2020-03-01,Germany,70012043,A0418150102,Direct,18.02,0.0,18.02
2020-03-01,Germany,70012043,A0418150101,Direct,35.12,0.0,35.12
2020-03-01,Germany,70012043,A0418150107,Direct,31.2,0.0,31.2
2020-03-01,Germany,70012043,A0418150108,Direct,20.07,0.0,20.07
2020-03-01,Germany,70012043,A0519150205,Direct,51.68,0.0,51.68
2020-03-01,Germany,70012043,A0519150207,Direct,0.0,70.83,-70.83
2020-03-01,Germany,70012043,A0519150201,Direct,12.35,0.0,12.35
2020-03-01,Germany,70012043,A0519150202,Direct,62.41,0.0,62.41
2020-03-01,Germany,70012043,A0519150203,Direct,27.23,0.0,27.23
2020-03-01,Germany,70012043,A2319150301,Direct,124.43,0.0,124.43
2020-03-01,Germany,70012043,A2319150302,Direct,119.12,0.0,119.12
2020-03-01,Germany,70012043,A2319150305,Direct,102.62,0.0,102.62
2020-03-01,Germany,70012043,A2319150304,Direct,0.0,131.41,-131.41
2020-03-01,Germany,70012043,A2319150306,Direct,20.61,0.0,20.61
2020-03-01,Germany,70012043,A2419150402,Direct,76.5,0.0,76.5
2020-03-01,Germany,70012043,A2419150405,Direct,47.11,0.0,47.11
2020-03-01,Germany,70012043,A2419150404,Direct,22.26,0.0,22.26
2020-03-01,Germany,70012043,A2420150406,Direct,121.12,0.0,121.12
2020-03-01,Germany,70012043,A2419150401,Direct,138.66,0.0,138.66
2020-03-01,Germany,70012043,A2118150101,Direct,37.84,0.0,37.84
2020-03-01,Germany,70012043,A2118150102,Direct,31.93,0.0,31.93
2020-03-01,Germany,70012043,A2118150104,Direct,42.6,0.0,42.6
2020-03-01,Germany,70012043,A2118150105,Direct,32.95,0.0,32.95
2020-03-01,Germany,70012043,A2118150106,Direct,36.62,0.0,36.62
2020-03-01,Germany,70012043,A2218150201,Direct,55.11,0.0,55.11
2020-03-01,Germany,70012043,A2218150202,Direct,0.0,50.49,-50.49
2020-03-01,Germany,70012043,A2219150204,Direct,14.95,0.0,14.95
2020-03-01,Germany,70012043,A2219150205,Direct,20.87,0.0,20.87
2020-03-01,Germany,70012043,A2219150206,Direct,53.73,0.0,53.73
2020-03-01,Germany,70012043,A3119150301,Direct,56.68,0.0,56.68
2020-03-01,Germany,70012043,A3119150302,Direct,0.0,28.37,-28.37
2020-03-01,Germany,70012043,A3120150304,Direct,57.86,0.0,57.86
2020-03-01,Germany,70012043,A3120150305,Direct,0.0,156.44,-156.44
2020-03-01,Germany,70012043,A3120150306,Direct,78.13,0.0,78.13
2020-03-01,Germany,70012043,A2918150102,Direct,80.01,0.0,80.01
2020-03-01,Germany,70012043,A2918150101,Direct,0.0,68.38,-68.38
2020-03-01,Germany,70012043,A2918150104,Direct,54.43,0.0,54.43
2020-03-01,Germany,70012043,A3320150501,Direct,221.68,0.0,221.68
2020-03-01,Germany,70012043,A3320150504,Direct,209.91,0.0,209.91
2020-03-01,Germany,70012043,A3019150204,Direct,27.6,0.0,27.6
2020-03-01,Germany,70012043,A3018150201,Direct,61.58,0.0,61.58
2020-03-01,Germany,70012043,A3018150202,Direct,0.0,68.01,-68.01
2020-03-01,Germany,70012043,A3019150206,Direct,33.82,0.0,33.82
2020-03-01,Germany,70012043,A3019150205,Direct,114.34,0.0,114.34
2020-03-01,Germany,70012043,A2918150105,Direct,91.63,0.0,91.63
2020-03-01,Germany,70012043,A2918150106,Direct,60.57,0.0,60.57
2020-03-01,Germany,70012043,A3220150402,Direct,40.08,0.0,40.08
2020-03-01,Germany,70012043,A3220150401,Direct,160.76,0.0,160.76
2020-03-01,Germany,70012043,A3220150406,Direct,231.7,0.0,231.7
2020-03-01,Germany,70012043,A3220150404,Direct,60.07,0.0,60.07
2020-03-01,Germany,70012043,A3220150405,Direct,199.95,0.0,199.95
2020-03-01,Germany,70012043,A3320150502,Direct,171.37,0.0,171.37
